# Prepared for DOOM Eternal Model Importer
# Generated deterministically from ArchipelagoLogo.obj (source SHA-256 verified)
mtllib ArchipelagoLogo_prepared.mtl
o ArchipelagoLogo_prepared
v -0.231910 -0.708935 -0.299320
v -0.231955 -0.705285 -0.336395
v -0.249425 -0.685320 -0.299300
v -0.212170 -0.730720 -0.299340
v -0.231870 -0.705285 -0.262240
v -0.249390 -0.682125 -0.266830
v -0.212120 -0.726650 -0.258015
v -0.231830 -0.694470 -0.226590
v -0.249355 -0.672650 -0.235605
v -0.212080 -0.714595 -0.218275
v -0.231795 -0.676905 -0.193730
v -0.249320 -0.657270 -0.206830
v -0.212035 -0.695020 -0.181650
v -0.231760 -0.653270 -0.164935
v -0.249295 -0.636575 -0.181610
v -0.212000 -0.668675 -0.149550
v -0.231735 -0.624470 -0.141300
v -0.249270 -0.611350 -0.160910
v -0.211970 -0.636575 -0.123205
v -0.231715 -0.591615 -0.123735
v -0.249255 -0.582575 -0.145530
v -0.211950 -0.599950 -0.103630
v -0.231705 -0.555960 -0.112920
v -0.249240 -0.551355 -0.136060
v -0.211935 -0.560210 -0.091575
v -0.231700 -0.518885 -0.109270
v -0.249240 -0.518885 -0.132860
v -0.211930 -0.518885 -0.087505
v -0.231705 -0.481805 -0.112920
v -0.249240 -0.486415 -0.136060
v -0.211935 -0.477555 -0.091575
v -0.231715 -0.446155 -0.123735
v -0.249255 -0.455190 -0.145530
v -0.211950 -0.437820 -0.103630
v -0.231735 -0.413300 -0.141300
v -0.249270 -0.426415 -0.160910
v -0.211970 -0.401195 -0.123210
v -0.231760 -0.384500 -0.164935
v -0.249295 -0.401195 -0.181610
v -0.212000 -0.369095 -0.149550
v -0.231795 -0.360865 -0.193730
v -0.249320 -0.380495 -0.206830
v -0.212035 -0.342750 -0.181650
v -0.231830 -0.343300 -0.226590
v -0.249355 -0.365115 -0.235605
v -0.212080 -0.323175 -0.218275
v -0.231870 -0.332485 -0.262240
v -0.249390 -0.355645 -0.266830
v -0.212120 -0.311120 -0.258015
v -0.231910 -0.328835 -0.299320
v -0.249425 -0.352445 -0.299300
v -0.212170 -0.307050 -0.299340
v -0.231955 -0.332485 -0.336395
v -0.249460 -0.355645 -0.331770
v -0.212215 -0.311120 -0.340670
v -0.231995 -0.343300 -0.372050
v -0.249495 -0.365115 -0.362990
v -0.212260 -0.323175 -0.380405
v -0.232030 -0.360865 -0.404905
v -0.249530 -0.380495 -0.391765
v -0.212300 -0.342750 -0.417030
v -0.232065 -0.384500 -0.433705
v -0.249555 -0.401195 -0.416990
v -0.212335 -0.369095 -0.449130
v -0.232090 -0.413300 -0.457340
v -0.249580 -0.426415 -0.437685
v -0.212365 -0.401195 -0.475475
v -0.232110 -0.446155 -0.474905
v -0.249600 -0.455190 -0.453065
v -0.212390 -0.437820 -0.495050
v -0.232120 -0.481805 -0.485715
v -0.249610 -0.486415 -0.462540
v -0.212400 -0.477560 -0.507105
v -0.232125 -0.518885 -0.489370
v -0.249610 -0.518885 -0.465735
v -0.212405 -0.518885 -0.511175
v -0.232120 -0.555960 -0.485720
v -0.249610 -0.551355 -0.462540
v -0.212400 -0.560210 -0.507105
v -0.232110 -0.591615 -0.474905
v -0.249600 -0.582575 -0.453065
v -0.212390 -0.599950 -0.495050
v -0.232090 -0.624470 -0.457340
v -0.249580 -0.611350 -0.437685
v -0.212365 -0.636575 -0.475475
v -0.232065 -0.653270 -0.433705
v -0.249555 -0.636575 -0.416990
v -0.212335 -0.668675 -0.449130
v -0.232030 -0.676905 -0.404905
v -0.249530 -0.657270 -0.391765
v -0.212300 -0.695020 -0.417030
v -0.231995 -0.694470 -0.372050
v -0.249495 -0.672650 -0.362990
v -0.212260 -0.714595 -0.380405
v -0.190485 -0.732835 -0.387985
v -0.212215 -0.726650 -0.340670
v -0.190435 -0.746010 -0.344545
v -0.166825 -0.763190 -0.347985
v -0.190385 -0.750460 -0.299365
v -0.166770 -0.767975 -0.299390
v -0.190335 -0.746010 -0.254185
v -0.166715 -0.763190 -0.250795
v -0.190285 -0.732835 -0.210745
v -0.166665 -0.749015 -0.204070
v -0.190240 -0.711435 -0.170710
v -0.166615 -0.725995 -0.161005
v -0.190200 -0.682635 -0.135615
v -0.166575 -0.695020 -0.123260
v -0.190170 -0.647540 -0.106815
v -0.166540 -0.657270 -0.092280
v -0.190145 -0.607505 -0.085415
v -0.166515 -0.614205 -0.069260
v -0.190130 -0.564065 -0.072240
v -0.166500 -0.567480 -0.055090
v -0.190125 -0.518885 -0.067790
v -0.166495 -0.518885 -0.050300
v -0.190130 -0.473705 -0.072240
v -0.166500 -0.470290 -0.055090
v -0.190145 -0.430265 -0.085415
v -0.166515 -0.423560 -0.069260
v -0.190170 -0.390225 -0.106815
v -0.166540 -0.380495 -0.092280
v -0.190200 -0.355135 -0.135615
v -0.166575 -0.342750 -0.123260
v -0.190240 -0.326335 -0.170710
v -0.166615 -0.311775 -0.161005
v -0.190285 -0.304935 -0.210745
v -0.166665 -0.288755 -0.204070
v -0.190335 -0.291755 -0.254185
v -0.166715 -0.274580 -0.250795
v -0.190385 -0.287305 -0.299365
v -0.166770 -0.269795 -0.299390
v -0.190435 -0.291755 -0.344545
v -0.166825 -0.274580 -0.347985
v -0.190485 -0.304935 -0.387985
v -0.166880 -0.288755 -0.394715
v -0.190530 -0.326335 -0.428025
v -0.166925 -0.311775 -0.437780
v -0.190570 -0.355135 -0.463115
v -0.166970 -0.342750 -0.475525
v -0.190600 -0.390225 -0.491915
v -0.167005 -0.380495 -0.506505
v -0.190625 -0.430265 -0.513315
v -0.167030 -0.423560 -0.529520
v -0.190640 -0.473705 -0.526495
v -0.167045 -0.470290 -0.543695
v -0.190645 -0.518885 -0.530945
v -0.167050 -0.518885 -0.548480
v -0.190640 -0.564065 -0.526495
v -0.167045 -0.567480 -0.543695
v -0.190625 -0.607505 -0.513315
v -0.167030 -0.614205 -0.529520
v -0.190600 -0.647540 -0.491915
v -0.167005 -0.657270 -0.506505
v -0.190570 -0.682635 -0.463115
v -0.166970 -0.695020 -0.475525
v -0.190530 -0.711435 -0.428025
v -0.166925 -0.725995 -0.437780
v -0.141720 -0.738560 -0.446205
v -0.166880 -0.749015 -0.394715
v -0.141670 -0.762980 -0.400525
v -0.115095 -0.774590 -0.405365
v -0.141615 -0.778010 -0.350965
v -0.115040 -0.790340 -0.353445
v -0.141555 -0.783090 -0.299420
v -0.141495 -0.778010 -0.247875
v -0.114980 -0.795660 -0.299450
v -0.087300 -0.805565 -0.299480
v -0.114920 -0.790340 -0.245455
v -0.087235 -0.800055 -0.243555
v -0.114860 -0.774590 -0.193535
v -0.141440 -0.762975 -0.198315
v -0.087175 -0.783740 -0.189775
v -0.114805 -0.749015 -0.145680
v -0.141390 -0.738560 -0.152635
v -0.087120 -0.757250 -0.140210
v -0.114760 -0.714595 -0.103740
v -0.141345 -0.705705 -0.112600
v -0.087070 -0.721595 -0.096770
v -0.114720 -0.672650 -0.069320
v -0.141310 -0.665670 -0.079740
v -0.087030 -0.678155 -0.061115
v -0.114690 -0.624800 -0.043745
v -0.141280 -0.619990 -0.055325
v -0.087000 -0.628590 -0.034625
v -0.114675 -0.572880 -0.027995
v -0.141265 -0.570430 -0.040290
v -0.086985 -0.574815 -0.018310
v -0.114670 -0.518885 -0.022675
v -0.141260 -0.518885 -0.035215
v -0.086975 -0.518885 -0.012800
v -0.114675 -0.464890 -0.027995
v -0.141265 -0.467340 -0.040290
v -0.086985 -0.462955 -0.018310
v -0.114690 -0.412965 -0.043745
v -0.141280 -0.417775 -0.055325
v -0.087000 -0.409175 -0.034625
v -0.114720 -0.365115 -0.069320
v -0.141310 -0.372100 -0.079740
v -0.087030 -0.359615 -0.061115
v -0.114760 -0.323175 -0.103740
v -0.141345 -0.332065 -0.112600
v -0.087070 -0.316170 -0.096770
v -0.114805 -0.288755 -0.145680
v -0.141390 -0.299205 -0.152635
v -0.087120 -0.280520 -0.140210
v -0.114860 -0.263180 -0.193535
v -0.141440 -0.274790 -0.198315
v -0.087175 -0.254030 -0.189775
v -0.114920 -0.247430 -0.245455
v -0.141495 -0.259755 -0.247875
v -0.087235 -0.237715 -0.243555
v -0.114980 -0.242110 -0.299450
v -0.141555 -0.254680 -0.299420
v -0.087300 -0.232205 -0.299480
v -0.115040 -0.247430 -0.353445
v -0.141615 -0.259755 -0.350965
v -0.087360 -0.237715 -0.355410
v -0.115095 -0.263180 -0.405365
v -0.141670 -0.274790 -0.400525
v -0.087420 -0.254030 -0.409190
v -0.115150 -0.288755 -0.453220
v -0.141720 -0.299205 -0.446205
v -0.087475 -0.280520 -0.458750
v -0.115200 -0.323175 -0.495160
v -0.141765 -0.332065 -0.486240
v -0.087525 -0.316170 -0.502195
v -0.115235 -0.365115 -0.529580
v -0.141800 -0.372100 -0.519100
v -0.087565 -0.359615 -0.537845
v -0.115265 -0.412965 -0.555155
v -0.141830 -0.417780 -0.543515
v -0.087595 -0.409175 -0.564335
v -0.115285 -0.464890 -0.570905
v -0.141845 -0.467340 -0.558550
v -0.087615 -0.462955 -0.580650
v -0.115290 -0.518885 -0.576225
v -0.141850 -0.518885 -0.563625
v -0.087620 -0.518885 -0.586160
v -0.115285 -0.572880 -0.570905
v -0.141845 -0.570430 -0.558550
v -0.087615 -0.574815 -0.580650
v -0.115265 -0.624800 -0.555155
v -0.141830 -0.619990 -0.543515
v -0.087595 -0.628590 -0.564335
v -0.115235 -0.672650 -0.529580
v -0.141800 -0.665670 -0.519100
v -0.087565 -0.678155 -0.537845
v -0.115200 -0.714595 -0.495160
v -0.141765 -0.705705 -0.486240
v -0.087525 -0.721595 -0.502195
v -0.115150 -0.749015 -0.453215
v -0.087475 -0.757250 -0.458750
v -0.058965 -0.763190 -0.462750
v -0.087420 -0.783740 -0.409190
v -0.058905 -0.790340 -0.411955
v -0.087360 -0.800055 -0.355410
v -0.058845 -0.807060 -0.356835
v -0.029765 -0.811290 -0.357710
v -0.058780 -0.812705 -0.299515
v -0.029700 -0.817020 -0.299545
v -0.058715 -0.807060 -0.242190
v -0.029635 -0.811290 -0.241380
v -0.058655 -0.790340 -0.187070
v -0.029570 -0.794325 -0.185455
v -0.058595 -0.763190 -0.136275
v -0.029515 -0.766775 -0.133910
v -0.058545 -0.726650 -0.091750
v -0.029460 -0.729700 -0.088730
v -0.058505 -0.682125 -0.055210
v -0.029420 -0.684520 -0.051655
v -0.058475 -0.631325 -0.028055
v -0.029390 -0.632975 -0.024105
v -0.058455 -0.576205 -0.011335
v -0.029370 -0.577050 -0.007140
v -0.058450 -0.518885 -0.005690
v -0.029365 -0.518885 -0.001410
v -0.058455 -0.461560 -0.011335
v -0.029370 -0.460720 -0.007140
v -0.058475 -0.406445 -0.028055
v -0.029390 -0.404795 -0.024105
v -0.058505 -0.355645 -0.055210
v -0.029420 -0.353250 -0.051655
v -0.058545 -0.311120 -0.091750
v -0.029460 -0.308070 -0.088730
v -0.058595 -0.274580 -0.136275
v -0.029515 -0.270995 -0.133910
v -0.058655 -0.247430 -0.187070
v -0.029570 -0.243445 -0.185455
v -0.058715 -0.230710 -0.242190
v -0.029635 -0.226475 -0.241380
v -0.058780 -0.225060 -0.299515
v -0.029700 -0.220750 -0.299545
v -0.058845 -0.230710 -0.356835
v -0.029765 -0.226475 -0.357710
v -0.058905 -0.247430 -0.411955
v -0.029825 -0.243445 -0.413635
v -0.058965 -0.274580 -0.462750
v -0.029885 -0.270995 -0.465180
v -0.059015 -0.311120 -0.507275
v -0.029935 -0.308070 -0.510360
v -0.059055 -0.355645 -0.543815
v -0.029975 -0.353250 -0.547435
v -0.059085 -0.406445 -0.570970
v -0.030005 -0.404795 -0.574985
v -0.059105 -0.461560 -0.587690
v -0.030025 -0.460720 -0.591955
v -0.059110 -0.518885 -0.593335
v -0.030035 -0.518885 -0.597680
v -0.059105 -0.576205 -0.587690
v -0.030025 -0.577050 -0.591955
v -0.059085 -0.631325 -0.570970
v -0.030005 -0.632975 -0.574985
v -0.059055 -0.682125 -0.543815
v -0.029975 -0.684520 -0.547435
v -0.059015 -0.726650 -0.507275
v -0.029935 -0.729700 -0.510360
v -0.000570 -0.730720 -0.511410
v -0.029885 -0.766775 -0.465180
v -0.000520 -0.767975 -0.466015
v -0.029825 -0.794325 -0.413635
v -0.000465 -0.795660 -0.414220
v 0.028900 -0.794325 -0.413705
v -0.000400 -0.812705 -0.358025
v 0.028965 -0.811290 -0.357775
v -0.000335 -0.818465 -0.299580
v -0.000270 -0.812705 -0.241135
v 0.029030 -0.817020 -0.299610
v 0.058110 -0.812705 -0.299645
v 0.029095 -0.811290 -0.241450
v 0.058175 -0.807060 -0.242320
v 0.029155 -0.794325 -0.185520
v -0.000205 -0.795660 -0.184935
v 0.058235 -0.790340 -0.187205
v 0.029215 -0.766775 -0.133975
v -0.000150 -0.767975 -0.133140
v 0.058295 -0.763190 -0.136405
v 0.029265 -0.729700 -0.088800
v -0.000095 -0.730720 -0.087745
v 0.058345 -0.726650 -0.091880
v 0.029305 -0.684520 -0.051720
v -0.000055 -0.685320 -0.050490
v 0.058385 -0.682125 -0.055340
v 0.029340 -0.632975 -0.024170
v -0.000025 -0.633530 -0.022805
v 0.058415 -0.631325 -0.028190
v 0.029355 -0.577050 -0.007205
v -0.000005 -0.577330 -0.005755
v 0.058435 -0.576205 -0.011470
v 0.029365 -0.518885 -0.001475
v -0.000000 -0.518885 0.000000
v 0.058440 -0.518885 -0.005820
v 0.029355 -0.460720 -0.007205
v -0.000005 -0.460440 -0.005755
v 0.058435 -0.461560 -0.011470
v 0.029340 -0.404795 -0.024170
v -0.000025 -0.404240 -0.022805
v 0.058415 -0.406445 -0.028190
v 0.029305 -0.353250 -0.051720
v -0.000055 -0.352445 -0.050490
v 0.058385 -0.355645 -0.055340
v 0.029265 -0.308070 -0.088800
v -0.000095 -0.307050 -0.087745
v 0.058345 -0.311120 -0.091880
v 0.029215 -0.270995 -0.133975
v -0.000150 -0.269795 -0.133140
v 0.058295 -0.274580 -0.136405
v 0.029155 -0.243445 -0.185520
v -0.000205 -0.242110 -0.184935
v 0.058235 -0.247430 -0.187205
v 0.029095 -0.226475 -0.241450
v -0.000270 -0.225060 -0.241135
v 0.058175 -0.230710 -0.242320
v 0.029030 -0.220750 -0.299610
v -0.000335 -0.219305 -0.299580
v 0.058110 -0.225060 -0.299645
v 0.028965 -0.226475 -0.357775
v -0.000400 -0.225060 -0.358025
v 0.058045 -0.230710 -0.356965
v 0.028900 -0.243445 -0.413705
v -0.000465 -0.242110 -0.414220
v 0.057985 -0.247430 -0.412085
v 0.028845 -0.270995 -0.465245
v -0.000520 -0.269795 -0.466015
v 0.057925 -0.274580 -0.462885
v 0.028795 -0.308070 -0.510425
v -0.000570 -0.307050 -0.511410
v 0.057875 -0.311120 -0.507405
v 0.028750 -0.353250 -0.547500
v -0.000615 -0.352445 -0.548670
v 0.057835 -0.355645 -0.543950
v 0.028720 -0.404795 -0.575055
v -0.000645 -0.404240 -0.576355
v 0.057805 -0.406445 -0.571100
v 0.028700 -0.460720 -0.592020
v -0.000665 -0.460440 -0.593400
v 0.057785 -0.461560 -0.587820
v 0.028695 -0.518885 -0.597745
v -0.000670 -0.518885 -0.599155
v 0.057780 -0.518885 -0.593465
v 0.028700 -0.577050 -0.592020
v -0.000665 -0.577330 -0.593400
v 0.057785 -0.576205 -0.587820
v 0.028720 -0.632975 -0.575055
v -0.000645 -0.633530 -0.576355
v 0.057805 -0.631325 -0.571100
v 0.028750 -0.684520 -0.547500
v -0.000615 -0.685320 -0.548670
v 0.057835 -0.682125 -0.543950
v 0.028795 -0.729700 -0.510425
v 0.057875 -0.726650 -0.507405
v 0.028845 -0.766775 -0.465245
v 0.057925 -0.763190 -0.462885
v 0.086450 -0.757250 -0.458945
v 0.057985 -0.790340 -0.412085
v 0.086505 -0.783740 -0.409385
v 0.058045 -0.807060 -0.356965
v 0.086565 -0.800055 -0.355605
v 0.114250 -0.790340 -0.353705
v 0.086630 -0.805565 -0.299675
v 0.114310 -0.795660 -0.299705
v 0.086690 -0.800055 -0.243750
v 0.114370 -0.790340 -0.245710
v 0.086750 -0.783740 -0.189970
v 0.114430 -0.774590 -0.193790
v 0.086805 -0.757250 -0.140405
v 0.114480 -0.749015 -0.145940
v 0.086855 -0.721595 -0.096965
v 0.114530 -0.714595 -0.104000
v 0.086895 -0.678155 -0.061310
v 0.114565 -0.672650 -0.069575
v 0.086925 -0.628590 -0.034820
v 0.114595 -0.624800 -0.044000
v 0.086945 -0.574815 -0.018505
v 0.114615 -0.572880 -0.028250
v 0.086950 -0.518885 -0.012995
v 0.114620 -0.518885 -0.022935
v 0.086945 -0.462955 -0.018505
v 0.114615 -0.464890 -0.028250
v 0.086925 -0.409175 -0.034820
v 0.114595 -0.412965 -0.044000
v 0.086895 -0.359615 -0.061310
v 0.114565 -0.365115 -0.069575
v 0.086855 -0.316170 -0.096965
v 0.114530 -0.323175 -0.104000
v 0.086805 -0.280520 -0.140405
v 0.114480 -0.288755 -0.145940
v 0.086750 -0.254030 -0.189970
v 0.114430 -0.263180 -0.193790
v 0.086690 -0.237715 -0.243750
v 0.114370 -0.247430 -0.245710
v 0.086630 -0.232205 -0.299675
v 0.114310 -0.242110 -0.299705
v 0.086565 -0.237715 -0.355605
v 0.114250 -0.247430 -0.353705
v 0.086505 -0.254030 -0.409385
v 0.114190 -0.263180 -0.405625
v 0.086450 -0.280520 -0.458945
v 0.114135 -0.288755 -0.453475
v 0.086400 -0.316170 -0.502390
v 0.114090 -0.323175 -0.495415
v 0.086360 -0.359615 -0.538040
v 0.114050 -0.365115 -0.529835
v 0.086330 -0.409175 -0.564530
v 0.114020 -0.412965 -0.555415
v 0.086315 -0.462955 -0.580845
v 0.114005 -0.464890 -0.571165
v 0.086305 -0.518885 -0.586355
v 0.114000 -0.518885 -0.576480
v 0.086315 -0.574815 -0.580845
v 0.114005 -0.572880 -0.571165
v 0.086330 -0.628590 -0.564530
v 0.114020 -0.624800 -0.555415
v 0.086360 -0.678155 -0.538040
v 0.114050 -0.672650 -0.529835
v 0.086400 -0.721595 -0.502390
v 0.114090 -0.714595 -0.495415
v 0.140675 -0.705705 -0.486555
v 0.114135 -0.749015 -0.453475
v 0.140720 -0.738560 -0.446520
v 0.114190 -0.774590 -0.405625
v 0.140770 -0.762980 -0.400845
v 0.165995 -0.749015 -0.395090
v 0.140830 -0.778010 -0.351280
v 0.166050 -0.763190 -0.348360
v 0.140885 -0.783090 -0.299735
v 0.166100 -0.767975 -0.299765
v 0.140945 -0.778010 -0.248195
v 0.166155 -0.763190 -0.251170
v 0.141000 -0.762975 -0.198630
v 0.166210 -0.749015 -0.204440
v 0.141050 -0.738560 -0.152950
v 0.166255 -0.725995 -0.161380
v 0.141095 -0.705705 -0.112915
v 0.166300 -0.695020 -0.123630
v 0.141130 -0.665670 -0.080060
v 0.166335 -0.657270 -0.092655
v 0.141160 -0.619990 -0.055645
v 0.166360 -0.614205 -0.069635
v 0.141175 -0.570430 -0.040610
v 0.166375 -0.567480 -0.055460
v 0.141180 -0.518885 -0.035530
v 0.166380 -0.518885 -0.050675
v 0.141175 -0.467340 -0.040610
v 0.166375 -0.470290 -0.055460
v 0.141160 -0.417780 -0.055645
v 0.166360 -0.423560 -0.069635
v 0.141130 -0.372100 -0.080060
v 0.166335 -0.380495 -0.092655
v 0.141095 -0.332065 -0.112915
v 0.166300 -0.342750 -0.123630
v 0.141050 -0.299205 -0.152955
v 0.166255 -0.311775 -0.161380
v 0.141000 -0.274790 -0.198630
v 0.166210 -0.288755 -0.204440
v 0.140945 -0.259755 -0.248195
v 0.166155 -0.274580 -0.251170
v 0.140885 -0.254680 -0.299735
v 0.166100 -0.269795 -0.299765
v 0.140830 -0.259755 -0.351280
v 0.166050 -0.274580 -0.348360
v 0.140770 -0.274790 -0.400845
v 0.165995 -0.288755 -0.395090
v 0.140720 -0.299205 -0.446520
v 0.165945 -0.311775 -0.438150
v 0.140675 -0.332065 -0.486555
v 0.165905 -0.342750 -0.475900
v 0.140640 -0.372100 -0.519415
v 0.165870 -0.380495 -0.506875
v 0.140610 -0.417780 -0.543830
v 0.165845 -0.423560 -0.529895
v 0.140595 -0.467340 -0.558865
v 0.165830 -0.470290 -0.544070
v 0.140590 -0.518885 -0.563940
v 0.165825 -0.518885 -0.548855
v 0.140595 -0.570430 -0.558865
v 0.165830 -0.567480 -0.544070
v 0.140610 -0.619990 -0.543830
v 0.165845 -0.614205 -0.529895
v 0.140640 -0.665670 -0.519415
v 0.165870 -0.657270 -0.506875
v 0.189500 -0.647540 -0.492340
v 0.165905 -0.695020 -0.475900
v 0.189530 -0.682635 -0.463540
v 0.165945 -0.725995 -0.438150
v 0.189570 -0.711435 -0.428450
v 0.211365 -0.695020 -0.417505
v 0.189615 -0.732835 -0.388410
v 0.211410 -0.714595 -0.380880
v 0.189665 -0.746010 -0.344970
v 0.211455 -0.726650 -0.341140
v 0.189715 -0.750460 -0.299790
v 0.211500 -0.730720 -0.299815
v 0.189765 -0.746010 -0.254615
v 0.211545 -0.726650 -0.258490
v 0.189815 -0.732835 -0.211170
v 0.211590 -0.714595 -0.218750
v 0.189860 -0.711435 -0.171135
v 0.211630 -0.695020 -0.182125
v 0.189900 -0.682635 -0.136040
v 0.211665 -0.668675 -0.150025
v 0.189930 -0.647540 -0.107240
v 0.211695 -0.636575 -0.123680
v 0.189955 -0.607505 -0.085840
v 0.211720 -0.599950 -0.104105
v 0.189970 -0.564065 -0.072665
v 0.211730 -0.560210 -0.092050
v 0.189975 -0.518885 -0.068215
v 0.211735 -0.518885 -0.087980
v 0.189970 -0.473705 -0.072665
v 0.211730 -0.477555 -0.092050
v 0.189955 -0.430265 -0.085840
v 0.211720 -0.437820 -0.104105
v 0.189930 -0.390225 -0.107240
v 0.211695 -0.401195 -0.123680
v 0.189900 -0.355135 -0.136040
v 0.211665 -0.369095 -0.150025
v 0.189860 -0.326335 -0.171135
v 0.211630 -0.342750 -0.182125
v 0.189815 -0.304935 -0.211170
v 0.211590 -0.323175 -0.218750
v 0.189765 -0.291755 -0.254615
v 0.211545 -0.311120 -0.258490
v 0.189715 -0.287305 -0.299790
v 0.211500 -0.307050 -0.299815
v 0.189665 -0.291755 -0.344970
v 0.211455 -0.311120 -0.341145
v 0.189615 -0.304935 -0.388410
v 0.211410 -0.323175 -0.380880
v 0.189570 -0.326335 -0.428450
v 0.211365 -0.342750 -0.417505
v 0.189530 -0.355135 -0.463540
v 0.211330 -0.369095 -0.449605
v 0.189500 -0.390225 -0.492340
v 0.211300 -0.401195 -0.475950
v 0.189475 -0.430265 -0.513740
v 0.211280 -0.437820 -0.495525
v 0.189460 -0.473705 -0.526920
v 0.211265 -0.477560 -0.507580
v 0.189455 -0.518885 -0.531370
v 0.211260 -0.518885 -0.511650
v 0.189460 -0.564065 -0.526920
v 0.211265 -0.560210 -0.507580
v 0.189475 -0.607505 -0.513740
v 0.211280 -0.599950 -0.495525
v 0.231045 -0.591615 -0.475420
v 0.211300 -0.636575 -0.475950
v 0.231065 -0.624470 -0.457860
v 0.211330 -0.668675 -0.449605
v 0.231090 -0.653270 -0.434225
v 0.248625 -0.636575 -0.417545
v 0.231125 -0.676905 -0.405425
v 0.248650 -0.657270 -0.392325
v 0.231160 -0.694470 -0.372565
v 0.248685 -0.672650 -0.363550
v 0.231200 -0.705285 -0.336915
v 0.248720 -0.682125 -0.332330
v 0.231240 -0.708935 -0.299840
v 0.248755 -0.685320 -0.299855
v 0.231285 -0.705285 -0.262760
v 0.248790 -0.682125 -0.267385
v 0.231325 -0.694470 -0.227110
v 0.248825 -0.672650 -0.236165
v 0.231360 -0.676905 -0.194250
v 0.248860 -0.657270 -0.207390
v 0.231395 -0.653270 -0.165450
v 0.248885 -0.636575 -0.182170
v 0.231420 -0.624470 -0.141815
v 0.248910 -0.611350 -0.161470
v 0.231440 -0.591615 -0.124255
v 0.248930 -0.582575 -0.146090
v 0.231450 -0.555960 -0.113440
v 0.248940 -0.551355 -0.136620
v 0.231455 -0.518885 -0.109785
v 0.248940 -0.518885 -0.133420
v 0.231450 -0.481805 -0.113440
v 0.248940 -0.486415 -0.136620
v 0.231440 -0.446155 -0.124255
v 0.248930 -0.455190 -0.146090
v 0.231420 -0.413300 -0.141815
v 0.248910 -0.426415 -0.161470
v 0.231395 -0.384500 -0.165450
v 0.248885 -0.401195 -0.182170
v 0.231360 -0.360865 -0.194250
v 0.248860 -0.380495 -0.207390
v 0.231325 -0.343300 -0.227110
v 0.248825 -0.365115 -0.236165
v 0.231285 -0.332485 -0.262760
v 0.248790 -0.355645 -0.267385
v 0.231240 -0.328835 -0.299840
v 0.248755 -0.352445 -0.299860
v 0.231200 -0.332485 -0.336915
v 0.248720 -0.355645 -0.332330
v 0.231160 -0.343300 -0.372565
v 0.248685 -0.365115 -0.363550
v 0.231125 -0.360865 -0.405425
v 0.248650 -0.380495 -0.392325
v 0.231090 -0.384500 -0.434225
v 0.248625 -0.401195 -0.417545
v 0.231065 -0.413300 -0.457860
v 0.248600 -0.426415 -0.438245
v 0.231045 -0.446155 -0.475420
v 0.248585 -0.455190 -0.453625
v 0.231035 -0.481805 -0.486235
v 0.248575 -0.486415 -0.463095
v 0.231030 -0.518885 -0.489890
v 0.248570 -0.518885 -0.466295
v 0.231035 -0.555960 -0.486235
v 0.248575 -0.551355 -0.463095
v 0.263715 -0.546435 -0.438380
v 0.248585 -0.582575 -0.453625
v 0.263725 -0.572925 -0.430345
v 0.248600 -0.611350 -0.438245
v 0.263740 -0.597340 -0.417295
v 0.276335 -0.582575 -0.395210
v 0.263760 -0.618740 -0.399730
v 0.276350 -0.599950 -0.380955
v 0.263780 -0.636305 -0.378330
v 0.276370 -0.614205 -0.363580
v 0.263810 -0.649355 -0.353915
v 0.276390 -0.624800 -0.343760
v 0.263840 -0.657390 -0.327425
v 0.276415 -0.631325 -0.322255
v 0.263870 -0.660105 -0.299875
v 0.276440 -0.633530 -0.299890
v 0.263900 -0.657390 -0.272325
v 0.276465 -0.631325 -0.277525
v 0.263930 -0.649355 -0.245830
v 0.276490 -0.624800 -0.256015
v 0.263960 -0.636305 -0.221415
v 0.276510 -0.614205 -0.236195
v 0.263980 -0.618740 -0.200015
v 0.276530 -0.599950 -0.218825
v 0.264000 -0.597340 -0.182455
v 0.276545 -0.582575 -0.204565
v 0.264015 -0.572925 -0.169405
v 0.276560 -0.562755 -0.193970
v 0.264025 -0.546435 -0.161370
v 0.276565 -0.541250 -0.187450
v 0.264030 -0.518885 -0.158655
v 0.276570 -0.518885 -0.185245
v 0.264025 -0.491335 -0.161370
v 0.276565 -0.496520 -0.187450
v 0.264015 -0.464840 -0.169405
v 0.276560 -0.475010 -0.193970
v 0.264000 -0.440425 -0.182455
v 0.276545 -0.455190 -0.204565
v 0.263980 -0.419025 -0.200015
v 0.276530 -0.437820 -0.218825
v 0.263960 -0.401465 -0.221415
v 0.276510 -0.423560 -0.236195
v 0.263930 -0.388415 -0.245830
v 0.276490 -0.412965 -0.256015
v 0.263900 -0.380380 -0.272325
v 0.276465 -0.406445 -0.277525
v 0.263870 -0.377665 -0.299875
v 0.276440 -0.404240 -0.299890
v 0.263840 -0.380380 -0.327425
v 0.276415 -0.406445 -0.322255
v 0.263810 -0.388415 -0.353915
v 0.276390 -0.412965 -0.343760
v 0.263780 -0.401465 -0.378330
v 0.276370 -0.423560 -0.363580
v 0.263760 -0.419025 -0.399730
v 0.276350 -0.437820 -0.380955
v 0.263740 -0.440425 -0.417295
v 0.276335 -0.455190 -0.395210
v 0.263725 -0.464840 -0.430345
v 0.276320 -0.475010 -0.405805
v 0.263715 -0.491335 -0.438380
v 0.276315 -0.496520 -0.412330
v 0.263710 -0.518885 -0.441095
v 0.276310 -0.518885 -0.414530
v 0.286245 -0.518885 -0.386865
v 0.276315 -0.541250 -0.412330
v 0.286250 -0.535850 -0.385190
v 0.276320 -0.562755 -0.405805
v 0.286255 -0.552165 -0.380245
v 0.293425 -0.541250 -0.353905
v 0.286265 -0.567200 -0.372205
v 0.293435 -0.551355 -0.348505
v 0.286275 -0.580375 -0.361390
v 0.293440 -0.560210 -0.341235
v 0.286290 -0.591190 -0.348215
v 0.293450 -0.567480 -0.332380
v 0.286305 -0.599230 -0.333180
v 0.293460 -0.572880 -0.322275
v 0.286325 -0.604175 -0.316865
v 0.293475 -0.576205 -0.311310
v 0.286345 -0.605845 -0.299900
v 0.286365 -0.604175 -0.282935
v 0.293485 -0.577330 -0.299910
v 0.297800 -0.548250 -0.299910
v 0.293500 -0.576205 -0.288505
v 0.297805 -0.547685 -0.294185
v 0.293510 -0.572880 -0.277540
v 0.286380 -0.599230 -0.266620
v 0.297815 -0.546015 -0.288675
v 0.293525 -0.567480 -0.267435
v 0.286400 -0.591190 -0.251585
v 0.297820 -0.543300 -0.283600
v 0.293535 -0.560210 -0.258580
v 0.286415 -0.580375 -0.238410
v 0.297825 -0.539650 -0.279150
v 0.293540 -0.551355 -0.251315
v 0.286425 -0.567200 -0.227595
v 0.297830 -0.535200 -0.275495
v 0.293550 -0.541250 -0.245910
v 0.286435 -0.552165 -0.219555
v 0.297830 -0.530120 -0.272785
v 0.293550 -0.530285 -0.242585
v 0.286440 -0.535850 -0.214610
v 0.297835 -0.524615 -0.271115
v 0.293555 -0.518885 -0.241465
v 0.286440 -0.518885 -0.212935
v 0.297835 -0.518885 -0.270550
v 0.293550 -0.507480 -0.242585
v 0.286440 -0.501920 -0.214610
v 0.297835 -0.513155 -0.271115
v 0.293550 -0.496520 -0.245910
v 0.286435 -0.485605 -0.219555
v 0.297830 -0.507645 -0.272785
v 0.293540 -0.486415 -0.251315
v 0.286425 -0.470570 -0.227595
v 0.297830 -0.502570 -0.275495
v 0.293535 -0.477560 -0.258580
v 0.286415 -0.457390 -0.238405
v 0.297825 -0.498120 -0.279150
v 0.293525 -0.470290 -0.267435
v 0.286400 -0.446575 -0.251585
v 0.297820 -0.494470 -0.283600
v 0.293510 -0.464890 -0.277540
v 0.286380 -0.438540 -0.266620
v 0.297815 -0.491755 -0.288675
v 0.293500 -0.461560 -0.288505
v 0.286365 -0.433590 -0.282935
v 0.297805 -0.490085 -0.294185
v 0.293485 -0.460440 -0.299910
v 0.286345 -0.431920 -0.299900
v 0.297800 -0.489520 -0.299910
v 0.293475 -0.461560 -0.311310
v 0.286325 -0.433590 -0.316865
v 0.297795 -0.490085 -0.305640
v 0.293460 -0.464890 -0.322275
v 0.286305 -0.438540 -0.333180
v 0.297790 -0.491755 -0.311150
v 0.293450 -0.470290 -0.332380
v 0.286290 -0.446575 -0.348215
v 0.297785 -0.494470 -0.316225
v 0.293440 -0.477560 -0.341235
v 0.286275 -0.457390 -0.361390
v 0.297780 -0.498120 -0.320675
v 0.293435 -0.486415 -0.348505
v 0.286265 -0.470570 -0.372205
v 0.297775 -0.502570 -0.324330
v 0.293425 -0.496520 -0.353905
v 0.286255 -0.485605 -0.380245
v 0.297770 -0.507645 -0.327040
v 0.293425 -0.507480 -0.357230
v 0.286250 -0.501920 -0.385190
v 0.297770 -0.513155 -0.328710
v 0.293420 -0.518885 -0.358350
v 0.297770 -0.518885 -0.329275
v 0.293425 -0.530285 -0.357230
v 0.297770 -0.524615 -0.328710
v 0.297770 -0.530120 -0.327040
v 0.299245 -0.518885 -0.299915
v 0.297795 -0.547685 -0.305640
v 0.297790 -0.546015 -0.311150
v 0.297785 -0.543300 -0.316225
v 0.297780 -0.539650 -0.320675
v 0.297775 -0.535200 -0.324330
v -0.264600 -0.649355 -0.353325
v -0.249460 -0.682125 -0.331770
v -0.264570 -0.657390 -0.326835
v -0.277135 -0.631325 -0.321635
v -0.264540 -0.660105 -0.299280
v -0.277110 -0.633530 -0.299270
v -0.264510 -0.657390 -0.271730
v -0.277085 -0.631325 -0.276900
v -0.264480 -0.649355 -0.245240
v -0.277060 -0.624800 -0.255395
v -0.264450 -0.636305 -0.220825
v -0.277040 -0.614205 -0.235575
v -0.264430 -0.618740 -0.199425
v -0.277020 -0.599950 -0.218205
v -0.264410 -0.597340 -0.181860
v -0.277000 -0.582575 -0.203945
v -0.264395 -0.572925 -0.168810
v -0.276990 -0.562755 -0.193350
v -0.264385 -0.546435 -0.160775
v -0.276985 -0.541250 -0.186825
v -0.264380 -0.518885 -0.158060
v -0.276980 -0.518885 -0.184625
v -0.264385 -0.491335 -0.160775
v -0.276985 -0.496520 -0.186825
v -0.264395 -0.464840 -0.168810
v -0.276990 -0.475010 -0.193350
v -0.264410 -0.440425 -0.181860
v -0.277000 -0.455190 -0.203945
v -0.264425 -0.419025 -0.199425
v -0.277020 -0.437820 -0.218205
v -0.264450 -0.401465 -0.220825
v -0.277040 -0.423560 -0.235575
v -0.264480 -0.388415 -0.245240
v -0.277060 -0.412965 -0.255395
v -0.264510 -0.380380 -0.271730
v -0.277085 -0.406445 -0.276900
v -0.264540 -0.377665 -0.299280
v -0.277110 -0.404240 -0.299270
v -0.264570 -0.380380 -0.326835
v -0.277135 -0.406445 -0.321635
v -0.264600 -0.388415 -0.353325
v -0.277160 -0.412965 -0.343140
v -0.264625 -0.401465 -0.377740
v -0.277180 -0.423560 -0.362960
v -0.264650 -0.419025 -0.399140
v -0.277200 -0.437820 -0.380335
v -0.264670 -0.440425 -0.416705
v -0.277215 -0.455190 -0.394590
v -0.264685 -0.464840 -0.429755
v -0.277230 -0.475010 -0.405185
v -0.264695 -0.491335 -0.437790
v -0.277235 -0.496520 -0.411710
v -0.264700 -0.518885 -0.440505
v -0.277240 -0.518885 -0.413910
v -0.264695 -0.546435 -0.437790
v -0.277235 -0.541250 -0.411710
v -0.264685 -0.572925 -0.429755
v -0.277230 -0.562755 -0.405185
v -0.264670 -0.597340 -0.416705
v -0.277215 -0.582575 -0.394590
v -0.264650 -0.618740 -0.399140
v -0.277200 -0.599950 -0.380335
v -0.264625 -0.636305 -0.377740
v -0.277180 -0.614205 -0.362960
v -0.287070 -0.591190 -0.347570
v -0.277160 -0.624800 -0.343140
v -0.287050 -0.599230 -0.332535
v -0.294180 -0.572880 -0.321615
v -0.287035 -0.604175 -0.316225
v -0.294170 -0.576205 -0.310650
v -0.287015 -0.605845 -0.299255
v -0.294155 -0.577330 -0.299250
v -0.286995 -0.604175 -0.282290
v -0.294145 -0.576205 -0.287845
v -0.286975 -0.599230 -0.265980
v -0.294130 -0.572880 -0.276885
v -0.286960 -0.591190 -0.250945
v -0.294120 -0.567480 -0.266780
v -0.286945 -0.580375 -0.237765
v -0.294110 -0.560210 -0.257920
v -0.286930 -0.567200 -0.226950
v -0.294100 -0.551355 -0.250655
v -0.286925 -0.552165 -0.218915
v -0.294095 -0.541250 -0.245255
v -0.286920 -0.535850 -0.213965
v -0.294095 -0.530285 -0.241925
v -0.286915 -0.518885 -0.212295
v -0.294090 -0.518885 -0.240805
v -0.286920 -0.501920 -0.213965
v -0.294095 -0.507480 -0.241925
v -0.286925 -0.485605 -0.218915
v -0.294095 -0.496520 -0.245255
v -0.286930 -0.470570 -0.226950
v -0.294100 -0.486415 -0.250655
v -0.286945 -0.457390 -0.237765
v -0.294110 -0.477560 -0.257920
v -0.286960 -0.446575 -0.250945
v -0.294120 -0.470290 -0.266780
v -0.286975 -0.438540 -0.265980
v -0.294130 -0.464890 -0.276885
v -0.286995 -0.433590 -0.282290
v -0.294145 -0.461560 -0.287845
v -0.287015 -0.431920 -0.299255
v -0.294155 -0.460440 -0.299250
v -0.287035 -0.433590 -0.316225
v -0.294170 -0.461560 -0.310650
v -0.287050 -0.438540 -0.332535
v -0.294180 -0.464890 -0.321615
v -0.287070 -0.446575 -0.347570
v -0.294195 -0.470290 -0.331720
v -0.287080 -0.457390 -0.360750
v -0.294205 -0.477555 -0.340575
v -0.287095 -0.470570 -0.371565
v -0.294210 -0.486415 -0.347845
v -0.287105 -0.485605 -0.379600
v -0.294215 -0.496520 -0.353245
v -0.287110 -0.501920 -0.384550
v -0.294220 -0.507480 -0.356570
v -0.287110 -0.518885 -0.386220
v -0.294220 -0.518885 -0.357695
v -0.287110 -0.535850 -0.384550
v -0.294220 -0.530285 -0.356570
v -0.287105 -0.552165 -0.379600
v -0.294215 -0.541250 -0.353245
v -0.287095 -0.567200 -0.371565
v -0.294210 -0.551355 -0.347845
v -0.287080 -0.580375 -0.360750
v -0.294205 -0.560210 -0.340575
v -0.298495 -0.539650 -0.320010
v -0.294195 -0.567480 -0.331720
v -0.298490 -0.543300 -0.315560
v -0.298485 -0.546015 -0.310480
v -0.299915 -0.518885 -0.299245
v -0.298465 -0.490085 -0.293515
v -0.298470 -0.548250 -0.299245
v -0.298475 -0.547685 -0.304975
v -0.298500 -0.535200 -0.323660
v -0.298500 -0.530120 -0.326375
v -0.298505 -0.524615 -0.328045
v -0.298505 -0.518885 -0.328610
v -0.298505 -0.513155 -0.328045
v -0.298500 -0.507645 -0.326375
v -0.298500 -0.502570 -0.323660
v -0.298495 -0.498120 -0.320010
v -0.298490 -0.494470 -0.315560
v -0.298485 -0.491755 -0.310480
v -0.298475 -0.490085 -0.304975
v -0.298470 -0.489520 -0.299245
v -0.298460 -0.491755 -0.288005
v -0.298450 -0.494470 -0.282930
v -0.298445 -0.498120 -0.278480
v -0.298445 -0.502570 -0.274830
v -0.298440 -0.507645 -0.272115
v -0.298440 -0.513155 -0.270445
v -0.298440 -0.518885 -0.269880
v -0.298440 -0.524615 -0.270445
v -0.298440 -0.530120 -0.272115
v -0.298445 -0.535200 -0.274830
v -0.298445 -0.539650 -0.278480
v -0.298450 -0.543300 -0.282930
v -0.298460 -0.546015 -0.288005
v -0.298465 -0.547685 -0.293515
v -0.231240 0.708935 0.299840
v -0.189715 0.750465 0.299790
v -0.114305 0.795660 0.299705
v -0.086625 0.805565 0.299675
v -0.058110 0.812710 0.299645
v -0.029025 0.817020 0.299610
v 0.029700 0.817020 0.299545
v 0.058780 0.812710 0.299515
v 0.141555 0.783090 0.299420
v 0.166775 0.767975 0.299390
v 0.190385 0.750465 0.299365
v 0.231915 0.708935 0.299320
v 0.249425 0.685325 0.299300
v 0.264540 0.660105 0.299280
v 0.294160 0.577330 0.299250
v 0.298475 0.548250 0.299245
v -0.297795 0.547685 0.305640
v -0.293475 0.576210 0.311310
v -0.286325 0.604180 0.316865
v -0.276415 0.631325 0.322255
v -0.263835 0.657395 0.327425
v -0.248715 0.682125 0.332325
v -0.231200 0.705285 0.336915
v -0.211450 0.726650 0.341140
v -0.189665 0.746015 0.344970
v -0.166045 0.763190 0.348360
v -0.140825 0.778015 0.351280
v -0.114245 0.790345 0.353705
v -0.086565 0.800055 0.355605
v -0.058045 0.807065 0.356965
v -0.028960 0.811295 0.357775
v 0.000400 0.812710 0.358025
v 0.029765 0.811295 0.357710
v 0.058845 0.807065 0.356835
v 0.087360 0.800055 0.355410
v 0.115040 0.790345 0.353445
v 0.141615 0.778015 0.350965
v 0.166830 0.763190 0.347985
v 0.190440 0.746015 0.344545
v 0.212215 0.726650 0.340665
v 0.231955 0.705285 0.336395
v 0.249465 0.682125 0.331770
v 0.264570 0.657395 0.326835
v 0.277135 0.631325 0.321635
v 0.287035 0.604180 0.316220
v 0.294170 0.576210 0.310650
v 0.298480 0.547685 0.304975
v -0.297785 0.546015 0.311150
v -0.293460 0.572880 0.322275
v -0.286305 0.599230 0.333180
v -0.276390 0.624805 0.343760
v -0.263805 0.649355 0.353915
v -0.248680 0.672655 0.363550
v -0.231160 0.694470 0.372565
v -0.211405 0.714595 0.380880
v -0.189615 0.732835 0.388410
v -0.165995 0.749015 0.395085
v -0.140770 0.762980 0.400845
v -0.114190 0.774595 0.405625
v -0.086505 0.783745 0.409385
v -0.057980 0.790345 0.412085
v -0.028900 0.794330 0.413705
v 0.000465 0.795660 0.414220
v 0.029830 0.794330 0.413635
v 0.058910 0.790345 0.411955
v 0.087425 0.783745 0.409190
v 0.115100 0.774595 0.405365
v 0.141670 0.762980 0.400525
v 0.166880 0.749015 0.394715
v 0.190485 0.732835 0.387985
v 0.212260 0.714595 0.380405
v 0.231995 0.694470 0.372050
v 0.249500 0.672655 0.362990
v 0.264600 0.649355 0.353325
v 0.277160 0.624805 0.343140
v 0.287055 0.599230 0.332535
v 0.294185 0.572880 0.321615
v 0.298485 0.546015 0.310480
v -0.297780 0.543300 0.316225
v -0.293450 0.567480 0.332380
v -0.286290 0.591195 0.348215
v -0.276365 0.614210 0.363580
v -0.263780 0.636305 0.378330
v -0.248650 0.657275 0.392325
v -0.231120 0.676910 0.405425
v -0.211365 0.695020 0.417505
v -0.189570 0.711435 0.428450
v -0.165945 0.725995 0.438150
v -0.140720 0.738565 0.446520
v -0.114135 0.749015 0.453475
v -0.086450 0.757250 0.458945
v -0.057925 0.763190 0.462880
v -0.028840 0.766775 0.465245
v 0.000525 0.767975 0.466015
v 0.029885 0.766775 0.465180
v 0.058965 0.763190 0.462750
v 0.087480 0.757250 0.458750
v 0.115155 0.749015 0.453215
v 0.141720 0.738565 0.446205
v 0.166930 0.725995 0.437780
v 0.190530 0.711435 0.428020
v 0.212305 0.695020 0.417030
v 0.232030 0.676910 0.404905
v 0.249530 0.657275 0.391765
v 0.264630 0.636305 0.377740
v 0.277185 0.614210 0.362960
v 0.287070 0.591195 0.347570
v 0.294195 0.567480 0.331720
v 0.298490 0.543300 0.315560
v -0.297775 0.539650 0.320675
v -0.293440 0.560215 0.341235
v -0.286275 0.580380 0.361390
v -0.276345 0.599950 0.380955
v -0.263755 0.618745 0.399730
v -0.248620 0.636575 0.417545
v -0.231090 0.653270 0.434225
v -0.211330 0.668675 0.449605
v -0.189530 0.682635 0.463540
v -0.165905 0.695020 0.475900
v -0.140675 0.705705 0.486555
v -0.114090 0.714595 0.495415
v -0.086400 0.721600 0.502390
v -0.057875 0.726650 0.507405
v -0.028790 0.729700 0.510425
v 0.000575 0.730720 0.511410
v 0.029935 0.729700 0.510360
v 0.059015 0.726650 0.507275
v 0.087525 0.721600 0.502195
v 0.115200 0.714595 0.495160
v 0.141765 0.705705 0.486240
v 0.166970 0.695020 0.475525
v 0.190570 0.682635 0.463115
v 0.212340 0.668675 0.449130
v 0.232065 0.653270 0.433705
v 0.249560 0.636575 0.416990
v 0.264655 0.618745 0.399140
v 0.277200 0.599950 0.380335
v 0.287085 0.580380 0.360750
v 0.294205 0.560215 0.340575
v 0.298495 0.539650 0.320005
v -0.297770 0.535200 0.324325
v -0.293430 0.551355 0.348500
v -0.286260 0.567200 0.372205
v -0.276330 0.582580 0.395210
v -0.263735 0.597345 0.417295
v -0.248600 0.611355 0.438245
v -0.231065 0.624475 0.457860
v -0.211300 0.636575 0.475950
v -0.189500 0.647545 0.492340
v -0.165870 0.657275 0.506875
v -0.140635 0.665670 0.519415
v -0.114050 0.672655 0.529835
v -0.086360 0.678155 0.538040
v -0.057835 0.682125 0.543950
v -0.028750 0.684520 0.547500
v 0.000615 0.685325 0.548670
v 0.029980 0.684520 0.547435
v 0.059055 0.682125 0.543815
v 0.087565 0.678155 0.537845
v 0.115240 0.672655 0.529580
v 0.141805 0.665670 0.519100
v 0.167005 0.657275 0.506505
v 0.190605 0.647545 0.491915
v 0.212370 0.636575 0.475475
v 0.232090 0.624475 0.457340
v 0.249580 0.611355 0.437685
v 0.264675 0.597345 0.416700
v 0.277220 0.582580 0.394590
v 0.287095 0.567200 0.371565
v 0.294215 0.551355 0.347845
v 0.298500 0.535200 0.323660
v -0.297770 0.530125 0.327040
v -0.293425 0.541250 0.353905
v -0.286250 0.552165 0.380245
v -0.276320 0.562760 0.405805
v -0.263720 0.572930 0.430345
v -0.248580 0.582580 0.453625
v -0.231045 0.591615 0.475420
v -0.211280 0.599950 0.495525
v -0.189475 0.607505 0.513740
v -0.165840 0.614210 0.529895
v -0.140610 0.619995 0.543830
v -0.114020 0.624805 0.555415
v -0.086330 0.628595 0.564530
v -0.057805 0.631325 0.571100
v -0.028720 0.632980 0.575055
v 0.000645 0.633530 0.576350
v 0.030010 0.632980 0.574985
v 0.059085 0.631325 0.570970
v 0.087595 0.628595 0.564335
v 0.115265 0.624805 0.555155
v 0.141830 0.619995 0.543515
v 0.167030 0.614210 0.529520
v 0.190625 0.607505 0.513315
v 0.212390 0.599950 0.495050
v 0.232110 0.591615 0.474900
v 0.249600 0.582580 0.453065
v 0.264690 0.572930 0.429755
v 0.277230 0.562760 0.405185
v 0.287105 0.552165 0.379600
v 0.294220 0.541250 0.353245
v 0.298505 0.530125 0.326375
v -0.297765 0.524615 0.328710
v -0.293420 0.530290 0.357230
v -0.286245 0.535850 0.385190
v -0.276310 0.541250 0.412330
v -0.263715 0.546435 0.438380
v -0.248570 0.551355 0.463095
v -0.231030 0.555965 0.486235
v -0.211265 0.560215 0.507580
v -0.189460 0.564065 0.526920
v -0.165825 0.567480 0.544070
v -0.140595 0.570430 0.558865
v -0.114005 0.572880 0.571165
v -0.086310 0.574815 0.580845
v -0.057785 0.576210 0.587820
v -0.028700 0.577050 0.592020
v 0.000665 0.577330 0.593400
v 0.030030 0.577050 0.591950
v 0.059105 0.576210 0.587690
v 0.087615 0.574815 0.580650
v 0.115285 0.572880 0.570905
v 0.141845 0.570430 0.558550
v 0.167045 0.567480 0.543695
v 0.190640 0.564065 0.526495
v 0.212405 0.560215 0.507105
v 0.232125 0.555965 0.485715
v 0.249610 0.551355 0.462540
v 0.264695 0.546435 0.437790
v 0.277235 0.541250 0.411710
v 0.287110 0.535850 0.384550
v 0.294225 0.530290 0.356570
v 0.298505 0.524615 0.328045
v -0.297765 0.518885 0.329275
v -0.293420 0.518885 0.358350
v -0.286245 0.518885 0.386860
v -0.276310 0.518885 0.414530
v -0.263710 0.518885 0.441095
v -0.248565 0.518885 0.466295
v -0.231030 0.518885 0.489890
v -0.211260 0.518885 0.511650
v -0.189455 0.518885 0.531370
v -0.165820 0.518885 0.548855
v -0.140585 0.518885 0.563940
v -0.113995 0.518885 0.576480
v -0.086305 0.518885 0.586355
v -0.057780 0.518885 0.593465
v -0.028695 0.518885 0.597745
v 0.000670 0.518885 0.599155
v 0.030035 0.518885 0.597680
v 0.059110 0.518885 0.593335
v 0.087620 0.518885 0.586160
v 0.115290 0.518885 0.576225
v 0.141855 0.518885 0.563625
v 0.167055 0.518885 0.548480
v 0.190645 0.518885 0.530940
v 0.212410 0.518885 0.511175
v 0.232125 0.518885 0.489370
v 0.249615 0.518885 0.465735
v 0.264700 0.518885 0.440500
v 0.277240 0.518885 0.413910
v 0.287115 0.518885 0.386220
v 0.294225 0.518885 0.357695
v 0.298505 0.518885 0.328610
v -0.297765 0.513160 0.328710
v -0.293420 0.507485 0.357230
v -0.286245 0.501920 0.385190
v -0.276310 0.496520 0.412330
v -0.263715 0.491335 0.438380
v -0.248570 0.486415 0.463095
v -0.231030 0.481810 0.486235
v -0.211265 0.477560 0.507580
v -0.189460 0.473710 0.526920
v -0.165825 0.470290 0.544070
v -0.140595 0.467340 0.558865
v -0.114005 0.464890 0.571165
v -0.086310 0.462960 0.580845
v -0.057785 0.461565 0.587820
v -0.028700 0.460725 0.592020
v 0.000665 0.460440 0.593400
v 0.030030 0.460725 0.591950
v 0.059105 0.461565 0.587690
v 0.087615 0.462960 0.580650
v 0.115285 0.464890 0.570905
v 0.141845 0.467340 0.558550
v 0.167045 0.470290 0.543695
v 0.190640 0.473710 0.526495
v 0.212405 0.477560 0.507105
v 0.232125 0.481810 0.485715
v 0.249610 0.486415 0.462540
v 0.264695 0.491335 0.437790
v 0.277235 0.496520 0.411710
v 0.287110 0.501920 0.384550
v 0.294225 0.507485 0.356570
v 0.298505 0.513160 0.328045
v -0.297770 0.507650 0.327040
v -0.293425 0.496520 0.353905
v -0.286250 0.485605 0.380245
v -0.276320 0.475015 0.405805
v -0.263720 0.464845 0.430345
v -0.248580 0.455195 0.453625
v -0.231045 0.446155 0.475420
v -0.211280 0.437820 0.495525
v -0.189475 0.430265 0.513740
v -0.165840 0.423565 0.529895
v -0.140610 0.417780 0.543830
v -0.114020 0.412970 0.555415
v -0.086330 0.409180 0.564530
v -0.057805 0.406445 0.571100
v -0.028720 0.404795 0.575055
v 0.000645 0.404245 0.576350
v 0.030010 0.404795 0.574985
v 0.059085 0.406445 0.570970
v 0.087595 0.409180 0.564335
v 0.115265 0.412970 0.555155
v 0.141830 0.417780 0.543515
v 0.167030 0.423565 0.529520
v 0.190625 0.430265 0.513315
v 0.212390 0.437820 0.495050
v 0.232110 0.446155 0.474900
v 0.249600 0.455195 0.453065
v 0.264690 0.464845 0.429755
v 0.277230 0.475015 0.405185
v 0.287105 0.485605 0.379600
v 0.294220 0.496520 0.353245
v 0.298505 0.507650 0.326375
v -0.297770 0.502575 0.324325
v -0.293430 0.486415 0.348500
v -0.286260 0.470570 0.372205
v -0.276330 0.455195 0.395210
v -0.263735 0.440430 0.417295
v -0.248600 0.426420 0.438245
v -0.231065 0.413300 0.457860
v -0.211300 0.401200 0.475950
v -0.189500 0.390230 0.492340
v -0.165870 0.380500 0.506875
v -0.140635 0.372100 0.519415
v -0.114050 0.365120 0.529835
v -0.086360 0.359615 0.538040
v -0.057835 0.355645 0.543950
v -0.028750 0.353250 0.547500
v 0.000615 0.352450 0.548670
v 0.029980 0.353250 0.547435
v 0.059055 0.355645 0.543815
v 0.087565 0.359615 0.537845
v 0.115240 0.365120 0.529580
v 0.141805 0.372100 0.519100
v 0.167005 0.380500 0.506505
v 0.190605 0.390230 0.491915
v 0.212370 0.401200 0.475475
v 0.232090 0.413300 0.457340
v 0.249580 0.426420 0.437685
v 0.264675 0.440430 0.416700
v 0.277220 0.455195 0.394590
v 0.287095 0.470570 0.371565
v 0.294215 0.486415 0.347845
v 0.298500 0.502575 0.323660
v -0.297775 0.498125 0.320675
v -0.293440 0.477560 0.341235
v -0.286275 0.457395 0.361390
v -0.276345 0.437820 0.380955
v -0.263755 0.419030 0.399730
v -0.248620 0.401200 0.417545
v -0.231090 0.384500 0.434225
v -0.211330 0.369095 0.449605
v -0.189530 0.355135 0.463540
v -0.165905 0.342755 0.475900
v -0.140675 0.332065 0.486555
v -0.114090 0.323175 0.495415
v -0.086400 0.316175 0.502390
v -0.057875 0.311125 0.507405
v -0.028790 0.308070 0.510425
v 0.000575 0.307050 0.511410
v 0.029935 0.308070 0.510360
v 0.059015 0.311125 0.507275
v 0.087525 0.316175 0.502195
v 0.115200 0.323175 0.495160
v 0.141765 0.332065 0.486240
v 0.166970 0.342755 0.475525
v 0.190570 0.355135 0.463115
v 0.212340 0.369095 0.449130
v 0.232065 0.384500 0.433705
v 0.249560 0.401200 0.416990
v 0.264655 0.419030 0.399140
v 0.277200 0.437820 0.380335
v 0.287085 0.457395 0.360750
v 0.294205 0.477560 0.340575
v 0.298495 0.498125 0.320005
v -0.297780 0.494470 0.316225
v -0.293450 0.470290 0.332380
v -0.286290 0.446580 0.348215
v -0.276365 0.423565 0.363580
v -0.263780 0.401465 0.378330
v -0.248650 0.380500 0.392325
v -0.231120 0.360865 0.405425
v -0.211365 0.342755 0.417505
v -0.189570 0.326335 0.428450
v -0.165945 0.311775 0.438150
v -0.140720 0.299210 0.446520
v -0.114135 0.288755 0.453475
v -0.086450 0.280520 0.458945
v -0.057925 0.274580 0.462880
v -0.028840 0.270995 0.465245
v 0.000525 0.269795 0.466015
v 0.029885 0.270995 0.465180
v 0.058965 0.274580 0.462750
v 0.087480 0.280520 0.458750
v 0.115155 0.288755 0.453215
v 0.141720 0.299210 0.446205
v 0.166930 0.311775 0.437780
v 0.190530 0.326335 0.428020
v 0.212305 0.342755 0.417030
v 0.232030 0.360865 0.404905
v 0.249530 0.380500 0.391765
v 0.264630 0.401465 0.377740
v 0.277180 0.423565 0.362960
v 0.287070 0.446580 0.347570
v 0.294195 0.470290 0.331720
v 0.298490 0.494470 0.315560
v -0.297785 0.491760 0.311150
v -0.293460 0.464890 0.322275
v -0.286305 0.438545 0.333180
v -0.276390 0.412970 0.343760
v -0.263805 0.388415 0.353915
v -0.248680 0.365120 0.363550
v -0.231160 0.343300 0.372565
v -0.211405 0.323175 0.380880
v -0.189615 0.304935 0.388410
v -0.165995 0.288755 0.395085
v -0.140770 0.274795 0.400845
v -0.114190 0.263180 0.405625
v -0.086505 0.254030 0.409385
v -0.057980 0.247430 0.412085
v -0.028900 0.243445 0.413705
v 0.000465 0.242110 0.414220
v 0.029830 0.243445 0.413635
v 0.058910 0.247430 0.411955
v 0.087425 0.254030 0.409190
v 0.115100 0.263180 0.405365
v 0.141670 0.274795 0.400525
v 0.166880 0.288755 0.394715
v 0.190485 0.304935 0.387985
v 0.212260 0.323175 0.380405
v 0.231995 0.343300 0.372050
v 0.249500 0.365120 0.362990
v 0.264600 0.388415 0.353325
v 0.277160 0.412970 0.343140
v 0.287055 0.438545 0.332535
v 0.294185 0.464890 0.321615
v 0.298485 0.491760 0.310480
v -0.297795 0.490085 0.305640
v -0.293475 0.461565 0.311310
v -0.286325 0.433595 0.316865
v -0.276415 0.406445 0.322255
v -0.263835 0.380380 0.327425
v -0.248715 0.355645 0.332325
v -0.231200 0.332485 0.336915
v -0.211450 0.311125 0.341140
v -0.189665 0.291760 0.344970
v -0.166045 0.274580 0.348360
v -0.140825 0.259760 0.351280
v -0.114245 0.247430 0.353705
v -0.086565 0.237715 0.355605
v -0.058045 0.230710 0.356965
v -0.028960 0.226480 0.357775
v 0.000400 0.225065 0.358025
v 0.029765 0.226480 0.357710
v 0.058845 0.230710 0.356835
v 0.087360 0.237715 0.355410
v 0.115040 0.247430 0.353445
v 0.141615 0.259760 0.350965
v 0.166830 0.274580 0.347985
v 0.190440 0.291760 0.344545
v 0.212215 0.311125 0.340665
v 0.231955 0.332485 0.336395
v 0.249465 0.355645 0.331770
v 0.264570 0.380380 0.326835
v 0.277135 0.406445 0.321635
v 0.287035 0.433595 0.316220
v 0.294170 0.461565 0.310650
v 0.298480 0.490085 0.304975
v -0.297800 0.489525 0.299910
v -0.293485 0.460440 0.299905
v -0.286340 0.431925 0.299900
v -0.276440 0.404245 0.299890
v -0.263870 0.377665 0.299875
v -0.248755 0.352450 0.299855
v -0.231240 0.328835 0.299840
v -0.211495 0.307050 0.299815
v -0.189715 0.287310 0.299790
v -0.166100 0.269795 0.299765
v -0.140885 0.254680 0.299735
v -0.114305 0.242110 0.299705
v -0.086625 0.232210 0.299675
v -0.058110 0.225065 0.299645
v -0.029025 0.220750 0.299610
v 0.000335 0.219310 0.299580
v 0.029700 0.220750 0.299545
v 0.058780 0.225065 0.299515
v 0.087300 0.232210 0.299480
v 0.114980 0.242110 0.299450
v 0.141555 0.254680 0.299420
v 0.166775 0.269795 0.299390
v 0.190385 0.287310 0.299365
v 0.212170 0.307050 0.299340
v 0.231915 0.328835 0.299320
v 0.249425 0.352450 0.299300
v 0.264540 0.377665 0.299280
v 0.277110 0.404245 0.299270
v 0.287015 0.431925 0.299255
v 0.294160 0.460440 0.299250
v 0.298475 0.489525 0.299245
v 0.299915 0.518885 0.299240
v -0.299240 0.518885 0.299915
v -0.297805 0.490085 0.294185
v -0.293500 0.461565 0.288505
v -0.286360 0.433595 0.282935
v -0.276465 0.406445 0.277520
v -0.263900 0.380380 0.272325
v -0.248790 0.355645 0.267385
v -0.231280 0.332485 0.262760
v -0.211545 0.311125 0.258490
v -0.189765 0.291760 0.254615
v -0.166155 0.274580 0.251170
v -0.140940 0.259760 0.248195
v -0.114370 0.247430 0.245710
v -0.086690 0.237715 0.243745
v -0.058170 0.230710 0.242320
v -0.029090 0.226480 0.241450
v 0.000270 0.225065 0.241135
v 0.029635 0.226480 0.241380
v 0.058715 0.230710 0.242190
v 0.087235 0.237715 0.243550
v 0.114920 0.247430 0.245455
v 0.141500 0.259760 0.247875
v 0.166720 0.274580 0.250795
v 0.190335 0.291760 0.254185
v 0.212125 0.311125 0.258015
v 0.231870 0.332485 0.262240
v 0.249390 0.355645 0.266830
v 0.264510 0.380380 0.271730
v 0.277085 0.406445 0.276900
v 0.286995 0.433595 0.282290
v 0.294145 0.461565 0.287845
v 0.298465 0.490085 0.293515
v -0.297810 0.491760 0.288675
v -0.293510 0.464890 0.277540
v -0.286380 0.438545 0.266620
v -0.276485 0.412970 0.256015
v -0.263930 0.388415 0.245830
v -0.248825 0.365120 0.236165
v -0.231320 0.343300 0.227110
v -0.211590 0.323175 0.218750
v -0.189815 0.304935 0.211170
v -0.166205 0.288755 0.204440
v -0.140995 0.274795 0.198630
v -0.114425 0.263180 0.193790
v -0.086750 0.254030 0.189970
v -0.058235 0.247430 0.187205
v -0.029155 0.243445 0.185520
v 0.000210 0.242110 0.184935
v 0.029575 0.243445 0.185455
v 0.058655 0.247430 0.187070
v 0.087175 0.254030 0.189775
v 0.114860 0.263180 0.193535
v 0.141445 0.274795 0.198315
v 0.166665 0.288755 0.204070
v 0.190290 0.304935 0.210745
v 0.212080 0.323175 0.218275
v 0.231830 0.343300 0.226590
v 0.249355 0.365120 0.235605
v 0.264480 0.388415 0.245240
v 0.277060 0.412970 0.255395
v 0.286980 0.438545 0.265975
v 0.294135 0.464890 0.276885
v 0.298460 0.491760 0.288005
v -0.297815 0.494470 0.283600
v -0.293520 0.470290 0.267435
v -0.286395 0.446580 0.251585
v -0.276510 0.423565 0.236195
v -0.263955 0.401465 0.221415
v -0.248855 0.380500 0.207390
v -0.231360 0.360865 0.194250
v -0.211630 0.342755 0.182125
v -0.189860 0.326335 0.171135
v -0.166255 0.311775 0.161375
v -0.141050 0.299210 0.152950
v -0.114480 0.288755 0.145940
v -0.086805 0.280520 0.140405
v -0.058290 0.274580 0.136405
v -0.029215 0.270995 0.133975
v 0.000150 0.269795 0.133140
v 0.029515 0.270995 0.133910
v 0.058600 0.274580 0.136275
v 0.087120 0.280520 0.140210
v 0.114810 0.288755 0.145680
v 0.141395 0.299210 0.152635
v 0.166620 0.311775 0.161005
v 0.190245 0.326335 0.170710
v 0.212040 0.342755 0.181650
v 0.231795 0.360865 0.193730
v 0.249325 0.380500 0.206830
v 0.264455 0.401465 0.220825
v 0.277040 0.423565 0.235575
v 0.286960 0.446580 0.250945
v 0.294120 0.470290 0.266780
v 0.298455 0.494470 0.282930
v -0.297820 0.498125 0.279150
v -0.293530 0.477560 0.258580
v -0.286410 0.457395 0.238405
v -0.276530 0.437820 0.218825
v -0.263980 0.419030 0.200015
v -0.248885 0.401200 0.182170
v -0.231390 0.384500 0.165450
v -0.211665 0.369095 0.150025
v -0.189895 0.355135 0.136040
v -0.166300 0.342755 0.123630
v -0.141095 0.332065 0.112915
v -0.114525 0.323175 0.104000
v -0.086855 0.316175 0.096965
v -0.058340 0.311125 0.091880
v -0.029265 0.308070 0.088795
v 0.000100 0.307050 0.087745
v 0.029465 0.308070 0.088730
v 0.058550 0.311125 0.091750
v 0.087075 0.316175 0.096770
v 0.114760 0.323175 0.103740
v 0.141350 0.332065 0.112600
v 0.166575 0.342755 0.123260
v 0.190205 0.355135 0.135615
v 0.212005 0.369095 0.149550
v 0.231765 0.384500 0.164935
v 0.249295 0.401200 0.181610
v 0.264430 0.419030 0.199425
v 0.277020 0.437820 0.218205
v 0.286945 0.457395 0.237765
v 0.294115 0.477560 0.257920
v 0.298450 0.498125 0.278480
v -0.297825 0.502575 0.275495
v -0.293540 0.486415 0.251310
v -0.286425 0.470570 0.227590
v -0.276545 0.455195 0.204565
v -0.264000 0.440430 0.182455
v -0.248910 0.426420 0.161470
v -0.231420 0.413300 0.141815
v -0.211695 0.401200 0.123680
v -0.189930 0.390230 0.107240
v -0.166330 0.380500 0.092655
v -0.141130 0.372100 0.080060
v -0.114565 0.365120 0.069575
v -0.086895 0.359615 0.061310
v -0.058380 0.355645 0.055340
v -0.029305 0.353250 0.051720
v 0.000060 0.352450 0.050490
v 0.029425 0.353250 0.051655
v 0.058510 0.355645 0.055210
v 0.087035 0.359615 0.061115
v 0.114725 0.365120 0.069320
v 0.141310 0.372100 0.079740
v 0.166540 0.380500 0.092280
v 0.190170 0.390230 0.106815
v 0.211975 0.401200 0.123205
v 0.231735 0.413300 0.141295
v 0.249270 0.426420 0.160910
v 0.264410 0.440430 0.181860
v 0.277005 0.455195 0.203945
v 0.286935 0.470570 0.226950
v 0.294105 0.486415 0.250655
v 0.298445 0.502575 0.274830
v -0.297830 0.507650 0.272785
v -0.293545 0.496520 0.245910
v -0.286430 0.485605 0.219555
v -0.276555 0.475015 0.193970
v -0.264015 0.464845 0.169405
v -0.248925 0.455195 0.146090
v -0.231435 0.446155 0.124255
v -0.211715 0.437820 0.104105
v -0.189955 0.430265 0.085840
v -0.166360 0.423565 0.069635
v -0.141155 0.417780 0.055645
v -0.114595 0.412970 0.044000
v -0.086925 0.409180 0.034820
v -0.058410 0.406445 0.028185
v -0.029335 0.404795 0.024170
v 0.000025 0.404245 0.022805
v 0.029390 0.404795 0.024105
v 0.058475 0.406445 0.028055
v 0.087005 0.409180 0.034625
v 0.114695 0.412970 0.043745
v 0.141285 0.417780 0.055325
v 0.166515 0.423565 0.069260
v 0.190150 0.430265 0.085415
v 0.211950 0.437820 0.103630
v 0.231715 0.446155 0.123735
v 0.249255 0.455195 0.145530
v 0.264395 0.464845 0.168810
v 0.276990 0.475015 0.193350
v 0.286925 0.485605 0.218915
v 0.294100 0.496520 0.245255
v 0.298440 0.507650 0.272115
v -0.297830 0.513160 0.271115
v -0.293550 0.507485 0.242585
v -0.286440 0.501920 0.214605
v -0.276565 0.496520 0.187445
v -0.264025 0.491335 0.161365
v -0.248935 0.486415 0.136620
v -0.231450 0.481810 0.113440
v -0.211730 0.477560 0.092050
v -0.189970 0.473710 0.072665
v -0.166375 0.470290 0.055460
v -0.141175 0.467340 0.040610
v -0.114610 0.464890 0.028250
v -0.086940 0.462960 0.018505
v -0.058430 0.461565 0.011465
v -0.029355 0.460725 0.007205
v 0.000005 0.460440 0.005755
v 0.029375 0.460725 0.007140
v 0.058460 0.461565 0.011335
v 0.086985 0.462960 0.018310
v 0.114675 0.464890 0.027995
v 0.141265 0.467340 0.040290
v 0.166500 0.470290 0.055090
v 0.190135 0.473710 0.072240
v 0.211940 0.477560 0.091575
v 0.231705 0.481810 0.112920
v 0.249245 0.486415 0.136060
v 0.264385 0.491335 0.160775
v 0.276985 0.496520 0.186825
v 0.286920 0.501920 0.213965
v 0.294095 0.507485 0.241925
v 0.298440 0.513160 0.270445
v -0.297830 0.518885 0.270550
v -0.293550 0.518885 0.241465
v -0.286440 0.518885 0.212935
v -0.276565 0.518885 0.185245
v -0.264025 0.518885 0.158655
v -0.248940 0.518885 0.133420
v -0.231455 0.518885 0.109785
v -0.211735 0.518885 0.087980
v -0.189975 0.518885 0.068215
v -0.166380 0.518885 0.050675
v -0.141180 0.518885 0.035530
v -0.114615 0.518885 0.022930
v -0.086950 0.518885 0.012995
v -0.058435 0.518885 0.005820
v -0.029360 0.518885 0.001475
v -0.000000 0.518885 -0.000000
v 0.029365 0.518885 0.001410
v 0.058450 0.518885 0.005690
v 0.086980 0.518885 0.012800
v 0.114670 0.518885 0.022675
v 0.141260 0.518885 0.035215
v 0.166495 0.518885 0.050300
v 0.190130 0.518885 0.067790
v 0.211935 0.518885 0.087505
v 0.231700 0.518885 0.109270
v 0.249240 0.518885 0.132860
v 0.264385 0.518885 0.158060
v 0.276985 0.518885 0.184625
v 0.286920 0.518885 0.212295
v 0.294095 0.518885 0.240805
v 0.298440 0.518885 0.269880
v -0.297830 0.524615 0.271115
v -0.293550 0.530290 0.242585
v -0.286440 0.535850 0.214605
v -0.276565 0.541250 0.187445
v -0.264025 0.546435 0.161370
v -0.248935 0.551355 0.136620
v -0.231450 0.555965 0.113440
v -0.211730 0.560215 0.092050
v -0.189970 0.564065 0.072665
v -0.166375 0.567480 0.055460
v -0.141175 0.570430 0.040610
v -0.114610 0.572880 0.028250
v -0.086940 0.574815 0.018505
v -0.058430 0.576210 0.011465
v -0.029355 0.577050 0.007205
v 0.000005 0.577330 0.005755
v 0.029375 0.577050 0.007140
v 0.058460 0.576210 0.011335
v 0.086985 0.574815 0.018310
v 0.114675 0.572880 0.027995
v 0.141265 0.570430 0.040290
v 0.166500 0.567480 0.055090
v 0.190135 0.564065 0.072240
v 0.211940 0.560215 0.091575
v 0.231705 0.555965 0.112920
v 0.249245 0.551355 0.136060
v 0.264385 0.546435 0.160775
v 0.276985 0.541250 0.186825
v 0.286920 0.535850 0.213965
v 0.294095 0.530290 0.241925
v 0.298440 0.524615 0.270445
v -0.297830 0.530125 0.272785
v -0.293545 0.541250 0.245910
v -0.286430 0.552165 0.219555
v -0.276555 0.562760 0.193970
v -0.264015 0.572930 0.169405
v -0.248925 0.582580 0.146090
v -0.231435 0.591615 0.124255
v -0.211715 0.599950 0.104105
v -0.189955 0.607505 0.085840
v -0.166360 0.614210 0.069635
v -0.141155 0.619995 0.055645
v -0.114595 0.624805 0.044000
v -0.086925 0.628595 0.034820
v -0.058410 0.631325 0.028190
v -0.029335 0.632980 0.024170
v 0.000025 0.633530 0.022805
v 0.029390 0.632980 0.024105
v 0.058475 0.631325 0.028055
v 0.087005 0.628595 0.034625
v 0.114695 0.624805 0.043745
v 0.141285 0.619995 0.055325
v 0.166515 0.614210 0.069260
v 0.190150 0.607505 0.085415
v 0.211950 0.599950 0.103630
v 0.231715 0.591615 0.123735
v 0.249255 0.582580 0.145530
v 0.264395 0.572930 0.168810
v 0.276990 0.562760 0.193350
v 0.286925 0.552165 0.218915
v 0.294100 0.541250 0.245255
v 0.298440 0.530125 0.272115
v -0.297825 0.535200 0.275495
v -0.293540 0.551355 0.251310
v -0.286425 0.567200 0.227590
v -0.276545 0.582580 0.204565
v -0.264000 0.597345 0.182455
v -0.248910 0.611355 0.161470
v -0.231420 0.624475 0.141815
v -0.211695 0.636575 0.123680
v -0.189930 0.647545 0.107240
v -0.166330 0.657275 0.092655
v -0.141130 0.665670 0.080060
v -0.114565 0.672655 0.069575
v -0.086895 0.678155 0.061310
v -0.058380 0.682125 0.055340
v -0.029305 0.684520 0.051720
v 0.000060 0.685325 0.050490
v 0.029425 0.684520 0.051655
v 0.058510 0.682125 0.055210
v 0.087035 0.678155 0.061115
v 0.114725 0.672655 0.069320
v 0.141310 0.665670 0.079740
v 0.166540 0.657275 0.092280
v 0.190170 0.647545 0.106815
v 0.211975 0.636575 0.123205
v 0.231735 0.624475 0.141295
v 0.249270 0.611355 0.160910
v 0.264410 0.597345 0.181860
v 0.277005 0.582580 0.203945
v 0.286935 0.567200 0.226950
v 0.294105 0.551355 0.250655
v 0.298445 0.535200 0.274830
v -0.297820 0.539650 0.279150
v -0.293530 0.560215 0.258580
v -0.286410 0.580380 0.238405
v -0.276530 0.599950 0.218825
v -0.263980 0.618745 0.200015
v -0.248885 0.636575 0.182170
v -0.231390 0.653270 0.165450
v -0.211665 0.668675 0.150025
v -0.189895 0.682635 0.136040
v -0.166295 0.695020 0.123630
v -0.141095 0.705705 0.112915
v -0.114525 0.714595 0.104000
v -0.086855 0.721600 0.096965
v -0.058340 0.726650 0.091880
v -0.029265 0.729700 0.088795
v 0.000100 0.730720 0.087745
v 0.029465 0.729700 0.088730
v 0.058550 0.726650 0.091750
v 0.087075 0.721600 0.096770
v 0.114760 0.714595 0.103740
v 0.141350 0.705705 0.112600
v 0.166575 0.695020 0.123260
v 0.190205 0.682635 0.135615
v 0.212005 0.668675 0.149550
v 0.231765 0.653270 0.164935
v 0.249295 0.636575 0.181610
v 0.264430 0.618745 0.199425
v 0.277020 0.599950 0.218205
v 0.286945 0.580380 0.237765
v 0.294115 0.560215 0.257920
v 0.298450 0.539650 0.278480
v -0.297815 0.543300 0.283600
v -0.293520 0.567480 0.267435
v -0.286395 0.591195 0.251585
v -0.276510 0.614210 0.236195
v -0.263955 0.636305 0.221415
v -0.248855 0.657275 0.207390
v -0.231360 0.676910 0.194250
v -0.211630 0.695020 0.182125
v -0.189860 0.711435 0.171135
v -0.166255 0.725995 0.161380
v -0.141050 0.738565 0.152950
v -0.114480 0.749015 0.145940
v -0.086805 0.757250 0.140405
v -0.058290 0.763190 0.136405
v -0.029215 0.766775 0.133975
v 0.000150 0.767975 0.133140
v 0.029515 0.766775 0.133910
v 0.058600 0.763190 0.136275
v 0.087120 0.757250 0.140210
v 0.114810 0.749015 0.145680
v 0.141395 0.738565 0.152635
v 0.166620 0.725995 0.161005
v 0.190245 0.711435 0.170710
v 0.212040 0.695020 0.181650
v 0.231795 0.676905 0.193730
v 0.249325 0.657275 0.206830
v 0.264455 0.636305 0.220825
v 0.277040 0.614210 0.235575
v 0.286960 0.591195 0.250945
v 0.294120 0.567480 0.266780
v 0.298455 0.543300 0.282930
v -0.297810 0.546015 0.288675
v -0.293510 0.572880 0.277540
v -0.286380 0.599230 0.266620
v -0.276485 0.624805 0.256015
v -0.263930 0.649355 0.245830
v -0.248825 0.672655 0.236165
v -0.231320 0.694470 0.227110
v -0.211590 0.714595 0.218750
v -0.189815 0.732835 0.211170
v -0.166205 0.749015 0.204440
v -0.140995 0.762980 0.198630
v -0.114425 0.774595 0.193790
v -0.086750 0.783745 0.189970
v -0.058235 0.790340 0.187205
v -0.029155 0.794330 0.185520
v 0.000210 0.795660 0.184935
v 0.029575 0.794330 0.185455
v 0.058655 0.790340 0.187070
v 0.087175 0.783745 0.189775
v 0.114860 0.774595 0.193535
v 0.141445 0.762980 0.198315
v 0.166665 0.749015 0.204070
v 0.190290 0.732835 0.210745
v 0.212080 0.714595 0.218275
v 0.231830 0.694470 0.226590
v 0.249355 0.672655 0.235605
v 0.264480 0.649355 0.245240
v 0.277060 0.624805 0.255395
v 0.286980 0.599230 0.265980
v 0.294135 0.572880 0.276885
v 0.298460 0.546015 0.288005
v -0.297805 0.547685 0.294185
v -0.293500 0.576210 0.288505
v -0.286360 0.604180 0.282935
v -0.276465 0.631325 0.277520
v -0.263900 0.657395 0.272325
v -0.248790 0.682125 0.267385
v -0.231280 0.705285 0.262760
v -0.211545 0.726650 0.258490
v -0.189765 0.746015 0.254615
v -0.166155 0.763190 0.251170
v -0.140940 0.778015 0.248195
v -0.114365 0.790340 0.245710
v -0.086690 0.800055 0.243745
v -0.058170 0.807065 0.242320
v -0.029090 0.811295 0.241450
v 0.000270 0.812710 0.241135
v 0.029635 0.811295 0.241380
v 0.058715 0.807065 0.242190
v 0.087235 0.800055 0.243550
v 0.114920 0.790340 0.245455
v 0.141500 0.778015 0.247875
v 0.166720 0.763190 0.250795
v 0.190335 0.746015 0.254185
v 0.212125 0.726650 0.258015
v 0.231870 0.705285 0.262240
v 0.249390 0.682125 0.266830
v 0.264510 0.657395 0.271730
v 0.277085 0.631325 0.276900
v 0.286995 0.604180 0.282290
v 0.294145 0.576210 0.287845
v 0.298465 0.547685 0.293515
v -0.297800 0.548250 0.299910
v -0.293485 0.577330 0.299905
v -0.286340 0.605850 0.299900
v -0.276440 0.633530 0.299890
v -0.263870 0.660105 0.299875
v -0.248755 0.685325 0.299855
v -0.211495 0.730720 0.299815
v -0.166100 0.767975 0.299765
v -0.140885 0.783090 0.299735
v 0.000335 0.818465 0.299580
v 0.087300 0.805565 0.299480
v 0.114980 0.795660 0.299450
v 0.212170 0.730720 0.299340
v 0.277110 0.633530 0.299270
v 0.287015 0.605850 0.299255
v -0.232095 0.613910 -0.463905
v -0.232070 0.644195 -0.442205
v -0.249585 0.602105 -0.443440
v -0.212375 0.624805 -0.482795
v -0.232115 0.579975 -0.479285
v -0.249600 0.572385 -0.456905
v -0.212395 0.586980 -0.499935
v -0.232125 0.543695 -0.487745
v -0.249610 0.540610 -0.464310
v -0.212405 0.546535 -0.509365
v -0.232125 0.506455 -0.488960
v -0.249610 0.508000 -0.465380
v -0.212405 0.505030 -0.510720
v -0.232120 0.469695 -0.482895
v -0.249605 0.475810 -0.460065
v -0.212400 0.464060 -0.503955
v -0.232105 0.434830 -0.469770
v -0.249590 0.445275 -0.448570
v -0.212380 0.425195 -0.489330
v -0.232080 0.403190 -0.450095
v -0.249575 0.417565 -0.431340
v -0.212355 0.389930 -0.467400
v -0.232050 0.376000 -0.424630
v -0.249550 0.393750 -0.409040
v -0.212325 0.359620 -0.439015
v -0.232020 0.354300 -0.394345
v -0.249520 0.374750 -0.382520
v -0.212285 0.335435 -0.405260
v -0.231980 0.338920 -0.360410
v -0.249485 0.361280 -0.352800
v -0.212245 0.318295 -0.367435
v -0.231940 0.330460 -0.324125
v -0.249450 0.353875 -0.321025
v -0.212200 0.308865 -0.326990
v -0.231900 0.329245 -0.286890
v -0.249415 0.352805 -0.288415
v -0.212155 0.307505 -0.285485
v -0.231855 0.335310 -0.250130
v -0.249375 0.358120 -0.256220
v -0.212105 0.314270 -0.244515
v -0.231820 0.348435 -0.215260
v -0.249345 0.369615 -0.225685
v -0.212065 0.328900 -0.205650
v -0.231780 0.368110 -0.183625
v -0.249310 0.386845 -0.197980
v -0.212025 0.350825 -0.170385
v -0.231750 0.393575 -0.156430
v -0.249285 0.409145 -0.174165
v -0.211990 0.379215 -0.140075
v -0.231730 0.423860 -0.134730
v -0.249265 0.435670 -0.155160
v -0.211965 0.412970 -0.115885
v -0.231710 0.457795 -0.119355
v -0.249250 0.465385 -0.141695
v -0.211945 0.450795 -0.098750
v -0.231700 0.494080 -0.110895
v -0.249240 0.497160 -0.134285
v -0.211935 0.491235 -0.089320
v -0.231700 0.531315 -0.109675
v -0.249240 0.529770 -0.133220
v -0.211930 0.532740 -0.087960
v -0.231705 0.568075 -0.115745
v -0.249245 0.561965 -0.138535
v -0.211940 0.573715 -0.094725
v -0.231720 0.602945 -0.128870
v -0.249260 0.592500 -0.150025
v -0.211955 0.612580 -0.109355
v -0.231745 0.634580 -0.148540
v -0.249275 0.620205 -0.167255
v -0.211980 0.647845 -0.131280
v -0.231770 0.661775 -0.174010
v -0.249300 0.644020 -0.189560
v -0.212010 0.678150 -0.159670
v -0.231805 0.683475 -0.204295
v -0.249330 0.663025 -0.216080
v -0.212050 0.702340 -0.193425
v -0.231845 0.698850 -0.238230
v -0.249365 0.676490 -0.245800
v -0.212090 0.719480 -0.231250
v -0.231885 0.707310 -0.274510
v -0.249400 0.683900 -0.277575
v -0.212140 0.728910 -0.271690
v -0.231925 0.708530 -0.311750
v -0.249435 0.684965 -0.310185
v -0.212185 0.730265 -0.313195
v -0.231965 0.702460 -0.348510
v -0.249475 0.679650 -0.342375
v -0.212230 0.723500 -0.354170
v -0.232005 0.689340 -0.383375
v -0.249510 0.668160 -0.372910
v -0.212275 0.708875 -0.393035
v -0.232040 0.669665 -0.415015
v -0.249540 0.650930 -0.400620
v -0.212315 0.686945 -0.428295
v -0.190545 0.702610 -0.440340
v -0.212345 0.658560 -0.458605
v -0.190580 0.671575 -0.473475
v -0.166980 0.683125 -0.486670
v -0.190610 0.634675 -0.499915
v -0.167015 0.643430 -0.515110
v -0.190630 0.593325 -0.518655
v -0.167035 0.598955 -0.535265
v -0.190645 0.549115 -0.528960
v -0.167050 0.551400 -0.546350
v -0.190645 0.503740 -0.530445
v -0.167050 0.502595 -0.547950
v -0.190635 0.458950 -0.523050
v -0.167040 0.454415 -0.539995
v -0.190620 0.416460 -0.507060
v -0.167020 0.408715 -0.522795
v -0.190590 0.377910 -0.483090
v -0.166995 0.367250 -0.497010
v -0.190555 0.344775 -0.452055
v -0.166955 0.331610 -0.463630
v -0.190515 0.318335 -0.415155
v -0.166910 0.303170 -0.423935
v -0.190470 0.299600 -0.373805
v -0.166860 0.283015 -0.379460
v -0.190420 0.289290 -0.329590
v -0.166810 0.271925 -0.331905
v -0.190370 0.287805 -0.284220
v -0.166755 0.270330 -0.283100
v -0.190320 0.295200 -0.239430
v -0.166700 0.278285 -0.234925
v -0.190270 0.311190 -0.196940
v -0.166650 0.295485 -0.189220
v -0.190225 0.335165 -0.158390
v -0.166600 0.321270 -0.147755
v -0.190190 0.366195 -0.125255
v -0.166560 0.354650 -0.112115
v -0.190160 0.403100 -0.098815
v -0.166530 0.394340 -0.083675
v -0.190140 0.444450 -0.080080
v -0.166505 0.438820 -0.063520
v -0.190130 0.488660 -0.069770
v -0.166495 0.486375 -0.052435
v -0.190125 0.534030 -0.068285
v -0.166495 0.535180 -0.050835
v -0.190135 0.578825 -0.075680
v -0.166500 0.583355 -0.058790
v -0.190155 0.621310 -0.091670
v -0.166520 0.629055 -0.075990
v -0.190180 0.659860 -0.115645
v -0.166550 0.670525 -0.101775
v -0.190215 0.692995 -0.146675
v -0.166590 0.706160 -0.135155
v -0.190255 0.719440 -0.183575
v -0.166630 0.734605 -0.174845
v -0.190300 0.738175 -0.224925
v -0.166680 0.754760 -0.219325
v -0.190350 0.748480 -0.269140
v -0.166735 0.765845 -0.266880
v -0.190400 0.749970 -0.314510
v -0.166790 0.767445 -0.315685
v -0.190455 0.742575 -0.359300
v -0.166845 0.759490 -0.363860
v -0.190500 0.726580 -0.401790
v -0.166895 0.742290 -0.409560
v -0.141685 0.755845 -0.416275
v -0.166940 0.716505 -0.451030
v -0.141735 0.728495 -0.460260
v -0.115165 0.738465 -0.467940
v -0.141780 0.693090 -0.498060
v -0.115210 0.701375 -0.507540
v -0.141810 0.650990 -0.528230
v -0.141835 0.603810 -0.549605
v -0.115245 0.657275 -0.539145
v -0.087575 0.662225 -0.547750
v -0.115270 0.607850 -0.561535
v -0.087600 0.611035 -0.570945
v -0.115285 0.555015 -0.573855
v -0.141850 0.553370 -0.561365
v -0.087615 0.556305 -0.583705
v -0.115290 0.500785 -0.575630
v -0.141850 0.501605 -0.563060
v -0.087620 0.500135 -0.585545
v -0.115280 0.447250 -0.566795
v -0.141840 0.450505 -0.554620
v -0.087610 0.444690 -0.576390
v -0.115255 0.396470 -0.547680
v -0.141820 0.402030 -0.536380
v -0.087585 0.392090 -0.556595
v -0.115225 0.350395 -0.519030
v -0.141790 0.358050 -0.509030
v -0.087555 0.344365 -0.526920
v -0.115185 0.310795 -0.481940
v -0.141750 0.320245 -0.473620
v -0.087510 0.303350 -0.488500
v -0.115135 0.279195 -0.437835
v -0.141705 0.290080 -0.431520
v -0.087460 0.270615 -0.442820
v -0.115080 0.256800 -0.388415
v -0.141650 0.268705 -0.384345
v -0.087400 0.247420 -0.391630
v -0.115020 0.244480 -0.335575
v -0.141595 0.256940 -0.333905
v -0.087340 0.234660 -0.336900
v -0.114960 0.242705 -0.281350
v -0.141535 0.255245 -0.282140
v -0.087275 0.232820 -0.280730
v -0.114900 0.251545 -0.227815
v -0.141480 0.263685 -0.231040
v -0.087215 0.241975 -0.225285
v -0.114840 0.270655 -0.177035
v -0.141425 0.281930 -0.182565
v -0.087155 0.261770 -0.172685
v -0.114790 0.299305 -0.130960
v -0.141375 0.309280 -0.138585
v -0.087100 0.291450 -0.124960
v -0.114745 0.336395 -0.091360
v -0.141330 0.344685 -0.100780
v -0.087055 0.329865 -0.083945
v -0.114710 0.380500 -0.059755
v -0.141300 0.386785 -0.070610
v -0.087020 0.375545 -0.051210
v -0.114685 0.429920 -0.037365
v -0.141275 0.433960 -0.049235
v -0.086995 0.426735 -0.028015
v -0.114670 0.482760 -0.025045
v -0.141260 0.484400 -0.037475
v -0.086980 0.481465 -0.015255
v -0.114670 0.536990 -0.023270
v -0.141260 0.536165 -0.035780
v -0.086975 0.537635 -0.013415
v -0.114680 0.590520 -0.032105
v -0.141270 0.587270 -0.044220
v -0.086985 0.593085 -0.022570
v -0.114700 0.641300 -0.051220
v -0.141290 0.635740 -0.062460
v -0.087010 0.645680 -0.042365
v -0.114730 0.687375 -0.079870
v -0.141320 0.679725 -0.089815
v -0.087045 0.693405 -0.072045
v -0.114775 0.726975 -0.116960
v -0.141360 0.717525 -0.125220
v -0.087085 0.734425 -0.110460
v -0.114825 0.758580 -0.161065
v -0.141405 0.747695 -0.167320
v -0.087135 0.767155 -0.156140
v -0.114880 0.780970 -0.210485
v -0.141460 0.769070 -0.214495
v -0.087195 0.790350 -0.207330
v -0.114940 0.793295 -0.263325
v -0.141515 0.780830 -0.264935
v -0.087255 0.803110 -0.262060
v -0.115000 0.795070 -0.317550
v -0.141575 0.782525 -0.316700
v -0.087320 0.804950 -0.318230
v -0.115060 0.786230 -0.371085
v -0.141630 0.774090 -0.367800
v -0.087380 0.795795 -0.373680
v -0.115115 0.767120 -0.421865
v -0.087440 0.776000 -0.426275
v -0.058925 0.782410 -0.429465
v -0.087495 0.746325 -0.474000
v -0.058980 0.751990 -0.478380
v -0.087540 0.707905 -0.515015
v -0.059025 0.712615 -0.520420
v -0.029950 0.715460 -0.523695
v -0.059065 0.665795 -0.553970
v -0.029990 0.667955 -0.557740
v -0.059090 0.613330 -0.577740
v -0.030015 0.614720 -0.581860
v -0.059105 0.557240 -0.590820
v -0.030030 0.557800 -0.595130
v -0.059110 0.499670 -0.592705
v -0.030030 0.499385 -0.597045
v -0.059100 0.442840 -0.583325
v -0.030020 0.441725 -0.587520
v -0.059075 0.388930 -0.563035
v -0.030000 0.387025 -0.566935
v -0.059040 0.340020 -0.532620
v -0.029965 0.337395 -0.536070
v -0.058995 0.297980 -0.493245
v -0.029920 0.294735 -0.496120
v -0.058945 0.264430 -0.446425
v -0.029865 0.260695 -0.448615
v -0.058885 0.240655 -0.393960
v -0.029805 0.236570 -0.395380
v -0.058825 0.227580 -0.337865
v -0.029740 0.223300 -0.338460
v -0.058760 0.225695 -0.280295
v -0.029675 0.221390 -0.280045
v -0.058695 0.235075 -0.223465
v -0.029610 0.230910 -0.222380
v -0.058635 0.255365 -0.169560
v -0.029550 0.251495 -0.167685
v -0.058580 0.285780 -0.120645
v -0.029495 0.282360 -0.118050
v -0.058530 0.325155 -0.078605
v -0.029445 0.322310 -0.075395
v -0.058495 0.371975 -0.045055
v -0.029410 0.369820 -0.041350
v -0.058470 0.424440 -0.021285
v -0.029380 0.423055 -0.017230
v -0.058455 0.480535 -0.008205
v -0.029365 0.479970 -0.003960
v -0.058450 0.538105 -0.006320
v -0.029365 0.538385 -0.002050
v -0.058460 0.594935 -0.015705
v -0.029375 0.596050 -0.011570
v -0.058485 0.648840 -0.035990
v -0.029400 0.650750 -0.032155
v -0.058520 0.697755 -0.066410
v -0.029435 0.700380 -0.063020
v -0.058565 0.739795 -0.105785
v -0.029480 0.743035 -0.102970
v -0.058615 0.773345 -0.152600
v -0.029530 0.777080 -0.150480
v -0.058675 0.797115 -0.205065
v -0.029590 0.801200 -0.203715
v -0.058735 0.810195 -0.261160
v -0.029655 0.814470 -0.260630
v -0.058800 0.812080 -0.318730
v -0.029720 0.816385 -0.319045
v -0.058865 0.802695 -0.375560
v -0.029785 0.806865 -0.376710
v -0.000420 0.808255 -0.377115
v -0.029845 0.786275 -0.431410
v -0.000485 0.787570 -0.432080
v -0.029900 0.755415 -0.481040
v -0.000540 0.756560 -0.481950
v 0.028825 0.755415 -0.481105
v -0.000585 0.716410 -0.524815
v 0.028780 0.715460 -0.523760
v -0.000625 0.668675 -0.559020
v -0.000655 0.615185 -0.583260
v 0.028740 0.667955 -0.557805
v 0.057825 0.665795 -0.554100
v 0.028715 0.614720 -0.581925
v 0.057800 0.613330 -0.577875
v 0.028700 0.557800 -0.595195
v -0.000670 0.557990 -0.596595
v 0.057785 0.557240 -0.590950
v 0.028695 0.499385 -0.597110
v -0.000670 0.499295 -0.598515
v 0.057780 0.499670 -0.592835
v 0.028705 0.441725 -0.587590
v -0.000660 0.441350 -0.588950
v 0.057790 0.442840 -0.583455
v 0.028730 0.387025 -0.567000
v -0.000635 0.386385 -0.568260
v 0.057815 0.388930 -0.563165
v 0.028765 0.337395 -0.536140
v -0.000600 0.336515 -0.537250
v 0.057850 0.340020 -0.532750
v 0.028810 0.294735 -0.496185
v -0.000555 0.293650 -0.497105
v 0.057895 0.297980 -0.493375
v 0.028860 0.260695 -0.448680
v -0.000505 0.259445 -0.449370
v 0.057945 0.264430 -0.446555
v 0.028920 0.236570 -0.395445
v -0.000445 0.235205 -0.395875
v 0.058005 0.240655 -0.394090
v 0.028985 0.223300 -0.338525
v -0.000380 0.221870 -0.338680
v 0.058065 0.227580 -0.337995
v 0.029050 0.221390 -0.280110
v -0.000315 0.219950 -0.279985
v 0.058130 0.225695 -0.280425
v 0.029115 0.230910 -0.222450
v -0.000250 0.229515 -0.222040
v 0.058195 0.235075 -0.223595
v 0.029175 0.251495 -0.167750
v -0.000185 0.250205 -0.167080
v 0.058255 0.255365 -0.169690
v 0.029230 0.282360 -0.118120
v -0.000130 0.281215 -0.117205
v 0.058310 0.285780 -0.120775
v 0.029280 0.322310 -0.075460
v -0.000080 0.321360 -0.074345
v 0.058360 0.325155 -0.078735
v 0.029320 0.369820 -0.041420
v -0.000045 0.369095 -0.040135
v 0.058395 0.371975 -0.045185
v 0.029345 0.423055 -0.017300
v -0.000015 0.422590 -0.015900
v 0.058420 0.424440 -0.021415
v 0.029360 0.479970 -0.004025
v -0.000000 0.479785 -0.002565
v 0.058435 0.480535 -0.008335
v 0.029360 0.538385 -0.002115
v -0.000000 0.538480 -0.000640
v 0.058440 0.538105 -0.006450
v 0.029350 0.596050 -0.011635
v -0.000010 0.596425 -0.010210
v 0.058430 0.594935 -0.015835
v 0.029330 0.650750 -0.032220
v -0.000035 0.651385 -0.030895
v 0.058405 0.648840 -0.036125
v 0.029295 0.700380 -0.063085
v -0.000070 0.701260 -0.061905
v 0.058370 0.697755 -0.066540
v 0.029250 0.743035 -0.103035
v -0.000115 0.744120 -0.102055
v 0.058325 0.739795 -0.105915
v 0.029195 0.777080 -0.150545
v -0.000165 0.778330 -0.149790
v 0.058275 0.773345 -0.152735
v 0.029135 0.801200 -0.203780
v -0.000225 0.802565 -0.203280
v 0.058215 0.797115 -0.205200
v 0.029075 0.814470 -0.260695
v -0.000290 0.815900 -0.260475
v 0.058155 0.810195 -0.261290
v 0.029005 0.816385 -0.319110
v -0.000355 0.817825 -0.319170
v 0.058090 0.812080 -0.318860
v 0.028945 0.806865 -0.376775
v 0.058025 0.802695 -0.375690
v 0.028880 0.786275 -0.431475
v 0.057965 0.782410 -0.429600
v 0.086485 0.776000 -0.426470
v 0.057910 0.751990 -0.478510
v 0.086435 0.746325 -0.474195
v 0.057865 0.712615 -0.520550
v 0.086385 0.707905 -0.515210
v 0.114075 0.701375 -0.507795
v 0.086350 0.662225 -0.547945
v 0.114040 0.657275 -0.539400
v 0.086325 0.611035 -0.571140
v 0.114015 0.607850 -0.561795
v 0.086310 0.556305 -0.583900
v 0.114000 0.555015 -0.574115
v 0.086310 0.500135 -0.585740
v 0.114000 0.500785 -0.575890
v 0.086320 0.444690 -0.576585
v 0.114010 0.447250 -0.567050
v 0.086340 0.392090 -0.556790
v 0.114030 0.396470 -0.547940
v 0.086375 0.344365 -0.527115
v 0.114065 0.350395 -0.519285
v 0.086415 0.303350 -0.488695
v 0.114105 0.310795 -0.482195
v 0.086470 0.270615 -0.443015
v 0.114155 0.279195 -0.438095
v 0.086525 0.247420 -0.391825
v 0.114210 0.256800 -0.388675
v 0.086585 0.234660 -0.337095
v 0.114270 0.244480 -0.335835
v 0.086650 0.232820 -0.280925
v 0.114330 0.242705 -0.281605
v 0.086710 0.241975 -0.225480
v 0.114390 0.251545 -0.228070
v 0.086770 0.261770 -0.172880
v 0.114445 0.270655 -0.177295
v 0.086825 0.291450 -0.125155
v 0.114500 0.299305 -0.131215
v 0.086870 0.329865 -0.084140
v 0.114540 0.336395 -0.091615
v 0.086905 0.375545 -0.051405
v 0.114580 0.380500 -0.060015
v 0.086930 0.426735 -0.028210
v 0.114605 0.429920 -0.037620
v 0.086945 0.481465 -0.015450
v 0.114615 0.482760 -0.025300
v 0.086950 0.537635 -0.013610
v 0.114620 0.536990 -0.023525
v 0.086940 0.593085 -0.022765
v 0.114610 0.590520 -0.032365
v 0.086915 0.645680 -0.042560
v 0.114585 0.641300 -0.051475
v 0.086885 0.693405 -0.072240
v 0.114555 0.687375 -0.080125
v 0.086840 0.734425 -0.110655
v 0.114515 0.726975 -0.117215
v 0.086790 0.767155 -0.156335
v 0.114465 0.758580 -0.161320
v 0.086730 0.790350 -0.207525
v 0.114410 0.780970 -0.210740
v 0.086670 0.803110 -0.262255
v 0.114350 0.793295 -0.263580
v 0.086605 0.804950 -0.318425
v 0.114290 0.795070 -0.317810
v 0.086545 0.795795 -0.373875
v 0.114230 0.786230 -0.371340
v 0.140810 0.774090 -0.368120
v 0.114170 0.767120 -0.422120
v 0.140755 0.755845 -0.416590
v 0.114120 0.738465 -0.468195
v 0.140705 0.728495 -0.460575
v 0.165930 0.716505 -0.451400
v 0.140665 0.693090 -0.498375
v 0.165890 0.683125 -0.487040
v 0.140630 0.650990 -0.528545
v 0.165860 0.643430 -0.515485
v 0.140605 0.603810 -0.549920
v 0.165840 0.598955 -0.535635
v 0.140590 0.553370 -0.561680
v 0.165825 0.551400 -0.546725
v 0.140590 0.501605 -0.563375
v 0.165825 0.502595 -0.548320
v 0.140600 0.450505 -0.554940
v 0.165830 0.454415 -0.540370
v 0.140620 0.402030 -0.536695
v 0.165850 0.408715 -0.523165
v 0.140650 0.358050 -0.509345
v 0.165880 0.367250 -0.497380
v 0.140690 0.320245 -0.473940
v 0.165920 0.331610 -0.464000
v 0.140735 0.290080 -0.431840
v 0.165965 0.303170 -0.424310
v 0.140790 0.268705 -0.384660
v 0.166010 0.283015 -0.379830
v 0.140845 0.256940 -0.334220
v 0.166065 0.271925 -0.332280
v 0.140905 0.255245 -0.282455
v 0.166120 0.270330 -0.283475
v 0.140960 0.263685 -0.231355
v 0.166175 0.278285 -0.235295
v 0.141015 0.281930 -0.182880
v 0.166225 0.295485 -0.189595
v 0.141065 0.309280 -0.138900
v 0.166270 0.321270 -0.148130
v 0.141110 0.344685 -0.101095
v 0.166310 0.354650 -0.112490
v 0.141140 0.386785 -0.070930
v 0.166345 0.394340 -0.084045
v 0.141165 0.433960 -0.049555
v 0.166365 0.438820 -0.063895
v 0.141180 0.484400 -0.037790
v 0.166380 0.486375 -0.052805
v 0.141180 0.536165 -0.036100
v 0.166380 0.535180 -0.051210
v 0.141170 0.587265 -0.044535
v 0.166370 0.583355 -0.059160
v 0.141150 0.635740 -0.062780
v 0.166350 0.629055 -0.076365
v 0.141120 0.679725 -0.090130
v 0.166325 0.670525 -0.102150
v 0.141080 0.717525 -0.125535
v 0.166285 0.706160 -0.135530
v 0.141035 0.747695 -0.167635
v 0.166240 0.734605 -0.175220
v 0.140980 0.769070 -0.214810
v 0.166190 0.754760 -0.219700
v 0.140925 0.780830 -0.265250
v 0.166140 0.765845 -0.267250
v 0.140865 0.782525 -0.317015
v 0.166085 0.767445 -0.316055
v 0.189700 0.749970 -0.314935
v 0.166030 0.759490 -0.364235
v 0.189650 0.742575 -0.359730
v 0.165980 0.742290 -0.409935
v 0.189600 0.726580 -0.402215
v 0.211395 0.708875 -0.393510
v 0.189560 0.702610 -0.440765
v 0.211355 0.686945 -0.428770
v 0.189520 0.671575 -0.473900
v 0.211320 0.658560 -0.459080
v 0.189490 0.634675 -0.500345
v 0.211295 0.624805 -0.483270
v 0.189470 0.593325 -0.519080
v 0.211275 0.586980 -0.500410
v 0.189460 0.549115 -0.529385
v 0.211265 0.546535 -0.509835
v 0.189455 0.503740 -0.530875
v 0.211260 0.505030 -0.511195
v 0.189465 0.458950 -0.523480
v 0.211270 0.464060 -0.504430
v 0.189485 0.416460 -0.507485
v 0.211285 0.425195 -0.489805
v 0.189510 0.377910 -0.483515
v 0.211310 0.389930 -0.467875
v 0.189545 0.344775 -0.452480
v 0.211345 0.359620 -0.439490
v 0.189585 0.318335 -0.415580
v 0.211380 0.335435 -0.405735
v 0.189630 0.299600 -0.374230
v 0.211425 0.318295 -0.367910
v 0.189680 0.289290 -0.330020
v 0.211470 0.308865 -0.327465
v 0.189735 0.287805 -0.284645
v 0.211515 0.307505 -0.285960
v 0.189785 0.295200 -0.239855
v 0.211560 0.314270 -0.244990
v 0.189830 0.311190 -0.197365
v 0.211605 0.328900 -0.206125
v 0.189875 0.335165 -0.158815
v 0.211645 0.350825 -0.170860
v 0.189910 0.366195 -0.125680
v 0.211680 0.379215 -0.140550
v 0.189940 0.403100 -0.099240
v 0.211705 0.412970 -0.116360
v 0.189960 0.444450 -0.080505
v 0.211725 0.450795 -0.099225
v 0.189975 0.488660 -0.070195
v 0.211735 0.491235 -0.089795
v 0.189975 0.534030 -0.068710
v 0.211735 0.532740 -0.088435
v 0.189965 0.578825 -0.076105
v 0.211730 0.573715 -0.095200
v 0.189950 0.621310 -0.092095
v 0.211710 0.612580 -0.109830
v 0.189920 0.659860 -0.116070
v 0.211690 0.647845 -0.131755
v 0.189885 0.692995 -0.147100
v 0.211655 0.678150 -0.160145
v 0.189845 0.719440 -0.184005
v 0.211620 0.702340 -0.193900
v 0.189800 0.738175 -0.225355
v 0.211575 0.719480 -0.231725
v 0.189750 0.748480 -0.269565
v 0.211530 0.728910 -0.272165
v 0.231270 0.707310 -0.275030
v 0.211485 0.730265 -0.313670
v 0.231230 0.708530 -0.312270
v 0.211440 0.723500 -0.354640
v 0.231185 0.702460 -0.349025
v 0.248705 0.679650 -0.342935
v 0.231150 0.689340 -0.383895
v 0.248675 0.668160 -0.373470
v 0.231115 0.669665 -0.415535
v 0.248640 0.650930 -0.401180
v 0.231080 0.644195 -0.442725
v 0.248615 0.628625 -0.424990
v 0.231060 0.613910 -0.464425
v 0.248595 0.602105 -0.443995
v 0.231040 0.579975 -0.479800
v 0.248580 0.572385 -0.457460
v 0.231030 0.543695 -0.488260
v 0.248570 0.540610 -0.464870
v 0.231030 0.506455 -0.489480
v 0.248570 0.508000 -0.465940
v 0.231035 0.469695 -0.483410
v 0.248575 0.475810 -0.460625
v 0.231050 0.434830 -0.470290
v 0.248590 0.445275 -0.449130
v 0.231075 0.403190 -0.450615
v 0.248610 0.417565 -0.431900
v 0.231100 0.376000 -0.425145
v 0.248635 0.393750 -0.409595
v 0.231135 0.354300 -0.394865
v 0.248660 0.374750 -0.383075
v 0.231175 0.338920 -0.360930
v 0.248695 0.361280 -0.353355
v 0.231215 0.330460 -0.324645
v 0.248730 0.353875 -0.321580
v 0.231255 0.329245 -0.287410
v 0.248770 0.352805 -0.288970
v 0.231300 0.335310 -0.250650
v 0.248805 0.358120 -0.256780
v 0.231335 0.348435 -0.215780
v 0.248840 0.369615 -0.226245
v 0.231370 0.368110 -0.184145
v 0.248870 0.386845 -0.198535
v 0.231405 0.393575 -0.156950
v 0.248895 0.409145 -0.174725
v 0.231425 0.423860 -0.135250
v 0.248915 0.435670 -0.155720
v 0.231445 0.457795 -0.119875
v 0.248930 0.465385 -0.142255
v 0.231455 0.494080 -0.111415
v 0.248940 0.497160 -0.134845
v 0.231455 0.531315 -0.110195
v 0.248940 0.529770 -0.133775
v 0.231450 0.568075 -0.116265
v 0.248935 0.561965 -0.139090
v 0.231435 0.602945 -0.129385
v 0.248925 0.592500 -0.150585
v 0.231410 0.634580 -0.149060
v 0.248905 0.620205 -0.167815
v 0.231385 0.661775 -0.174530
v 0.248880 0.644020 -0.190120
v 0.231350 0.683475 -0.204815
v 0.248850 0.663025 -0.216640
v 0.231310 0.698850 -0.238750
v 0.248815 0.676490 -0.246360
v 0.263920 0.652610 -0.254480
v 0.248780 0.683900 -0.278135
v 0.263890 0.658900 -0.281440
v 0.248745 0.684965 -0.310745
v 0.263860 0.659805 -0.309110
v 0.276430 0.633285 -0.307385
v 0.263830 0.655295 -0.336425
v 0.276405 0.629625 -0.329560
v 0.263800 0.645545 -0.362335
v 0.276385 0.621705 -0.350595
v 0.263775 0.630925 -0.385845
v 0.276360 0.609840 -0.369680
v 0.263750 0.612000 -0.406050
v 0.276345 0.594475 -0.386080
v 0.263735 0.589495 -0.422175
v 0.276330 0.576210 -0.399175
v 0.263720 0.564280 -0.433600
v 0.276320 0.555735 -0.408450
v 0.263715 0.537320 -0.439885
v 0.276310 0.533850 -0.413550
v 0.263710 0.509650 -0.440790
v 0.276310 0.511390 -0.414285
v 0.263715 0.482335 -0.436285
v 0.276315 0.489215 -0.410625
v 0.263730 0.456425 -0.426530
v 0.276325 0.468180 -0.402710
v 0.263745 0.432915 -0.411910
v 0.276340 0.449095 -0.390840
v 0.263765 0.412710 -0.392990
v 0.276355 0.432695 -0.375480
v 0.263790 0.396585 -0.370485
v 0.276375 0.419600 -0.357210
v 0.263820 0.385160 -0.345270
v 0.276400 0.410325 -0.336740
v 0.263850 0.378875 -0.318305
v 0.276425 0.405225 -0.314855
v 0.263880 0.377970 -0.290640
v 0.276450 0.404490 -0.292390
v 0.263910 0.382480 -0.263325
v 0.276475 0.408150 -0.270215
v 0.263940 0.392230 -0.237415
v 0.276495 0.416065 -0.249185
v 0.263965 0.406850 -0.213905
v 0.276520 0.427935 -0.230100
v 0.263990 0.425775 -0.193700
v 0.276535 0.443295 -0.213695
v 0.264005 0.448275 -0.177575
v 0.276550 0.461565 -0.200605
v 0.264020 0.473490 -0.166150
v 0.276560 0.482035 -0.191330
v 0.264025 0.500455 -0.159860
v 0.276565 0.503920 -0.186225
v 0.264030 0.528125 -0.158955
v 0.276570 0.526385 -0.185490
v 0.264025 0.555435 -0.163465
v 0.276565 0.548560 -0.189150
v 0.264010 0.581345 -0.173220
v 0.276555 0.569590 -0.197070
v 0.263995 0.604855 -0.187835
v 0.276540 0.588675 -0.208935
v 0.263975 0.625060 -0.206760
v 0.276525 0.605080 -0.224300
v 0.263950 0.641185 -0.229265
v 0.276505 0.618170 -0.242565
v 0.286395 0.594200 -0.256420
v 0.276480 0.627445 -0.263040
v 0.286375 0.601235 -0.271945
v 0.276455 0.632550 -0.284925
v 0.286355 0.605105 -0.288550
v 0.293495 0.576830 -0.292280
v 0.286340 0.605665 -0.305585
v 0.293485 0.577205 -0.303730
v 0.286320 0.602885 -0.322405
v 0.293470 0.575340 -0.315035
v 0.286300 0.596880 -0.338360
v 0.293460 0.571305 -0.325755
v 0.286285 0.587880 -0.352840
v 0.293445 0.565255 -0.335485
v 0.286270 0.576225 -0.365280
v 0.293440 0.557420 -0.343850
v 0.286260 0.562370 -0.375210
v 0.286250 0.546840 -0.382245
v 0.293430 0.548110 -0.350520
v 0.297775 0.533570 -0.325340
v 0.293425 0.537675 -0.355250
v 0.297770 0.528325 -0.327720
v 0.293420 0.526515 -0.357855
v 0.286245 0.530235 -0.386120
v 0.297770 0.522720 -0.329025
v 0.293420 0.515065 -0.358225
v 0.286245 0.513200 -0.386675
v 0.297770 0.516965 -0.329215
v 0.293425 0.503760 -0.356360
v 0.286250 0.496380 -0.383900
v 0.297770 0.511285 -0.328275
v 0.293430 0.493035 -0.352325
v 0.286255 0.480425 -0.377895
v 0.297770 0.505900 -0.326250
v 0.293435 0.483305 -0.346275
v 0.286265 0.465945 -0.368890
v 0.297775 0.501010 -0.323210
v 0.293445 0.474945 -0.338445
v 0.286280 0.453505 -0.357240
v 0.297780 0.496810 -0.319275
v 0.293455 0.468270 -0.329130
v 0.286295 0.443575 -0.343380
v 0.297785 0.493455 -0.314595
v 0.293465 0.463545 -0.318695
v 0.286315 0.436540 -0.327855
v 0.297790 0.491080 -0.309350
v 0.293480 0.460940 -0.307535
v 0.286330 0.432665 -0.311250
v 0.297795 0.489775 -0.303745
v 0.293490 0.460565 -0.296085
v 0.286350 0.432110 -0.294210
v 0.297805 0.489585 -0.297990
v 0.293505 0.462435 -0.284780
v 0.286370 0.434885 -0.277390
v 0.297810 0.490525 -0.292315
v 0.293515 0.466470 -0.274060
v 0.286385 0.440890 -0.261435
v 0.297815 0.492550 -0.286925
v 0.293525 0.472520 -0.264330
v 0.286405 0.449895 -0.246960
v 0.297820 0.495590 -0.282035
v 0.293535 0.480350 -0.255965
v 0.286415 0.461545 -0.234515
v 0.297825 0.499525 -0.277835
v 0.293545 0.489665 -0.249295
v 0.286430 0.475405 -0.224590
v 0.297830 0.504205 -0.274485
v 0.293550 0.500100 -0.244565
v 0.286435 0.490935 -0.217550
v 0.297830 0.509445 -0.272105
v 0.293550 0.511260 -0.241965
v 0.286440 0.507535 -0.213680
v 0.297835 0.515055 -0.270800
v 0.293555 0.522710 -0.241590
v 0.286440 0.524575 -0.213125
v 0.297835 0.520805 -0.270610
v 0.293550 0.534015 -0.243455
v 0.286440 0.541395 -0.215900
v 0.297835 0.526485 -0.271550
v 0.293545 0.544735 -0.247490
v 0.286430 0.557350 -0.221905
v 0.297830 0.531875 -0.273575
v 0.293540 0.554465 -0.253540
v 0.286420 0.571825 -0.230905
v 0.297825 0.536760 -0.276615
v 0.293530 0.562825 -0.261370
v 0.286410 0.584270 -0.242560
v 0.297825 0.540965 -0.280550
v 0.293520 0.569500 -0.270685
v 0.297820 0.544315 -0.285230
v 0.293510 0.574230 -0.281120
v 0.297810 0.546690 -0.290475
v 0.297805 0.548000 -0.296080
v 0.299245 0.518885 -0.299915
v 0.297775 0.538245 -0.321990
v 0.297780 0.542180 -0.317790
v 0.297785 0.545220 -0.312900
v 0.297795 0.547250 -0.307510
v 0.297800 0.548185 -0.301835
v -0.264635 0.630925 -0.385250
v -0.249565 0.628625 -0.424435
v -0.264660 0.612000 -0.405455
v -0.277205 0.594475 -0.385460
v -0.264675 0.589495 -0.421585
v -0.277220 0.576210 -0.398550
v -0.264690 0.564280 -0.433010
v -0.277230 0.555735 -0.407830
v -0.264695 0.537320 -0.439295
v -0.277235 0.533850 -0.412930
v -0.264695 0.509650 -0.440200
v -0.277235 0.511390 -0.413665
v -0.264690 0.482335 -0.435690
v -0.277235 0.489215 -0.410005
v -0.264680 0.456425 -0.425940
v -0.277225 0.468180 -0.402090
v -0.264665 0.432915 -0.411320
v -0.277210 0.449095 -0.390220
v -0.264645 0.412710 -0.392395
v -0.277195 0.432695 -0.374860
v -0.264620 0.396585 -0.369890
v -0.277175 0.419600 -0.356590
v -0.264590 0.385160 -0.344675
v -0.277150 0.410325 -0.336120
v -0.264560 0.378875 -0.317715
v -0.277125 0.405225 -0.314230
v -0.264530 0.377970 -0.290045
v -0.277100 0.404490 -0.291770
v -0.264500 0.382480 -0.262730
v -0.277075 0.408150 -0.269595
v -0.264470 0.392230 -0.236820
v -0.277050 0.416065 -0.248565
v -0.264445 0.406850 -0.213315
v -0.277030 0.427935 -0.229480
v -0.264420 0.425775 -0.193105
v -0.277015 0.443295 -0.213075
v -0.264400 0.448275 -0.176980
v -0.277000 0.461565 -0.199985
v -0.264390 0.473490 -0.165555
v -0.276985 0.482035 -0.190710
v -0.264380 0.500455 -0.159270
v -0.276980 0.503920 -0.185605
v -0.264380 0.528125 -0.158365
v -0.276980 0.526385 -0.184870
v -0.264385 0.555435 -0.162875
v -0.276985 0.548560 -0.188530
v -0.264395 0.581345 -0.172625
v -0.276995 0.569590 -0.196445
v -0.264415 0.604855 -0.187245
v -0.277005 0.588675 -0.208315
v -0.264435 0.625060 -0.206170
v -0.277025 0.605080 -0.223680
v -0.264460 0.641185 -0.228670
v -0.277045 0.618170 -0.241945
v -0.264490 0.652610 -0.253890
v -0.277070 0.627445 -0.262415
v -0.264520 0.658900 -0.280850
v -0.277090 0.632550 -0.284305
v -0.264550 0.659805 -0.308520
v -0.277120 0.633285 -0.306765
v -0.264580 0.655295 -0.335835
v -0.277140 0.629625 -0.328940
v -0.264610 0.645545 -0.361740
v -0.277165 0.621705 -0.349975
v -0.287055 0.596880 -0.337720
v -0.277185 0.609840 -0.369060
v -0.287075 0.587880 -0.352195
v -0.294195 0.565255 -0.334830
v -0.287085 0.576225 -0.364640
v -0.294205 0.557420 -0.343190
v -0.287100 0.562370 -0.374570
v -0.294215 0.548110 -0.349865
v -0.287105 0.546840 -0.381605
v -0.294220 0.537675 -0.354590
v -0.287110 0.530235 -0.385475
v -0.294220 0.526515 -0.357195
v -0.287110 0.513200 -0.386035
v -0.294220 0.515065 -0.357570
v -0.287110 0.496380 -0.383255
v -0.294220 0.503760 -0.355700
v -0.287100 0.480425 -0.377250
v -0.294215 0.493035 -0.351665
v -0.287090 0.465945 -0.368250
v -0.294210 0.483305 -0.345615
v -0.287080 0.453505 -0.356595
v -0.294200 0.474945 -0.337785
v -0.287060 0.443575 -0.342740
v -0.294190 0.468270 -0.328470
v -0.287045 0.436540 -0.327210
v -0.294180 0.463545 -0.318035
v -0.287025 0.432665 -0.310610
v -0.294165 0.460940 -0.306880
v -0.287005 0.432110 -0.293570
v -0.294155 0.460565 -0.295425
v -0.286990 0.434885 -0.276750
v -0.294140 0.462435 -0.284120
v -0.286970 0.440890 -0.260795
v -0.294130 0.466470 -0.273400
v -0.286955 0.449895 -0.246315
v -0.294115 0.472520 -0.263670
v -0.286940 0.461545 -0.233875
v -0.294110 0.480350 -0.255310
v -0.286930 0.475405 -0.223945
v -0.294100 0.489665 -0.248635
v -0.286920 0.490935 -0.216910
v -0.294095 0.500100 -0.243905
v -0.286915 0.507535 -0.213040
v -0.294090 0.511260 -0.241305
v -0.286915 0.524575 -0.212480
v -0.294090 0.522710 -0.240930
v -0.286920 0.541395 -0.215255
v -0.294095 0.534015 -0.242795
v -0.286925 0.557350 -0.221260
v -0.294100 0.544735 -0.246830
v -0.286935 0.571825 -0.230265
v -0.294105 0.554465 -0.252880
v -0.286950 0.584270 -0.241920
v -0.294115 0.562825 -0.260715
v -0.286965 0.594200 -0.255775
v -0.294125 0.569500 -0.270025
v -0.286980 0.601235 -0.271305
v -0.294135 0.574230 -0.280465
v -0.287000 0.605105 -0.287905
v -0.294150 0.576830 -0.291620
v -0.287020 0.605665 -0.304945
v -0.294160 0.577205 -0.303070
v -0.287040 0.602885 -0.321765
v -0.294175 0.575340 -0.314375
v -0.298480 0.547250 -0.306845
v -0.294185 0.571305 -0.325100
v -0.298485 0.545220 -0.312230
v -0.298490 0.542180 -0.317120
v -0.299915 0.518885 -0.299245
v -0.298445 0.499525 -0.277165
v -0.298500 0.533570 -0.324675
v -0.298495 0.538245 -0.321320
v -0.298475 0.548185 -0.301165
v -0.298465 0.548000 -0.295410
v -0.298460 0.546690 -0.289805
v -0.298455 0.544315 -0.284560
v -0.298450 0.540965 -0.279885
v -0.298445 0.536760 -0.275950
v -0.298440 0.531875 -0.272910
v -0.298440 0.526485 -0.270880
v -0.298440 0.520805 -0.269945
v -0.298440 0.515055 -0.270130
v -0.298440 0.509445 -0.271440
v -0.298440 0.504205 -0.273815
v -0.298450 0.495590 -0.281370
v -0.298455 0.492550 -0.286255
v -0.298460 0.490525 -0.291645
v -0.298470 0.489585 -0.297325
v -0.298475 0.489775 -0.303075
v -0.298480 0.491080 -0.308685
v -0.298485 0.493455 -0.313925
v -0.298490 0.496810 -0.318605
v -0.298495 0.501010 -0.322540
v -0.298500 0.505900 -0.325580
v -0.298500 0.511285 -0.327610
v -0.298505 0.516965 -0.328545
v -0.298505 0.522720 -0.328355
v -0.298500 0.528325 -0.327050
v -0.232430 -0.095025 -0.763485
v -0.232450 -0.061090 -0.778860
v -0.249920 -0.083215 -0.743015
v -0.212710 -0.105915 -0.782375
v -0.232410 -0.125310 -0.741785
v -0.249900 -0.109740 -0.724010
v -0.212685 -0.139670 -0.758185
v -0.232375 -0.150775 -0.714595
v -0.249875 -0.132040 -0.700200
v -0.212650 -0.168060 -0.727875
v -0.232340 -0.170450 -0.682955
v -0.249845 -0.149270 -0.672490
v -0.212610 -0.189985 -0.692610
v -0.232305 -0.183575 -0.648085
v -0.249810 -0.160765 -0.641955
v -0.212565 -0.204615 -0.653745
v -0.232260 -0.189640 -0.611325
v -0.249775 -0.166080 -0.609765
v -0.212520 -0.211380 -0.612775
v -0.232220 -0.188425 -0.574090
v -0.249735 -0.165010 -0.577155
v -0.212475 -0.210020 -0.571270
v -0.232180 -0.179965 -0.537810
v -0.249700 -0.157605 -0.545380
v -0.212430 -0.200590 -0.530830
v -0.232140 -0.164590 -0.503870
v -0.249670 -0.144135 -0.515660
v -0.212385 -0.183455 -0.493005
v -0.232105 -0.142885 -0.473590
v -0.249640 -0.125135 -0.489140
v -0.212350 -0.159265 -0.459250
v -0.232080 -0.115695 -0.448120
v -0.249615 -0.101320 -0.466835
v -0.212315 -0.128955 -0.430860
v -0.232055 -0.084055 -0.428445
v -0.249595 -0.073610 -0.449605
v -0.212290 -0.093690 -0.408930
v -0.232040 -0.049190 -0.415325
v -0.249580 -0.043075 -0.438110
v -0.212275 -0.054825 -0.394305
v -0.232035 -0.012430 -0.409255
v -0.249575 -0.010885 -0.432795
v -0.212270 -0.013855 -0.387540
v -0.232035 0.024810 -0.410475
v -0.249575 0.021725 -0.433865
v -0.212270 0.027650 -0.388900
v -0.232045 0.061090 -0.418935
v -0.249585 0.053500 -0.441275
v -0.212280 0.068095 -0.398330
v -0.232065 0.095025 -0.434310
v -0.249600 0.083220 -0.454740
v -0.212300 0.105920 -0.415465
v -0.232090 0.125310 -0.456010
v -0.249620 0.109740 -0.473745
v -0.212325 0.139675 -0.439655
v -0.232120 0.150780 -0.483200
v -0.249645 0.132045 -0.497560
v -0.212360 0.168060 -0.469965
v -0.232155 0.170450 -0.514840
v -0.249680 0.149275 -0.525265
v -0.212400 0.189990 -0.505230
v -0.232195 0.183575 -0.549710
v -0.249715 0.160765 -0.555800
v -0.212445 0.204615 -0.544095
v -0.232235 0.189645 -0.586470
v -0.249750 0.166080 -0.587990
v -0.212490 0.211380 -0.585065
v -0.232275 0.188425 -0.623705
v -0.249785 0.165015 -0.620600
v -0.212535 0.210025 -0.626570
v -0.232315 0.179965 -0.659985
v -0.249820 0.157605 -0.652375
v -0.212580 0.200595 -0.667010
v -0.232355 0.164590 -0.693925
v -0.249855 0.144140 -0.682095
v -0.212625 0.183455 -0.704835
v -0.232390 0.142890 -0.724205
v -0.249885 0.125135 -0.708615
v -0.212660 0.159265 -0.738590
v -0.232415 0.115695 -0.749675
v -0.249910 0.101320 -0.730920
v -0.212695 0.128955 -0.766980
v -0.232440 0.084060 -0.769350
v -0.249930 0.073615 -0.748150
v -0.212715 0.093695 -0.788910
v -0.232455 0.049190 -0.782470
v -0.249940 0.043080 -0.759645
v -0.212735 0.054830 -0.803535
v -0.232460 0.012430 -0.788540
v -0.249945 0.010885 -0.764960
v -0.212740 0.013855 -0.810300
v -0.232460 -0.024805 -0.787320
v -0.249945 -0.021725 -0.763890
v -0.212740 -0.027650 -0.808940
v -0.190980 -0.030225 -0.828540
v -0.212730 -0.068090 -0.799510
v -0.190965 -0.074435 -0.818230
v -0.167370 -0.080065 -0.834840
v -0.190945 -0.115790 -0.799495
v -0.167350 -0.124545 -0.814690
v -0.190915 -0.152690 -0.773055
v -0.167315 -0.164235 -0.786245
v -0.190880 -0.183720 -0.739920
v -0.167275 -0.197615 -0.750605
v -0.190835 -0.207695 -0.701370
v -0.167230 -0.223400 -0.709140
v -0.190790 -0.223685 -0.658880
v -0.167180 -0.240600 -0.663440
v -0.190740 -0.231080 -0.614090
v -0.167125 -0.248555 -0.615260
v -0.190685 -0.229595 -0.568715
v -0.167070 -0.246960 -0.566460
v -0.190640 -0.219285 -0.524505
v -0.167020 -0.235870 -0.518905
v -0.190590 -0.200550 -0.483155
v -0.166970 -0.215720 -0.474425
v -0.190550 -0.174110 -0.446255
v -0.166925 -0.187275 -0.434735
v -0.190515 -0.140975 -0.415220
v -0.166885 -0.151635 -0.401355
v -0.190490 -0.102425 -0.391250
v -0.166855 -0.110170 -0.375570
v -0.190470 -0.059935 -0.375260
v -0.166840 -0.064470 -0.358370
v -0.190460 -0.015145 -0.367865
v -0.166830 -0.016290 -0.350415
v -0.190465 0.030230 -0.369350
v -0.166830 0.032515 -0.352010
v -0.190475 0.074440 -0.379655
v -0.166845 0.080070 -0.363100
v -0.190495 0.115790 -0.398390
v -0.166865 0.124545 -0.383250
v -0.190525 0.152690 -0.424835
v -0.166900 0.164240 -0.411695
v -0.190565 0.183725 -0.457970
v -0.166935 0.197620 -0.447335
v -0.190605 0.207695 -0.496520
v -0.166985 0.223405 -0.488800
v -0.190655 0.223690 -0.539005
v -0.167035 0.240605 -0.534500
v -0.190705 0.231085 -0.583800
v -0.167090 0.248560 -0.582680
v -0.190755 0.229595 -0.629170
v -0.167145 0.246960 -0.631485
v -0.190805 0.219290 -0.673380
v -0.167195 0.235870 -0.679040
v -0.190850 0.200555 -0.714735
v -0.167245 0.215720 -0.723515
v -0.190890 0.174110 -0.751635
v -0.167290 0.187275 -0.763205
v -0.190925 0.140975 -0.782665
v -0.167330 0.151640 -0.796585
v -0.190955 0.102425 -0.806640
v -0.167360 0.110170 -0.822375
v -0.190970 0.059940 -0.822630
v -0.167375 0.064470 -0.839575
v -0.190980 0.015145 -0.830025
v -0.167385 0.016290 -0.847530
v -0.142185 0.017280 -0.862640
v -0.167385 -0.032510 -0.845930
v -0.142185 -0.034485 -0.860945
v -0.115620 -0.036125 -0.873435
v -0.142170 -0.084925 -0.849180
v -0.115610 -0.088965 -0.861115
v -0.142145 -0.132100 -0.827805
v -0.142115 -0.174200 -0.797640
v -0.115585 -0.138385 -0.838720
v -0.087910 -0.143340 -0.847330
v -0.115545 -0.182490 -0.807120
v -0.087875 -0.189020 -0.814595
v -0.115505 -0.219580 -0.767520
v -0.142070 -0.209605 -0.759835
v -0.087830 -0.227435 -0.773580
v -0.115450 -0.248230 -0.721445
v -0.142020 -0.236955 -0.715855
v -0.087775 -0.257115 -0.725855
v -0.115395 -0.267345 -0.670665
v -0.141970 -0.255200 -0.667380
v -0.087715 -0.276910 -0.673255
v -0.115335 -0.276180 -0.617130
v -0.141910 -0.263640 -0.616280
v -0.087655 -0.286065 -0.617810
v -0.115275 -0.274405 -0.562900
v -0.141850 -0.261945 -0.564515
v -0.087590 -0.284225 -0.561640
v -0.115215 -0.262085 -0.510060
v -0.141795 -0.250180 -0.514075
v -0.087530 -0.271465 -0.506910
v -0.115160 -0.239695 -0.460640
v -0.141745 -0.228805 -0.466895
v -0.087475 -0.248270 -0.455720
v -0.115110 -0.208090 -0.416540
v -0.141695 -0.198640 -0.424795
v -0.087420 -0.215535 -0.410040
v -0.115070 -0.168490 -0.379450
v -0.141655 -0.160835 -0.389390
v -0.087380 -0.174520 -0.371620
v -0.115035 -0.122415 -0.350795
v -0.141625 -0.116855 -0.362040
v -0.087345 -0.126795 -0.341945
v -0.115015 -0.071635 -0.331685
v -0.141605 -0.068380 -0.343795
v -0.087325 -0.074195 -0.322150
v -0.115005 -0.018100 -0.322845
v -0.141595 -0.017280 -0.335360
v -0.087315 -0.018750 -0.312995
v -0.115005 0.036125 -0.324620
v -0.141595 0.034485 -0.337055
v -0.087315 0.037420 -0.314835
v -0.115020 0.088965 -0.336945
v -0.141610 0.084925 -0.348815
v -0.087330 0.092150 -0.327595
v -0.115045 0.138390 -0.359335
v -0.141635 0.132105 -0.370190
v -0.087355 0.143340 -0.350790
v -0.115080 0.182490 -0.390940
v -0.141670 0.174205 -0.400360
v -0.087390 0.189020 -0.383525
v -0.115125 0.219580 -0.430540
v -0.141710 0.209610 -0.438160
v -0.087440 0.227440 -0.424540
v -0.115175 0.248235 -0.476615
v -0.141760 0.236960 -0.482145
v -0.087490 0.257115 -0.472265
v -0.115235 0.267345 -0.527395
v -0.141815 0.255205 -0.530620
v -0.087550 0.276910 -0.524860
v -0.115295 0.276185 -0.580925
v -0.141870 0.263640 -0.581720
v -0.087615 0.286065 -0.580310
v -0.115355 0.274410 -0.635155
v -0.141930 0.261945 -0.633485
v -0.087675 0.284225 -0.636480
v -0.115415 0.262085 -0.687995
v -0.141985 0.250185 -0.683925
v -0.087735 0.271465 -0.691210
v -0.115470 0.239695 -0.737415
v -0.142040 0.228810 -0.731100
v -0.087795 0.248270 -0.742400
v -0.115520 0.208090 -0.781520
v -0.142085 0.198640 -0.773200
v -0.087845 0.215540 -0.788080
v -0.115560 0.168490 -0.818610
v -0.142125 0.160840 -0.808605
v -0.087890 0.174520 -0.826495
v -0.115590 0.122415 -0.847260
v -0.142155 0.116855 -0.835955
v -0.087920 0.126795 -0.856175
v -0.115615 0.071635 -0.866370
v -0.142175 0.068380 -0.854200
v -0.087945 0.074200 -0.875970
v -0.115625 0.018105 -0.875210
v -0.087955 0.018750 -0.885125
v -0.059445 0.019220 -0.892285
v -0.087950 -0.037420 -0.883285
v -0.059440 -0.038350 -0.890400
v -0.087940 -0.092150 -0.870525
v -0.059425 -0.094445 -0.877320
v -0.030350 -0.095830 -0.881440
v -0.059400 -0.146910 -0.853550
v -0.030325 -0.149065 -0.857315
v -0.059365 -0.193730 -0.820000
v -0.030285 -0.196575 -0.823275
v -0.059315 -0.233105 -0.777960
v -0.030240 -0.236525 -0.780620
v -0.059260 -0.263520 -0.729045
v -0.030180 -0.267390 -0.730985
v -0.059200 -0.283810 -0.675140
v -0.030120 -0.287975 -0.676285
v -0.059135 -0.293190 -0.618310
v -0.030055 -0.297495 -0.618625
v -0.059070 -0.291305 -0.560740
v -0.029990 -0.295585 -0.560210
v -0.059010 -0.278230 -0.504645
v -0.029925 -0.282315 -0.503290
v -0.058950 -0.254455 -0.452180
v -0.029865 -0.258190 -0.450055
v -0.058900 -0.220905 -0.405360
v -0.029815 -0.224150 -0.402550
v -0.058855 -0.178865 -0.365985
v -0.029770 -0.181495 -0.362595
v -0.058820 -0.129955 -0.335570
v -0.029735 -0.131860 -0.331735
v -0.058795 -0.076045 -0.315280
v -0.029710 -0.077160 -0.311145
v -0.058785 -0.019215 -0.305900
v -0.029700 -0.019500 -0.301625
v -0.058790 0.038355 -0.307785
v -0.029705 0.038915 -0.303540
v -0.058805 0.094445 -0.320865
v -0.029720 0.095835 -0.316810
v -0.058830 0.146910 -0.344635
v -0.029745 0.149070 -0.340930
v -0.058870 0.193730 -0.378185
v -0.029785 0.196575 -0.374975
v -0.058915 0.233105 -0.420225
v -0.029830 0.236530 -0.417630
v -0.058970 0.263520 -0.469135
v -0.029885 0.267390 -0.467260
v -0.059030 0.283810 -0.523045
v -0.029950 0.287980 -0.521960
v -0.059095 0.293195 -0.579875
v -0.030015 0.297500 -0.579625
v -0.059160 0.291310 -0.637445
v -0.030080 0.295585 -0.638040
v -0.059220 0.278230 -0.693540
v -0.030140 0.282315 -0.694955
v -0.059280 0.254460 -0.746005
v -0.030200 0.258195 -0.748190
v -0.059335 0.220910 -0.792820
v -0.030255 0.224150 -0.795700
v -0.059375 0.178870 -0.832195
v -0.030300 0.181495 -0.835650
v -0.059410 0.129955 -0.862615
v -0.030335 0.131865 -0.866515
v -0.059435 0.076050 -0.882900
v -0.030355 0.077165 -0.887100
v -0.000995 0.077540 -0.888530
v -0.030370 0.019500 -0.896620
v -0.001005 0.019595 -0.898095
v -0.030365 -0.038915 -0.894710
v -0.001005 -0.039100 -0.896175
v 0.028360 -0.038915 -0.894775
v -0.000990 -0.096295 -0.882835
v 0.028375 -0.095830 -0.881505
v -0.000960 -0.149790 -0.858600
v -0.000925 -0.197525 -0.824390
v 0.028405 -0.149065 -0.857385
v 0.057490 -0.146910 -0.853680
v 0.028440 -0.196575 -0.823340
v 0.057525 -0.193730 -0.820130
v 0.028490 -0.236525 -0.780685
v -0.000875 -0.237670 -0.781530
v 0.057575 -0.233105 -0.778090
v 0.028545 -0.267390 -0.731050
v -0.000820 -0.268680 -0.731655
v 0.057630 -0.263520 -0.729175
v 0.028605 -0.287975 -0.676355
v -0.000755 -0.289370 -0.676695
v 0.057690 -0.283810 -0.675270
v 0.028670 -0.297495 -0.618690
v -0.000695 -0.298935 -0.618750
v 0.057755 -0.293190 -0.618440
v 0.028735 -0.295585 -0.560275
v -0.000625 -0.297015 -0.560055
v 0.057815 -0.291305 -0.560870
v 0.028800 -0.282315 -0.503355
v -0.000565 -0.283680 -0.502860
v 0.057880 -0.278230 -0.504775
v 0.028860 -0.258190 -0.450120
v -0.000505 -0.259440 -0.449370
v 0.057940 -0.254455 -0.452310
v 0.028915 -0.224150 -0.402615
v -0.000450 -0.225235 -0.401630
v 0.057990 -0.220905 -0.405490
v 0.028960 -0.181495 -0.362665
v -0.000405 -0.182370 -0.361485
v 0.058035 -0.178865 -0.366120
v 0.028995 -0.131860 -0.331800
v -0.000370 -0.132500 -0.330475
v 0.058070 -0.129955 -0.335700
v 0.029015 -0.077160 -0.311215
v -0.000345 -0.077535 -0.309785
v 0.058090 -0.076045 -0.315410
v 0.029025 -0.019500 -0.301695
v -0.000335 -0.019590 -0.300220
v 0.058105 -0.019215 -0.306030
v 0.029025 0.038915 -0.303605
v -0.000340 0.039105 -0.302140
v 0.058100 0.038355 -0.307915
v 0.029010 0.095835 -0.316875
v -0.000355 0.096295 -0.315475
v 0.058085 0.094445 -0.320995
v 0.028985 0.149070 -0.340995
v -0.000380 0.149790 -0.339715
v 0.058060 0.146910 -0.344765
v 0.028945 0.196575 -0.375040
v -0.000420 0.197525 -0.373920
v 0.058020 0.193730 -0.378315
v 0.028895 0.236530 -0.417695
v -0.000465 0.237675 -0.416785
v 0.057975 0.233105 -0.420355
v 0.028840 0.267390 -0.467330
v -0.000520 0.268685 -0.466655
v 0.057920 0.263520 -0.469270
v 0.028780 0.287980 -0.522025
v -0.000585 0.289370 -0.521620
v 0.057860 0.283810 -0.523175
v 0.028715 0.297500 -0.579690
v -0.000650 0.298940 -0.579565
v 0.057795 0.293195 -0.580005
v 0.028650 0.295585 -0.638105
v -0.000715 0.297015 -0.638260
v 0.057730 0.291310 -0.637575
v 0.028585 0.282315 -0.695025
v -0.000780 0.283680 -0.695455
v 0.057670 0.278230 -0.693670
v 0.028525 0.258195 -0.748260
v -0.000840 0.259445 -0.748945
v 0.057610 0.254460 -0.746135
v 0.028475 0.224150 -0.795765
v -0.000890 0.225235 -0.796685
v 0.057555 0.220910 -0.792955
v 0.028430 0.181495 -0.835715
v -0.000935 0.182375 -0.836830
v 0.057515 0.178870 -0.832325
v 0.028395 0.131865 -0.866580
v -0.000970 0.132500 -0.867840
v 0.057480 0.129955 -0.862745
v 0.028370 0.077165 -0.887165
v 0.057455 0.076050 -0.883035
v 0.028360 0.019500 -0.896690
v 0.057445 0.019220 -0.892415
v 0.085970 0.018750 -0.885320
v 0.057450 -0.038350 -0.890530
v 0.085975 -0.037420 -0.883480
v 0.057460 -0.094445 -0.877450
v 0.085990 -0.092150 -0.870720
v 0.113680 -0.088965 -0.861370
v 0.086015 -0.143340 -0.847525
v 0.113705 -0.138385 -0.838980
v 0.086050 -0.189020 -0.814790
v 0.113740 -0.182490 -0.807375
v 0.086095 -0.227435 -0.773775
v 0.113785 -0.219580 -0.767775
v 0.086150 -0.257115 -0.726050
v 0.113835 -0.248230 -0.721700
v 0.086210 -0.276910 -0.673450
v 0.113895 -0.267345 -0.670920
v 0.086270 -0.286065 -0.618005
v 0.113955 -0.276180 -0.617385
v 0.086335 -0.284225 -0.561835
v 0.114015 -0.274405 -0.563160
v 0.086395 -0.271465 -0.507105
v 0.114075 -0.262085 -0.510320
v 0.086455 -0.248270 -0.455915
v 0.114130 -0.239695 -0.460900
v 0.086505 -0.215535 -0.410235
v 0.114180 -0.208090 -0.416795
v 0.086545 -0.174520 -0.371815
v 0.114220 -0.168490 -0.379705
v 0.086580 -0.126795 -0.342140
v 0.114250 -0.122415 -0.351055
v 0.086605 -0.074195 -0.322345
v 0.114275 -0.071635 -0.331940
v 0.086615 -0.018750 -0.313190
v 0.114285 -0.018100 -0.323105
v 0.086610 0.037420 -0.315030
v 0.114280 0.036125 -0.324880
v 0.086595 0.092150 -0.327790
v 0.114265 0.088965 -0.337200
v 0.086570 0.143340 -0.350985
v 0.114240 0.138390 -0.359590
v 0.086535 0.189020 -0.383720
v 0.114205 0.182490 -0.391195
v 0.086490 0.227440 -0.424735
v 0.114160 0.219580 -0.430795
v 0.086435 0.257115 -0.472460
v 0.114110 0.248235 -0.476870
v 0.086375 0.276910 -0.525055
v 0.114055 0.267345 -0.527650
v 0.086315 0.286065 -0.580505
v 0.113995 0.276185 -0.581185
v 0.086250 0.284225 -0.636675
v 0.113935 0.274410 -0.635410
v 0.086190 0.271465 -0.691405
v 0.113875 0.262085 -0.688250
v 0.086130 0.248270 -0.742595
v 0.113820 0.239695 -0.737675
v 0.086080 0.215540 -0.788275
v 0.113770 0.208090 -0.781775
v 0.086040 0.174520 -0.826690
v 0.113725 0.168490 -0.818865
v 0.086005 0.126795 -0.856370
v 0.113695 0.122415 -0.847515
v 0.085980 0.074200 -0.876165
v 0.113675 0.071635 -0.866630
v 0.140265 0.068380 -0.854515
v 0.113665 0.018105 -0.875465
v 0.140255 0.017280 -0.862955
v 0.113665 -0.036125 -0.873690
v 0.140255 -0.034485 -0.861260
v 0.165490 -0.032510 -0.846305
v 0.140270 -0.084925 -0.849500
v 0.165500 -0.080065 -0.835215
v 0.140295 -0.132100 -0.828125
v 0.165525 -0.124545 -0.815060
v 0.140325 -0.174200 -0.797955
v 0.165555 -0.164235 -0.786620
v 0.140370 -0.209605 -0.760155
v 0.165595 -0.197615 -0.750980
v 0.140420 -0.236955 -0.716170
v 0.165645 -0.223400 -0.709515
v 0.140475 -0.255200 -0.667695
v 0.165695 -0.240600 -0.663815
v 0.140530 -0.263640 -0.616595
v 0.165750 -0.248555 -0.615635
v 0.140590 -0.261945 -0.564830
v 0.165805 -0.246960 -0.566830
v 0.140645 -0.250180 -0.514390
v 0.165855 -0.235870 -0.519275
v 0.140700 -0.228805 -0.467215
v 0.165905 -0.215720 -0.474800
v 0.140745 -0.198640 -0.425115
v 0.165950 -0.187275 -0.435105
v 0.140785 -0.160835 -0.389710
v 0.165990 -0.151635 -0.401725
v 0.140815 -0.116855 -0.362355
v 0.166015 -0.110170 -0.375940
v 0.140835 -0.068380 -0.344115
v 0.166035 -0.064470 -0.358740
v 0.140845 -0.017280 -0.335675
v 0.166045 -0.016290 -0.350785
v 0.140845 0.034485 -0.337370
v 0.166045 0.032515 -0.352385
v 0.140830 0.084925 -0.349130
v 0.166030 0.080070 -0.363470
v 0.140805 0.132105 -0.370510
v 0.166010 0.124545 -0.383625
v 0.140770 0.174205 -0.400675
v 0.165975 0.164240 -0.412070
v 0.140730 0.209610 -0.438480
v 0.165935 0.197620 -0.447705
v 0.140680 0.236960 -0.482460
v 0.165890 0.223405 -0.489175
v 0.140625 0.255205 -0.530935
v 0.165840 0.240605 -0.534875
v 0.140570 0.263640 -0.582035
v 0.165785 0.248560 -0.583050
v 0.140510 0.261945 -0.633800
v 0.165730 0.246960 -0.631855
v 0.140455 0.250185 -0.684240
v 0.165675 0.235870 -0.679410
v 0.140400 0.228810 -0.731420
v 0.165625 0.215720 -0.723890
v 0.140355 0.198640 -0.773515
v 0.165580 0.187275 -0.763580
v 0.140315 0.160840 -0.808925
v 0.165545 0.151640 -0.796960
v 0.140285 0.116855 -0.836275
v 0.165515 0.110170 -0.822745
v 0.189145 0.102425 -0.807065
v 0.165495 0.064470 -0.839945
v 0.189130 0.059940 -0.823055
v 0.165490 0.016290 -0.847900
v 0.189120 0.015145 -0.830450
v 0.210925 0.013855 -0.810775
v 0.189125 -0.030225 -0.828965
v 0.210930 -0.027650 -0.809415
v 0.189135 -0.074435 -0.818660
v 0.210940 -0.068090 -0.799985
v 0.189155 -0.115790 -0.799920
v 0.210960 -0.105915 -0.782850
v 0.189185 -0.152690 -0.773480
v 0.210985 -0.139670 -0.758660
v 0.189220 -0.183720 -0.740345
v 0.211020 -0.168060 -0.728350
v 0.189265 -0.207695 -0.701795
v 0.211060 -0.189985 -0.693085
v 0.189315 -0.223685 -0.659305
v 0.211100 -0.204615 -0.654220
v 0.189365 -0.231080 -0.614515
v 0.211150 -0.211380 -0.613250
v 0.189415 -0.229595 -0.569145
v 0.211195 -0.210020 -0.571745
v 0.189465 -0.219285 -0.524930
v 0.211240 -0.200590 -0.531305
v 0.189510 -0.200550 -0.483580
v 0.211280 -0.183455 -0.493475
v 0.189550 -0.174110 -0.446680
v 0.211320 -0.159265 -0.459725
v 0.189585 -0.140975 -0.415645
v 0.211350 -0.128955 -0.431335
v 0.189615 -0.102425 -0.391675
v 0.211375 -0.093690 -0.409405
v 0.189630 -0.059935 -0.375685
v 0.211395 -0.054825 -0.394780
v 0.189640 -0.015145 -0.368290
v 0.211400 -0.013855 -0.388015
v 0.189635 0.030230 -0.369775
v 0.211400 0.027650 -0.389375
v 0.189625 0.074440 -0.380085
v 0.211390 0.068095 -0.398805
v 0.189605 0.115790 -0.398820
v 0.211370 0.105920 -0.415940
v 0.189575 0.152690 -0.425260
v 0.211340 0.139675 -0.440130
v 0.189540 0.183725 -0.458395
v 0.211310 0.168060 -0.470440
v 0.189495 0.207695 -0.496945
v 0.211270 0.189990 -0.505705
v 0.189445 0.223690 -0.539435
v 0.211225 0.204615 -0.544570
v 0.189395 0.231085 -0.584225
v 0.211180 0.211380 -0.585540
v 0.189345 0.229595 -0.629595
v 0.211130 0.210025 -0.627045
v 0.189295 0.219290 -0.673810
v 0.211085 0.200595 -0.667485
v 0.189250 0.200555 -0.715160
v 0.211045 0.183455 -0.705310
v 0.189210 0.174110 -0.752060
v 0.211005 0.159265 -0.739065
v 0.189175 0.140975 -0.783095
v 0.210975 0.128955 -0.767455
v 0.230740 0.115695 -0.750195
v 0.210950 0.093695 -0.789385
v 0.230715 0.084060 -0.769870
v 0.210935 0.054830 -0.804010
v 0.230700 0.049190 -0.782990
v 0.248240 0.043080 -0.760200
v 0.230695 0.012430 -0.789060
v 0.248235 0.010885 -0.765515
v 0.230695 -0.024805 -0.787840
v 0.248235 -0.021725 -0.764450
v 0.230705 -0.061090 -0.779380
v 0.248245 -0.053500 -0.757040
v 0.230720 -0.095025 -0.764005
v 0.248260 -0.083220 -0.743575
v 0.230745 -0.125310 -0.742305
v 0.248280 -0.109740 -0.724570
v 0.230775 -0.150775 -0.715110
v 0.248305 -0.132040 -0.700755
v 0.230810 -0.170450 -0.683475
v 0.248335 -0.149270 -0.673050
v 0.230850 -0.183575 -0.648605
v 0.248370 -0.160765 -0.642515
v 0.230895 -0.189645 -0.611845
v 0.248410 -0.166080 -0.610320
v 0.230935 -0.188425 -0.574610
v 0.248445 -0.165010 -0.577710
v 0.230975 -0.179965 -0.538325
v 0.248480 -0.157605 -0.545935
v 0.231015 -0.164590 -0.504390
v 0.248515 -0.144135 -0.516220
v 0.231045 -0.142885 -0.474110
v 0.248545 -0.125135 -0.489695
v 0.231075 -0.115695 -0.448640
v 0.248570 -0.101320 -0.467395
v 0.231100 -0.084055 -0.428965
v 0.248585 -0.073610 -0.450165
v 0.231110 -0.049190 -0.415840
v 0.248600 -0.043075 -0.438670
v 0.231120 -0.012430 -0.409775
v 0.248605 -0.010885 -0.433355
v 0.231120 0.024810 -0.410990
v 0.248605 0.021725 -0.434425
v 0.231110 0.061090 -0.419450
v 0.248595 0.053500 -0.441830
v 0.231090 0.095025 -0.434830
v 0.248580 0.083220 -0.455300
v 0.231065 0.125310 -0.456530
v 0.248560 0.109740 -0.474300
v 0.231035 0.150780 -0.483720
v 0.248535 0.132045 -0.498115
v 0.231000 0.170450 -0.515360
v 0.248500 0.149275 -0.525825
v 0.230960 0.183575 -0.550230
v 0.248470 0.160765 -0.556360
v 0.230920 0.189645 -0.586985
v 0.248430 0.166080 -0.588550
v 0.230880 0.188425 -0.624225
v 0.248395 0.165015 -0.621160
v 0.230840 0.179965 -0.660505
v 0.248360 0.157605 -0.652935
v 0.230800 0.164590 -0.694440
v 0.248325 0.144140 -0.682655
v 0.230765 0.142890 -0.724725
v 0.248295 0.125135 -0.709175
v 0.263430 0.106175 -0.692565
v 0.248270 0.101320 -0.731480
v 0.263410 0.085970 -0.711490
v 0.248255 0.073615 -0.748710
v 0.263390 0.062460 -0.726110
v 0.275990 0.050705 -0.702290
v 0.263380 0.036550 -0.735860
v 0.275980 0.029675 -0.710205
v 0.263375 0.009235 -0.740370
v 0.275975 0.007500 -0.713865
v 0.263375 -0.018430 -0.739465
v 0.275975 -0.014965 -0.713130
v 0.263385 -0.045395 -0.733180
v 0.275980 -0.036850 -0.708025
v 0.263395 -0.070610 -0.721755
v 0.275995 -0.057320 -0.698750
v 0.263415 -0.093110 -0.705630
v 0.276005 -0.075590 -0.685660
v 0.263440 -0.112035 -0.685425
v 0.276025 -0.090950 -0.669260
v 0.263465 -0.126655 -0.661915
v 0.276045 -0.102820 -0.650175
v 0.263495 -0.136405 -0.636005
v 0.276070 -0.110735 -0.629140
v 0.263525 -0.140915 -0.608690
v 0.276095 -0.114395 -0.606965
v 0.263555 -0.140010 -0.581020
v 0.276120 -0.113660 -0.584505
v 0.263585 -0.133725 -0.554060
v 0.276145 -0.108560 -0.562615
v 0.263615 -0.122300 -0.528845
v 0.276170 -0.099285 -0.542145
v 0.263640 -0.106175 -0.506340
v 0.276190 -0.086195 -0.523875
v 0.263660 -0.085970 -0.487415
v 0.276205 -0.069790 -0.508515
v 0.263675 -0.062460 -0.472795
v 0.276220 -0.050705 -0.496645
v 0.263685 -0.036550 -0.463045
v 0.276230 -0.029670 -0.488730
v 0.263690 -0.009235 -0.458535
v 0.276230 -0.007495 -0.485070
v 0.263690 0.018435 -0.459440
v 0.276230 0.014965 -0.485805
v 0.263685 0.045395 -0.465725
v 0.276225 0.036850 -0.490910
v 0.263670 0.070610 -0.477155
v 0.276215 0.057325 -0.500185
v 0.263655 0.093115 -0.493280
v 0.276200 0.075590 -0.513275
v 0.263630 0.112040 -0.513485
v 0.276180 0.090955 -0.529675
v 0.263605 0.126660 -0.536995
v 0.276160 0.102820 -0.548760
v 0.263575 0.136410 -0.562905
v 0.276135 0.110740 -0.569795
v 0.263545 0.140920 -0.590215
v 0.276110 0.114400 -0.591970
v 0.263515 0.140015 -0.617885
v 0.276085 0.113665 -0.614430
v 0.263485 0.133725 -0.644845
v 0.276065 0.108560 -0.636320
v 0.263455 0.122300 -0.670065
v 0.276040 0.099285 -0.656790
v 0.285960 0.075315 -0.642960
v 0.276020 0.086195 -0.675055
v 0.285945 0.065385 -0.656815
v 0.276000 0.069790 -0.690420
v 0.285930 0.052940 -0.668470
v 0.293100 0.035580 -0.645855
v 0.285920 0.038465 -0.677475
v 0.293095 0.025850 -0.651905
v 0.285915 0.022510 -0.683480
v 0.293090 0.015130 -0.655940
v 0.285910 0.005690 -0.686255
v 0.293085 0.003825 -0.657805
v 0.285910 -0.011350 -0.685695
v 0.293085 -0.007630 -0.657430
v 0.285915 -0.027950 -0.681825
v 0.293090 -0.018785 -0.654830
v 0.285925 -0.043480 -0.674790
v 0.285935 -0.057340 -0.664860
v 0.293095 -0.029220 -0.650100
v 0.297435 -0.014680 -0.624920
v 0.293100 -0.038535 -0.643430
v 0.297440 -0.019360 -0.621570
v 0.293110 -0.046365 -0.635065
v 0.285950 -0.068990 -0.652420
v 0.297445 -0.023295 -0.617365
v 0.293125 -0.052415 -0.625335
v 0.285965 -0.077995 -0.637940
v 0.297450 -0.026335 -0.612480
v 0.293135 -0.056450 -0.614615
v 0.285985 -0.084000 -0.621985
v 0.297455 -0.028360 -0.607090
v 0.293145 -0.058320 -0.603310
v 0.286000 -0.086775 -0.605165
v 0.297465 -0.029300 -0.601410
v 0.293160 -0.057945 -0.591860
v 0.286020 -0.086220 -0.588125
v 0.297470 -0.029110 -0.595660
v 0.293175 -0.055340 -0.580700
v 0.286040 -0.082345 -0.571525
v 0.297475 -0.027805 -0.590050
v 0.293185 -0.050615 -0.570265
v 0.286055 -0.075310 -0.555995
v 0.297480 -0.025430 -0.584810
v 0.293195 -0.043940 -0.560950
v 0.286070 -0.065380 -0.542140
v 0.297485 -0.022075 -0.580130
v 0.293205 -0.035580 -0.553120
v 0.286085 -0.052940 -0.530485
v 0.297490 -0.017875 -0.576195
v 0.293210 -0.025850 -0.547070
v 0.286095 -0.038460 -0.521485
v 0.297495 -0.012985 -0.573155
v 0.293215 -0.015125 -0.543035
v 0.286100 -0.022505 -0.515480
v 0.297495 -0.007600 -0.571130
v 0.293215 -0.003820 -0.541165
v 0.286105 -0.005685 -0.512700
v 0.297500 -0.001920 -0.570190
v 0.293215 0.007630 -0.541540
v 0.286105 0.011350 -0.513260
v 0.297500 0.003835 -0.570380
v 0.293215 0.018790 -0.544145
v 0.286100 0.027955 -0.517130
v 0.297495 0.009440 -0.571685
v 0.293210 0.029225 -0.548870
v 0.286095 0.043485 -0.524165
v 0.297495 0.014685 -0.574060
v 0.293200 0.038535 -0.555545
v 0.286080 0.057340 -0.534095
v 0.297490 0.019360 -0.577415
v 0.293190 0.046370 -0.563905
v 0.286065 0.068995 -0.546540
v 0.297485 0.023295 -0.581615
v 0.293180 0.052420 -0.573635
v 0.286050 0.077995 -0.561015
v 0.297480 0.026335 -0.586505
v 0.293170 0.056455 -0.584360
v 0.286035 0.084000 -0.576970
v 0.297475 0.028365 -0.591890
v 0.293155 0.058320 -0.595665
v 0.286015 0.086780 -0.593790
v 0.297465 0.029300 -0.597570
v 0.293145 0.057945 -0.607115
v 0.285995 0.086220 -0.610830
v 0.297460 0.029115 -0.603325
v 0.293130 0.055345 -0.618275
v 0.285975 0.082350 -0.627430
v 0.297455 0.027805 -0.608930
v 0.293120 0.050615 -0.628710
v 0.297450 0.025430 -0.614175
v 0.293110 0.043940 -0.638020
v 0.297445 0.022080 -0.618850
v 0.297440 0.017875 -0.622785
v 0.298910 -0.000000 -0.599495
v 0.297435 -0.009440 -0.627295
v 0.297435 -0.003830 -0.628605
v 0.297430 0.001920 -0.628790
v 0.297435 0.007600 -0.627855
v 0.297435 0.012990 -0.625825
v -0.265030 -0.018430 -0.738875
v -0.249940 -0.053500 -0.756480
v -0.265025 -0.045395 -0.732585
v -0.277565 -0.036850 -0.707405
v -0.265010 -0.070610 -0.721160
v -0.277555 -0.057320 -0.698130
v -0.264995 -0.093110 -0.705035
v -0.277540 -0.075590 -0.685040
v -0.264970 -0.112035 -0.684830
v -0.277525 -0.090950 -0.668640
v -0.264945 -0.126655 -0.661320
v -0.277500 -0.102820 -0.649550
v -0.264915 -0.136405 -0.635410
v -0.277480 -0.110735 -0.628520
v -0.264885 -0.140915 -0.608095
v -0.277455 -0.114395 -0.606345
v -0.264855 -0.140010 -0.580430
v -0.277430 -0.113660 -0.583885
v -0.264825 -0.133725 -0.553465
v -0.277405 -0.108560 -0.561995
v -0.264795 -0.122300 -0.528250
v -0.277380 -0.099285 -0.541525
v -0.264770 -0.106175 -0.505750
v -0.277360 -0.086195 -0.523255
v -0.264750 -0.085970 -0.486825
v -0.277345 -0.069790 -0.507895
v -0.264735 -0.062460 -0.472205
v -0.277330 -0.050705 -0.496025
v -0.264720 -0.036550 -0.462455
v -0.277320 -0.029670 -0.488110
v -0.264715 -0.009235 -0.457945
v -0.277315 -0.007495 -0.484450
v -0.264720 0.018435 -0.458850
v -0.277320 0.014965 -0.485185
v -0.264725 0.045395 -0.465135
v -0.277325 0.036850 -0.490285
v -0.264740 0.070610 -0.476560
v -0.277335 0.057325 -0.499565
v -0.264755 0.093115 -0.492685
v -0.277350 0.075590 -0.512655
v -0.264780 0.112040 -0.512890
v -0.277365 0.090955 -0.529055
v -0.264805 0.126660 -0.536400
v -0.277390 0.102820 -0.548140
v -0.264835 0.136410 -0.562310
v -0.277410 0.110740 -0.569175
v -0.264865 0.140920 -0.589625
v -0.277435 0.114400 -0.591350
v -0.264895 0.140015 -0.617295
v -0.277460 0.113665 -0.613810
v -0.264925 0.133725 -0.644255
v -0.277485 0.108560 -0.635700
v -0.264955 0.122300 -0.669470
v -0.277510 0.099285 -0.656170
v -0.264980 0.106175 -0.691975
v -0.277530 0.086195 -0.674435
v -0.265000 0.085970 -0.710900
v -0.277545 0.069790 -0.689800
v -0.265015 0.062460 -0.725520
v -0.277560 0.050705 -0.701670
v -0.265030 0.036550 -0.735270
v -0.277570 0.029675 -0.709585
v -0.265035 0.009235 -0.739780
v -0.277575 0.007500 -0.713245
v -0.287445 0.005690 -0.685615
v -0.277570 -0.014965 -0.712510
v -0.287445 -0.011350 -0.685055
v -0.294560 -0.007630 -0.656775
v -0.287440 -0.027950 -0.681185
v -0.294555 -0.018785 -0.654170
v -0.287435 -0.043480 -0.674150
v -0.294550 -0.029220 -0.649440
v -0.287420 -0.057340 -0.664220
v -0.294540 -0.038535 -0.642770
v -0.287410 -0.068990 -0.651775
v -0.294535 -0.046365 -0.634405
v -0.287390 -0.077995 -0.637300
v -0.294520 -0.052415 -0.624675
v -0.287375 -0.084000 -0.621345
v -0.294510 -0.056450 -0.613955
v -0.287355 -0.086775 -0.604525
v -0.294495 -0.058320 -0.602650
v -0.287335 -0.086220 -0.587485
v -0.294485 -0.057945 -0.591200
v -0.287320 -0.082345 -0.570880
v -0.294470 -0.055340 -0.580040
v -0.287300 -0.075310 -0.555355
v -0.294460 -0.050615 -0.569605
v -0.287285 -0.065380 -0.541495
v -0.294450 -0.043940 -0.560290
v -0.287270 -0.052940 -0.529845
v -0.294440 -0.035580 -0.552460
v -0.287260 -0.038460 -0.520840
v -0.294435 -0.025850 -0.546410
v -0.287255 -0.022505 -0.514835
v -0.294430 -0.015125 -0.542375
v -0.287250 -0.005685 -0.512060
v -0.294425 -0.003820 -0.540510
v -0.287255 0.011350 -0.512615
v -0.294430 0.007630 -0.540885
v -0.287255 0.027955 -0.516490
v -0.294430 0.018790 -0.543485
v -0.287265 0.043485 -0.523525
v -0.294435 0.029225 -0.548215
v -0.287275 0.057340 -0.533455
v -0.294445 0.038535 -0.554885
v -0.287290 0.068995 -0.545895
v -0.294455 0.046370 -0.563250
v -0.287305 0.077995 -0.560375
v -0.294465 0.052420 -0.572980
v -0.287325 0.084000 -0.576330
v -0.294475 0.056455 -0.583700
v -0.287345 0.086780 -0.593150
v -0.294490 0.058320 -0.595005
v -0.287360 0.086220 -0.610185
v -0.294500 0.057945 -0.606455
v -0.287380 0.082350 -0.626790
v -0.294515 0.055345 -0.617615
v -0.287400 0.075315 -0.642315
v -0.294525 0.050615 -0.628050
v -0.287415 0.065385 -0.656175
v -0.294535 0.043940 -0.637365
v -0.287425 0.052940 -0.667830
v -0.294545 0.035580 -0.645195
v -0.287435 0.038465 -0.676830
v -0.294550 0.025850 -0.651245
v -0.287445 0.022510 -0.682835
v -0.294555 0.015130 -0.655280
v -0.298840 0.007600 -0.627185
v -0.294560 0.003825 -0.657145
v -0.298840 0.001920 -0.628125
v -0.298840 -0.003830 -0.627935
v -0.300250 -0.000000 -0.598820
v -0.298775 0.009440 -0.571015
v -0.298835 -0.014680 -0.624255
v -0.298840 -0.009440 -0.626630
v -0.298835 0.012990 -0.625160
v -0.298835 0.017875 -0.622120
v -0.298830 0.022080 -0.618185
v -0.298825 0.025430 -0.613505
v -0.298815 0.027805 -0.608260
v -0.298810 0.029115 -0.602655
v -0.298805 0.029300 -0.596900
v -0.298800 0.028365 -0.591225
v -0.298790 0.026335 -0.585835
v -0.298785 0.023295 -0.580945
v -0.298780 0.019360 -0.576745
v -0.298780 0.014685 -0.573395
v -0.298775 0.003835 -0.569710
v -0.298775 -0.001920 -0.569520
v -0.298775 -0.007600 -0.570460
v -0.298775 -0.012985 -0.572485
v -0.298780 -0.017875 -0.575525
v -0.298785 -0.022075 -0.579460
v -0.298790 -0.025430 -0.584140
v -0.298795 -0.027805 -0.589385
v -0.298800 -0.029110 -0.594990
v -0.298810 -0.029300 -0.600745
v -0.298815 -0.028360 -0.606425
v -0.298820 -0.026335 -0.611810
v -0.298825 -0.023295 -0.616700
v -0.298830 -0.019360 -0.620900
v -0.231390 -0.613910 0.464425
v -0.231415 -0.644195 0.442725
v -0.248930 -0.602105 0.443995
v -0.211625 -0.624800 0.483270
v -0.231375 -0.579975 0.479800
v -0.248915 -0.572385 0.457460
v -0.211610 -0.586975 0.500405
v -0.231365 -0.543690 0.488260
v -0.248905 -0.540610 0.464870
v -0.211600 -0.546535 0.509835
v -0.231365 -0.506455 0.489480
v -0.248905 -0.508000 0.465940
v -0.211595 -0.505030 0.511195
v -0.231370 -0.469695 0.483410
v -0.248910 -0.475810 0.460625
v -0.211605 -0.464060 0.504430
v -0.231385 -0.434825 0.470290
v -0.248920 -0.445270 0.449130
v -0.211620 -0.425195 0.489805
v -0.231405 -0.403190 0.450615
v -0.248940 -0.417565 0.431900
v -0.211645 -0.389930 0.467875
v -0.231435 -0.375995 0.425145
v -0.248965 -0.393750 0.409595
v -0.211675 -0.359620 0.439485
v -0.231470 -0.354295 0.394865
v -0.248995 -0.374745 0.383075
v -0.211715 -0.335430 0.405730
v -0.231510 -0.338920 0.360925
v -0.249030 -0.361280 0.353355
v -0.211755 -0.318290 0.367905
v -0.231550 -0.330460 0.324645
v -0.249065 -0.353870 0.321580
v -0.211800 -0.308865 0.327465
v -0.231590 -0.329240 0.287410
v -0.249100 -0.352805 0.288970
v -0.211850 -0.307505 0.285960
v -0.231630 -0.335310 0.250650
v -0.249140 -0.358120 0.256780
v -0.211895 -0.314270 0.244990
v -0.231670 -0.348435 0.215780
v -0.249170 -0.369610 0.226245
v -0.211940 -0.328895 0.206125
v -0.231705 -0.368105 0.184140
v -0.249205 -0.386840 0.198535
v -0.211980 -0.350825 0.170860
v -0.231735 -0.393575 0.156950
v -0.249230 -0.409145 0.174725
v -0.212010 -0.379215 0.140550
v -0.231760 -0.423860 0.135250
v -0.249250 -0.435665 0.155720
v -0.212040 -0.412970 0.116360
v -0.231780 -0.457795 0.119875
v -0.249265 -0.465385 0.142255
v -0.212060 -0.450795 0.099225
v -0.231790 -0.494080 0.111415
v -0.249275 -0.497160 0.134845
v -0.212070 -0.491235 0.089795
v -0.231790 -0.531315 0.110195
v -0.249275 -0.529770 0.133775
v -0.212070 -0.532740 0.088435
v -0.231780 -0.568075 0.116265
v -0.249270 -0.561960 0.139090
v -0.212060 -0.573710 0.095200
v -0.231765 -0.602940 0.129385
v -0.249255 -0.592500 0.150585
v -0.212045 -0.612575 0.109825
v -0.231745 -0.634580 0.149060
v -0.249235 -0.620205 0.167815
v -0.212020 -0.647840 0.131755
v -0.231715 -0.661770 0.174530
v -0.249210 -0.644020 0.190120
v -0.211990 -0.678150 0.160145
v -0.231685 -0.683475 0.204810
v -0.249185 -0.663025 0.216640
v -0.211950 -0.702340 0.193900
v -0.231645 -0.698850 0.238750
v -0.249150 -0.676490 0.246360
v -0.211910 -0.719475 0.231725
v -0.231605 -0.707310 0.275030
v -0.249115 -0.683900 0.278135
v -0.211865 -0.728905 0.272165
v -0.231560 -0.708530 0.312270
v -0.249075 -0.684965 0.310745
v -0.211820 -0.730265 0.313670
v -0.231520 -0.702460 0.349025
v -0.249040 -0.679650 0.342935
v -0.211770 -0.723500 0.354640
v -0.231480 -0.689335 0.383895
v -0.249005 -0.668155 0.373470
v -0.211730 -0.708875 0.393505
v -0.231445 -0.669660 0.415535
v -0.248975 -0.650930 0.401180
v -0.211690 -0.686945 0.428770
v -0.189890 -0.702605 0.440765
v -0.211655 -0.658555 0.459080
v -0.189855 -0.671575 0.473900
v -0.166225 -0.683120 0.487040
v -0.189825 -0.634675 0.500345
v -0.166195 -0.643430 0.515485
v -0.189805 -0.593325 0.519080
v -0.166170 -0.598950 0.535635
v -0.189790 -0.549110 0.529385
v -0.166160 -0.551395 0.546725
v -0.189790 -0.503740 0.530870
v -0.166155 -0.502595 0.548320
v -0.189800 -0.458950 0.523475
v -0.166165 -0.454415 0.540365
v -0.189815 -0.416460 0.507485
v -0.166185 -0.408715 0.523165
v -0.189845 -0.377910 0.483515
v -0.166215 -0.367250 0.497380
v -0.189880 -0.344775 0.452480
v -0.166250 -0.331610 0.464000
v -0.189920 -0.318335 0.415580
v -0.166295 -0.303165 0.424310
v -0.189965 -0.299595 0.374230
v -0.166345 -0.283015 0.379830
v -0.190015 -0.289290 0.330020
v -0.166400 -0.271925 0.332275
v -0.190065 -0.287805 0.284645
v -0.166455 -0.270325 0.283475
v -0.190115 -0.295200 0.239855
v -0.166510 -0.278280 0.235295
v -0.190165 -0.311190 0.197365
v -0.166560 -0.295480 0.189595
v -0.190210 -0.335160 0.158815
v -0.166605 -0.321270 0.148130
v -0.190245 -0.366195 0.125680
v -0.166645 -0.354650 0.112490
v -0.190275 -0.403095 0.099240
v -0.166680 -0.394340 0.084045
v -0.190295 -0.444445 0.080505
v -0.166700 -0.438815 0.063895
v -0.190305 -0.488660 0.070195
v -0.166715 -0.486370 0.052805
v -0.190310 -0.534030 0.068710
v -0.166715 -0.535175 0.051210
v -0.190300 -0.578820 0.076105
v -0.166705 -0.583355 0.059160
v -0.190280 -0.621310 0.092095
v -0.166685 -0.629055 0.076360
v -0.190255 -0.659860 0.116070
v -0.166655 -0.670520 0.102150
v -0.190220 -0.692995 0.147100
v -0.166620 -0.706160 0.135530
v -0.190180 -0.719435 0.184005
v -0.166575 -0.734605 0.175220
v -0.190135 -0.738170 0.225355
v -0.166525 -0.754755 0.219695
v -0.190085 -0.748480 0.269565
v -0.166470 -0.765845 0.267250
v -0.190035 -0.749965 0.314935
v -0.166420 -0.767440 0.316055
v -0.189980 -0.742570 0.359730
v -0.166365 -0.759485 0.364235
v -0.189935 -0.726580 0.402215
v -0.166310 -0.742285 0.409935
v -0.141090 -0.755845 0.416590
v -0.166265 -0.716500 0.451400
v -0.141040 -0.728490 0.460575
v -0.114455 -0.738465 0.468195
v -0.140995 -0.693085 0.498375
v -0.114410 -0.701375 0.507795
v -0.140965 -0.650985 0.528545
v -0.140940 -0.603810 0.549920
v -0.114375 -0.657270 0.539400
v -0.086685 -0.662225 0.547945
v -0.114350 -0.607850 0.561790
v -0.086660 -0.611035 0.571140
v -0.114335 -0.555010 0.574115
v -0.140925 -0.553370 0.561680
v -0.086645 -0.556305 0.583900
v -0.114335 -0.500780 0.575890
v -0.140925 -0.501605 0.563375
v -0.086640 -0.500135 0.585740
v -0.114345 -0.447250 0.567050
v -0.140935 -0.450505 0.554940
v -0.086650 -0.444685 0.576585
v -0.114365 -0.396470 0.547940
v -0.140955 -0.402030 0.536695
v -0.086675 -0.392090 0.556790
v -0.114395 -0.350395 0.519285
v -0.140985 -0.358045 0.509345
v -0.086705 -0.344365 0.527115
v -0.114440 -0.310795 0.482195
v -0.141025 -0.320245 0.473940
v -0.086750 -0.303350 0.488695
v -0.114490 -0.279190 0.438095
v -0.141070 -0.290075 0.431840
v -0.086800 -0.270615 0.443015
v -0.114545 -0.256800 0.388675
v -0.141125 -0.268700 0.384660
v -0.086860 -0.247420 0.391825
v -0.114600 -0.244480 0.335835
v -0.141180 -0.256940 0.334220
v -0.086920 -0.234660 0.337095
v -0.114665 -0.242705 0.281605
v -0.141240 -0.255245 0.282455
v -0.086985 -0.232820 0.280925
v -0.114725 -0.251540 0.228070
v -0.141295 -0.263680 0.231355
v -0.087045 -0.241975 0.225480
v -0.114780 -0.270655 0.177290
v -0.141350 -0.281925 0.182880
v -0.087105 -0.261770 0.172880
v -0.114830 -0.299305 0.131215
v -0.141400 -0.309275 0.138900
v -0.087160 -0.291445 0.125155
v -0.114875 -0.336395 0.091615
v -0.141440 -0.344680 0.101095
v -0.087205 -0.329865 0.084140
v -0.114910 -0.380495 0.060015
v -0.141475 -0.386780 0.070930
v -0.087240 -0.375545 0.051405
v -0.114935 -0.429920 0.037620
v -0.141500 -0.433960 0.049555
v -0.087265 -0.426735 0.028210
v -0.114950 -0.482760 0.025300
v -0.141515 -0.484400 0.037790
v -0.087280 -0.481465 0.015450
v -0.114950 -0.536985 0.023525
v -0.141515 -0.536165 0.036100
v -0.087285 -0.537635 0.013610
v -0.114940 -0.590520 0.032365
v -0.141505 -0.587265 0.044535
v -0.087270 -0.593080 0.022765
v -0.114920 -0.641300 0.051475
v -0.141485 -0.635740 0.062780
v -0.087250 -0.645680 0.042560
v -0.114890 -0.687375 0.080125
v -0.141455 -0.679720 0.090130
v -0.087215 -0.693405 0.072240
v -0.114845 -0.726975 0.117215
v -0.141415 -0.717525 0.125535
v -0.087175 -0.734420 0.110655
v -0.114800 -0.758580 0.161320
v -0.141365 -0.747695 0.167635
v -0.087125 -0.767155 0.156335
v -0.114745 -0.780970 0.210740
v -0.141315 -0.769070 0.214810
v -0.087065 -0.790350 0.207525
v -0.114685 -0.793290 0.263580
v -0.141260 -0.780830 0.265250
v -0.087005 -0.803110 0.262255
v -0.114625 -0.795065 0.317810
v -0.141200 -0.782525 0.317015
v -0.086940 -0.804950 0.318425
v -0.114565 -0.786230 0.371340
v -0.141145 -0.774085 0.368120
v -0.086880 -0.795795 0.373875
v -0.114505 -0.767115 0.422120
v -0.086820 -0.776000 0.426470
v -0.058300 -0.782405 0.429600
v -0.086765 -0.746320 0.474195
v -0.058245 -0.751990 0.478510
v -0.086720 -0.707905 0.515210
v -0.058195 -0.712615 0.520550
v -0.029110 -0.715460 0.523760
v -0.058160 -0.665795 0.554100
v -0.029075 -0.667950 0.557805
v -0.058130 -0.613330 0.577870
v -0.029045 -0.614715 0.581925
v -0.058115 -0.557235 0.590950
v -0.029030 -0.557800 0.595195
v -0.058115 -0.499670 0.592835
v -0.029030 -0.499385 0.597110
v -0.058125 -0.442840 0.583455
v -0.029040 -0.441720 0.587590
v -0.058150 -0.388930 0.563165
v -0.029065 -0.387020 0.567000
v -0.058185 -0.340015 0.532750
v -0.029100 -0.337390 0.536140
v -0.058225 -0.297975 0.493375
v -0.029145 -0.294735 0.496185
v -0.058280 -0.264425 0.446555
v -0.029195 -0.260690 0.448680
v -0.058340 -0.240655 0.394090
v -0.029255 -0.236570 0.395445
v -0.058400 -0.227575 0.337995
v -0.029320 -0.223300 0.338525
v -0.058465 -0.225690 0.280425
v -0.029385 -0.221385 0.280110
v -0.058530 -0.235075 0.223595
v -0.029450 -0.230905 0.222450
v -0.058590 -0.255365 0.169690
v -0.029510 -0.251495 0.167750
v -0.058645 -0.285780 0.120775
v -0.029565 -0.282360 0.118120
v -0.058690 -0.325155 0.078735
v -0.029615 -0.322310 0.075460
v -0.058730 -0.371975 0.045185
v -0.029650 -0.369815 0.041420
v -0.058755 -0.424440 0.021415
v -0.029680 -0.423050 0.017295
v -0.058770 -0.480535 0.008335
v -0.029695 -0.479970 0.004025
v -0.058775 -0.538100 0.006450
v -0.029695 -0.538385 0.002115
v -0.058760 -0.594930 0.015835
v -0.029685 -0.596050 0.011635
v -0.058740 -0.648840 0.036125
v -0.029665 -0.650745 0.032220
v -0.058705 -0.697750 0.066540
v -0.029630 -0.700380 0.063085
v -0.058660 -0.739790 0.105915
v -0.029585 -0.743035 0.103035
v -0.058610 -0.773340 0.152735
v -0.029530 -0.777080 0.150545
v -0.058550 -0.797115 0.205200
v -0.029470 -0.801200 0.203780
v -0.058485 -0.810195 0.261290
v -0.029405 -0.814470 0.260695
v -0.058420 -0.812080 0.318860
v -0.029340 -0.816380 0.319110
v -0.058360 -0.802695 0.375690
v -0.029275 -0.806860 0.376775
v 0.000090 -0.808255 0.377115
v -0.029215 -0.786275 0.431475
v 0.000150 -0.787570 0.432080
v -0.029160 -0.755410 0.481105
v 0.000205 -0.756555 0.481950
v 0.029570 -0.755410 0.481040
v 0.000255 -0.716410 0.524815
v 0.029615 -0.715460 0.523695
v 0.000290 -0.668675 0.559020
v 0.000320 -0.615180 0.583260
v 0.029655 -0.667950 0.557740
v 0.058730 -0.665795 0.553970
v 0.029680 -0.614715 0.581860
v 0.058760 -0.613330 0.577740
v 0.029695 -0.557800 0.595130
v 0.000335 -0.557985 0.596595
v 0.058770 -0.557235 0.590820
v 0.029700 -0.499385 0.597040
v 0.000335 -0.499290 0.598515
v 0.058775 -0.499670 0.592705
v 0.029685 -0.441720 0.587520
v 0.000325 -0.441350 0.588950
v 0.058765 -0.442840 0.583325
v 0.029665 -0.387020 0.566935
v 0.000300 -0.386385 0.568260
v 0.058740 -0.388930 0.563035
v 0.029630 -0.337390 0.536070
v 0.000265 -0.336515 0.537250
v 0.058705 -0.340015 0.532615
v 0.029585 -0.294735 0.496120
v 0.000220 -0.293650 0.497105
v 0.058665 -0.297975 0.493245
v 0.029530 -0.260690 0.448615
v 0.000170 -0.259440 0.449365
v 0.058610 -0.264425 0.446425
v 0.029470 -0.236570 0.395380
v 0.000110 -0.235205 0.395875
v 0.058550 -0.240655 0.393960
v 0.029410 -0.223300 0.338460
v 0.000045 -0.221870 0.338680
v 0.058490 -0.227575 0.337865
v 0.029345 -0.221385 0.280045
v -0.000020 -0.219950 0.279985
v 0.058425 -0.225690 0.280295
v 0.029280 -0.230905 0.222380
v -0.000085 -0.229515 0.222040
v 0.058360 -0.235075 0.223465
v 0.029215 -0.251495 0.167685
v -0.000150 -0.250200 0.167080
v 0.058300 -0.255365 0.169560
v 0.029160 -0.282360 0.118050
v -0.000205 -0.281215 0.117205
v 0.058245 -0.285780 0.120645
v 0.029115 -0.322310 0.075395
v -0.000250 -0.321360 0.074345
v 0.058200 -0.325155 0.078605
v 0.029075 -0.369815 0.041350
v -0.000290 -0.369095 0.040135
v 0.058160 -0.371975 0.045055
v 0.029050 -0.423050 0.017230
v -0.000315 -0.422590 0.015900
v 0.058135 -0.424440 0.021285
v 0.029035 -0.479970 0.003960
v -0.000330 -0.479780 0.002565
v 0.058120 -0.480535 0.008205
v 0.029030 -0.538385 0.002050
v -0.000335 -0.538480 0.000640
v 0.058115 -0.538100 0.006320
v 0.029040 -0.596050 0.011570
v -0.000325 -0.596420 0.010210
v 0.058130 -0.594930 0.015700
v 0.029065 -0.650745 0.032155
v -0.000300 -0.651385 0.030895
v 0.058150 -0.648840 0.035990
v 0.029100 -0.700380 0.063020
v -0.000265 -0.701255 0.061905
v 0.058185 -0.697750 0.066410
v 0.029145 -0.743035 0.102970
v -0.000220 -0.744120 0.102050
v 0.058230 -0.739790 0.105780
v 0.029200 -0.777080 0.150475
v -0.000165 -0.778325 0.149790
v 0.058280 -0.773340 0.152600
v 0.029255 -0.801200 0.203715
v -0.000105 -0.802565 0.203280
v 0.058340 -0.797115 0.205065
v 0.029320 -0.814470 0.260630
v -0.000045 -0.815900 0.260475
v 0.058405 -0.810195 0.261160
v 0.029385 -0.816380 0.319045
v 0.000025 -0.817820 0.319170
v 0.058465 -0.812080 0.318730
v 0.029450 -0.806860 0.376710
v 0.058530 -0.802695 0.375560
v 0.029515 -0.786275 0.431405
v 0.058590 -0.782405 0.429465
v 0.087105 -0.776000 0.426275
v 0.058645 -0.751990 0.478380
v 0.087160 -0.746320 0.474000
v 0.058695 -0.712615 0.520420
v 0.087205 -0.707905 0.515015
v 0.114880 -0.701375 0.507540
v 0.087240 -0.662225 0.547750
v 0.114915 -0.657270 0.539145
v 0.087270 -0.611035 0.570945
v 0.114940 -0.607850 0.561535
v 0.087280 -0.556305 0.583705
v 0.114950 -0.555010 0.573855
v 0.087285 -0.500135 0.585545
v 0.114955 -0.500785 0.575630
v 0.087275 -0.444685 0.576390
v 0.114945 -0.447250 0.566795
v 0.087250 -0.392090 0.556595
v 0.114925 -0.396470 0.547680
v 0.087220 -0.344365 0.526920
v 0.114890 -0.350395 0.519030
v 0.087175 -0.303350 0.488500
v 0.114850 -0.310795 0.481940
v 0.087125 -0.270615 0.442820
v 0.114800 -0.279190 0.437835
v 0.087065 -0.247420 0.391630
v 0.114745 -0.256800 0.388415
v 0.087005 -0.234660 0.336900
v 0.114685 -0.244480 0.335575
v 0.086945 -0.232820 0.280730
v 0.114625 -0.242705 0.281350
v 0.086880 -0.241975 0.225285
v 0.114565 -0.251540 0.227815
v 0.086820 -0.261770 0.172685
v 0.114505 -0.270655 0.177035
v 0.086770 -0.291445 0.124960
v 0.114455 -0.299305 0.130960
v 0.086720 -0.329865 0.083945
v 0.114410 -0.336395 0.091360
v 0.086685 -0.375545 0.051210
v 0.114375 -0.380495 0.059755
v 0.086660 -0.426735 0.028015
v 0.114350 -0.429920 0.037365
v 0.086645 -0.481465 0.015255
v 0.114335 -0.482760 0.025045
v 0.086645 -0.537635 0.013415
v 0.114335 -0.536985 0.023270
v 0.086655 -0.593085 0.022570
v 0.114345 -0.590520 0.032105
v 0.086675 -0.645680 0.042365
v 0.114365 -0.641300 0.051220
v 0.086710 -0.693405 0.072045
v 0.114400 -0.687375 0.079870
v 0.086750 -0.734420 0.110460
v 0.114440 -0.726975 0.116960
v 0.086805 -0.767155 0.156140
v 0.114490 -0.758580 0.161065
v 0.086860 -0.790350 0.207330
v 0.114545 -0.780970 0.210485
v 0.086920 -0.803110 0.262060
v 0.114605 -0.793290 0.263325
v 0.086985 -0.804950 0.318230
v 0.114665 -0.795065 0.317550
v 0.087045 -0.795795 0.373680
v 0.114725 -0.786230 0.371085
v 0.141300 -0.774085 0.367800
v 0.114780 -0.767115 0.421865
v 0.141350 -0.755845 0.416275
v 0.114835 -0.738465 0.467940
v 0.141400 -0.728490 0.460255
v 0.166610 -0.716500 0.451030
v 0.141445 -0.693085 0.498060
v 0.166650 -0.683120 0.486670
v 0.141480 -0.650985 0.528230
v 0.166680 -0.643430 0.515110
v 0.141500 -0.603810 0.549605
v 0.166700 -0.598950 0.535265
v 0.141515 -0.553370 0.561365
v 0.166715 -0.551395 0.546350
v 0.141515 -0.501605 0.563060
v 0.166715 -0.502595 0.547950
v 0.141505 -0.450505 0.554620
v 0.166705 -0.454415 0.539995
v 0.141485 -0.402030 0.536380
v 0.166690 -0.408715 0.522795
v 0.141455 -0.358045 0.509025
v 0.166660 -0.367250 0.497010
v 0.141415 -0.320245 0.473620
v 0.166620 -0.331610 0.463630
v 0.141370 -0.290075 0.431520
v 0.166575 -0.303165 0.423935
v 0.141315 -0.268700 0.384345
v 0.166530 -0.283015 0.379460
v 0.141260 -0.256940 0.333905
v 0.166475 -0.271925 0.331905
v 0.141200 -0.255245 0.282140
v 0.166420 -0.270325 0.283100
v 0.141145 -0.263680 0.231040
v 0.166365 -0.278280 0.234920
v 0.141090 -0.281925 0.182565
v 0.166315 -0.295480 0.189220
v 0.141040 -0.309275 0.138580
v 0.166270 -0.321270 0.147755
v 0.141000 -0.344680 0.100780
v 0.166230 -0.354650 0.112115
v 0.140965 -0.386780 0.070610
v 0.166195 -0.394340 0.083675
v 0.140940 -0.433960 0.049235
v 0.166175 -0.438815 0.063520
v 0.140930 -0.484400 0.037475
v 0.166160 -0.486370 0.052430
v 0.140925 -0.536165 0.035780
v 0.166160 -0.535175 0.050835
v 0.140935 -0.587265 0.044220
v 0.166170 -0.583355 0.058790
v 0.140955 -0.635740 0.062460
v 0.166185 -0.629055 0.075990
v 0.140985 -0.679720 0.089810
v 0.166215 -0.670520 0.101775
v 0.141025 -0.717525 0.125220
v 0.166255 -0.706160 0.135155
v 0.141075 -0.747695 0.167320
v 0.166300 -0.734605 0.174845
v 0.141125 -0.769070 0.214495
v 0.166350 -0.754755 0.219325
v 0.141185 -0.780830 0.264935
v 0.166400 -0.765845 0.266880
v 0.141240 -0.782525 0.316700
v 0.166455 -0.767440 0.315685
v 0.190070 -0.749965 0.314510
v 0.166510 -0.759485 0.363860
v 0.190120 -0.742570 0.359300
v 0.166560 -0.742285 0.409560
v 0.190165 -0.726580 0.401790
v 0.211940 -0.708875 0.393035
v 0.190210 -0.702605 0.440340
v 0.211980 -0.686945 0.428295
v 0.190245 -0.671575 0.473475
v 0.212015 -0.658555 0.458605
v 0.190275 -0.634675 0.499915
v 0.212040 -0.624800 0.482795
v 0.190295 -0.593325 0.518650
v 0.212060 -0.586975 0.499935
v 0.190310 -0.549110 0.528960
v 0.212070 -0.546535 0.509360
v 0.190310 -0.503740 0.530445
v 0.212070 -0.505030 0.510720
v 0.190300 -0.458950 0.523050
v 0.212065 -0.464060 0.503955
v 0.190285 -0.416460 0.507060
v 0.212050 -0.425195 0.489330
v 0.190255 -0.377910 0.483090
v 0.212025 -0.389930 0.467400
v 0.190225 -0.344775 0.452055
v 0.211990 -0.359620 0.439010
v 0.190180 -0.318335 0.415155
v 0.211955 -0.335430 0.405260
v 0.190135 -0.299595 0.373805
v 0.211910 -0.318290 0.367430
v 0.190085 -0.289290 0.329590
v 0.211865 -0.308865 0.326990
v 0.190035 -0.287805 0.284220
v 0.211820 -0.307505 0.285485
v 0.189985 -0.295200 0.239430
v 0.211775 -0.314270 0.244515
v 0.189935 -0.311190 0.196940
v 0.211730 -0.328895 0.205650
v 0.189895 -0.335160 0.158390
v 0.211690 -0.350825 0.170385
v 0.189855 -0.366195 0.125255
v 0.211655 -0.379215 0.140075
v 0.189825 -0.403095 0.098815
v 0.211630 -0.412970 0.115885
v 0.189805 -0.444445 0.080080
v 0.211610 -0.450795 0.098750
v 0.189795 -0.488660 0.069770
v 0.211600 -0.491235 0.089320
v 0.189790 -0.534030 0.068285
v 0.211600 -0.532740 0.087960
v 0.189800 -0.578820 0.075680
v 0.211605 -0.573710 0.094725
v 0.189820 -0.621310 0.091670
v 0.211620 -0.612575 0.109355
v 0.189845 -0.659860 0.115645
v 0.211645 -0.647840 0.131280
v 0.189880 -0.692995 0.146675
v 0.211680 -0.678150 0.159670
v 0.189920 -0.719435 0.183575
v 0.211715 -0.702340 0.193425
v 0.189970 -0.738170 0.224925
v 0.211760 -0.719475 0.231250
v 0.190020 -0.748480 0.269140
v 0.211805 -0.728905 0.271690
v 0.231550 -0.707310 0.274510
v 0.211850 -0.730265 0.313195
v 0.231590 -0.708530 0.311750
v 0.211895 -0.723500 0.354165
v 0.231635 -0.702460 0.348505
v 0.249140 -0.679650 0.342375
v 0.231670 -0.689335 0.383375
v 0.249175 -0.668155 0.372910
v 0.231710 -0.669660 0.415015
v 0.249205 -0.650930 0.400620
v 0.231740 -0.644195 0.442205
v 0.249230 -0.628625 0.424435
v 0.231765 -0.613910 0.463905
v 0.249255 -0.602105 0.443440
v 0.231780 -0.579975 0.479285
v 0.249270 -0.572385 0.456905
v 0.231790 -0.543690 0.487745
v 0.249275 -0.540610 0.464310
v 0.231790 -0.506455 0.488960
v 0.249275 -0.508000 0.465380
v 0.231785 -0.469695 0.482895
v 0.249270 -0.475810 0.460065
v 0.231770 -0.434825 0.469770
v 0.249260 -0.445270 0.448570
v 0.231745 -0.403190 0.450095
v 0.249240 -0.417565 0.431340
v 0.231720 -0.375995 0.424630
v 0.249215 -0.393750 0.409040
v 0.231685 -0.354295 0.394345
v 0.249185 -0.374745 0.382515
v 0.231645 -0.338920 0.360410
v 0.249150 -0.361280 0.352800
v 0.231605 -0.330460 0.324125
v 0.249115 -0.353870 0.321025
v 0.231565 -0.329240 0.286890
v 0.249080 -0.352805 0.288415
v 0.231525 -0.335310 0.250130
v 0.249045 -0.358120 0.256220
v 0.231485 -0.348435 0.215260
v 0.249010 -0.369610 0.225685
v 0.231450 -0.368105 0.183625
v 0.248980 -0.386840 0.197980
v 0.231420 -0.393575 0.156430
v 0.248950 -0.409145 0.174165
v 0.231395 -0.423860 0.134730
v 0.248930 -0.435665 0.155160
v 0.231375 -0.457795 0.119355
v 0.248915 -0.465385 0.141695
v 0.231365 -0.494080 0.110895
v 0.248905 -0.497160 0.134285
v 0.231365 -0.531315 0.109675
v 0.248905 -0.529770 0.133220
v 0.231370 -0.568075 0.115745
v 0.248910 -0.561960 0.138535
v 0.231385 -0.602940 0.128865
v 0.248925 -0.592500 0.150025
v 0.231410 -0.634580 0.148540
v 0.248945 -0.620205 0.167255
v 0.231440 -0.661770 0.174010
v 0.248970 -0.644020 0.189560
v 0.231470 -0.683475 0.204295
v 0.249000 -0.663025 0.216080
v 0.231510 -0.698850 0.238230
v 0.249030 -0.676490 0.245800
v 0.264155 -0.652610 0.253890
v 0.249065 -0.683900 0.277575
v 0.264185 -0.658895 0.280850
v 0.249105 -0.684965 0.310185
v 0.264215 -0.659805 0.308520
v 0.276785 -0.633285 0.306765
v 0.264245 -0.655295 0.335835
v 0.276810 -0.629620 0.328940
v 0.264275 -0.645540 0.361740
v 0.276830 -0.621705 0.349975
v 0.264300 -0.630920 0.385250
v 0.276855 -0.609840 0.369060
v 0.264325 -0.612000 0.405455
v 0.276870 -0.594475 0.385460
v 0.264345 -0.589495 0.421580
v 0.276885 -0.576205 0.398550
v 0.264355 -0.564280 0.433010
v 0.276895 -0.555735 0.407825
v 0.264360 -0.537320 0.439295
v 0.276905 -0.533850 0.412930
v 0.264365 -0.509650 0.440200
v 0.276905 -0.511385 0.413665
v 0.264360 -0.482335 0.435690
v 0.276900 -0.489215 0.410005
v 0.264345 -0.456425 0.425940
v 0.276890 -0.468180 0.402090
v 0.264330 -0.432915 0.411320
v 0.276875 -0.449095 0.390220
v 0.264310 -0.412710 0.392395
v 0.276860 -0.432690 0.374860
v 0.264285 -0.396585 0.369890
v 0.276840 -0.419600 0.356590
v 0.264255 -0.385160 0.344675
v 0.276815 -0.410325 0.336120
v 0.264225 -0.378870 0.317715
v 0.276790 -0.405220 0.314230
v 0.264195 -0.377965 0.290045
v 0.276765 -0.404485 0.291770
v 0.264165 -0.382475 0.262730
v 0.276740 -0.408145 0.269595
v 0.264135 -0.392230 0.236820
v 0.276720 -0.416065 0.248560
v 0.264110 -0.406845 0.213315
v 0.276695 -0.427930 0.229475
v 0.264085 -0.425770 0.193105
v 0.276680 -0.443295 0.213075
v 0.264070 -0.448275 0.176980
v 0.276665 -0.461565 0.199985
v 0.264055 -0.473490 0.165555
v 0.276655 -0.482035 0.190710
v 0.264050 -0.500450 0.159270
v 0.276650 -0.503920 0.185605
v 0.264050 -0.528120 0.158365
v 0.276645 -0.526385 0.184870
v 0.264055 -0.555435 0.162875
v 0.276650 -0.548555 0.188530
v 0.264065 -0.581345 0.172625
v 0.276660 -0.569590 0.196445
v 0.264080 -0.604855 0.187245
v 0.276675 -0.588675 0.208315
v 0.264100 -0.625060 0.206170
v 0.276690 -0.605080 0.223680
v 0.264125 -0.641185 0.228670
v 0.276710 -0.618170 0.241945
v 0.286630 -0.594195 0.255775
v 0.276735 -0.627445 0.262415
v 0.286650 -0.601230 0.271305
v 0.276760 -0.632550 0.284305
v 0.286665 -0.605105 0.287905
v 0.293815 -0.576830 0.291620
v 0.286685 -0.605660 0.304945
v 0.293825 -0.577205 0.303070
v 0.286705 -0.602885 0.321765
v 0.293840 -0.575340 0.314375
v 0.286725 -0.596880 0.337720
v 0.293850 -0.571300 0.325100
v 0.286740 -0.587875 0.352195
v 0.293865 -0.565250 0.334830
v 0.286755 -0.576225 0.364640
v 0.293870 -0.557420 0.343190
v 0.286765 -0.562365 0.374570
v 0.286770 -0.546840 0.381605
v 0.293880 -0.548105 0.349865
v 0.298165 -0.533565 0.324675
v 0.293885 -0.537670 0.354590
v 0.298170 -0.528325 0.327050
v 0.293890 -0.526515 0.357195
v 0.286775 -0.530235 0.385475
v 0.298170 -0.522715 0.328355
v 0.293890 -0.515060 0.357570
v 0.286775 -0.513195 0.386035
v 0.298170 -0.516965 0.328545
v 0.293885 -0.503760 0.355700
v 0.286775 -0.496375 0.383255
v 0.298170 -0.511285 0.327605
v 0.293880 -0.493035 0.351665
v 0.286765 -0.480420 0.377250
v 0.298165 -0.505895 0.325580
v 0.293875 -0.483305 0.345615
v 0.286755 -0.465945 0.368250
v 0.298165 -0.501010 0.322540
v 0.293865 -0.474945 0.337785
v 0.286745 -0.453500 0.356595
v 0.298160 -0.496810 0.318605
v 0.293855 -0.468270 0.328470
v 0.286730 -0.443570 0.342740
v 0.298155 -0.493455 0.313925
v 0.293845 -0.463540 0.318035
v 0.286710 -0.436535 0.327210
v 0.298145 -0.491080 0.308685
v 0.293830 -0.460940 0.306875
v 0.286690 -0.432665 0.310610
v 0.298140 -0.489770 0.303075
v 0.293820 -0.460565 0.295425
v 0.286675 -0.432110 0.293570
v 0.298135 -0.489585 0.297325
v 0.293805 -0.462430 0.284120
v 0.286655 -0.434885 0.276750
v 0.298130 -0.490520 0.291645
v 0.293795 -0.466465 0.273400
v 0.286635 -0.440890 0.260795
v 0.298120 -0.492550 0.286255
v 0.293785 -0.472515 0.263670
v 0.286620 -0.449890 0.246315
v 0.298115 -0.495590 0.281370
v 0.293775 -0.480350 0.255310
v 0.286605 -0.461545 0.233875
v 0.298110 -0.499525 0.277165
v 0.293765 -0.489660 0.248635
v 0.286595 -0.475405 0.223945
v 0.298110 -0.504205 0.273815
v 0.293760 -0.500100 0.243905
v 0.286585 -0.490930 0.216910
v 0.298105 -0.509445 0.271440
v 0.293760 -0.511255 0.241305
v 0.286585 -0.507535 0.213040
v 0.298105 -0.515050 0.270130
v 0.293760 -0.522705 0.240930
v 0.286580 -0.524570 0.212480
v 0.298105 -0.520805 0.269945
v 0.293760 -0.534010 0.242795
v 0.286585 -0.541390 0.215255
v 0.298105 -0.526485 0.270880
v 0.293765 -0.544735 0.246830
v 0.286590 -0.557345 0.221260
v 0.298105 -0.531870 0.272910
v 0.293770 -0.554465 0.252880
v 0.286600 -0.571825 0.230265
v 0.298110 -0.536760 0.275950
v 0.293780 -0.562825 0.260715
v 0.286615 -0.584265 0.241920
v 0.298115 -0.540960 0.279885
v 0.293790 -0.569500 0.270025
v 0.298120 -0.544315 0.284560
v 0.293800 -0.574230 0.280460
v 0.298125 -0.546690 0.289805
v 0.298130 -0.547995 0.295410
v 0.299580 -0.518885 0.299240
v 0.298160 -0.538245 0.321320
v 0.298155 -0.542180 0.317120
v 0.298150 -0.545220 0.312230
v 0.298145 -0.547250 0.306845
v 0.298140 -0.548185 0.301165
v -0.264105 -0.630920 0.385845
v -0.248950 -0.628625 0.424990
v -0.264085 -0.612000 0.406050
v -0.276675 -0.594475 0.386080
v -0.264065 -0.589495 0.422175
v -0.276660 -0.576205 0.399175
v -0.264055 -0.564280 0.433600
v -0.276650 -0.555735 0.408450
v -0.264045 -0.537315 0.439885
v -0.276645 -0.533850 0.413550
v -0.264045 -0.509650 0.440790
v -0.276645 -0.511385 0.414285
v -0.264050 -0.482335 0.436280
v -0.276650 -0.489215 0.410625
v -0.264060 -0.456425 0.426530
v -0.276660 -0.468180 0.402710
v -0.264080 -0.432915 0.411910
v -0.276670 -0.449095 0.390840
v -0.264100 -0.412710 0.392985
v -0.276690 -0.432690 0.375480
v -0.264125 -0.396585 0.370485
v -0.276710 -0.419600 0.357210
v -0.264155 -0.385160 0.345270
v -0.276730 -0.410325 0.336740
v -0.264185 -0.378870 0.318305
v -0.276755 -0.405220 0.314850
v -0.264215 -0.377965 0.290640
v -0.276780 -0.404485 0.292390
v -0.264245 -0.382475 0.263325
v -0.276805 -0.408145 0.270215
v -0.264275 -0.392230 0.237415
v -0.276830 -0.416065 0.249185
v -0.264300 -0.406845 0.213905
v -0.276850 -0.427930 0.230100
v -0.264325 -0.425770 0.193700
v -0.276870 -0.443295 0.213695
v -0.264340 -0.448275 0.177575
v -0.276885 -0.461565 0.200605
v -0.264355 -0.473490 0.166150
v -0.276895 -0.482035 0.191330
v -0.264360 -0.500450 0.159860
v -0.276900 -0.503920 0.186225
v -0.264360 -0.528120 0.158955
v -0.276900 -0.526385 0.185490
v -0.264355 -0.555435 0.163465
v -0.276900 -0.548555 0.189150
v -0.264345 -0.581345 0.173220
v -0.276890 -0.569590 0.197070
v -0.264330 -0.604855 0.187835
v -0.276875 -0.588675 0.208935
v -0.264310 -0.625060 0.206760
v -0.276860 -0.605080 0.224300
v -0.264285 -0.641185 0.229265
v -0.276840 -0.618170 0.242565
v -0.264255 -0.652610 0.254480
v -0.276815 -0.627445 0.263035
v -0.264225 -0.658895 0.281440
v -0.276790 -0.632550 0.284925
v -0.264195 -0.659805 0.309110
v -0.276765 -0.633285 0.307385
v -0.264165 -0.655295 0.336425
v -0.276740 -0.629620 0.329560
v -0.264135 -0.645540 0.362335
v -0.276715 -0.621705 0.350595
v -0.286635 -0.596880 0.338360
v -0.276695 -0.609840 0.369680
v -0.286620 -0.587875 0.352840
v -0.293780 -0.565250 0.335485
v -0.286605 -0.576225 0.365280
v -0.293770 -0.557420 0.343850
v -0.286595 -0.562365 0.375210
v -0.293765 -0.548105 0.350520
v -0.286585 -0.546840 0.382245
v -0.293760 -0.537670 0.355250
v -0.286580 -0.530235 0.386120
v -0.293755 -0.526515 0.357850
v -0.286580 -0.513195 0.386675
v -0.293755 -0.515060 0.358225
v -0.286585 -0.496375 0.383900
v -0.293760 -0.503760 0.356360
v -0.286590 -0.480420 0.377895
v -0.293760 -0.493035 0.352325
v -0.286600 -0.465945 0.368890
v -0.293770 -0.483305 0.346275
v -0.286615 -0.453500 0.357240
v -0.293780 -0.474945 0.338445
v -0.286630 -0.443570 0.343380
v -0.293790 -0.468270 0.329130
v -0.286645 -0.436535 0.327855
v -0.293800 -0.463540 0.318695
v -0.286665 -0.432665 0.311250
v -0.293815 -0.460940 0.307535
v -0.286685 -0.432110 0.294210
v -0.293825 -0.460565 0.296085
v -0.286705 -0.434885 0.277390
v -0.293840 -0.462430 0.284780
v -0.286720 -0.440890 0.261435
v -0.293850 -0.466465 0.274060
v -0.286735 -0.449890 0.246960
v -0.293860 -0.472515 0.264330
v -0.286750 -0.461545 0.234515
v -0.293870 -0.480350 0.255965
v -0.286760 -0.475405 0.224585
v -0.293880 -0.489660 0.249295
v -0.286770 -0.490930 0.217550
v -0.293885 -0.500100 0.244565
v -0.286775 -0.507535 0.213680
v -0.293885 -0.511255 0.241965
v -0.286775 -0.524570 0.213125
v -0.293885 -0.522705 0.241590
v -0.286770 -0.541390 0.215900
v -0.293885 -0.534010 0.243455
v -0.286765 -0.557345 0.221905
v -0.293880 -0.544735 0.247490
v -0.286755 -0.571825 0.230905
v -0.293875 -0.554465 0.253540
v -0.286740 -0.584265 0.242560
v -0.293865 -0.562825 0.261370
v -0.286725 -0.594195 0.256420
v -0.293855 -0.569500 0.270685
v -0.286710 -0.601230 0.271945
v -0.293840 -0.574230 0.281120
v -0.286690 -0.605105 0.288550
v -0.293830 -0.576830 0.292280
v -0.286670 -0.605660 0.305585
v -0.293815 -0.577205 0.303730
v -0.286655 -0.602885 0.322405
v -0.293805 -0.575340 0.315035
v -0.298125 -0.547250 0.307510
v -0.293790 -0.571300 0.325755
v -0.298120 -0.545220 0.312900
v -0.298115 -0.542180 0.317790
v -0.299580 -0.518885 0.299915
v -0.298160 -0.499525 0.277835
v -0.298105 -0.533565 0.325340
v -0.298110 -0.538245 0.321990
v -0.298135 -0.548185 0.301835
v -0.298140 -0.547995 0.296080
v -0.298145 -0.546690 0.290475
v -0.298150 -0.544315 0.285230
v -0.298155 -0.540960 0.280550
v -0.298160 -0.536760 0.276615
v -0.298165 -0.531870 0.273575
v -0.298165 -0.526485 0.271550
v -0.298170 -0.520805 0.270610
v -0.298170 -0.515050 0.270800
v -0.298165 -0.509445 0.272105
v -0.298165 -0.504205 0.274480
v -0.298155 -0.495590 0.282035
v -0.298150 -0.492550 0.286925
v -0.298145 -0.490520 0.292310
v -0.298135 -0.489585 0.297990
v -0.298130 -0.489770 0.303745
v -0.298125 -0.491080 0.309350
v -0.298120 -0.493455 0.314595
v -0.298115 -0.496810 0.319275
v -0.298110 -0.501010 0.323210
v -0.298105 -0.505895 0.326250
v -0.298105 -0.511285 0.328275
v -0.298100 -0.516965 0.329215
v -0.298100 -0.522715 0.329025
v -0.298105 -0.528325 0.327720
v -0.230720 0.095025 0.764005
v -0.230705 0.061090 0.779380
v -0.248255 0.083220 0.743575
v -0.210955 0.105920 0.782845
v -0.230745 0.125310 0.742305
v -0.248280 0.109740 0.724570
v -0.210985 0.139675 0.758660
v -0.230775 0.150780 0.715110
v -0.248305 0.132045 0.700755
v -0.211015 0.168060 0.728350
v -0.230810 0.170450 0.683475
v -0.248335 0.149275 0.673050
v -0.211055 0.189990 0.693085
v -0.230850 0.183575 0.648605
v -0.248370 0.160765 0.642515
v -0.211100 0.204615 0.654220
v -0.230890 0.189645 0.611845
v -0.248405 0.166080 0.610320
v -0.211145 0.211380 0.613250
v -0.230935 0.188425 0.574610
v -0.248440 0.165015 0.577710
v -0.211190 0.210025 0.571745
v -0.230975 0.179965 0.538325
v -0.248480 0.157605 0.545935
v -0.211240 0.200595 0.531300
v -0.231010 0.164590 0.504390
v -0.248510 0.144140 0.516215
v -0.211280 0.183455 0.493475
v -0.231045 0.142890 0.474105
v -0.248540 0.125135 0.489695
v -0.211320 0.159265 0.459720
v -0.231075 0.115695 0.448640
v -0.248565 0.101320 0.467395
v -0.211350 0.128955 0.431335
v -0.231095 0.084060 0.428965
v -0.248585 0.073615 0.450165
v -0.211375 0.093695 0.409405
v -0.231110 0.049190 0.415840
v -0.248600 0.043080 0.438670
v -0.211390 0.054830 0.394780
v -0.231115 0.012430 0.409775
v -0.248605 0.010885 0.433355
v -0.211400 0.013855 0.388015
v -0.231115 -0.024805 0.410990
v -0.248605 -0.021725 0.434425
v -0.211395 -0.027650 0.389370
v -0.231105 -0.061090 0.419450
v -0.248595 -0.053500 0.441830
v -0.211385 -0.068090 0.398800
v -0.231090 -0.095025 0.434830
v -0.248580 -0.083215 0.455295
v -0.211365 -0.105915 0.415940
v -0.231065 -0.125310 0.456530
v -0.248560 -0.109740 0.474300
v -0.211340 -0.139670 0.440130
v -0.231035 -0.150775 0.483720
v -0.248530 -0.132040 0.498115
v -0.211305 -0.168060 0.470440
v -0.231000 -0.170450 0.515360
v -0.248500 -0.149270 0.525825
v -0.211265 -0.189985 0.505700
v -0.230960 -0.183575 0.550225
v -0.248465 -0.160765 0.556360
v -0.211225 -0.204615 0.544565
v -0.230920 -0.189645 0.586985
v -0.248430 -0.166080 0.588550
v -0.211175 -0.211380 0.585540
v -0.230875 -0.188425 0.624225
v -0.248395 -0.165010 0.621160
v -0.211130 -0.210020 0.627045
v -0.230835 -0.179965 0.660505
v -0.248360 -0.157605 0.652935
v -0.211085 -0.200590 0.667485
v -0.230800 -0.164590 0.694440
v -0.248325 -0.144135 0.682655
v -0.211045 -0.183455 0.705310
v -0.230765 -0.142885 0.724725
v -0.248295 -0.125135 0.709175
v -0.211005 -0.159265 0.739065
v -0.230735 -0.115695 0.750195
v -0.248270 -0.101320 0.731480
v -0.210975 -0.128955 0.767455
v -0.230715 -0.084055 0.769865
v -0.248250 -0.073610 0.748710
v -0.210950 -0.093690 0.789380
v -0.230700 -0.049190 0.782990
v -0.248240 -0.043075 0.760200
v -0.210930 -0.054825 0.804010
v -0.230690 -0.012430 0.789060
v -0.248230 -0.010885 0.765515
v -0.210925 -0.013855 0.810775
v -0.230695 0.024810 0.787840
v -0.248235 0.021725 0.764450
v -0.210925 0.027650 0.809415
v -0.189120 0.030230 0.828965
v -0.210935 0.068095 0.799985
v -0.189130 0.074440 0.818655
v -0.165500 0.080070 0.835215
v -0.189155 0.115790 0.799920
v -0.165525 0.124545 0.815060
v -0.189185 0.152690 0.773480
v -0.165555 0.164240 0.786620
v -0.189220 0.183725 0.740345
v -0.165595 0.197620 0.750980
v -0.189265 0.207695 0.701795
v -0.165640 0.223405 0.709515
v -0.189310 0.223690 0.659305
v -0.165690 0.240605 0.663810
v -0.189360 0.231085 0.614515
v -0.165745 0.248560 0.615635
v -0.189410 0.229595 0.569145
v -0.165800 0.246960 0.566830
v -0.189460 0.219290 0.524930
v -0.165855 0.235870 0.519275
v -0.189510 0.200555 0.483580
v -0.165905 0.215720 0.474800
v -0.189550 0.174110 0.446680
v -0.165950 0.187275 0.435105
v -0.189585 0.140975 0.415645
v -0.165985 0.151640 0.401725
v -0.189610 0.102425 0.391675
v -0.166015 0.110170 0.375940
v -0.189630 0.059940 0.375685
v -0.166035 0.064470 0.358740
v -0.189635 0.015145 0.368290
v -0.166045 0.016290 0.350785
v -0.189635 -0.030225 0.369775
v -0.166040 -0.032510 0.352385
v -0.189625 -0.074435 0.380080
v -0.166030 -0.080065 0.363470
v -0.189605 -0.115790 0.398820
v -0.166005 -0.124545 0.383625
v -0.189575 -0.152690 0.425260
v -0.165975 -0.164235 0.412065
v -0.189535 -0.183720 0.458395
v -0.165935 -0.197615 0.447705
v -0.189495 -0.207695 0.496945
v -0.165890 -0.223400 0.489175
v -0.189445 -0.223685 0.539435
v -0.165835 -0.240600 0.534875
v -0.189395 -0.231080 0.584225
v -0.165785 -0.248555 0.583050
v -0.189345 -0.229595 0.629595
v -0.165730 -0.246960 0.631855
v -0.189295 -0.219285 0.673810
v -0.165675 -0.235870 0.679410
v -0.189250 -0.200550 0.715160
v -0.165625 -0.215720 0.723890
v -0.189205 -0.174110 0.752060
v -0.165580 -0.187275 0.763580
v -0.189170 -0.140975 0.783090
v -0.165545 -0.151635 0.796960
v -0.189145 -0.102425 0.807065
v -0.165515 -0.110170 0.822745
v -0.189125 -0.059935 0.823055
v -0.165495 -0.064470 0.839945
v -0.189120 -0.015145 0.830450
v -0.165485 -0.016290 0.847900
v -0.140250 -0.017280 0.862955
v -0.165490 0.032515 0.846300
v -0.140255 0.034485 0.861260
v -0.113665 0.036130 0.873690
v -0.140265 0.084925 0.849500
v -0.113680 0.088965 0.861370
v -0.140290 0.132105 0.828120
v -0.140325 0.174205 0.797955
v -0.113705 0.138390 0.838980
v -0.086010 0.143340 0.847525
v -0.113740 0.182490 0.807375
v -0.086050 0.189020 0.814790
v -0.113780 0.219580 0.767775
v -0.140370 0.209610 0.760150
v -0.086095 0.227440 0.773775
v -0.113835 0.248235 0.721700
v -0.140415 0.236960 0.716170
v -0.086150 0.257115 0.726050
v -0.113890 0.267345 0.670920
v -0.140470 0.255205 0.667695
v -0.086205 0.276910 0.673450
v -0.113950 0.276185 0.617385
v -0.140530 0.263640 0.616595
v -0.086270 0.286065 0.618005
v -0.114010 0.274410 0.563160
v -0.140585 0.261945 0.564830
v -0.086330 0.284225 0.561835
v -0.114070 0.262085 0.510320
v -0.140645 0.250185 0.514390
v -0.086395 0.271465 0.507105
v -0.114125 0.239695 0.460900
v -0.140695 0.228810 0.467215
v -0.086450 0.248270 0.455915
v -0.114175 0.208090 0.416795
v -0.140745 0.198640 0.425115
v -0.086500 0.215540 0.410235
v -0.114215 0.168490 0.379705
v -0.140785 0.160840 0.389705
v -0.086545 0.174520 0.371815
v -0.114250 0.122415 0.351055
v -0.140815 0.116855 0.362355
v -0.086580 0.126795 0.342140
v -0.114270 0.071635 0.331940
v -0.140835 0.068380 0.344115
v -0.086600 0.074200 0.322345
v -0.114280 0.018105 0.323105
v -0.140845 0.017280 0.335675
v -0.086610 0.018750 0.313190
v -0.114280 -0.036125 0.324880
v -0.140840 -0.034485 0.337370
v -0.086610 -0.037420 0.315030
v -0.114265 -0.088965 0.337200
v -0.140830 -0.084925 0.349130
v -0.086595 -0.092150 0.327790
v -0.114240 -0.138385 0.359590
v -0.140805 -0.132100 0.370505
v -0.086570 -0.143340 0.350985
v -0.114205 -0.182490 0.391195
v -0.140770 -0.174200 0.400675
v -0.086530 -0.189020 0.383720
v -0.114160 -0.219580 0.430795
v -0.140730 -0.209605 0.438475
v -0.086485 -0.227435 0.424735
v -0.114110 -0.248230 0.476870
v -0.140680 -0.236955 0.482460
v -0.086435 -0.257115 0.472460
v -0.114050 -0.267345 0.527650
v -0.140625 -0.255200 0.530935
v -0.086375 -0.276910 0.525055
v -0.113990 -0.276180 0.581185
v -0.140565 -0.263640 0.582035
v -0.086310 -0.286065 0.580505
v -0.113930 -0.274405 0.635410
v -0.140510 -0.261945 0.633800
v -0.086250 -0.284225 0.636675
v -0.113870 -0.262085 0.688250
v -0.140455 -0.250180 0.684240
v -0.086185 -0.271465 0.691405
v -0.113815 -0.239695 0.737670
v -0.140400 -0.228805 0.731415
v -0.086130 -0.248270 0.742595
v -0.113765 -0.208090 0.781775
v -0.140355 -0.198640 0.773515
v -0.086080 -0.215535 0.788275
v -0.113725 -0.168490 0.818865
v -0.140315 -0.160835 0.808920
v -0.086035 -0.174520 0.826690
v -0.113695 -0.122415 0.847515
v -0.140280 -0.116855 0.836275
v -0.086000 -0.126795 0.856370
v -0.113670 -0.071635 0.866630
v -0.140260 -0.068380 0.854515
v -0.085980 -0.074195 0.876165
v -0.113660 -0.018100 0.875465
v -0.085970 -0.018750 0.885320
v -0.057445 -0.019215 0.892415
v -0.085970 0.037420 0.883480
v -0.057445 0.038355 0.890530
v -0.085985 0.092150 0.870720
v -0.057460 0.094445 0.877450
v -0.028375 0.095835 0.881505
v -0.057485 0.146910 0.853680
v -0.028400 0.149070 0.857385
v -0.057525 0.193730 0.820130
v -0.028440 0.196575 0.823340
v -0.057570 0.233105 0.778090
v -0.028490 0.236530 0.780685
v -0.057625 0.263520 0.729175
v -0.028545 0.267390 0.731050
v -0.057685 0.283810 0.675270
v -0.028605 0.287980 0.676355
v -0.057750 0.293195 0.618440
v -0.028670 0.297500 0.618690
v -0.057815 0.291310 0.560870
v -0.028735 0.295585 0.560275
v -0.057880 0.278230 0.504775
v -0.028800 0.282315 0.503355
v -0.057935 0.254460 0.452310
v -0.028860 0.258195 0.450120
v -0.057990 0.220910 0.405490
v -0.028910 0.224150 0.402615
v -0.058035 0.178870 0.366115
v -0.028955 0.181495 0.362665
v -0.058070 0.129955 0.335700
v -0.028990 0.131865 0.331800
v -0.058090 0.076050 0.315410
v -0.029015 0.077165 0.311215
v -0.058100 0.019220 0.306030
v -0.029025 0.019500 0.301690
v -0.058100 -0.038350 0.307915
v -0.029025 -0.038915 0.303605
v -0.058085 -0.094445 0.320995
v -0.029010 -0.095830 0.316875
v -0.058060 -0.146910 0.344765
v -0.028980 -0.149065 0.340995
v -0.058020 -0.193730 0.378315
v -0.028945 -0.196575 0.375040
v -0.057975 -0.233105 0.420355
v -0.028895 -0.236525 0.417695
v -0.057920 -0.263520 0.469270
v -0.028840 -0.267390 0.467325
v -0.057860 -0.283810 0.523175
v -0.028780 -0.287975 0.522025
v -0.057795 -0.293190 0.580005
v -0.028715 -0.297495 0.579690
v -0.057730 -0.291305 0.637575
v -0.028650 -0.295585 0.638105
v -0.057665 -0.278230 0.693670
v -0.028585 -0.282315 0.695020
v -0.057610 -0.254455 0.746135
v -0.028525 -0.258190 0.748255
v -0.057555 -0.220905 0.792950
v -0.028470 -0.224150 0.795765
v -0.057510 -0.178865 0.832325
v -0.028425 -0.181495 0.835715
v -0.057475 -0.129955 0.862745
v -0.028390 -0.131860 0.866580
v -0.057455 -0.076045 0.883030
v -0.028370 -0.077160 0.887165
v 0.000995 -0.077535 0.888525
v -0.028360 -0.019500 0.896685
v 0.001005 -0.019590 0.898095
v -0.028360 0.038915 0.894775
v 0.001005 0.039105 0.896170
v 0.030370 0.038915 0.894710
v 0.000990 0.096300 0.882835
v 0.030355 0.095835 0.881435
v 0.000965 0.149790 0.858600
v 0.000925 0.197525 0.824390
v 0.030325 0.149070 0.857315
v 0.059400 0.146910 0.853550
v 0.030285 0.196575 0.823275
v 0.059365 0.193730 0.820000
v 0.030240 0.236530 0.780615
v 0.000875 0.237675 0.781530
v 0.059320 0.233105 0.777960
v 0.030185 0.267390 0.730985
v 0.000820 0.268685 0.731655
v 0.059265 0.263520 0.729045
v 0.030125 0.287980 0.676285
v 0.000760 0.289370 0.676695
v 0.059205 0.283810 0.675140
v 0.030060 0.297500 0.618625
v 0.000695 0.298940 0.618750
v 0.059140 0.293195 0.618310
v 0.029995 0.295585 0.560210
v 0.000630 0.297015 0.560055
v 0.059075 0.291310 0.560740
v 0.029930 0.282315 0.503290
v 0.000565 0.283680 0.502860
v 0.059010 0.278230 0.504645
v 0.029870 0.258195 0.450055
v 0.000505 0.259445 0.449370
v 0.058955 0.254460 0.452180
v 0.029815 0.224150 0.402550
v 0.000450 0.225235 0.401630
v 0.058900 0.220910 0.405360
v 0.029770 0.181495 0.362595
v 0.000405 0.182375 0.361485
v 0.058855 0.178870 0.365985
v 0.029735 0.131865 0.331735
v 0.000370 0.132500 0.330475
v 0.058820 0.129955 0.335570
v 0.029715 0.077165 0.311145
v 0.000350 0.077540 0.309785
v 0.058800 0.076050 0.315280
v 0.029705 0.019500 0.301625
v 0.000335 0.019595 0.300220
v 0.058790 0.019220 0.305900
v 0.029705 -0.038915 0.303540
v 0.000340 -0.039100 0.302140
v 0.058790 -0.038350 0.307785
v 0.029720 -0.095830 0.316810
v 0.000355 -0.096295 0.315475
v 0.058805 -0.094445 0.320860
v 0.029745 -0.149065 0.340930
v 0.000380 -0.149790 0.339715
v 0.058830 -0.146910 0.344635
v 0.029785 -0.196575 0.374975
v 0.000420 -0.197525 0.373920
v 0.058870 -0.193730 0.378185
v 0.029835 -0.236525 0.417630
v 0.000470 -0.237670 0.416785
v 0.058915 -0.233105 0.420225
v 0.029890 -0.267390 0.467260
v 0.000525 -0.268685 0.466655
v 0.058970 -0.263520 0.469135
v 0.029950 -0.287975 0.521960
v 0.000585 -0.289370 0.521620
v 0.059030 -0.283810 0.523045
v 0.030015 -0.297495 0.579625
v 0.000650 -0.298935 0.579565
v 0.059095 -0.293190 0.579875
v 0.030080 -0.295585 0.638040
v 0.000715 -0.297015 0.638260
v 0.059160 -0.291305 0.637445
v 0.030145 -0.282315 0.694955
v 0.000780 -0.283680 0.695455
v 0.059225 -0.278230 0.693535
v 0.030205 -0.258190 0.748190
v 0.000840 -0.259440 0.748945
v 0.059280 -0.254455 0.746000
v 0.030255 -0.224150 0.795700
v 0.000895 -0.225235 0.796680
v 0.059335 -0.220905 0.792820
v 0.030300 -0.181495 0.835650
v 0.000940 -0.182370 0.836830
v 0.059380 -0.178865 0.832195
v 0.030335 -0.131860 0.866515
v 0.000975 -0.132500 0.867840
v 0.059415 -0.129955 0.862610
v 0.030360 -0.077160 0.887100
v 0.059435 -0.076045 0.882900
v 0.030370 -0.019500 0.896620
v 0.059445 -0.019215 0.892285
v 0.087955 -0.018750 0.885125
v 0.059445 0.038355 0.890400
v 0.087955 0.037420 0.883285
v 0.059430 0.094445 0.877320
v 0.087940 0.092150 0.870525
v 0.115610 0.088965 0.861115
v 0.087915 0.143340 0.847330
v 0.115585 0.138390 0.838720
v 0.087875 0.189020 0.814595
v 0.115550 0.182490 0.807120
v 0.087830 0.227440 0.773580
v 0.115505 0.219580 0.767515
v 0.087780 0.257115 0.725855
v 0.115455 0.248235 0.721440
v 0.087720 0.276910 0.673255
v 0.115395 0.267345 0.670660
v 0.087655 0.286065 0.617810
v 0.115335 0.276185 0.617130
v 0.087595 0.284225 0.561640
v 0.115275 0.274410 0.562900
v 0.087530 0.271465 0.506910
v 0.115215 0.262085 0.510060
v 0.087475 0.248270 0.455720
v 0.115160 0.239695 0.460640
v 0.087425 0.215540 0.410040
v 0.115110 0.208090 0.416540
v 0.087380 0.174520 0.371620
v 0.115070 0.168490 0.379450
v 0.087345 0.126795 0.341945
v 0.115040 0.122415 0.350795
v 0.087325 0.074200 0.322150
v 0.115015 0.071635 0.331685
v 0.087315 0.018750 0.312995
v 0.115005 0.018105 0.322845
v 0.087315 -0.037420 0.314835
v 0.115010 -0.036125 0.324620
v 0.087330 -0.092150 0.327595
v 0.115020 -0.088965 0.336940
v 0.087355 -0.143340 0.350790
v 0.115050 -0.138385 0.359335
v 0.087395 -0.189020 0.383525
v 0.115085 -0.182490 0.390940
v 0.087440 -0.227435 0.424540
v 0.115125 -0.219580 0.430540
v 0.087495 -0.257115 0.472265
v 0.115180 -0.248230 0.476615
v 0.087550 -0.276910 0.524860
v 0.115235 -0.267345 0.527395
v 0.087615 -0.286065 0.580310
v 0.115295 -0.276180 0.580925
v 0.087675 -0.284225 0.636480
v 0.115355 -0.274405 0.635155
v 0.087740 -0.271465 0.691210
v 0.115415 -0.262085 0.687995
v 0.087795 -0.248270 0.742400
v 0.115470 -0.239695 0.737415
v 0.087845 -0.215535 0.788080
v 0.115520 -0.208090 0.781520
v 0.087890 -0.174520 0.826495
v 0.115560 -0.168490 0.818610
v 0.087925 -0.126795 0.856175
v 0.115595 -0.122415 0.847260
v 0.087945 -0.074195 0.875970
v 0.115615 -0.071635 0.866370
v 0.142180 -0.068380 0.854200
v 0.115625 -0.018100 0.875210
v 0.142190 -0.017280 0.862635
v 0.115625 0.036130 0.873435
v 0.142185 0.034485 0.860945
v 0.167385 0.032515 0.845930
v 0.142175 0.084925 0.849180
v 0.167375 0.080070 0.834840
v 0.142150 0.132105 0.827805
v 0.167350 0.124545 0.814690
v 0.142115 0.174205 0.797640
v 0.167320 0.164240 0.786245
v 0.142075 0.209610 0.759835
v 0.167280 0.197620 0.750605
v 0.142025 0.236960 0.715855
v 0.167235 0.223405 0.709140
v 0.141970 0.255205 0.667380
v 0.167180 0.240605 0.663440
v 0.141910 0.263640 0.616280
v 0.167130 0.248560 0.615260
v 0.141855 0.261945 0.564515
v 0.167075 0.246960 0.566455
v 0.141800 0.250185 0.514075
v 0.167020 0.235870 0.518905
v 0.141745 0.228810 0.466895
v 0.166970 0.215720 0.474425
v 0.141700 0.198640 0.424795
v 0.166925 0.187275 0.434735
v 0.141660 0.160840 0.389390
v 0.166890 0.151640 0.401355
v 0.141625 0.116855 0.362040
v 0.166860 0.110170 0.375570
v 0.141605 0.068380 0.343795
v 0.166840 0.064470 0.358365
v 0.141595 0.017280 0.335360
v 0.166830 0.016290 0.350415
v 0.141600 -0.034485 0.337055
v 0.166835 -0.032510 0.352010
v 0.141610 -0.084925 0.348815
v 0.166845 -0.080065 0.363100
v 0.141635 -0.132100 0.370190
v 0.166870 -0.124545 0.383250
v 0.141670 -0.174200 0.400360
v 0.166900 -0.164235 0.411695
v 0.141710 -0.209605 0.438160
v 0.166940 -0.197615 0.447335
v 0.141760 -0.236955 0.482145
v 0.166985 -0.223400 0.488800
v 0.141815 -0.255200 0.530615
v 0.167035 -0.240600 0.534500
v 0.141875 -0.263640 0.581720
v 0.167090 -0.248555 0.582680
v 0.141930 -0.261945 0.633485
v 0.167145 -0.246960 0.631485
v 0.141990 -0.250180 0.683925
v 0.167200 -0.235870 0.679035
v 0.142040 -0.228805 0.731100
v 0.167250 -0.215720 0.723515
v 0.142090 -0.198640 0.773200
v 0.167295 -0.187275 0.763205
v 0.142130 -0.160835 0.808605
v 0.167330 -0.151635 0.796585
v 0.142160 -0.116855 0.835955
v 0.167360 -0.110170 0.822370
v 0.190955 -0.102425 0.806640
v 0.167380 -0.064470 0.839575
v 0.190975 -0.059935 0.822630
v 0.167390 -0.016290 0.847525
v 0.190980 -0.015145 0.830025
v 0.212745 -0.013855 0.810300
v 0.190980 0.030230 0.828540
v 0.212740 0.027650 0.808940
v 0.190970 0.074440 0.818230
v 0.212730 0.068095 0.799510
v 0.190950 0.115790 0.799495
v 0.212710 0.105920 0.782375
v 0.190920 0.152690 0.773050
v 0.212685 0.139675 0.758185
v 0.190880 0.183725 0.739920
v 0.212650 0.168060 0.727875
v 0.190840 0.207695 0.701365
v 0.212610 0.189990 0.692610
v 0.190790 0.223690 0.658880
v 0.212570 0.204615 0.653745
v 0.190740 0.231085 0.614090
v 0.212520 0.211380 0.612775
v 0.190690 0.229595 0.568715
v 0.212475 0.210025 0.571270
v 0.190640 0.219290 0.524505
v 0.212430 0.200595 0.530825
v 0.190595 0.200555 0.483155
v 0.212390 0.183455 0.493000
v 0.190550 0.174110 0.446255
v 0.212350 0.159265 0.459245
v 0.190515 0.140975 0.415220
v 0.212320 0.128955 0.430860
v 0.190490 0.102425 0.391250
v 0.212295 0.093695 0.408930
v 0.190470 0.059940 0.375255
v 0.212275 0.054830 0.394305
v 0.190465 0.015145 0.367860
v 0.212270 0.013855 0.387540
v 0.190465 -0.030225 0.369350
v 0.212270 -0.027650 0.388900
v 0.190475 -0.074435 0.379655
v 0.212280 -0.068090 0.398325
v 0.190500 -0.115790 0.398390
v 0.212300 -0.105915 0.415465
v 0.190530 -0.152690 0.424835
v 0.212330 -0.139670 0.439655
v 0.190565 -0.183720 0.457970
v 0.212360 -0.168060 0.469965
v 0.190610 -0.207695 0.496520
v 0.212400 -0.189985 0.505225
v 0.190655 -0.223685 0.539005
v 0.212445 -0.204615 0.544095
v 0.190705 -0.231080 0.583800
v 0.212490 -0.211380 0.585065
v 0.190755 -0.229595 0.629170
v 0.212535 -0.210020 0.626570
v 0.190805 -0.219285 0.673380
v 0.212585 -0.200590 0.667010
v 0.190855 -0.200550 0.714730
v 0.212625 -0.183455 0.704835
v 0.190895 -0.174110 0.751635
v 0.212665 -0.159265 0.738590
v 0.190930 -0.140975 0.782665
v 0.212695 -0.128955 0.766980
v 0.232420 -0.115695 0.749675
v 0.212720 -0.093690 0.788905
v 0.232440 -0.084055 0.769350
v 0.212735 -0.054825 0.803535
v 0.232455 -0.049190 0.782470
v 0.249945 -0.043075 0.759645
v 0.232460 -0.012430 0.788540
v 0.249950 -0.010885 0.764960
v 0.232460 0.024810 0.787320
v 0.249950 0.021725 0.763890
v 0.232450 0.061090 0.778860
v 0.249940 0.053500 0.756480
v 0.232435 0.095025 0.763485
v 0.249925 0.083220 0.743015
v 0.232410 0.125310 0.741785
v 0.249905 0.109740 0.724010
v 0.232380 0.150780 0.714590
v 0.249875 0.132045 0.700200
v 0.232345 0.170450 0.682955
v 0.249845 0.149275 0.672490
v 0.232305 0.183575 0.648085
v 0.249810 0.160765 0.641955
v 0.232265 0.189645 0.611325
v 0.249775 0.166080 0.609765
v 0.232220 0.188425 0.574090
v 0.249740 0.165015 0.577155
v 0.232180 0.179965 0.537805
v 0.249705 0.157605 0.545380
v 0.232145 0.164590 0.503870
v 0.249670 0.144140 0.515660
v 0.232110 0.142890 0.473590
v 0.249640 0.125135 0.489140
v 0.232080 0.115695 0.448120
v 0.249615 0.101320 0.466835
v 0.232060 0.084060 0.428445
v 0.249595 0.073615 0.449605
v 0.232045 0.049190 0.415320
v 0.249585 0.043080 0.438110
v 0.232035 0.012430 0.409255
v 0.249575 0.010885 0.432795
v 0.232040 -0.024805 0.410470
v 0.249580 -0.021725 0.433865
v 0.232050 -0.061090 0.418930
v 0.249585 -0.053500 0.441275
v 0.232065 -0.095025 0.434310
v 0.249600 -0.083215 0.454740
v 0.232090 -0.125310 0.456010
v 0.249625 -0.109740 0.473745
v 0.232120 -0.150775 0.483200
v 0.249650 -0.132040 0.497555
v 0.232155 -0.170450 0.514840
v 0.249680 -0.149270 0.525265
v 0.232195 -0.183575 0.549710
v 0.249715 -0.160765 0.555800
v 0.232235 -0.189645 0.586465
v 0.249750 -0.166080 0.587990
v 0.232275 -0.188425 0.623705
v 0.249785 -0.165010 0.620600
v 0.232320 -0.179965 0.659985
v 0.249825 -0.157605 0.652375
v 0.232355 -0.164590 0.693920
v 0.249855 -0.144135 0.682095
v 0.232390 -0.142885 0.724205
v 0.249885 -0.125135 0.708615
v 0.264980 -0.106175 0.691975
v 0.249910 -0.101320 0.730920
v 0.265005 -0.085970 0.710900
v 0.249930 -0.073610 0.748150
v 0.265020 -0.062460 0.725515
v 0.277560 -0.050705 0.701665
v 0.265030 -0.036550 0.735270
v 0.277570 -0.029670 0.709585
v 0.265035 -0.009235 0.739780
v 0.277575 -0.007495 0.713245
v 0.265035 0.018435 0.738875
v 0.277575 0.014965 0.712510
v 0.265025 0.045395 0.732585
v 0.277570 0.036850 0.707405
v 0.265015 0.070610 0.721160
v 0.277560 0.057325 0.698130
v 0.264995 0.093115 0.705035
v 0.277545 0.075590 0.685040
v 0.264975 0.112040 0.684830
v 0.277525 0.090955 0.668635
v 0.264945 0.126660 0.661320
v 0.277505 0.102820 0.649550
v 0.264920 0.136410 0.635410
v 0.277480 0.110740 0.628520
v 0.264885 0.140920 0.608095
v 0.277455 0.114400 0.606345
v 0.264855 0.140015 0.580425
v 0.277430 0.113665 0.583880
v 0.264825 0.133725 0.553465
v 0.277405 0.108560 0.561995
v 0.264800 0.122300 0.528250
v 0.277385 0.099285 0.541525
v 0.264775 0.106175 0.505745
v 0.277360 0.086195 0.523255
v 0.264750 0.085970 0.486825
v 0.277345 0.069790 0.507895
v 0.264735 0.062460 0.472205
v 0.277330 0.050705 0.496025
v 0.264725 0.036550 0.462450
v 0.277325 0.029675 0.488110
v 0.264720 0.009235 0.457945
v 0.277320 0.007500 0.484450
v 0.264720 -0.018430 0.458850
v 0.277320 -0.014965 0.485185
v 0.264725 -0.045395 0.465135
v 0.277325 -0.036850 0.490285
v 0.264740 -0.070610 0.476560
v 0.277335 -0.057320 0.499560
v 0.264760 -0.093110 0.492685
v 0.277350 -0.075590 0.512655
v 0.264780 -0.112035 0.512890
v 0.277370 -0.090950 0.529055
v 0.264805 -0.126655 0.536400
v 0.277390 -0.102820 0.548140
v 0.264835 -0.136405 0.562310
v 0.277415 -0.110735 0.569175
v 0.264865 -0.140915 0.589625
v 0.277440 -0.114395 0.591350
v 0.264900 -0.140010 0.617295
v 0.277465 -0.113660 0.613810
v 0.264930 -0.133725 0.644255
v 0.277490 -0.108560 0.635695
v 0.264955 -0.122300 0.669470
v 0.277510 -0.099285 0.656170
v 0.287400 -0.075310 0.642315
v 0.277530 -0.086195 0.674435
v 0.287415 -0.065380 0.656175
v 0.277550 -0.069790 0.689800
v 0.287430 -0.052940 0.667830
v 0.294545 -0.035580 0.645195
v 0.287440 -0.038460 0.676830
v 0.294555 -0.025850 0.651245
v 0.287445 -0.022505 0.682835
v 0.294560 -0.015125 0.655280
v 0.287450 -0.005685 0.685610
v 0.294560 -0.003820 0.657145
v 0.287450 0.011350 0.685055
v 0.294560 0.007630 0.656770
v 0.287445 0.027955 0.681185
v 0.294555 0.018790 0.654170
v 0.287435 0.043485 0.674145
v 0.287425 0.057340 0.664215
v 0.294550 0.029225 0.649440
v 0.298835 0.014685 0.624250
v 0.294545 0.038535 0.642770
v 0.298835 0.019360 0.620900
v 0.294535 0.046370 0.634405
v 0.287410 0.068995 0.651775
v 0.298830 0.023295 0.616700
v 0.294525 0.052420 0.624675
v 0.287395 0.077995 0.637300
v 0.298825 0.026335 0.611810
v 0.294510 0.056455 0.613955
v 0.287375 0.084000 0.621345
v 0.298815 0.028365 0.606420
v 0.294500 0.058320 0.602650
v 0.287360 0.086780 0.604525
v 0.298810 0.029300 0.600745
v 0.294485 0.057945 0.591200
v 0.287340 0.086220 0.587485
v 0.298805 0.029115 0.594990
v 0.294475 0.055345 0.580040
v 0.287320 0.082350 0.570880
v 0.298800 0.027805 0.589385
v 0.294460 0.050615 0.569605
v 0.287300 0.075315 0.555355
v 0.298790 0.025430 0.584140
v 0.294450 0.043940 0.560290
v 0.287285 0.065385 0.541495
v 0.298785 0.022080 0.579460
v 0.294445 0.035580 0.552460
v 0.287275 0.052940 0.529845
v 0.298780 0.017875 0.575525
v 0.294435 0.025850 0.546410
v 0.287265 0.038465 0.520840
v 0.298780 0.012990 0.572485
v 0.294430 0.015130 0.542375
v 0.287255 0.022510 0.514835
v 0.298775 0.007600 0.570460
v 0.294430 0.003825 0.540510
v 0.287255 0.005690 0.512060
v 0.298775 0.001920 0.569520
v 0.294430 -0.007625 0.540880
v 0.287255 -0.011350 0.512615
v 0.298775 -0.003830 0.569710
v 0.294435 -0.018785 0.543485
v 0.287260 -0.027950 0.516485
v 0.298775 -0.009440 0.571015
v 0.294440 -0.029220 0.548215
v 0.287265 -0.043480 0.523525
v 0.298780 -0.014680 0.573395
v 0.294445 -0.038535 0.554885
v 0.287280 -0.057340 0.533455
v 0.298785 -0.019360 0.576745
v 0.294455 -0.046365 0.563250
v 0.287290 -0.068990 0.545895
v 0.298790 -0.023295 0.580945
v 0.294465 -0.052415 0.572980
v 0.287310 -0.077995 0.560375
v 0.298795 -0.026335 0.585835
v 0.294480 -0.056450 0.583700
v 0.287325 -0.084000 0.576330
v 0.298800 -0.028360 0.591225
v 0.294490 -0.058320 0.595005
v 0.287345 -0.086775 0.593150
v 0.298805 -0.029300 0.596900
v 0.294505 -0.057945 0.606455
v 0.287365 -0.086220 0.610185
v 0.298815 -0.029110 0.602655
v 0.294515 -0.055340 0.617615
v 0.287380 -0.082345 0.626790
v 0.298820 -0.027805 0.608260
v 0.294525 -0.050615 0.628050
v 0.298825 -0.025430 0.613505
v 0.294540 -0.043940 0.637365
v 0.298830 -0.022075 0.618185
v 0.298835 -0.017875 0.622120
v 0.300250 0.000000 0.598820
v 0.298840 0.009440 0.626630
v 0.298840 0.003835 0.627935
v 0.298840 -0.001920 0.628125
v 0.298840 -0.007600 0.627185
v 0.298840 -0.012985 0.625160
v -0.263375 0.018435 0.739465
v -0.248240 0.053500 0.757040
v -0.263380 0.045395 0.733180
v -0.275980 0.036850 0.708025
v -0.263395 0.070610 0.721755
v -0.275990 0.057325 0.698750
v -0.263415 0.093115 0.705630
v -0.276005 0.075590 0.685660
v -0.263435 0.112040 0.685420
v -0.276025 0.090955 0.669255
v -0.263460 0.126660 0.661915
v -0.276045 0.102820 0.650170
v -0.263490 0.136410 0.636005
v -0.276070 0.110740 0.629140
v -0.263520 0.140920 0.608690
v -0.276095 0.114400 0.606965
v -0.263555 0.140015 0.581020
v -0.276120 0.113665 0.584505
v -0.263585 0.133725 0.554060
v -0.276145 0.108560 0.562615
v -0.263610 0.122300 0.528845
v -0.276165 0.099285 0.542145
v -0.263635 0.106175 0.506340
v -0.276185 0.086195 0.523875
v -0.263660 0.085970 0.487415
v -0.276205 0.069790 0.508515
v -0.263675 0.062460 0.472795
v -0.276215 0.050705 0.496645
v -0.263685 0.036550 0.463045
v -0.276225 0.029675 0.488730
v -0.263690 0.009235 0.458535
v -0.276230 0.007500 0.485070
v -0.263690 -0.018430 0.459440
v -0.276230 -0.014965 0.485805
v -0.263680 -0.045395 0.465725
v -0.276225 -0.036850 0.490905
v -0.263670 -0.070610 0.477150
v -0.276215 -0.057320 0.500180
v -0.263650 -0.093110 0.493280
v -0.276200 -0.075590 0.513275
v -0.263630 -0.112035 0.513485
v -0.276180 -0.090950 0.529675
v -0.263600 -0.126655 0.536995
v -0.276160 -0.102820 0.548760
v -0.263575 -0.136405 0.562900
v -0.276135 -0.110735 0.569795
v -0.263540 -0.140915 0.590215
v -0.276110 -0.114395 0.591970
v -0.263510 -0.140010 0.617885
v -0.276085 -0.113660 0.614430
v -0.263480 -0.133725 0.644845
v -0.276060 -0.108560 0.636320
v -0.263455 -0.122300 0.670065
v -0.276040 -0.099285 0.656790
v -0.263430 -0.106175 0.692565
v -0.276015 -0.086195 0.675055
v -0.263405 -0.085970 0.711490
v -0.276000 -0.069790 0.690420
v -0.263390 -0.062460 0.726110
v -0.275985 -0.050705 0.702290
v -0.263380 -0.036550 0.735860
v -0.275980 -0.029670 0.710205
v -0.263375 -0.009235 0.740370
v -0.275975 -0.007495 0.713865
v -0.285910 -0.005685 0.686255
v -0.275975 0.014965 0.713130
v -0.285910 0.011350 0.685695
v -0.293085 0.007630 0.657430
v -0.285915 0.027955 0.681825
v -0.293090 0.018790 0.654830
v -0.285920 0.043485 0.674790
v -0.293095 0.029225 0.650100
v -0.285935 0.057340 0.664860
v -0.293100 0.038535 0.643425
v -0.285945 0.068995 0.652420
v -0.293110 0.046370 0.635065
v -0.285965 0.077995 0.637940
v -0.293120 0.052420 0.625335
v -0.285980 0.084000 0.621985
v -0.293135 0.056455 0.614610
v -0.286000 0.086780 0.605165
v -0.293145 0.058320 0.603310
v -0.286020 0.086220 0.588125
v -0.293160 0.057945 0.591855
v -0.286040 0.082350 0.571525
v -0.293170 0.055345 0.580700
v -0.286055 0.075315 0.555995
v -0.293180 0.050615 0.570265
v -0.286070 0.065385 0.542140
v -0.293195 0.043940 0.560950
v -0.286085 0.052940 0.530485
v -0.293200 0.035580 0.553120
v -0.286095 0.038465 0.521485
v -0.293210 0.025850 0.547070
v -0.286100 0.022510 0.515480
v -0.293215 0.015130 0.543035
v -0.286105 0.005690 0.512700
v -0.293215 0.003825 0.541165
v -0.286105 -0.011350 0.513260
v -0.293215 -0.007625 0.541540
v -0.286100 -0.027950 0.517130
v -0.293210 -0.018785 0.544145
v -0.286090 -0.043480 0.524165
v -0.293205 -0.029220 0.548870
v -0.286080 -0.057340 0.534095
v -0.293200 -0.038535 0.555545
v -0.286065 -0.068990 0.546540
v -0.293190 -0.046365 0.563905
v -0.286050 -0.077995 0.561015
v -0.293180 -0.052415 0.573635
v -0.286030 -0.084000 0.576970
v -0.293165 -0.056450 0.584360
v -0.286015 -0.086775 0.593790
v -0.293155 -0.058320 0.595665
v -0.285995 -0.086220 0.610830
v -0.293140 -0.057945 0.607115
v -0.285975 -0.082345 0.627430
v -0.293130 -0.055340 0.618270
v -0.285955 -0.075310 0.642960
v -0.293115 -0.050615 0.628710
v -0.285940 -0.065380 0.656815
v -0.293105 -0.043940 0.638020
v -0.285930 -0.052940 0.668470
v -0.293100 -0.035580 0.645855
v -0.285920 -0.038460 0.677475
v -0.293090 -0.025850 0.651905
v -0.285910 -0.022505 0.683480
v -0.293085 -0.015125 0.655940
v -0.297430 -0.007600 0.627855
v -0.293085 -0.003820 0.657805
v -0.297430 -0.001920 0.628790
v -0.297430 0.003835 0.628605
v -0.298905 0.000000 0.599490
v -0.297495 -0.009440 0.571685
v -0.297435 0.014685 0.624920
v -0.297430 0.009440 0.627295
v -0.297435 -0.012985 0.625825
v -0.297435 -0.017875 0.622785
v -0.297440 -0.022075 0.618850
v -0.297445 -0.025430 0.614175
v -0.297455 -0.027805 0.608930
v -0.297460 -0.029110 0.603325
v -0.297465 -0.029300 0.597570
v -0.297470 -0.028360 0.591890
v -0.297480 -0.026335 0.586505
v -0.297485 -0.023295 0.581615
v -0.297490 -0.019360 0.577415
v -0.297490 -0.014680 0.574060
v -0.297495 -0.003830 0.570380
v -0.297495 0.001920 0.570190
v -0.297495 0.007600 0.571125
v -0.297495 0.012990 0.573155
v -0.297490 0.017875 0.576195
v -0.297485 0.022080 0.580130
v -0.297480 0.025430 0.584810
v -0.297475 0.027805 0.590050
v -0.297470 0.029115 0.595660
v -0.297460 0.029300 0.601410
v -0.297455 0.028365 0.607090
v -0.297450 0.026335 0.612480
v -0.297445 0.023295 0.617365
v -0.297440 0.019360 0.621570
vt 0.359375 0.783447
vt 0.359375 0.791870
vt 0.345703 0.791870
vt 0.345703 0.783447
vt 0.359375 0.892944
vt 0.359375 0.901367
vt 0.345703 0.901367
vt 0.345703 0.892944
vt 0.359375 0.775024
vt 0.345703 0.775024
vt 0.359375 0.884521
vt 0.345703 0.884521
vt 0.359375 0.766602
vt 0.345703 0.766602
vt 0.359375 0.876099
vt 0.345703 0.876099
vt 0.359375 0.758179
vt 0.345703 0.758179
vt 0.359375 0.867676
vt 0.345703 0.867676
vt 0.359375 0.749756
vt 0.345703 0.749756
vt 0.359375 0.859253
vt 0.345703 0.859253
vt 0.359375 0.741333
vt 0.345703 0.741333
vt 0.359375 0.850830
vt 0.345703 0.850830
vt 0.359375 0.960327
vt 0.352539 0.968750
vt 0.345703 0.960327
vt 0.359375 0.732910
vt 0.345703 0.732910
vt 0.359375 0.842407
vt 0.345703 0.842407
vt 0.359375 0.951904
vt 0.345703 0.951904
vt 0.359375 0.724487
vt 0.345703 0.724487
vt 0.359375 0.833984
vt 0.345703 0.833984
vt 0.359375 0.943481
vt 0.345703 0.943481
vt 0.359375 0.716064
vt 0.345703 0.716064
vt 0.359375 0.825562
vt 0.345703 0.825562
vt 0.359375 0.935059
vt 0.345703 0.935059
vt 0.359375 0.707642
vt 0.345703 0.707642
vt 0.359375 0.817139
vt 0.345703 0.817139
vt 0.359375 0.926636
vt 0.345703 0.926636
vt 0.352539 0.699219
vt 0.359375 0.808716
vt 0.345703 0.808716
vt 0.359375 0.918213
vt 0.345703 0.918213
vt 0.359375 0.800293
vt 0.345703 0.800293
vt 0.359375 0.909790
vt 0.345703 0.909790
vt 0.332031 0.833984
vt 0.332031 0.825562
vt 0.332031 0.943481
vt 0.332031 0.935059
vt 0.332031 0.716064
vt 0.332031 0.707642
vt 0.332031 0.817139
vt 0.332031 0.926636
vt 0.338867 0.699219
vt 0.332031 0.808716
vt 0.332031 0.918213
vt 0.332031 0.800293
vt 0.332031 0.909790
vt 0.332031 0.791870
vt 0.332031 0.901367
vt 0.332031 0.783447
vt 0.332031 0.892944
vt 0.332031 0.775024
vt 0.332031 0.884521
vt 0.332031 0.766602
vt 0.332031 0.876099
vt 0.332031 0.758179
vt 0.332031 0.867676
vt 0.332031 0.749756
vt 0.332031 0.859253
vt 0.332031 0.741333
vt 0.332031 0.850830
vt 0.338867 0.968750
vt 0.332031 0.960327
vt 0.332031 0.732910
vt 0.332031 0.842407
vt 0.332031 0.951904
vt 0.332031 0.724487
vt 0.318359 0.817139
vt 0.318359 0.808716
vt 0.318359 0.926636
vt 0.318359 0.918213
vt 0.318359 0.800293
vt 0.318359 0.909790
vt 0.318359 0.791870
vt 0.318359 0.901367
vt 0.318359 0.783447
vt 0.318359 0.892944
vt 0.318359 0.775024
vt 0.318359 0.884521
vt 0.318359 0.766602
vt 0.318359 0.876099
vt 0.318359 0.758179
vt 0.318359 0.867676
vt 0.318359 0.749756
vt 0.318359 0.859253
vt 0.318359 0.741333
vt 0.318359 0.850830
vt 0.325195 0.968750
vt 0.318359 0.960327
vt 0.318359 0.732910
vt 0.318359 0.842407
vt 0.318359 0.951904
vt 0.318359 0.724487
vt 0.318359 0.833984
vt 0.318359 0.943481
vt 0.318359 0.716064
vt 0.318359 0.825562
vt 0.318359 0.935059
vt 0.318359 0.707642
vt 0.325195 0.699219
vt 0.304688 0.800293
vt 0.304688 0.791870
vt 0.304688 0.909790
vt 0.304688 0.901367
vt 0.304688 0.783447
vt 0.304688 0.892944
vt 0.304688 0.775024
vt 0.304688 0.884521
vt 0.304688 0.766602
vt 0.304688 0.876099
vt 0.304688 0.758179
vt 0.304688 0.867676
vt 0.304688 0.749756
vt 0.304688 0.859253
vt 0.304688 0.741333
vt 0.304688 0.850830
vt 0.311523 0.968750
vt 0.304688 0.960327
vt 0.304688 0.732910
vt 0.304688 0.842407
vt 0.304688 0.951904
vt 0.304688 0.724487
vt 0.304688 0.833984
vt 0.304688 0.943481
vt 0.304688 0.716064
vt 0.304688 0.825562
vt 0.304688 0.935059
vt 0.304688 0.707642
vt 0.304688 0.817139
vt 0.304688 0.926636
vt 0.311523 0.699219
vt 0.304688 0.808716
vt 0.304688 0.918213
vt 0.291016 0.783447
vt 0.291016 0.775024
vt 0.291016 0.892944
vt 0.291016 0.884521
vt 0.291016 0.766602
vt 0.291016 0.876099
vt 0.291016 0.758179
vt 0.291016 0.867676
vt 0.291016 0.749756
vt 0.291016 0.859253
vt 0.291016 0.741333
vt 0.291016 0.850830
vt 0.297852 0.968750
vt 0.291016 0.960327
vt 0.291016 0.732910
vt 0.291016 0.842407
vt 0.291016 0.951904
vt 0.291016 0.724487
vt 0.291016 0.833984
vt 0.291016 0.943481
vt 0.291016 0.716064
vt 0.291016 0.825562
vt 0.291016 0.935059
vt 0.291016 0.707642
vt 0.291016 0.817139
vt 0.291016 0.926636
vt 0.297852 0.699219
vt 0.291016 0.808716
vt 0.291016 0.918213
vt 0.291016 0.800293
vt 0.291016 0.909790
vt 0.291016 0.791870
vt 0.291016 0.901367
vt 0.277344 0.766602
vt 0.277344 0.758179
vt 0.277344 0.876099
vt 0.277344 0.867676
vt 0.277344 0.749756
vt 0.277344 0.859253
vt 0.277344 0.741333
vt 0.277344 0.850830
vt 0.284180 0.968750
vt 0.277344 0.960327
vt 0.277344 0.732910
vt 0.277344 0.842407
vt 0.277344 0.951904
vt 0.277344 0.724487
vt 0.277344 0.833984
vt 0.277344 0.943481
vt 0.277344 0.716064
vt 0.277344 0.825562
vt 0.277344 0.935059
vt 0.277344 0.707642
vt 0.277344 0.817139
vt 0.277344 0.926636
vt 0.284180 0.699219
vt 0.277344 0.808716
vt 0.277344 0.918213
vt 0.277344 0.800293
vt 0.277344 0.909790
vt 0.277344 0.791870
vt 0.277344 0.901367
vt 0.277344 0.783447
vt 0.277344 0.892944
vt 0.277344 0.775024
vt 0.277344 0.884521
vt 0.263672 0.749756
vt 0.263672 0.741333
vt 0.263672 0.859253
vt 0.263672 0.850830
vt 0.270508 0.968750
vt 0.263672 0.960327
vt 0.263672 0.732910
vt 0.263672 0.842407
vt 0.263672 0.951904
vt 0.263672 0.724487
vt 0.263672 0.833984
vt 0.263672 0.943481
vt 0.263672 0.716064
vt 0.263672 0.825562
vt 0.263672 0.935059
vt 0.263672 0.707642
vt 0.263672 0.817139
vt 0.263672 0.926636
vt 0.270508 0.699219
vt 0.263672 0.808716
vt 0.263672 0.918213
vt 0.263672 0.800293
vt 0.263672 0.909790
vt 0.263672 0.791870
vt 0.263672 0.901367
vt 0.263672 0.783447
vt 0.263672 0.892944
vt 0.263672 0.775024
vt 0.263672 0.884521
vt 0.263672 0.766602
vt 0.263672 0.876099
vt 0.263672 0.758179
vt 0.263672 0.867676
vt 0.250000 0.960327
vt 0.250000 0.951904
vt 0.250000 0.732910
vt 0.250000 0.724487
vt 0.250000 0.842407
vt 0.250000 0.833984
vt 0.250000 0.943481
vt 0.250000 0.716064
vt 0.250000 0.825562
vt 0.250000 0.935059
vt 0.250000 0.707642
vt 0.250000 0.817139
vt 0.250000 0.926636
vt 0.256836 0.699219
vt 0.250000 0.808716
vt 0.250000 0.918213
vt 0.250000 0.800293
vt 0.250000 0.909790
vt 0.250000 0.791870
vt 0.250000 0.901367
vt 0.250000 0.783447
vt 0.250000 0.892944
vt 0.250000 0.775024
vt 0.250000 0.884521
vt 0.250000 0.766602
vt 0.250000 0.876099
vt 0.250000 0.758179
vt 0.250000 0.867676
vt 0.250000 0.749756
vt 0.250000 0.859253
vt 0.250000 0.741333
vt 0.250000 0.850830
vt 0.256836 0.968750
vt 0.236328 0.943481
vt 0.236328 0.935059
vt 0.236328 0.716064
vt 0.236328 0.707642
vt 0.236328 0.825562
vt 0.236328 0.817139
vt 0.236328 0.926636
vt 0.243164 0.699219
vt 0.236328 0.808716
vt 0.236328 0.918213
vt 0.236328 0.800293
vt 0.236328 0.909790
vt 0.236328 0.791870
vt 0.236328 0.901367
vt 0.236328 0.783447
vt 0.236328 0.892944
vt 0.236328 0.775024
vt 0.236328 0.884521
vt 0.236328 0.766602
vt 0.236328 0.876099
vt 0.236328 0.758179
vt 0.236328 0.867676
vt 0.236328 0.749756
vt 0.236328 0.859253
vt 0.236328 0.741333
vt 0.236328 0.850830
vt 0.243164 0.968750
vt 0.236328 0.960327
vt 0.236328 0.732910
vt 0.236328 0.842407
vt 0.236328 0.951904
vt 0.236328 0.724487
vt 0.236328 0.833984
vt 0.222656 0.926636
vt 0.222656 0.918213
vt 0.222656 0.808716
vt 0.222656 0.800293
vt 0.222656 0.909790
vt 0.222656 0.791870
vt 0.222656 0.901367
vt 0.222656 0.783447
vt 0.222656 0.892944
vt 0.222656 0.775024
vt 0.222656 0.884521
vt 0.222656 0.766602
vt 0.222656 0.876099
vt 0.222656 0.758179
vt 0.222656 0.867676
vt 0.222656 0.749756
vt 0.222656 0.859253
vt 0.222656 0.741333
vt 0.222656 0.850830
vt 0.229492 0.968750
vt 0.222656 0.960327
vt 0.222656 0.732910
vt 0.222656 0.842407
vt 0.222656 0.951904
vt 0.222656 0.724487
vt 0.222656 0.833984
vt 0.222656 0.943481
vt 0.222656 0.716064
vt 0.222656 0.825562
vt 0.222656 0.935059
vt 0.222656 0.707642
vt 0.222656 0.817139
vt 0.229492 0.699219
vt 0.208984 0.909790
vt 0.208984 0.901367
vt 0.208984 0.791870
vt 0.208984 0.783447
vt 0.208984 0.892944
vt 0.208984 0.775024
vt 0.208984 0.884521
vt 0.208984 0.766602
vt 0.208984 0.876099
vt 0.208984 0.758179
vt 0.208984 0.867676
vt 0.208984 0.749756
vt 0.208984 0.859253
vt 0.208984 0.741333
vt 0.208984 0.850830
vt 0.215820 0.968750
vt 0.208984 0.960327
vt 0.208984 0.732910
vt 0.208984 0.842407
vt 0.208984 0.951904
vt 0.208984 0.724487
vt 0.208984 0.833984
vt 0.208984 0.943481
vt 0.208984 0.716064
vt 0.208984 0.825562
vt 0.208984 0.935059
vt 0.208984 0.707642
vt 0.208984 0.817139
vt 0.208984 0.926636
vt 0.215820 0.699219
vt 0.208984 0.808716
vt 0.208984 0.918213
vt 0.208984 0.800293
vt 0.195312 0.892944
vt 0.195312 0.884521
vt 0.195312 0.775024
vt 0.195312 0.766602
vt 0.195312 0.876099
vt 0.195312 0.758179
vt 0.195312 0.867676
vt 0.195312 0.749756
vt 0.195312 0.859253
vt 0.195312 0.741333
vt 0.195312 0.850830
vt 0.202148 0.968750
vt 0.195312 0.960327
vt 0.195312 0.732910
vt 0.195312 0.842407
vt 0.195312 0.951904
vt 0.195312 0.724487
vt 0.195312 0.833984
vt 0.195312 0.943481
vt 0.195312 0.716064
vt 0.195312 0.825562
vt 0.195312 0.935059
vt 0.195312 0.707642
vt 0.195312 0.817139
vt 0.195312 0.926636
vt 0.202148 0.699219
vt 0.195312 0.808716
vt 0.195312 0.918213
vt 0.195312 0.800293
vt 0.195312 0.909790
vt 0.195312 0.791870
vt 0.195312 0.901367
vt 0.195312 0.783447
vt 0.181641 0.876099
vt 0.181641 0.867676
vt 0.181641 0.758179
vt 0.181641 0.749756
vt 0.181641 0.859253
vt 0.181641 0.741333
vt 0.181641 0.850830
vt 0.188477 0.968750
vt 0.181641 0.960327
vt 0.181641 0.732910
vt 0.181641 0.842407
vt 0.181641 0.951904
vt 0.181641 0.724487
vt 0.181641 0.833984
vt 0.181641 0.943481
vt 0.181641 0.716064
vt 0.181641 0.825562
vt 0.181641 0.935059
vt 0.181641 0.707642
vt 0.181641 0.817139
vt 0.181641 0.926636
vt 0.188477 0.699219
vt 0.181641 0.808716
vt 0.181641 0.918213
vt 0.181641 0.800293
vt 0.181641 0.909790
vt 0.181641 0.791870
vt 0.181641 0.901367
vt 0.181641 0.783447
vt 0.181641 0.892944
vt 0.181641 0.775024
vt 0.181641 0.884521
vt 0.181641 0.766602
vt 0.167969 0.859253
vt 0.167969 0.850830
vt 0.174805 0.968750
vt 0.167969 0.960327
vt 0.167969 0.741333
vt 0.167969 0.732910
vt 0.167969 0.842407
vt 0.167969 0.951904
vt 0.167969 0.724487
vt 0.167969 0.833984
vt 0.167969 0.943481
vt 0.167969 0.716064
vt 0.167969 0.825562
vt 0.167969 0.935059
vt 0.167969 0.707642
vt 0.167969 0.817139
vt 0.167969 0.926636
vt 0.174805 0.699219
vt 0.167969 0.808716
vt 0.167969 0.918213
vt 0.167969 0.800293
vt 0.167969 0.909790
vt 0.167969 0.791870
vt 0.167969 0.901367
vt 0.167969 0.783447
vt 0.167969 0.892944
vt 0.167969 0.775024
vt 0.167969 0.884521
vt 0.167969 0.766602
vt 0.167969 0.876099
vt 0.167969 0.758179
vt 0.167969 0.867676
vt 0.167969 0.749756
vt 0.154297 0.842407
vt 0.154297 0.833984
vt 0.154297 0.951904
vt 0.154297 0.943481
vt 0.154297 0.724487
vt 0.154297 0.716064
vt 0.154297 0.825562
vt 0.154297 0.935059
vt 0.154297 0.707642
vt 0.154297 0.817139
vt 0.154297 0.926636
vt 0.161133 0.699219
vt 0.154297 0.808716
vt 0.154297 0.918213
vt 0.154297 0.800293
vt 0.154297 0.909790
vt 0.154297 0.791870
vt 0.154297 0.901367
vt 0.154297 0.783447
vt 0.154297 0.892944
vt 0.154297 0.775024
vt 0.154297 0.884521
vt 0.154297 0.766602
vt 0.154297 0.876099
vt 0.154297 0.758179
vt 0.154297 0.867676
vt 0.154297 0.749756
vt 0.154297 0.859253
vt 0.154297 0.741333
vt 0.154297 0.850830
vt 0.161133 0.968750
vt 0.154297 0.960327
vt 0.154297 0.732910
vt 0.140625 0.825562
vt 0.140625 0.817139
vt 0.140625 0.935059
vt 0.140625 0.926636
vt 0.147461 0.699219
vt 0.140625 0.707642
vt 0.140625 0.808716
vt 0.140625 0.918213
vt 0.140625 0.800293
vt 0.140625 0.909790
vt 0.140625 0.791870
vt 0.140625 0.901367
vt 0.140625 0.783447
vt 0.140625 0.892944
vt 0.140625 0.775024
vt 0.140625 0.884521
vt 0.140625 0.766602
vt 0.140625 0.876099
vt 0.140625 0.758179
vt 0.140625 0.867676
vt 0.140625 0.749756
vt 0.140625 0.859253
vt 0.140625 0.741333
vt 0.140625 0.850830
vt 0.147461 0.968750
vt 0.140625 0.960327
vt 0.140625 0.732910
vt 0.140625 0.842407
vt 0.140625 0.951904
vt 0.140625 0.724487
vt 0.140625 0.833984
vt 0.140625 0.943481
vt 0.140625 0.716064
vt 0.126953 0.808716
vt 0.126953 0.800293
vt 0.126953 0.918213
vt 0.126953 0.909790
vt 0.126953 0.791870
vt 0.126953 0.901367
vt 0.126953 0.783447
vt 0.126953 0.892944
vt 0.126953 0.775024
vt 0.126953 0.884521
vt 0.126953 0.766602
vt 0.126953 0.876099
vt 0.126953 0.758179
vt 0.126953 0.867676
vt 0.126953 0.749756
vt 0.126953 0.859253
vt 0.126953 0.741333
vt 0.126953 0.850830
vt 0.133789 0.968750
vt 0.126953 0.960327
vt 0.126953 0.732910
vt 0.126953 0.842407
vt 0.126953 0.951904
vt 0.126953 0.724487
vt 0.126953 0.833984
vt 0.126953 0.943481
vt 0.126953 0.716064
vt 0.126953 0.825562
vt 0.126953 0.935059
vt 0.126953 0.707642
vt 0.126953 0.817139
vt 0.126953 0.926636
vt 0.133789 0.699219
vt 0.113281 0.791870
vt 0.113281 0.783447
vt 0.113281 0.901367
vt 0.113281 0.892944
vt 0.113281 0.775024
vt 0.113281 0.884521
vt 0.113281 0.766602
vt 0.113281 0.876099
vt 0.113281 0.758179
vt 0.113281 0.867676
vt 0.113281 0.749756
vt 0.113281 0.859253
vt 0.113281 0.741333
vt 0.113281 0.850830
vt 0.120117 0.968750
vt 0.113281 0.960327
vt 0.113281 0.732910
vt 0.113281 0.842407
vt 0.113281 0.951904
vt 0.113281 0.724487
vt 0.113281 0.833984
vt 0.113281 0.943481
vt 0.113281 0.716064
vt 0.113281 0.825562
vt 0.113281 0.935059
vt 0.113281 0.707642
vt 0.113281 0.817139
vt 0.113281 0.926636
vt 0.120117 0.699219
vt 0.113281 0.808716
vt 0.113281 0.918213
vt 0.113281 0.800293
vt 0.113281 0.909790
vt 0.099609 0.775024
vt 0.099609 0.766602
vt 0.099609 0.884521
vt 0.099609 0.876099
vt 0.099609 0.758179
vt 0.099609 0.867676
vt 0.099609 0.749756
vt 0.099609 0.859253
vt 0.099609 0.741333
vt 0.099609 0.850830
vt 0.106445 0.968750
vt 0.099609 0.960327
vt 0.099609 0.732910
vt 0.099609 0.842407
vt 0.099609 0.951904
vt 0.099609 0.724487
vt 0.099609 0.833984
vt 0.099609 0.943481
vt 0.099609 0.716064
vt 0.099609 0.825562
vt 0.099609 0.935059
vt 0.099609 0.707642
vt 0.099609 0.817139
vt 0.099609 0.926636
vt 0.106445 0.699219
vt 0.099609 0.808716
vt 0.099609 0.918213
vt 0.099609 0.800293
vt 0.099609 0.909790
vt 0.099609 0.791870
vt 0.099609 0.901367
vt 0.099609 0.783447
vt 0.099609 0.892944
vt 0.085938 0.758179
vt 0.085938 0.749756
vt 0.085938 0.867676
vt 0.085938 0.859253
vt 0.085938 0.741333
vt 0.085938 0.850830
vt 0.092773 0.968750
vt 0.085938 0.960327
vt 0.085938 0.732910
vt 0.085938 0.842407
vt 0.085938 0.951904
vt 0.085938 0.724487
vt 0.085938 0.833984
vt 0.085938 0.943481
vt 0.085938 0.716064
vt 0.085938 0.825562
vt 0.085938 0.935059
vt 0.085938 0.707642
vt 0.085938 0.817139
vt 0.085938 0.926636
vt 0.092773 0.699219
vt 0.085938 0.808716
vt 0.085938 0.918213
vt 0.085938 0.800293
vt 0.085938 0.909790
vt 0.085938 0.791870
vt 0.085938 0.901367
vt 0.085938 0.783447
vt 0.085938 0.892944
vt 0.085938 0.775024
vt 0.085938 0.884521
vt 0.085938 0.766602
vt 0.085938 0.876099
vt 0.072266 0.741333
vt 0.072266 0.732910
vt 0.072266 0.850830
vt 0.072266 0.842407
vt 0.072266 0.960327
vt 0.072266 0.951904
vt 0.072266 0.724487
vt 0.072266 0.833984
vt 0.072266 0.943481
vt 0.072266 0.716064
vt 0.072266 0.825562
vt 0.072266 0.935059
vt 0.072266 0.707642
vt 0.072266 0.817139
vt 0.072266 0.926636
vt 0.079102 0.699219
vt 0.072266 0.808716
vt 0.072266 0.918213
vt 0.072266 0.800293
vt 0.072266 0.909790
vt 0.072266 0.791870
vt 0.072266 0.901367
vt 0.072266 0.783447
vt 0.072266 0.892944
vt 0.072266 0.775024
vt 0.072266 0.884521
vt 0.072266 0.766602
vt 0.072266 0.876099
vt 0.072266 0.758179
vt 0.072266 0.867676
vt 0.072266 0.749756
vt 0.072266 0.859253
vt 0.079102 0.968750
vt 0.058594 0.724487
vt 0.058594 0.716064
vt 0.058594 0.833984
vt 0.058594 0.825562
vt 0.058594 0.943481
vt 0.058594 0.935059
vt 0.058594 0.707642
vt 0.058594 0.817139
vt 0.058594 0.926636
vt 0.065430 0.699219
vt 0.058594 0.808716
vt 0.058594 0.918213
vt 0.058594 0.800293
vt 0.058594 0.909790
vt 0.058594 0.791870
vt 0.058594 0.901367
vt 0.058594 0.783447
vt 0.058594 0.892944
vt 0.058594 0.775024
vt 0.058594 0.884521
vt 0.058594 0.766602
vt 0.058594 0.876099
vt 0.058594 0.758179
vt 0.058594 0.867676
vt 0.058594 0.749756
vt 0.058594 0.859253
vt 0.058594 0.741333
vt 0.058594 0.850830
vt 0.065430 0.968750
vt 0.058594 0.960327
vt 0.058594 0.732910
vt 0.058594 0.842407
vt 0.058594 0.951904
vt 0.051758 0.699219
vt 0.044922 0.707642
vt 0.044922 0.817139
vt 0.044922 0.808716
vt 0.044922 0.926636
vt 0.044922 0.918213
vt 0.044922 0.800293
vt 0.044922 0.909790
vt 0.044922 0.791870
vt 0.044922 0.901367
vt 0.044922 0.783447
vt 0.044922 0.892944
vt 0.044922 0.775024
vt 0.044922 0.884521
vt 0.044922 0.766602
vt 0.044922 0.876099
vt 0.044922 0.758179
vt 0.044922 0.867676
vt 0.044922 0.749756
vt 0.044922 0.859253
vt 0.044922 0.741333
vt 0.044922 0.850830
vt 0.051758 0.968750
vt 0.044922 0.960327
vt 0.044922 0.732910
vt 0.044922 0.842407
vt 0.044922 0.951904
vt 0.044922 0.724487
vt 0.044922 0.833984
vt 0.044922 0.943481
vt 0.044922 0.716064
vt 0.044922 0.825562
vt 0.044922 0.935059
vt 0.031250 0.800293
vt 0.031250 0.791870
vt 0.031250 0.909790
vt 0.031250 0.901367
vt 0.031250 0.783447
vt 0.031250 0.892944
vt 0.031250 0.775024
vt 0.031250 0.884521
vt 0.031250 0.766602
vt 0.031250 0.876099
vt 0.031250 0.758179
vt 0.031250 0.867676
vt 0.031250 0.749756
vt 0.031250 0.859253
vt 0.031250 0.741333
vt 0.031250 0.850830
vt 0.038086 0.968750
vt 0.031250 0.960327
vt 0.031250 0.732910
vt 0.031250 0.842407
vt 0.031250 0.951904
vt 0.031250 0.724487
vt 0.031250 0.833984
vt 0.031250 0.943481
vt 0.031250 0.716064
vt 0.031250 0.825562
vt 0.031250 0.935059
vt 0.031250 0.707642
vt 0.031250 0.817139
vt 0.031250 0.926636
vt 0.038086 0.699219
vt 0.031250 0.808716
vt 0.031250 0.918213
vt 0.468750 0.775024
vt 0.468750 0.783447
vt 0.455078 0.783447
vt 0.455078 0.775024
vt 0.468750 0.884521
vt 0.468750 0.892944
vt 0.455078 0.892944
vt 0.455078 0.884521
vt 0.468750 0.766602
vt 0.455078 0.766602
vt 0.468750 0.876099
vt 0.455078 0.876099
vt 0.468750 0.758179
vt 0.455078 0.758179
vt 0.468750 0.867676
vt 0.455078 0.867676
vt 0.468750 0.749756
vt 0.455078 0.749756
vt 0.468750 0.859253
vt 0.455078 0.859253
vt 0.468750 0.741333
vt 0.455078 0.741333
vt 0.468750 0.850830
vt 0.455078 0.850830
vt 0.468750 0.960327
vt 0.461914 0.968750
vt 0.455078 0.960327
vt 0.468750 0.732910
vt 0.455078 0.732910
vt 0.468750 0.842407
vt 0.455078 0.842407
vt 0.468750 0.951904
vt 0.455078 0.951904
vt 0.468750 0.724487
vt 0.455078 0.724487
vt 0.468750 0.833984
vt 0.455078 0.833984
vt 0.468750 0.943481
vt 0.455078 0.943481
vt 0.468750 0.716064
vt 0.455078 0.716064
vt 0.468750 0.825562
vt 0.455078 0.825562
vt 0.468750 0.935059
vt 0.455078 0.935059
vt 0.468750 0.707642
vt 0.455078 0.707642
vt 0.468750 0.817139
vt 0.455078 0.817139
vt 0.468750 0.926636
vt 0.455078 0.926636
vt 0.461914 0.699219
vt 0.468750 0.808716
vt 0.455078 0.808716
vt 0.468750 0.918213
vt 0.455078 0.918213
vt 0.468750 0.800293
vt 0.455078 0.800293
vt 0.468750 0.909790
vt 0.455078 0.909790
vt 0.468750 0.791870
vt 0.455078 0.791870
vt 0.468750 0.901367
vt 0.455078 0.901367
vt 0.441406 0.766602
vt 0.441406 0.758179
vt 0.441406 0.876099
vt 0.441406 0.867676
vt 0.441406 0.749756
vt 0.441406 0.859253
vt 0.441406 0.741333
vt 0.441406 0.850830
vt 0.448242 0.968750
vt 0.441406 0.960327
vt 0.441406 0.732910
vt 0.441406 0.842407
vt 0.441406 0.951904
vt 0.441406 0.724487
vt 0.441406 0.833984
vt 0.441406 0.943481
vt 0.441406 0.716064
vt 0.441406 0.825562
vt 0.441406 0.935059
vt 0.441406 0.707642
vt 0.441406 0.817139
vt 0.441406 0.926636
vt 0.448242 0.699219
vt 0.441406 0.808716
vt 0.441406 0.918213
vt 0.441406 0.800293
vt 0.441406 0.909790
vt 0.441406 0.791870
vt 0.441406 0.901367
vt 0.441406 0.783447
vt 0.441406 0.892944
vt 0.441406 0.775024
vt 0.441406 0.884521
vt 0.427734 0.817139
vt 0.427734 0.808716
vt 0.427734 0.926636
vt 0.427734 0.918213
vt 0.427734 0.800293
vt 0.427734 0.909790
vt 0.427734 0.791870
vt 0.427734 0.901367
vt 0.427734 0.783447
vt 0.427734 0.892944
vt 0.427734 0.775024
vt 0.427734 0.884521
vt 0.427734 0.766602
vt 0.427734 0.876099
vt 0.427734 0.758179
vt 0.427734 0.867676
vt 0.427734 0.749756
vt 0.427734 0.859253
vt 0.427734 0.741333
vt 0.427734 0.850830
vt 0.434570 0.968750
vt 0.427734 0.960327
vt 0.427734 0.732910
vt 0.427734 0.842407
vt 0.427734 0.951904
vt 0.427734 0.724487
vt 0.427734 0.833984
vt 0.427734 0.943481
vt 0.427734 0.716064
vt 0.427734 0.825562
vt 0.427734 0.935059
vt 0.427734 0.707642
vt 0.434570 0.699219
vt 0.414062 0.800293
vt 0.414062 0.791870
vt 0.414062 0.909790
vt 0.414062 0.901367
vt 0.414062 0.783447
vt 0.414062 0.892944
vt 0.414062 0.775024
vt 0.414062 0.884521
vt 0.414062 0.766602
vt 0.414062 0.876099
vt 0.414062 0.758179
vt 0.414062 0.867676
vt 0.414062 0.749756
vt 0.414062 0.859253
vt 0.414062 0.741333
vt 0.414062 0.850830
vt 0.420898 0.968750
vt 0.414062 0.960327
vt 0.414062 0.732910
vt 0.414062 0.842407
vt 0.414062 0.951904
vt 0.414062 0.724487
vt 0.414062 0.833984
vt 0.414062 0.943481
vt 0.414062 0.716064
vt 0.414062 0.825562
vt 0.414062 0.935059
vt 0.414062 0.707642
vt 0.414062 0.817139
vt 0.414062 0.926636
vt 0.420898 0.699219
vt 0.414062 0.808716
vt 0.414062 0.918213
vt 0.400391 0.783447
vt 0.400391 0.775024
vt 0.400391 0.892944
vt 0.400391 0.884521
vt 0.400391 0.766602
vt 0.400391 0.876099
vt 0.400391 0.758179
vt 0.400391 0.867676
vt 0.400391 0.749756
vt 0.400391 0.859253
vt 0.400391 0.741333
vt 0.400391 0.850830
vt 0.407227 0.968750
vt 0.400391 0.960327
vt 0.400391 0.732910
vt 0.400391 0.842407
vt 0.400391 0.951904
vt 0.400391 0.724487
vt 0.400391 0.833984
vt 0.400391 0.943481
vt 0.400391 0.716064
vt 0.400391 0.825562
vt 0.400391 0.935059
vt 0.400391 0.707642
vt 0.400391 0.817139
vt 0.400391 0.926636
vt 0.407227 0.699219
vt 0.400391 0.808716
vt 0.400391 0.918213
vt 0.400391 0.800293
vt 0.400391 0.909790
vt 0.400391 0.791870
vt 0.400391 0.901367
vt 0.386719 0.766602
vt 0.386719 0.758179
vt 0.386719 0.876099
vt 0.386719 0.867676
vt 0.386719 0.749756
vt 0.386719 0.859253
vt 0.386719 0.741333
vt 0.386719 0.850830
vt 0.393555 0.968750
vt 0.386719 0.960327
vt 0.386719 0.732910
vt 0.386719 0.842407
vt 0.386719 0.951904
vt 0.386719 0.724487
vt 0.386719 0.833984
vt 0.386719 0.943481
vt 0.386719 0.716064
vt 0.386719 0.825562
vt 0.386719 0.935059
vt 0.386719 0.707642
vt 0.386719 0.817139
vt 0.386719 0.926636
vt 0.393555 0.699219
vt 0.386719 0.808716
vt 0.386719 0.918213
vt 0.386719 0.800293
vt 0.386719 0.909790
vt 0.386719 0.791870
vt 0.386719 0.901367
vt 0.386719 0.783447
vt 0.386719 0.892944
vt 0.386719 0.775024
vt 0.386719 0.884521
vt 0.373047 0.749756
vt 0.373047 0.741333
vt 0.373047 0.859253
vt 0.373047 0.850830
vt 0.379883 0.968750
vt 0.373047 0.960327
vt 0.373047 0.732910
vt 0.373047 0.842407
vt 0.373047 0.951904
vt 0.373047 0.724487
vt 0.373047 0.833984
vt 0.373047 0.943481
vt 0.373047 0.716064
vt 0.373047 0.825562
vt 0.373047 0.935059
vt 0.373047 0.707642
vt 0.373047 0.817139
vt 0.373047 0.926636
vt 0.379883 0.699219
vt 0.373047 0.808716
vt 0.373047 0.918213
vt 0.373047 0.800293
vt 0.373047 0.909790
vt 0.373047 0.791870
vt 0.373047 0.901367
vt 0.373047 0.783447
vt 0.373047 0.892944
vt 0.373047 0.775024
vt 0.373047 0.884521
vt 0.373047 0.766602
vt 0.373047 0.876099
vt 0.373047 0.758179
vt 0.373047 0.867676
vt 0.366211 0.699219
vt 0.366211 0.968750
vt 0.859375 0.901367
vt 0.859375 0.909790
vt 0.845703 0.909790
vt 0.845703 0.901367
vt 0.859375 0.918213
vt 0.845703 0.918213
vt 0.873047 0.909790
vt 0.873047 0.918213
vt 0.873047 0.901367
vt 0.886719 0.909790
vt 0.886719 0.918213
vt 0.886719 0.901367
vt 0.900391 0.909790
vt 0.900391 0.918213
vt 0.900391 0.901367
vt 0.914062 0.909790
vt 0.914062 0.918213
vt 0.914062 0.901367
vt 0.927734 0.909790
vt 0.927734 0.918213
vt 0.927734 0.901367
vt 0.941406 0.909790
vt 0.941406 0.918213
vt 0.941406 0.901367
vt 0.955078 0.909790
vt 0.955078 0.918213
vt 0.955078 0.901367
vt 0.968750 0.909790
vt 0.968750 0.918213
vt 0.968750 0.901367
vt 0.544922 0.909790
vt 0.544922 0.918213
vt 0.531250 0.918213
vt 0.531250 0.909790
vt 0.544922 0.901367
vt 0.531250 0.901367
vt 0.558594 0.909790
vt 0.558594 0.918213
vt 0.558594 0.901367
vt 0.572266 0.909790
vt 0.572266 0.918213
vt 0.572266 0.901367
vt 0.585938 0.909790
vt 0.585938 0.918213
vt 0.585938 0.901367
vt 0.599609 0.909790
vt 0.599609 0.918213
vt 0.599609 0.901367
vt 0.613281 0.909790
vt 0.613281 0.918213
vt 0.613281 0.901367
vt 0.626953 0.909790
vt 0.626953 0.918213
vt 0.626953 0.901367
vt 0.640625 0.909790
vt 0.640625 0.918213
vt 0.640625 0.901367
vt 0.654297 0.909790
vt 0.654297 0.918213
vt 0.654297 0.901367
vt 0.667969 0.909790
vt 0.667969 0.918213
vt 0.667969 0.901367
vt 0.681641 0.909790
vt 0.681641 0.918213
vt 0.681641 0.901367
vt 0.695312 0.909790
vt 0.695312 0.918213
vt 0.695312 0.901367
vt 0.708984 0.909790
vt 0.708984 0.918213
vt 0.708984 0.901367
vt 0.722656 0.909790
vt 0.722656 0.918213
vt 0.722656 0.901367
vt 0.736328 0.909790
vt 0.736328 0.918213
vt 0.736328 0.901367
vt 0.750000 0.909790
vt 0.750000 0.918213
vt 0.750000 0.901367
vt 0.763672 0.909790
vt 0.763672 0.918213
vt 0.763672 0.901367
vt 0.777344 0.909790
vt 0.777344 0.918213
vt 0.777344 0.901367
vt 0.791016 0.909790
vt 0.791016 0.918213
vt 0.791016 0.901367
vt 0.804688 0.909790
vt 0.804688 0.918213
vt 0.804688 0.901367
vt 0.818359 0.909790
vt 0.818359 0.918213
vt 0.818359 0.901367
vt 0.832031 0.909790
vt 0.832031 0.918213
vt 0.832031 0.901367
vt 0.832031 0.892944
vt 0.818359 0.892944
vt 0.845703 0.892944
vt 0.859375 0.892944
vt 0.845703 0.884521
vt 0.832031 0.884521
vt 0.859375 0.884521
vt 0.873047 0.892944
vt 0.873047 0.884521
vt 0.886719 0.892944
vt 0.886719 0.884521
vt 0.900391 0.892944
vt 0.900391 0.884521
vt 0.914062 0.892944
vt 0.914062 0.884521
vt 0.927734 0.892944
vt 0.927734 0.884521
vt 0.941406 0.892944
vt 0.941406 0.884521
vt 0.955078 0.892944
vt 0.955078 0.884521
vt 0.968750 0.892944
vt 0.968750 0.884521
vt 0.544922 0.892944
vt 0.531250 0.892944
vt 0.544922 0.884521
vt 0.531250 0.884521
vt 0.558594 0.892944
vt 0.558594 0.884521
vt 0.572266 0.892944
vt 0.572266 0.884521
vt 0.585938 0.892944
vt 0.585938 0.884521
vt 0.599609 0.892944
vt 0.599609 0.884521
vt 0.613281 0.892944
vt 0.613281 0.884521
vt 0.626953 0.892944
vt 0.626953 0.884521
vt 0.640625 0.892944
vt 0.640625 0.884521
vt 0.654297 0.892944
vt 0.654297 0.884521
vt 0.667969 0.892944
vt 0.667969 0.884521
vt 0.681641 0.892944
vt 0.681641 0.884521
vt 0.695312 0.892944
vt 0.695312 0.884521
vt 0.708984 0.892944
vt 0.708984 0.884521
vt 0.722656 0.892944
vt 0.722656 0.884521
vt 0.736328 0.892944
vt 0.736328 0.884521
vt 0.750000 0.892944
vt 0.750000 0.884521
vt 0.763672 0.892944
vt 0.763672 0.884521
vt 0.777344 0.892944
vt 0.777344 0.884521
vt 0.791016 0.892944
vt 0.791016 0.884521
vt 0.804688 0.892944
vt 0.804688 0.884521
vt 0.818359 0.884521
vt 0.818359 0.876099
vt 0.804688 0.876099
vt 0.832031 0.876099
vt 0.845703 0.876099
vt 0.832031 0.867676
vt 0.818359 0.867676
vt 0.845703 0.867676
vt 0.859375 0.876099
vt 0.859375 0.867676
vt 0.873047 0.876099
vt 0.873047 0.867676
vt 0.873047 0.859253
vt 0.859375 0.859253
vt 0.845703 0.859253
vt 0.886719 0.867676
vt 0.886719 0.876099
vt 0.886719 0.859253
vt 0.900391 0.867676
vt 0.900391 0.876099
vt 0.900391 0.859253
vt 0.914062 0.867676
vt 0.914062 0.876099
vt 0.914062 0.859253
vt 0.927734 0.867676
vt 0.927734 0.876099
vt 0.927734 0.859253
vt 0.941406 0.867676
vt 0.941406 0.876099
vt 0.941406 0.859253
vt 0.955078 0.867676
vt 0.955078 0.876099
vt 0.955078 0.859253
vt 0.968750 0.867676
vt 0.968750 0.876099
vt 0.968750 0.859253
vt 0.544922 0.867676
vt 0.544922 0.876099
vt 0.531250 0.876099
vt 0.531250 0.867676
vt 0.544922 0.859253
vt 0.531250 0.859253
vt 0.558594 0.867676
vt 0.558594 0.876099
vt 0.558594 0.859253
vt 0.572266 0.867676
vt 0.572266 0.876099
vt 0.572266 0.859253
vt 0.585938 0.867676
vt 0.585938 0.876099
vt 0.585938 0.859253
vt 0.599609 0.867676
vt 0.599609 0.876099
vt 0.599609 0.859253
vt 0.613281 0.867676
vt 0.613281 0.876099
vt 0.613281 0.859253
vt 0.626953 0.867676
vt 0.626953 0.876099
vt 0.626953 0.859253
vt 0.640625 0.867676
vt 0.640625 0.876099
vt 0.640625 0.859253
vt 0.654297 0.867676
vt 0.654297 0.876099
vt 0.654297 0.859253
vt 0.667969 0.867676
vt 0.667969 0.876099
vt 0.667969 0.859253
vt 0.681641 0.867676
vt 0.681641 0.876099
vt 0.681641 0.859253
vt 0.695312 0.867676
vt 0.695312 0.876099
vt 0.695312 0.859253
vt 0.708984 0.867676
vt 0.708984 0.876099
vt 0.708984 0.859253
vt 0.722656 0.867676
vt 0.722656 0.876099
vt 0.722656 0.859253
vt 0.736328 0.867676
vt 0.736328 0.876099
vt 0.736328 0.859253
vt 0.750000 0.867676
vt 0.750000 0.876099
vt 0.750000 0.859253
vt 0.763672 0.867676
vt 0.763672 0.876099
vt 0.763672 0.859253
vt 0.777344 0.867676
vt 0.777344 0.876099
vt 0.777344 0.859253
vt 0.791016 0.867676
vt 0.791016 0.876099
vt 0.791016 0.859253
vt 0.804688 0.867676
vt 0.804688 0.859253
vt 0.818359 0.859253
vt 0.832031 0.859253
vt 0.818359 0.850830
vt 0.804688 0.850830
vt 0.832031 0.850830
vt 0.845703 0.850830
vt 0.859375 0.850830
vt 0.845703 0.842407
vt 0.832031 0.842407
vt 0.859375 0.842407
vt 0.873047 0.850830
vt 0.873047 0.842407
vt 0.886719 0.850830
vt 0.886719 0.842407
vt 0.900391 0.850830
vt 0.900391 0.842407
vt 0.914062 0.850830
vt 0.914062 0.842407
vt 0.927734 0.850830
vt 0.927734 0.842407
vt 0.941406 0.850830
vt 0.941406 0.842407
vt 0.955078 0.850830
vt 0.955078 0.842407
vt 0.968750 0.850830
vt 0.968750 0.842407
vt 0.544922 0.850830
vt 0.531250 0.850830
vt 0.544922 0.842407
vt 0.531250 0.842407
vt 0.558594 0.850830
vt 0.558594 0.842407
vt 0.572266 0.850830
vt 0.572266 0.842407
vt 0.585938 0.850830
vt 0.585938 0.842407
vt 0.599609 0.850830
vt 0.599609 0.842407
vt 0.613281 0.850830
vt 0.613281 0.842407
vt 0.626953 0.850830
vt 0.626953 0.842407
vt 0.640625 0.850830
vt 0.640625 0.842407
vt 0.654297 0.850830
vt 0.654297 0.842407
vt 0.667969 0.850830
vt 0.667969 0.842407
vt 0.681641 0.850830
vt 0.681641 0.842407
vt 0.695312 0.850830
vt 0.695312 0.842407
vt 0.708984 0.850830
vt 0.708984 0.842407
vt 0.722656 0.850830
vt 0.722656 0.842407
vt 0.736328 0.850830
vt 0.736328 0.842407
vt 0.750000 0.850830
vt 0.750000 0.842407
vt 0.763672 0.850830
vt 0.763672 0.842407
vt 0.777344 0.850830
vt 0.777344 0.842407
vt 0.791016 0.850830
vt 0.791016 0.842407
vt 0.804688 0.842407
vt 0.818359 0.842407
vt 0.804688 0.833984
vt 0.791016 0.833984
vt 0.818359 0.833984
vt 0.832031 0.833984
vt 0.845703 0.833984
vt 0.832031 0.825562
vt 0.818359 0.825562
vt 0.845703 0.825562
vt 0.859375 0.833984
vt 0.859375 0.825562
vt 0.873047 0.825562
vt 0.873047 0.833984
vt 0.873047 0.817139
vt 0.859375 0.817139
vt 0.845703 0.817139
vt 0.886719 0.825562
vt 0.886719 0.833984
vt 0.886719 0.817139
vt 0.900391 0.825562
vt 0.900391 0.833984
vt 0.900391 0.817139
vt 0.914062 0.825562
vt 0.914062 0.833984
vt 0.914062 0.817139
vt 0.927734 0.825562
vt 0.927734 0.833984
vt 0.927734 0.817139
vt 0.941406 0.825562
vt 0.941406 0.833984
vt 0.941406 0.817139
vt 0.955078 0.825562
vt 0.955078 0.833984
vt 0.955078 0.817139
vt 0.968750 0.825562
vt 0.968750 0.833984
vt 0.968750 0.817139
vt 0.544922 0.825562
vt 0.544922 0.833984
vt 0.531250 0.833984
vt 0.531250 0.825562
vt 0.544922 0.817139
vt 0.531250 0.817139
vt 0.558594 0.825562
vt 0.558594 0.833984
vt 0.558594 0.817139
vt 0.572266 0.825562
vt 0.572266 0.833984
vt 0.572266 0.817139
vt 0.585938 0.825562
vt 0.585938 0.833984
vt 0.585938 0.817139
vt 0.599609 0.825562
vt 0.599609 0.833984
vt 0.599609 0.817139
vt 0.613281 0.825562
vt 0.613281 0.833984
vt 0.613281 0.817139
vt 0.626953 0.825562
vt 0.626953 0.833984
vt 0.626953 0.817139
vt 0.640625 0.825562
vt 0.640625 0.833984
vt 0.640625 0.817139
vt 0.654297 0.825562
vt 0.654297 0.833984
vt 0.654297 0.817139
vt 0.667969 0.825562
vt 0.667969 0.833984
vt 0.667969 0.817139
vt 0.681641 0.825562
vt 0.681641 0.833984
vt 0.681641 0.817139
vt 0.695312 0.825562
vt 0.695312 0.833984
vt 0.695312 0.817139
vt 0.708984 0.825562
vt 0.708984 0.833984
vt 0.708984 0.817139
vt 0.722656 0.825562
vt 0.722656 0.833984
vt 0.722656 0.817139
vt 0.736328 0.825562
vt 0.736328 0.833984
vt 0.736328 0.817139
vt 0.750000 0.825562
vt 0.750000 0.833984
vt 0.750000 0.817139
vt 0.763672 0.825562
vt 0.763672 0.833984
vt 0.763672 0.817139
vt 0.777344 0.825562
vt 0.777344 0.833984
vt 0.777344 0.817139
vt 0.791016 0.825562
vt 0.791016 0.817139
vt 0.804688 0.825562
vt 0.804688 0.817139
vt 0.818359 0.817139
vt 0.832031 0.817139
vt 0.818359 0.808716
vt 0.804688 0.808716
vt 0.832031 0.808716
vt 0.845703 0.808716
vt 0.859375 0.808716
vt 0.845703 0.800293
vt 0.832031 0.800293
vt 0.859375 0.800293
vt 0.873047 0.800293
vt 0.873047 0.808716
vt 0.886719 0.808716
vt 0.886719 0.800293
vt 0.900391 0.808716
vt 0.900391 0.800293
vt 0.914062 0.808716
vt 0.914062 0.800293
vt 0.927734 0.808716
vt 0.927734 0.800293
vt 0.941406 0.808716
vt 0.941406 0.800293
vt 0.955078 0.808716
vt 0.955078 0.800293
vt 0.968750 0.808716
vt 0.968750 0.800293
vt 0.544922 0.808716
vt 0.531250 0.808716
vt 0.544922 0.800293
vt 0.531250 0.800293
vt 0.558594 0.808716
vt 0.558594 0.800293
vt 0.572266 0.808716
vt 0.572266 0.800293
vt 0.585938 0.808716
vt 0.585938 0.800293
vt 0.599609 0.808716
vt 0.599609 0.800293
vt 0.613281 0.808716
vt 0.613281 0.800293
vt 0.626953 0.808716
vt 0.626953 0.800293
vt 0.640625 0.808716
vt 0.640625 0.800293
vt 0.654297 0.808716
vt 0.654297 0.800293
vt 0.667969 0.808716
vt 0.667969 0.800293
vt 0.681641 0.808716
vt 0.681641 0.800293
vt 0.695312 0.808716
vt 0.695312 0.800293
vt 0.708984 0.808716
vt 0.708984 0.800293
vt 0.722656 0.808716
vt 0.722656 0.800293
vt 0.736328 0.808716
vt 0.736328 0.800293
vt 0.750000 0.808716
vt 0.750000 0.800293
vt 0.763672 0.808716
vt 0.763672 0.800293
vt 0.777344 0.808716
vt 0.777344 0.800293
vt 0.791016 0.808716
vt 0.791016 0.800293
vt 0.804688 0.800293
vt 0.818359 0.800293
vt 0.804688 0.791870
vt 0.791016 0.791870
vt 0.818359 0.791870
vt 0.832031 0.791870
vt 0.845703 0.791870
vt 0.832031 0.783447
vt 0.818359 0.783447
vt 0.845703 0.783447
vt 0.859375 0.791870
vt 0.859375 0.783447
vt 0.873047 0.783447
vt 0.873047 0.791870
vt 0.886719 0.791870
vt 0.886719 0.783447
vt 0.900391 0.791870
vt 0.900391 0.783447
vt 0.914062 0.791870
vt 0.914062 0.783447
vt 0.927734 0.791870
vt 0.927734 0.783447
vt 0.941406 0.791870
vt 0.941406 0.783447
vt 0.955078 0.791870
vt 0.955078 0.783447
vt 0.968750 0.791870
vt 0.968750 0.783447
vt 0.544922 0.791870
vt 0.531250 0.791870
vt 0.544922 0.783447
vt 0.531250 0.783447
vt 0.558594 0.791870
vt 0.558594 0.783447
vt 0.572266 0.791870
vt 0.572266 0.783447
vt 0.585938 0.791870
vt 0.585938 0.783447
vt 0.599609 0.791870
vt 0.599609 0.783447
vt 0.613281 0.791870
vt 0.613281 0.783447
vt 0.626953 0.791870
vt 0.626953 0.783447
vt 0.640625 0.791870
vt 0.640625 0.783447
vt 0.654297 0.791870
vt 0.654297 0.783447
vt 0.667969 0.791870
vt 0.667969 0.783447
vt 0.681641 0.791870
vt 0.681641 0.783447
vt 0.695312 0.791870
vt 0.695312 0.783447
vt 0.708984 0.791870
vt 0.708984 0.783447
vt 0.722656 0.791870
vt 0.722656 0.783447
vt 0.736328 0.791870
vt 0.736328 0.783447
vt 0.750000 0.791870
vt 0.750000 0.783447
vt 0.763672 0.791870
vt 0.763672 0.783447
vt 0.777344 0.791870
vt 0.777344 0.783447
vt 0.791016 0.783447
vt 0.804688 0.783447
vt 0.791016 0.775024
vt 0.777344 0.775024
vt 0.804688 0.775024
vt 0.818359 0.775024
vt 0.832031 0.775024
vt 0.818359 0.766602
vt 0.804688 0.766602
vt 0.832031 0.766602
vt 0.845703 0.775024
vt 0.845703 0.766602
vt 0.859375 0.775024
vt 0.859375 0.766602
vt 0.873047 0.775024
vt 0.873047 0.766602
vt 0.886719 0.775024
vt 0.886719 0.766602
vt 0.900391 0.775024
vt 0.900391 0.766602
vt 0.914062 0.775024
vt 0.914062 0.766602
vt 0.927734 0.775024
vt 0.927734 0.766602
vt 0.941406 0.775024
vt 0.941406 0.766602
vt 0.955078 0.775024
vt 0.955078 0.766602
vt 0.968750 0.775024
vt 0.968750 0.766602
vt 0.544922 0.775024
vt 0.531250 0.775024
vt 0.544922 0.766602
vt 0.531250 0.766602
vt 0.558594 0.775024
vt 0.558594 0.766602
vt 0.572266 0.775024
vt 0.572266 0.766602
vt 0.585938 0.775024
vt 0.585938 0.766602
vt 0.599609 0.775024
vt 0.599609 0.766602
vt 0.613281 0.775024
vt 0.613281 0.766602
vt 0.626953 0.775024
vt 0.626953 0.766602
vt 0.640625 0.775024
vt 0.640625 0.766602
vt 0.654297 0.775024
vt 0.654297 0.766602
vt 0.667969 0.775024
vt 0.667969 0.766602
vt 0.681641 0.775024
vt 0.681641 0.766602
vt 0.695312 0.775024
vt 0.695312 0.766602
vt 0.708984 0.775024
vt 0.708984 0.766602
vt 0.722656 0.775024
vt 0.722656 0.766602
vt 0.736328 0.775024
vt 0.736328 0.766602
vt 0.750000 0.775024
vt 0.750000 0.766602
vt 0.763672 0.775024
vt 0.763672 0.766602
vt 0.777344 0.766602
vt 0.791016 0.766602
vt 0.777344 0.758179
vt 0.763672 0.758179
vt 0.791016 0.758179
vt 0.804688 0.758179
vt 0.818359 0.758179
vt 0.804688 0.749756
vt 0.791016 0.749756
vt 0.818359 0.749756
vt 0.832031 0.758179
vt 0.832031 0.749756
vt 0.845703 0.758179
vt 0.845703 0.749756
vt 0.859375 0.758179
vt 0.859375 0.749756
vt 0.873047 0.749756
vt 0.873047 0.758179
vt 0.886719 0.758179
vt 0.886719 0.749756
vt 0.900391 0.758179
vt 0.900391 0.749756
vt 0.914062 0.758179
vt 0.914062 0.749756
vt 0.927734 0.758179
vt 0.927734 0.749756
vt 0.941406 0.758179
vt 0.941406 0.749756
vt 0.955078 0.758179
vt 0.955078 0.749756
vt 0.968750 0.758179
vt 0.968750 0.749756
vt 0.544922 0.758179
vt 0.531250 0.758179
vt 0.544922 0.749756
vt 0.531250 0.749756
vt 0.558594 0.758179
vt 0.558594 0.749756
vt 0.572266 0.758179
vt 0.572266 0.749756
vt 0.585938 0.758179
vt 0.585938 0.749756
vt 0.599609 0.758179
vt 0.599609 0.749756
vt 0.613281 0.758179
vt 0.613281 0.749756
vt 0.626953 0.758179
vt 0.626953 0.749756
vt 0.640625 0.758179
vt 0.640625 0.749756
vt 0.654297 0.758179
vt 0.654297 0.749756
vt 0.667969 0.758179
vt 0.667969 0.749756
vt 0.681641 0.758179
vt 0.681641 0.749756
vt 0.695312 0.758179
vt 0.695312 0.749756
vt 0.708984 0.758179
vt 0.708984 0.749756
vt 0.722656 0.758179
vt 0.722656 0.749756
vt 0.736328 0.758179
vt 0.736328 0.749756
vt 0.750000 0.758179
vt 0.750000 0.749756
vt 0.763672 0.749756
vt 0.777344 0.749756
vt 0.763672 0.741333
vt 0.750000 0.741333
vt 0.777344 0.741333
vt 0.791016 0.741333
vt 0.804688 0.741333
vt 0.791016 0.732910
vt 0.777344 0.732910
vt 0.804688 0.732910
vt 0.818359 0.741333
vt 0.818359 0.732910
vt 0.832031 0.741333
vt 0.832031 0.732910
vt 0.845703 0.741333
vt 0.845703 0.732910
vt 0.859375 0.741333
vt 0.859375 0.732910
vt 0.873047 0.741333
vt 0.873047 0.732910
vt 0.886719 0.741333
vt 0.886719 0.732910
vt 0.900391 0.741333
vt 0.900391 0.732910
vt 0.914062 0.741333
vt 0.914062 0.732910
vt 0.927734 0.741333
vt 0.927734 0.732910
vt 0.941406 0.741333
vt 0.941406 0.732910
vt 0.955078 0.741333
vt 0.955078 0.732910
vt 0.968750 0.741333
vt 0.968750 0.732910
vt 0.544922 0.741333
vt 0.531250 0.741333
vt 0.544922 0.732910
vt 0.531250 0.732910
vt 0.558594 0.741333
vt 0.558594 0.732910
vt 0.572266 0.741333
vt 0.572266 0.732910
vt 0.585938 0.741333
vt 0.585938 0.732910
vt 0.599609 0.741333
vt 0.599609 0.732910
vt 0.613281 0.741333
vt 0.613281 0.732910
vt 0.626953 0.741333
vt 0.626953 0.732910
vt 0.640625 0.741333
vt 0.640625 0.732910
vt 0.654297 0.741333
vt 0.654297 0.732910
vt 0.667969 0.741333
vt 0.667969 0.732910
vt 0.681641 0.741333
vt 0.681641 0.732910
vt 0.695312 0.741333
vt 0.695312 0.732910
vt 0.708984 0.741333
vt 0.708984 0.732910
vt 0.722656 0.741333
vt 0.722656 0.732910
vt 0.736328 0.741333
vt 0.736328 0.732910
vt 0.750000 0.732910
vt 0.763672 0.732910
vt 0.750000 0.724487
vt 0.736328 0.724487
vt 0.763672 0.724487
vt 0.777344 0.724487
vt 0.791016 0.724487
vt 0.777344 0.716064
vt 0.763672 0.716064
vt 0.791016 0.716064
vt 0.804688 0.724487
vt 0.804688 0.716064
vt 0.818359 0.724487
vt 0.818359 0.716064
vt 0.832031 0.724487
vt 0.832031 0.716064
vt 0.845703 0.724487
vt 0.845703 0.716064
vt 0.859375 0.724487
vt 0.859375 0.716064
vt 0.873047 0.724487
vt 0.873047 0.716064
vt 0.873047 0.707642
vt 0.859375 0.707642
vt 0.845703 0.707642
vt 0.886719 0.716064
vt 0.886719 0.724487
vt 0.886719 0.707642
vt 0.900391 0.716064
vt 0.900391 0.724487
vt 0.900391 0.707642
vt 0.914062 0.716064
vt 0.914062 0.724487
vt 0.914062 0.707642
vt 0.927734 0.716064
vt 0.927734 0.724487
vt 0.927734 0.707642
vt 0.941406 0.716064
vt 0.941406 0.724487
vt 0.941406 0.707642
vt 0.955078 0.716064
vt 0.955078 0.724487
vt 0.955078 0.707642
vt 0.968750 0.716064
vt 0.968750 0.724487
vt 0.968750 0.707642
vt 0.544922 0.716064
vt 0.544922 0.724487
vt 0.531250 0.724487
vt 0.531250 0.716064
vt 0.544922 0.707642
vt 0.531250 0.707642
vt 0.558594 0.716064
vt 0.558594 0.724487
vt 0.558594 0.707642
vt 0.572266 0.716064
vt 0.572266 0.724487
vt 0.572266 0.707642
vt 0.585938 0.716064
vt 0.585938 0.724487
vt 0.585938 0.707642
vt 0.599609 0.716064
vt 0.599609 0.724487
vt 0.599609 0.707642
vt 0.613281 0.716064
vt 0.613281 0.724487
vt 0.613281 0.707642
vt 0.626953 0.716064
vt 0.626953 0.724487
vt 0.626953 0.707642
vt 0.640625 0.716064
vt 0.640625 0.724487
vt 0.640625 0.707642
vt 0.654297 0.716064
vt 0.654297 0.724487
vt 0.654297 0.707642
vt 0.667969 0.716064
vt 0.667969 0.724487
vt 0.667969 0.707642
vt 0.681641 0.716064
vt 0.681641 0.724487
vt 0.681641 0.707642
vt 0.695312 0.716064
vt 0.695312 0.724487
vt 0.695312 0.707642
vt 0.708984 0.716064
vt 0.708984 0.724487
vt 0.708984 0.707642
vt 0.722656 0.716064
vt 0.722656 0.724487
vt 0.722656 0.707642
vt 0.736328 0.716064
vt 0.736328 0.707642
vt 0.750000 0.716064
vt 0.750000 0.707642
vt 0.763672 0.707642
vt 0.777344 0.707642
vt 0.770508 0.699219
vt 0.756836 0.699219
vt 0.633789 0.699219
vt 0.647461 0.699219
vt 0.866211 0.699219
vt 0.852539 0.699219
vt 0.838867 0.699219
vt 0.832031 0.707642
vt 0.825195 0.699219
vt 0.818359 0.707642
vt 0.811523 0.699219
vt 0.804688 0.707642
vt 0.797852 0.699219
vt 0.791016 0.707642
vt 0.784180 0.699219
vt 0.743164 0.699219
vt 0.729492 0.699219
vt 0.715820 0.699219
vt 0.702148 0.699219
vt 0.688477 0.699219
vt 0.674805 0.699219
vt 0.661133 0.699219
vt 0.620117 0.699219
vt 0.606445 0.699219
vt 0.592773 0.699219
vt 0.579102 0.699219
vt 0.565430 0.699219
vt 0.551758 0.699219
vt 0.538086 0.699219
vt 0.961914 0.699219
vt 0.948242 0.699219
vt 0.934570 0.699219
vt 0.920898 0.699219
vt 0.907227 0.699219
vt 0.893555 0.699219
vt 0.879883 0.699219
vt 0.832031 0.926636
vt 0.818359 0.926636
vt 0.845703 0.926636
vt 0.859375 0.926636
vt 0.845703 0.935059
vt 0.832031 0.935059
vt 0.859375 0.935059
vt 0.873047 0.926636
vt 0.873047 0.935059
vt 0.886719 0.926636
vt 0.886719 0.935059
vt 0.900391 0.926636
vt 0.900391 0.935059
vt 0.914062 0.926636
vt 0.914062 0.935059
vt 0.927734 0.926636
vt 0.927734 0.935059
vt 0.941406 0.926636
vt 0.941406 0.935059
vt 0.955078 0.926636
vt 0.955078 0.935059
vt 0.968750 0.926636
vt 0.968750 0.935059
vt 0.544922 0.926636
vt 0.544922 0.935059
vt 0.531250 0.935059
vt 0.531250 0.926636
vt 0.558594 0.926636
vt 0.558594 0.935059
vt 0.572266 0.926636
vt 0.572266 0.935059
vt 0.585938 0.926636
vt 0.585938 0.935059
vt 0.599609 0.926636
vt 0.599609 0.935059
vt 0.613281 0.926636
vt 0.613281 0.935059
vt 0.626953 0.926636
vt 0.626953 0.935059
vt 0.640625 0.926636
vt 0.640625 0.935059
vt 0.654297 0.926636
vt 0.654297 0.935059
vt 0.667969 0.926636
vt 0.667969 0.935059
vt 0.681641 0.926636
vt 0.681641 0.935059
vt 0.695312 0.926636
vt 0.695312 0.935059
vt 0.708984 0.926636
vt 0.708984 0.935059
vt 0.722656 0.926636
vt 0.722656 0.935059
vt 0.736328 0.926636
vt 0.736328 0.935059
vt 0.750000 0.926636
vt 0.750000 0.935059
vt 0.763672 0.926636
vt 0.763672 0.935059
vt 0.777344 0.926636
vt 0.777344 0.935059
vt 0.791016 0.926636
vt 0.791016 0.935059
vt 0.804688 0.926636
vt 0.804688 0.935059
vt 0.818359 0.935059
vt 0.818359 0.943481
vt 0.804688 0.943481
vt 0.832031 0.943481
vt 0.845703 0.943481
vt 0.832031 0.951904
vt 0.818359 0.951904
vt 0.845703 0.951904
vt 0.859375 0.943481
vt 0.859375 0.951904
vt 0.873047 0.943481
vt 0.873047 0.951904
vt 0.886719 0.943481
vt 0.886719 0.951904
vt 0.900391 0.943481
vt 0.900391 0.951904
vt 0.914062 0.943481
vt 0.914062 0.951904
vt 0.927734 0.943481
vt 0.927734 0.951904
vt 0.941406 0.943481
vt 0.941406 0.951904
vt 0.955078 0.943481
vt 0.955078 0.951904
vt 0.968750 0.943481
vt 0.968750 0.951904
vt 0.544922 0.943481
vt 0.544922 0.951904
vt 0.531250 0.951904
vt 0.531250 0.943481
vt 0.558594 0.943481
vt 0.558594 0.951904
vt 0.572266 0.943481
vt 0.572266 0.951904
vt 0.585938 0.943481
vt 0.585938 0.951904
vt 0.599609 0.943481
vt 0.599609 0.951904
vt 0.613281 0.943481
vt 0.613281 0.951904
vt 0.626953 0.943481
vt 0.626953 0.951904
vt 0.640625 0.943481
vt 0.640625 0.951904
vt 0.654297 0.943481
vt 0.654297 0.951904
vt 0.667969 0.943481
vt 0.667969 0.951904
vt 0.681641 0.943481
vt 0.681641 0.951904
vt 0.695312 0.943481
vt 0.695312 0.951904
vt 0.708984 0.943481
vt 0.708984 0.951904
vt 0.722656 0.943481
vt 0.722656 0.951904
vt 0.736328 0.943481
vt 0.736328 0.951904
vt 0.750000 0.943481
vt 0.750000 0.951904
vt 0.763672 0.943481
vt 0.763672 0.951904
vt 0.777344 0.943481
vt 0.777344 0.951904
vt 0.791016 0.943481
vt 0.791016 0.951904
vt 0.804688 0.951904
vt 0.804688 0.960327
vt 0.791016 0.960327
vt 0.818359 0.960327
vt 0.832031 0.960327
vt 0.825195 0.968750
vt 0.811523 0.968750
vt 0.626953 0.960327
vt 0.620117 0.968750
vt 0.613281 0.960327
vt 0.640625 0.960327
vt 0.633789 0.968750
vt 0.873047 0.960327
vt 0.866211 0.968750
vt 0.859375 0.960327
vt 0.852539 0.968750
vt 0.845703 0.960327
vt 0.838867 0.968750
vt 0.797852 0.968750
vt 0.784180 0.968750
vt 0.777344 0.960327
vt 0.770508 0.968750
vt 0.763672 0.960327
vt 0.756836 0.968750
vt 0.750000 0.960327
vt 0.743164 0.968750
vt 0.736328 0.960327
vt 0.729492 0.968750
vt 0.722656 0.960327
vt 0.715820 0.968750
vt 0.708984 0.960327
vt 0.702148 0.968750
vt 0.695312 0.960327
vt 0.688477 0.968750
vt 0.681641 0.960327
vt 0.674805 0.968750
vt 0.667969 0.960327
vt 0.661133 0.968750
vt 0.654297 0.960327
vt 0.647461 0.968750
vt 0.606445 0.968750
vt 0.599609 0.960327
vt 0.592773 0.968750
vt 0.585938 0.960327
vt 0.579102 0.968750
vt 0.572266 0.960327
vt 0.565430 0.968750
vt 0.558594 0.960327
vt 0.551758 0.968750
vt 0.544922 0.960327
vt 0.538086 0.968750
vt 0.531250 0.960327
vt 0.968750 0.960327
vt 0.961914 0.968750
vt 0.955078 0.960327
vt 0.948242 0.968750
vt 0.941406 0.960327
vt 0.934570 0.968750
vt 0.927734 0.960327
vt 0.920898 0.968750
vt 0.914062 0.960327
vt 0.907227 0.968750
vt 0.900391 0.960327
vt 0.893555 0.968750
vt 0.886719 0.960327
vt 0.879883 0.968750
vt 0.359375 0.568359
vt 0.359375 0.576904
vt 0.345703 0.576904
vt 0.345703 0.568359
vt 0.359375 0.585449
vt 0.345703 0.585449
vt 0.373047 0.576904
vt 0.373047 0.585449
vt 0.373047 0.568359
vt 0.386719 0.576904
vt 0.386719 0.585449
vt 0.386719 0.568359
vt 0.400391 0.576904
vt 0.400391 0.585449
vt 0.400391 0.568359
vt 0.414062 0.576904
vt 0.414062 0.585449
vt 0.414062 0.568359
vt 0.427734 0.576904
vt 0.427734 0.585449
vt 0.427734 0.568359
vt 0.441406 0.576904
vt 0.441406 0.585449
vt 0.441406 0.568359
vt 0.455078 0.576904
vt 0.455078 0.585449
vt 0.455078 0.568359
vt 0.468750 0.576904
vt 0.468750 0.585449
vt 0.468750 0.568359
vt 0.044922 0.576904
vt 0.044922 0.585449
vt 0.031250 0.585449
vt 0.031250 0.576904
vt 0.044922 0.568359
vt 0.031250 0.568359
vt 0.058594 0.576904
vt 0.058594 0.585449
vt 0.058594 0.568359
vt 0.072266 0.576904
vt 0.072266 0.585449
vt 0.072266 0.568359
vt 0.085938 0.576904
vt 0.085938 0.585449
vt 0.085938 0.568359
vt 0.099609 0.576904
vt 0.099609 0.585449
vt 0.099609 0.568359
vt 0.113281 0.576904
vt 0.113281 0.585449
vt 0.113281 0.568359
vt 0.126953 0.576904
vt 0.126953 0.585449
vt 0.126953 0.568359
vt 0.140625 0.576904
vt 0.140625 0.585449
vt 0.140625 0.568359
vt 0.154297 0.576904
vt 0.154297 0.585449
vt 0.154297 0.568359
vt 0.167969 0.576904
vt 0.167969 0.585449
vt 0.167969 0.568359
vt 0.181641 0.576904
vt 0.181641 0.585449
vt 0.181641 0.568359
vt 0.195312 0.576904
vt 0.195312 0.585449
vt 0.195312 0.568359
vt 0.208984 0.576904
vt 0.208984 0.585449
vt 0.208984 0.568359
vt 0.222656 0.576904
vt 0.222656 0.585449
vt 0.222656 0.568359
vt 0.236328 0.576904
vt 0.236328 0.585449
vt 0.236328 0.568359
vt 0.250000 0.576904
vt 0.250000 0.585449
vt 0.250000 0.568359
vt 0.263672 0.576904
vt 0.263672 0.585449
vt 0.263672 0.568359
vt 0.277344 0.576904
vt 0.277344 0.585449
vt 0.277344 0.568359
vt 0.291016 0.576904
vt 0.291016 0.585449
vt 0.291016 0.568359
vt 0.304688 0.576904
vt 0.304688 0.585449
vt 0.304688 0.568359
vt 0.318359 0.576904
vt 0.318359 0.585449
vt 0.318359 0.568359
vt 0.332031 0.576904
vt 0.332031 0.585449
vt 0.332031 0.568359
vt 0.332031 0.559814
vt 0.318359 0.559814
vt 0.345703 0.559814
vt 0.359375 0.559814
vt 0.345703 0.551270
vt 0.332031 0.551270
vt 0.359375 0.551270
vt 0.373047 0.559814
vt 0.373047 0.551270
vt 0.386719 0.559814
vt 0.386719 0.551270
vt 0.400391 0.559814
vt 0.400391 0.551270
vt 0.414062 0.559814
vt 0.414062 0.551270
vt 0.427734 0.559814
vt 0.427734 0.551270
vt 0.441406 0.559814
vt 0.441406 0.551270
vt 0.455078 0.559814
vt 0.455078 0.551270
vt 0.468750 0.559814
vt 0.468750 0.551270
vt 0.044922 0.559814
vt 0.031250 0.559814
vt 0.044922 0.551270
vt 0.031250 0.551270
vt 0.058594 0.559814
vt 0.058594 0.551270
vt 0.072266 0.559814
vt 0.072266 0.551270
vt 0.085938 0.559814
vt 0.085938 0.551270
vt 0.099609 0.559814
vt 0.099609 0.551270
vt 0.113281 0.559814
vt 0.113281 0.551270
vt 0.126953 0.559814
vt 0.126953 0.551270
vt 0.140625 0.559814
vt 0.140625 0.551270
vt 0.154297 0.559814
vt 0.154297 0.551270
vt 0.167969 0.559814
vt 0.167969 0.551270
vt 0.181641 0.559814
vt 0.181641 0.551270
vt 0.195312 0.559814
vt 0.195312 0.551270
vt 0.208984 0.559814
vt 0.208984 0.551270
vt 0.222656 0.559814
vt 0.222656 0.551270
vt 0.236328 0.559814
vt 0.236328 0.551270
vt 0.250000 0.559814
vt 0.250000 0.551270
vt 0.263672 0.559814
vt 0.263672 0.551270
vt 0.277344 0.559814
vt 0.277344 0.551270
vt 0.291016 0.559814
vt 0.291016 0.551270
vt 0.304688 0.559814
vt 0.304688 0.551270
vt 0.318359 0.551270
vt 0.318359 0.542725
vt 0.304688 0.542725
vt 0.332031 0.542725
vt 0.345703 0.542725
vt 0.332031 0.534180
vt 0.318359 0.534180
vt 0.345703 0.534180
vt 0.359375 0.542725
vt 0.359375 0.534180
vt 0.373047 0.542725
vt 0.373047 0.534180
vt 0.373047 0.525635
vt 0.359375 0.525635
vt 0.345703 0.525635
vt 0.386719 0.534180
vt 0.386719 0.542725
vt 0.386719 0.525635
vt 0.400391 0.534180
vt 0.400391 0.542725
vt 0.400391 0.525635
vt 0.414062 0.534180
vt 0.414062 0.542725
vt 0.414062 0.525635
vt 0.427734 0.534180
vt 0.427734 0.542725
vt 0.427734 0.525635
vt 0.441406 0.534180
vt 0.441406 0.542725
vt 0.441406 0.525635
vt 0.455078 0.534180
vt 0.455078 0.542725
vt 0.455078 0.525635
vt 0.468750 0.534180
vt 0.468750 0.542725
vt 0.468750 0.525635
vt 0.044922 0.534180
vt 0.044922 0.542725
vt 0.031250 0.542725
vt 0.031250 0.534180
vt 0.044922 0.525635
vt 0.031250 0.525635
vt 0.058594 0.534180
vt 0.058594 0.542725
vt 0.058594 0.525635
vt 0.072266 0.534180
vt 0.072266 0.542725
vt 0.072266 0.525635
vt 0.085938 0.534180
vt 0.085938 0.542725
vt 0.085938 0.525635
vt 0.099609 0.534180
vt 0.099609 0.542725
vt 0.099609 0.525635
vt 0.113281 0.534180
vt 0.113281 0.542725
vt 0.113281 0.525635
vt 0.126953 0.534180
vt 0.126953 0.542725
vt 0.126953 0.525635
vt 0.140625 0.534180
vt 0.140625 0.542725
vt 0.140625 0.525635
vt 0.154297 0.534180
vt 0.154297 0.542725
vt 0.154297 0.525635
vt 0.167969 0.534180
vt 0.167969 0.542725
vt 0.167969 0.525635
vt 0.181641 0.534180
vt 0.181641 0.542725
vt 0.181641 0.525635
vt 0.195312 0.534180
vt 0.195312 0.542725
vt 0.195312 0.525635
vt 0.208984 0.534180
vt 0.208984 0.542725
vt 0.208984 0.525635
vt 0.222656 0.534180
vt 0.222656 0.542725
vt 0.222656 0.525635
vt 0.236328 0.534180
vt 0.236328 0.542725
vt 0.236328 0.525635
vt 0.250000 0.534180
vt 0.250000 0.542725
vt 0.250000 0.525635
vt 0.263672 0.534180
vt 0.263672 0.542725
vt 0.263672 0.525635
vt 0.277344 0.534180
vt 0.277344 0.542725
vt 0.277344 0.525635
vt 0.291016 0.534180
vt 0.291016 0.542725
vt 0.291016 0.525635
vt 0.304688 0.534180
vt 0.304688 0.525635
vt 0.318359 0.525635
vt 0.332031 0.525635
vt 0.318359 0.517090
vt 0.304688 0.517090
vt 0.332031 0.517090
vt 0.345703 0.517090
vt 0.359375 0.517090
vt 0.345703 0.508545
vt 0.332031 0.508545
vt 0.359375 0.508545
vt 0.373047 0.517090
vt 0.373047 0.508545
vt 0.386719 0.517090
vt 0.386719 0.508545
vt 0.400391 0.517090
vt 0.400391 0.508545
vt 0.414062 0.517090
vt 0.414062 0.508545
vt 0.427734 0.517090
vt 0.427734 0.508545
vt 0.441406 0.517090
vt 0.441406 0.508545
vt 0.455078 0.517090
vt 0.455078 0.508545
vt 0.468750 0.517090
vt 0.468750 0.508545
vt 0.044922 0.517090
vt 0.031250 0.517090
vt 0.044922 0.508545
vt 0.031250 0.508545
vt 0.058594 0.517090
vt 0.058594 0.508545
vt 0.072266 0.517090
vt 0.072266 0.508545
vt 0.085938 0.517090
vt 0.085938 0.508545
vt 0.099609 0.517090
vt 0.099609 0.508545
vt 0.113281 0.517090
vt 0.113281 0.508545
vt 0.126953 0.517090
vt 0.126953 0.508545
vt 0.140625 0.517090
vt 0.140625 0.508545
vt 0.154297 0.517090
vt 0.154297 0.508545
vt 0.167969 0.517090
vt 0.167969 0.508545
vt 0.181641 0.517090
vt 0.181641 0.508545
vt 0.195312 0.517090
vt 0.195312 0.508545
vt 0.208984 0.517090
vt 0.208984 0.508545
vt 0.222656 0.517090
vt 0.222656 0.508545
vt 0.236328 0.517090
vt 0.236328 0.508545
vt 0.250000 0.517090
vt 0.250000 0.508545
vt 0.263672 0.517090
vt 0.263672 0.508545
vt 0.277344 0.517090
vt 0.277344 0.508545
vt 0.291016 0.517090
vt 0.291016 0.508545
vt 0.304688 0.508545
vt 0.318359 0.508545
vt 0.304688 0.500000
vt 0.291016 0.500000
vt 0.318359 0.500000
vt 0.332031 0.500000
vt 0.345703 0.500000
vt 0.332031 0.491455
vt 0.318359 0.491455
vt 0.345703 0.491455
vt 0.359375 0.500000
vt 0.359375 0.491455
vt 0.373047 0.491455
vt 0.373047 0.500000
vt 0.373047 0.482910
vt 0.359375 0.482910
vt 0.345703 0.482910
vt 0.386719 0.491455
vt 0.386719 0.500000
vt 0.386719 0.482910
vt 0.400391 0.491455
vt 0.400391 0.500000
vt 0.400391 0.482910
vt 0.414062 0.491455
vt 0.414062 0.500000
vt 0.414062 0.482910
vt 0.427734 0.491455
vt 0.427734 0.500000
vt 0.427734 0.482910
vt 0.441406 0.491455
vt 0.441406 0.500000
vt 0.441406 0.482910
vt 0.455078 0.491455
vt 0.455078 0.500000
vt 0.455078 0.482910
vt 0.468750 0.491455
vt 0.468750 0.500000
vt 0.468750 0.482910
vt 0.044922 0.491455
vt 0.044922 0.500000
vt 0.031250 0.500000
vt 0.031250 0.491455
vt 0.044922 0.482910
vt 0.031250 0.482910
vt 0.058594 0.491455
vt 0.058594 0.500000
vt 0.058594 0.482910
vt 0.072266 0.491455
vt 0.072266 0.500000
vt 0.072266 0.482910
vt 0.085938 0.491455
vt 0.085938 0.500000
vt 0.085938 0.482910
vt 0.099609 0.491455
vt 0.099609 0.500000
vt 0.099609 0.482910
vt 0.113281 0.491455
vt 0.113281 0.500000
vt 0.113281 0.482910
vt 0.126953 0.491455
vt 0.126953 0.500000
vt 0.126953 0.482910
vt 0.140625 0.491455
vt 0.140625 0.500000
vt 0.140625 0.482910
vt 0.154297 0.491455
vt 0.154297 0.500000
vt 0.154297 0.482910
vt 0.167969 0.491455
vt 0.167969 0.500000
vt 0.167969 0.482910
vt 0.181641 0.491455
vt 0.181641 0.500000
vt 0.181641 0.482910
vt 0.195312 0.491455
vt 0.195312 0.500000
vt 0.195312 0.482910
vt 0.208984 0.491455
vt 0.208984 0.500000
vt 0.208984 0.482910
vt 0.222656 0.491455
vt 0.222656 0.500000
vt 0.222656 0.482910
vt 0.236328 0.491455
vt 0.236328 0.500000
vt 0.236328 0.482910
vt 0.250000 0.491455
vt 0.250000 0.500000
vt 0.250000 0.482910
vt 0.263672 0.491455
vt 0.263672 0.500000
vt 0.263672 0.482910
vt 0.277344 0.491455
vt 0.277344 0.500000
vt 0.277344 0.482910
vt 0.291016 0.491455
vt 0.291016 0.482910
vt 0.304688 0.491455
vt 0.304688 0.482910
vt 0.318359 0.482910
vt 0.332031 0.482910
vt 0.318359 0.474365
vt 0.304688 0.474365
vt 0.332031 0.474365
vt 0.345703 0.474365
vt 0.359375 0.474365
vt 0.345703 0.465820
vt 0.332031 0.465820
vt 0.359375 0.465820
vt 0.373047 0.465820
vt 0.373047 0.474365
vt 0.386719 0.474365
vt 0.386719 0.465820
vt 0.400391 0.474365
vt 0.400391 0.465820
vt 0.414062 0.474365
vt 0.414062 0.465820
vt 0.427734 0.474365
vt 0.427734 0.465820
vt 0.441406 0.474365
vt 0.441406 0.465820
vt 0.455078 0.474365
vt 0.455078 0.465820
vt 0.468750 0.474365
vt 0.468750 0.465820
vt 0.044922 0.474365
vt 0.031250 0.474365
vt 0.044922 0.465820
vt 0.031250 0.465820
vt 0.058594 0.474365
vt 0.058594 0.465820
vt 0.072266 0.474365
vt 0.072266 0.465820
vt 0.085938 0.474365
vt 0.085938 0.465820
vt 0.099609 0.474365
vt 0.099609 0.465820
vt 0.113281 0.474365
vt 0.113281 0.465820
vt 0.126953 0.474365
vt 0.126953 0.465820
vt 0.140625 0.474365
vt 0.140625 0.465820
vt 0.154297 0.474365
vt 0.154297 0.465820
vt 0.167969 0.474365
vt 0.167969 0.465820
vt 0.181641 0.474365
vt 0.181641 0.465820
vt 0.195312 0.474365
vt 0.195312 0.465820
vt 0.208984 0.474365
vt 0.208984 0.465820
vt 0.222656 0.474365
vt 0.222656 0.465820
vt 0.236328 0.474365
vt 0.236328 0.465820
vt 0.250000 0.474365
vt 0.250000 0.465820
vt 0.263672 0.474365
vt 0.263672 0.465820
vt 0.277344 0.474365
vt 0.277344 0.465820
vt 0.291016 0.474365
vt 0.291016 0.465820
vt 0.304688 0.465820
vt 0.318359 0.465820
vt 0.304688 0.457275
vt 0.291016 0.457275
vt 0.318359 0.457275
vt 0.332031 0.457275
vt 0.345703 0.457275
vt 0.332031 0.448730
vt 0.318359 0.448730
vt 0.345703 0.448730
vt 0.359375 0.457275
vt 0.359375 0.448730
vt 0.373047 0.448730
vt 0.373047 0.457275
vt 0.386719 0.457275
vt 0.386719 0.448730
vt 0.400391 0.457275
vt 0.400391 0.448730
vt 0.414062 0.457275
vt 0.414062 0.448730
vt 0.427734 0.457275
vt 0.427734 0.448730
vt 0.441406 0.457275
vt 0.441406 0.448730
vt 0.455078 0.457275
vt 0.455078 0.448730
vt 0.468750 0.457275
vt 0.468750 0.448730
vt 0.044922 0.457275
vt 0.031250 0.457275
vt 0.044922 0.448730
vt 0.031250 0.448730
vt 0.058594 0.457275
vt 0.058594 0.448730
vt 0.072266 0.457275
vt 0.072266 0.448730
vt 0.085938 0.457275
vt 0.085938 0.448730
vt 0.099609 0.457275
vt 0.099609 0.448730
vt 0.113281 0.457275
vt 0.113281 0.448730
vt 0.126953 0.457275
vt 0.126953 0.448730
vt 0.140625 0.457275
vt 0.140625 0.448730
vt 0.154297 0.457275
vt 0.154297 0.448730
vt 0.167969 0.457275
vt 0.167969 0.448730
vt 0.181641 0.457275
vt 0.181641 0.448730
vt 0.195312 0.457275
vt 0.195312 0.448730
vt 0.208984 0.457275
vt 0.208984 0.448730
vt 0.222656 0.457275
vt 0.222656 0.448730
vt 0.236328 0.457275
vt 0.236328 0.448730
vt 0.250000 0.457275
vt 0.250000 0.448730
vt 0.263672 0.457275
vt 0.263672 0.448730
vt 0.277344 0.457275
vt 0.277344 0.448730
vt 0.291016 0.448730
vt 0.304688 0.448730
vt 0.291016 0.440186
vt 0.277344 0.440186
vt 0.304688 0.440186
vt 0.318359 0.440186
vt 0.332031 0.440186
vt 0.318359 0.431641
vt 0.304688 0.431641
vt 0.332031 0.431641
vt 0.345703 0.440186
vt 0.345703 0.431641
vt 0.359375 0.440186
vt 0.359375 0.431641
vt 0.373047 0.440186
vt 0.373047 0.431641
vt 0.386719 0.440186
vt 0.386719 0.431641
vt 0.400391 0.440186
vt 0.400391 0.431641
vt 0.414062 0.440186
vt 0.414062 0.431641
vt 0.427734 0.440186
vt 0.427734 0.431641
vt 0.441406 0.440186
vt 0.441406 0.431641
vt 0.455078 0.440186
vt 0.455078 0.431641
vt 0.468750 0.440186
vt 0.468750 0.431641
vt 0.044922 0.440186
vt 0.031250 0.440186
vt 0.044922 0.431641
vt 0.031250 0.431641
vt 0.058594 0.440186
vt 0.058594 0.431641
vt 0.072266 0.440186
vt 0.072266 0.431641
vt 0.085938 0.440186
vt 0.085938 0.431641
vt 0.099609 0.440186
vt 0.099609 0.431641
vt 0.113281 0.440186
vt 0.113281 0.431641
vt 0.126953 0.440186
vt 0.126953 0.431641
vt 0.140625 0.440186
vt 0.140625 0.431641
vt 0.154297 0.440186
vt 0.154297 0.431641
vt 0.167969 0.440186
vt 0.167969 0.431641
vt 0.181641 0.440186
vt 0.181641 0.431641
vt 0.195312 0.440186
vt 0.195312 0.431641
vt 0.208984 0.440186
vt 0.208984 0.431641
vt 0.222656 0.440186
vt 0.222656 0.431641
vt 0.236328 0.440186
vt 0.236328 0.431641
vt 0.250000 0.440186
vt 0.250000 0.431641
vt 0.263672 0.440186
vt 0.263672 0.431641
vt 0.277344 0.431641
vt 0.291016 0.431641
vt 0.277344 0.423096
vt 0.263672 0.423096
vt 0.291016 0.423096
vt 0.304688 0.423096
vt 0.318359 0.423096
vt 0.304688 0.414551
vt 0.291016 0.414551
vt 0.318359 0.414551
vt 0.332031 0.423096
vt 0.332031 0.414551
vt 0.345703 0.423096
vt 0.345703 0.414551
vt 0.359375 0.423096
vt 0.359375 0.414551
vt 0.373047 0.414551
vt 0.373047 0.423096
vt 0.386719 0.423096
vt 0.386719 0.414551
vt 0.400391 0.423096
vt 0.400391 0.414551
vt 0.414062 0.423096
vt 0.414062 0.414551
vt 0.427734 0.423096
vt 0.427734 0.414551
vt 0.441406 0.423096
vt 0.441406 0.414551
vt 0.455078 0.423096
vt 0.455078 0.414551
vt 0.468750 0.423096
vt 0.468750 0.414551
vt 0.044922 0.423096
vt 0.031250 0.423096
vt 0.044922 0.414551
vt 0.031250 0.414551
vt 0.058594 0.423096
vt 0.058594 0.414551
vt 0.072266 0.423096
vt 0.072266 0.414551
vt 0.085938 0.423096
vt 0.085938 0.414551
vt 0.099609 0.423096
vt 0.099609 0.414551
vt 0.113281 0.423096
vt 0.113281 0.414551
vt 0.126953 0.423096
vt 0.126953 0.414551
vt 0.140625 0.423096
vt 0.140625 0.414551
vt 0.154297 0.423096
vt 0.154297 0.414551
vt 0.167969 0.423096
vt 0.167969 0.414551
vt 0.181641 0.423096
vt 0.181641 0.414551
vt 0.195312 0.423096
vt 0.195312 0.414551
vt 0.208984 0.423096
vt 0.208984 0.414551
vt 0.222656 0.423096
vt 0.222656 0.414551
vt 0.236328 0.423096
vt 0.236328 0.414551
vt 0.250000 0.423096
vt 0.250000 0.414551
vt 0.263672 0.414551
vt 0.277344 0.414551
vt 0.263672 0.406006
vt 0.250000 0.406006
vt 0.277344 0.406006
vt 0.291016 0.406006
vt 0.304688 0.406006
vt 0.291016 0.397461
vt 0.277344 0.397461
vt 0.304688 0.397461
vt 0.318359 0.406006
vt 0.318359 0.397461
vt 0.332031 0.406006
vt 0.332031 0.397461
vt 0.345703 0.406006
vt 0.345703 0.397461
vt 0.359375 0.406006
vt 0.359375 0.397461
vt 0.373047 0.406006
vt 0.373047 0.397461
vt 0.386719 0.406006
vt 0.386719 0.397461
vt 0.400391 0.406006
vt 0.400391 0.397461
vt 0.414062 0.406006
vt 0.414062 0.397461
vt 0.427734 0.406006
vt 0.427734 0.397461
vt 0.441406 0.406006
vt 0.441406 0.397461
vt 0.455078 0.406006
vt 0.455078 0.397461
vt 0.468750 0.406006
vt 0.468750 0.397461
vt 0.044922 0.406006
vt 0.031250 0.406006
vt 0.044922 0.397461
vt 0.031250 0.397461
vt 0.058594 0.406006
vt 0.058594 0.397461
vt 0.072266 0.406006
vt 0.072266 0.397461
vt 0.085938 0.406006
vt 0.085938 0.397461
vt 0.099609 0.406006
vt 0.099609 0.397461
vt 0.113281 0.406006
vt 0.113281 0.397461
vt 0.126953 0.406006
vt 0.126953 0.397461
vt 0.140625 0.406006
vt 0.140625 0.397461
vt 0.154297 0.406006
vt 0.154297 0.397461
vt 0.167969 0.406006
vt 0.167969 0.397461
vt 0.181641 0.406006
vt 0.181641 0.397461
vt 0.195312 0.406006
vt 0.195312 0.397461
vt 0.208984 0.406006
vt 0.208984 0.397461
vt 0.222656 0.406006
vt 0.222656 0.397461
vt 0.236328 0.406006
vt 0.236328 0.397461
vt 0.250000 0.397461
vt 0.263672 0.397461
vt 0.250000 0.388916
vt 0.236328 0.388916
vt 0.263672 0.388916
vt 0.277344 0.388916
vt 0.291016 0.388916
vt 0.277344 0.380371
vt 0.263672 0.380371
vt 0.291016 0.380371
vt 0.304688 0.388916
vt 0.304688 0.380371
vt 0.318359 0.388916
vt 0.318359 0.380371
vt 0.332031 0.388916
vt 0.332031 0.380371
vt 0.345703 0.388916
vt 0.345703 0.380371
vt 0.359375 0.388916
vt 0.359375 0.380371
vt 0.373047 0.388916
vt 0.373047 0.380371
vt 0.373047 0.371826
vt 0.359375 0.371826
vt 0.345703 0.371826
vt 0.386719 0.380371
vt 0.386719 0.388916
vt 0.386719 0.371826
vt 0.400391 0.380371
vt 0.400391 0.388916
vt 0.400391 0.371826
vt 0.414062 0.380371
vt 0.414062 0.388916
vt 0.414062 0.371826
vt 0.427734 0.380371
vt 0.427734 0.388916
vt 0.427734 0.371826
vt 0.441406 0.380371
vt 0.441406 0.388916
vt 0.441406 0.371826
vt 0.455078 0.380371
vt 0.455078 0.388916
vt 0.455078 0.371826
vt 0.468750 0.380371
vt 0.468750 0.388916
vt 0.468750 0.371826
vt 0.044922 0.380371
vt 0.044922 0.388916
vt 0.031250 0.388916
vt 0.031250 0.380371
vt 0.044922 0.371826
vt 0.031250 0.371826
vt 0.058594 0.380371
vt 0.058594 0.388916
vt 0.058594 0.371826
vt 0.072266 0.380371
vt 0.072266 0.388916
vt 0.072266 0.371826
vt 0.085938 0.380371
vt 0.085938 0.388916
vt 0.085938 0.371826
vt 0.099609 0.380371
vt 0.099609 0.388916
vt 0.099609 0.371826
vt 0.113281 0.380371
vt 0.113281 0.388916
vt 0.113281 0.371826
vt 0.126953 0.380371
vt 0.126953 0.388916
vt 0.126953 0.371826
vt 0.140625 0.380371
vt 0.140625 0.388916
vt 0.140625 0.371826
vt 0.154297 0.380371
vt 0.154297 0.388916
vt 0.154297 0.371826
vt 0.167969 0.380371
vt 0.167969 0.388916
vt 0.167969 0.371826
vt 0.181641 0.380371
vt 0.181641 0.388916
vt 0.181641 0.371826
vt 0.195312 0.380371
vt 0.195312 0.388916
vt 0.195312 0.371826
vt 0.208984 0.380371
vt 0.208984 0.388916
vt 0.208984 0.371826
vt 0.222656 0.380371
vt 0.222656 0.388916
vt 0.222656 0.371826
vt 0.236328 0.380371
vt 0.236328 0.371826
vt 0.250000 0.380371
vt 0.250000 0.371826
vt 0.263672 0.371826
vt 0.277344 0.371826
vt 0.270508 0.363281
vt 0.256836 0.363281
vt 0.133789 0.363281
vt 0.147461 0.363281
vt 0.366211 0.363281
vt 0.352539 0.363281
vt 0.338867 0.363281
vt 0.332031 0.371826
vt 0.325195 0.363281
vt 0.318359 0.371826
vt 0.311523 0.363281
vt 0.304688 0.371826
vt 0.297852 0.363281
vt 0.291016 0.371826
vt 0.284180 0.363281
vt 0.243164 0.363281
vt 0.229492 0.363281
vt 0.215820 0.363281
vt 0.202148 0.363281
vt 0.188477 0.363281
vt 0.174805 0.363281
vt 0.161133 0.363281
vt 0.120117 0.363281
vt 0.106445 0.363281
vt 0.092773 0.363281
vt 0.079102 0.363281
vt 0.065430 0.363281
vt 0.051758 0.363281
vt 0.038086 0.363281
vt 0.461914 0.363281
vt 0.448242 0.363281
vt 0.434570 0.363281
vt 0.420898 0.363281
vt 0.407227 0.363281
vt 0.393555 0.363281
vt 0.379883 0.363281
vt 0.332031 0.593994
vt 0.318359 0.593994
vt 0.345703 0.593994
vt 0.359375 0.593994
vt 0.345703 0.602539
vt 0.332031 0.602539
vt 0.359375 0.602539
vt 0.373047 0.593994
vt 0.373047 0.602539
vt 0.386719 0.593994
vt 0.386719 0.602539
vt 0.400391 0.593994
vt 0.400391 0.602539
vt 0.414062 0.593994
vt 0.414062 0.602539
vt 0.427734 0.593994
vt 0.427734 0.602539
vt 0.441406 0.593994
vt 0.441406 0.602539
vt 0.455078 0.593994
vt 0.455078 0.602539
vt 0.468750 0.593994
vt 0.468750 0.602539
vt 0.044922 0.593994
vt 0.044922 0.602539
vt 0.031250 0.602539
vt 0.031250 0.593994
vt 0.058594 0.593994
vt 0.058594 0.602539
vt 0.072266 0.593994
vt 0.072266 0.602539
vt 0.085938 0.593994
vt 0.085938 0.602539
vt 0.099609 0.593994
vt 0.099609 0.602539
vt 0.113281 0.593994
vt 0.113281 0.602539
vt 0.126953 0.593994
vt 0.126953 0.602539
vt 0.140625 0.593994
vt 0.140625 0.602539
vt 0.154297 0.593994
vt 0.154297 0.602539
vt 0.167969 0.593994
vt 0.167969 0.602539
vt 0.181641 0.593994
vt 0.181641 0.602539
vt 0.195312 0.593994
vt 0.195312 0.602539
vt 0.208984 0.593994
vt 0.208984 0.602539
vt 0.222656 0.593994
vt 0.222656 0.602539
vt 0.236328 0.593994
vt 0.236328 0.602539
vt 0.250000 0.593994
vt 0.250000 0.602539
vt 0.263672 0.593994
vt 0.263672 0.602539
vt 0.277344 0.593994
vt 0.277344 0.602539
vt 0.291016 0.593994
vt 0.291016 0.602539
vt 0.304688 0.593994
vt 0.304688 0.602539
vt 0.318359 0.602539
vt 0.318359 0.611084
vt 0.304688 0.611084
vt 0.332031 0.611084
vt 0.345703 0.611084
vt 0.332031 0.619629
vt 0.318359 0.619629
vt 0.345703 0.619629
vt 0.359375 0.611084
vt 0.359375 0.619629
vt 0.373047 0.611084
vt 0.373047 0.619629
vt 0.386719 0.611084
vt 0.386719 0.619629
vt 0.400391 0.611084
vt 0.400391 0.619629
vt 0.414062 0.611084
vt 0.414062 0.619629
vt 0.427734 0.611084
vt 0.427734 0.619629
vt 0.441406 0.611084
vt 0.441406 0.619629
vt 0.455078 0.611084
vt 0.455078 0.619629
vt 0.468750 0.611084
vt 0.468750 0.619629
vt 0.044922 0.611084
vt 0.044922 0.619629
vt 0.031250 0.619629
vt 0.031250 0.611084
vt 0.058594 0.611084
vt 0.058594 0.619629
vt 0.072266 0.611084
vt 0.072266 0.619629
vt 0.085938 0.611084
vt 0.085938 0.619629
vt 0.099609 0.611084
vt 0.099609 0.619629
vt 0.113281 0.611084
vt 0.113281 0.619629
vt 0.126953 0.611084
vt 0.126953 0.619629
vt 0.140625 0.611084
vt 0.140625 0.619629
vt 0.154297 0.611084
vt 0.154297 0.619629
vt 0.167969 0.611084
vt 0.167969 0.619629
vt 0.181641 0.611084
vt 0.181641 0.619629
vt 0.195312 0.611084
vt 0.195312 0.619629
vt 0.208984 0.611084
vt 0.208984 0.619629
vt 0.222656 0.611084
vt 0.222656 0.619629
vt 0.236328 0.611084
vt 0.236328 0.619629
vt 0.250000 0.611084
vt 0.250000 0.619629
vt 0.263672 0.611084
vt 0.263672 0.619629
vt 0.277344 0.611084
vt 0.277344 0.619629
vt 0.291016 0.611084
vt 0.291016 0.619629
vt 0.304688 0.619629
vt 0.304688 0.628174
vt 0.291016 0.628174
vt 0.318359 0.628174
vt 0.332031 0.628174
vt 0.325195 0.636719
vt 0.311523 0.636719
vt 0.126953 0.628174
vt 0.120117 0.636719
vt 0.113281 0.628174
vt 0.140625 0.628174
vt 0.133789 0.636719
vt 0.373047 0.628174
vt 0.366211 0.636719
vt 0.359375 0.628174
vt 0.352539 0.636719
vt 0.345703 0.628174
vt 0.338867 0.636719
vt 0.297852 0.636719
vt 0.284180 0.636719
vt 0.277344 0.628174
vt 0.270508 0.636719
vt 0.263672 0.628174
vt 0.256836 0.636719
vt 0.250000 0.628174
vt 0.243164 0.636719
vt 0.236328 0.628174
vt 0.229492 0.636719
vt 0.222656 0.628174
vt 0.215820 0.636719
vt 0.208984 0.628174
vt 0.202148 0.636719
vt 0.195312 0.628174
vt 0.188477 0.636719
vt 0.181641 0.628174
vt 0.174805 0.636719
vt 0.167969 0.628174
vt 0.161133 0.636719
vt 0.154297 0.628174
vt 0.147461 0.636719
vt 0.106445 0.636719
vt 0.099609 0.628174
vt 0.092773 0.636719
vt 0.085938 0.628174
vt 0.079102 0.636719
vt 0.072266 0.628174
vt 0.065430 0.636719
vt 0.058594 0.628174
vt 0.051758 0.636719
vt 0.044922 0.628174
vt 0.038086 0.636719
vt 0.031250 0.628174
vt 0.468750 0.628174
vt 0.461914 0.636719
vt 0.455078 0.628174
vt 0.448242 0.636719
vt 0.441406 0.628174
vt 0.434570 0.636719
vt 0.427734 0.628174
vt 0.420898 0.636719
vt 0.414062 0.628174
vt 0.407227 0.636719
vt 0.400391 0.628174
vt 0.393555 0.636719
vt 0.386719 0.628174
vt 0.379883 0.636719
vt 0.859375 0.568359
vt 0.859375 0.576904
vt 0.845703 0.576904
vt 0.845703 0.568359
vt 0.859375 0.585449
vt 0.845703 0.585449
vt 0.873047 0.576904
vt 0.873047 0.585449
vt 0.873047 0.568359
vt 0.886719 0.576904
vt 0.886719 0.585449
vt 0.886719 0.568359
vt 0.900391 0.576904
vt 0.900391 0.585449
vt 0.900391 0.568359
vt 0.914062 0.576904
vt 0.914062 0.585449
vt 0.914062 0.568359
vt 0.927734 0.576904
vt 0.927734 0.585449
vt 0.927734 0.568359
vt 0.941406 0.576904
vt 0.941406 0.585449
vt 0.941406 0.568359
vt 0.955078 0.576904
vt 0.955078 0.585449
vt 0.955078 0.568359
vt 0.968750 0.576904
vt 0.968750 0.585449
vt 0.968750 0.568359
vt 0.544922 0.576904
vt 0.544922 0.585449
vt 0.531250 0.585449
vt 0.531250 0.576904
vt 0.544922 0.568359
vt 0.531250 0.568359
vt 0.558594 0.576904
vt 0.558594 0.585449
vt 0.558594 0.568359
vt 0.572266 0.576904
vt 0.572266 0.585449
vt 0.572266 0.568359
vt 0.585938 0.576904
vt 0.585938 0.585449
vt 0.585938 0.568359
vt 0.599609 0.576904
vt 0.599609 0.585449
vt 0.599609 0.568359
vt 0.613281 0.576904
vt 0.613281 0.585449
vt 0.613281 0.568359
vt 0.626953 0.576904
vt 0.626953 0.585449
vt 0.626953 0.568359
vt 0.640625 0.576904
vt 0.640625 0.585449
vt 0.640625 0.568359
vt 0.654297 0.576904
vt 0.654297 0.585449
vt 0.654297 0.568359
vt 0.667969 0.576904
vt 0.667969 0.585449
vt 0.667969 0.568359
vt 0.681641 0.576904
vt 0.681641 0.585449
vt 0.681641 0.568359
vt 0.695312 0.576904
vt 0.695312 0.585449
vt 0.695312 0.568359
vt 0.708984 0.576904
vt 0.708984 0.585449
vt 0.708984 0.568359
vt 0.722656 0.576904
vt 0.722656 0.585449
vt 0.722656 0.568359
vt 0.736328 0.576904
vt 0.736328 0.585449
vt 0.736328 0.568359
vt 0.750000 0.576904
vt 0.750000 0.585449
vt 0.750000 0.568359
vt 0.763672 0.576904
vt 0.763672 0.585449
vt 0.763672 0.568359
vt 0.777344 0.576904
vt 0.777344 0.585449
vt 0.777344 0.568359
vt 0.791016 0.576904
vt 0.791016 0.585449
vt 0.791016 0.568359
vt 0.804688 0.576904
vt 0.804688 0.585449
vt 0.804688 0.568359
vt 0.818359 0.576904
vt 0.818359 0.585449
vt 0.818359 0.568359
vt 0.832031 0.576904
vt 0.832031 0.585449
vt 0.832031 0.568359
vt 0.832031 0.559814
vt 0.818359 0.559814
vt 0.845703 0.559814
vt 0.859375 0.559814
vt 0.845703 0.551270
vt 0.832031 0.551270
vt 0.859375 0.551270
vt 0.873047 0.559814
vt 0.873047 0.551270
vt 0.886719 0.559814
vt 0.886719 0.551270
vt 0.900391 0.559814
vt 0.900391 0.551270
vt 0.914062 0.559814
vt 0.914062 0.551270
vt 0.927734 0.559814
vt 0.927734 0.551270
vt 0.941406 0.559814
vt 0.941406 0.551270
vt 0.955078 0.559814
vt 0.955078 0.551270
vt 0.968750 0.559814
vt 0.968750 0.551270
vt 0.544922 0.559814
vt 0.531250 0.559814
vt 0.544922 0.551270
vt 0.531250 0.551270
vt 0.558594 0.559814
vt 0.558594 0.551270
vt 0.572266 0.559814
vt 0.572266 0.551270
vt 0.585938 0.559814
vt 0.585938 0.551270
vt 0.599609 0.559814
vt 0.599609 0.551270
vt 0.613281 0.559814
vt 0.613281 0.551270
vt 0.626953 0.559814
vt 0.626953 0.551270
vt 0.640625 0.559814
vt 0.640625 0.551270
vt 0.654297 0.559814
vt 0.654297 0.551270
vt 0.667969 0.559814
vt 0.667969 0.551270
vt 0.681641 0.559814
vt 0.681641 0.551270
vt 0.695312 0.559814
vt 0.695312 0.551270
vt 0.708984 0.559814
vt 0.708984 0.551270
vt 0.722656 0.559814
vt 0.722656 0.551270
vt 0.736328 0.559814
vt 0.736328 0.551270
vt 0.750000 0.559814
vt 0.750000 0.551270
vt 0.763672 0.559814
vt 0.763672 0.551270
vt 0.777344 0.559814
vt 0.777344 0.551270
vt 0.791016 0.559814
vt 0.791016 0.551270
vt 0.804688 0.559814
vt 0.804688 0.551270
vt 0.818359 0.551270
vt 0.818359 0.542725
vt 0.804688 0.542725
vt 0.832031 0.542725
vt 0.845703 0.542725
vt 0.832031 0.534180
vt 0.818359 0.534180
vt 0.845703 0.534180
vt 0.859375 0.542725
vt 0.859375 0.534180
vt 0.873047 0.542725
vt 0.873047 0.534180
vt 0.873047 0.525635
vt 0.859375 0.525635
vt 0.845703 0.525635
vt 0.886719 0.534180
vt 0.886719 0.542725
vt 0.886719 0.525635
vt 0.900391 0.534180
vt 0.900391 0.542725
vt 0.900391 0.525635
vt 0.914062 0.534180
vt 0.914062 0.542725
vt 0.914062 0.525635
vt 0.927734 0.534180
vt 0.927734 0.542725
vt 0.927734 0.525635
vt 0.941406 0.534180
vt 0.941406 0.542725
vt 0.941406 0.525635
vt 0.955078 0.534180
vt 0.955078 0.542725
vt 0.955078 0.525635
vt 0.968750 0.534180
vt 0.968750 0.542725
vt 0.968750 0.525635
vt 0.544922 0.534180
vt 0.544922 0.542725
vt 0.531250 0.542725
vt 0.531250 0.534180
vt 0.544922 0.525635
vt 0.531250 0.525635
vt 0.558594 0.534180
vt 0.558594 0.542725
vt 0.558594 0.525635
vt 0.572266 0.534180
vt 0.572266 0.542725
vt 0.572266 0.525635
vt 0.585938 0.534180
vt 0.585938 0.542725
vt 0.585938 0.525635
vt 0.599609 0.534180
vt 0.599609 0.542725
vt 0.599609 0.525635
vt 0.613281 0.534180
vt 0.613281 0.542725
vt 0.613281 0.525635
vt 0.626953 0.534180
vt 0.626953 0.542725
vt 0.626953 0.525635
vt 0.640625 0.534180
vt 0.640625 0.542725
vt 0.640625 0.525635
vt 0.654297 0.534180
vt 0.654297 0.542725
vt 0.654297 0.525635
vt 0.667969 0.534180
vt 0.667969 0.542725
vt 0.667969 0.525635
vt 0.681641 0.534180
vt 0.681641 0.542725
vt 0.681641 0.525635
vt 0.695312 0.534180
vt 0.695312 0.542725
vt 0.695312 0.525635
vt 0.708984 0.534180
vt 0.708984 0.542725
vt 0.708984 0.525635
vt 0.722656 0.534180
vt 0.722656 0.542725
vt 0.722656 0.525635
vt 0.736328 0.534180
vt 0.736328 0.542725
vt 0.736328 0.525635
vt 0.750000 0.534180
vt 0.750000 0.542725
vt 0.750000 0.525635
vt 0.763672 0.534180
vt 0.763672 0.542725
vt 0.763672 0.525635
vt 0.777344 0.534180
vt 0.777344 0.542725
vt 0.777344 0.525635
vt 0.791016 0.534180
vt 0.791016 0.542725
vt 0.791016 0.525635
vt 0.804688 0.534180
vt 0.804688 0.525635
vt 0.818359 0.525635
vt 0.832031 0.525635
vt 0.818359 0.517090
vt 0.804688 0.517090
vt 0.832031 0.517090
vt 0.845703 0.517090
vt 0.859375 0.517090
vt 0.845703 0.508545
vt 0.832031 0.508545
vt 0.859375 0.508545
vt 0.873047 0.517090
vt 0.873047 0.508545
vt 0.886719 0.517090
vt 0.886719 0.508545
vt 0.900391 0.517090
vt 0.900391 0.508545
vt 0.914062 0.517090
vt 0.914062 0.508545
vt 0.927734 0.517090
vt 0.927734 0.508545
vt 0.941406 0.517090
vt 0.941406 0.508545
vt 0.955078 0.517090
vt 0.955078 0.508545
vt 0.968750 0.517090
vt 0.968750 0.508545
vt 0.544922 0.517090
vt 0.531250 0.517090
vt 0.544922 0.508545
vt 0.531250 0.508545
vt 0.558594 0.517090
vt 0.558594 0.508545
vt 0.572266 0.517090
vt 0.572266 0.508545
vt 0.585938 0.517090
vt 0.585938 0.508545
vt 0.599609 0.517090
vt 0.599609 0.508545
vt 0.613281 0.517090
vt 0.613281 0.508545
vt 0.626953 0.517090
vt 0.626953 0.508545
vt 0.640625 0.517090
vt 0.640625 0.508545
vt 0.654297 0.517090
vt 0.654297 0.508545
vt 0.667969 0.517090
vt 0.667969 0.508545
vt 0.681641 0.517090
vt 0.681641 0.508545
vt 0.695312 0.517090
vt 0.695312 0.508545
vt 0.708984 0.517090
vt 0.708984 0.508545
vt 0.722656 0.517090
vt 0.722656 0.508545
vt 0.736328 0.517090
vt 0.736328 0.508545
vt 0.750000 0.517090
vt 0.750000 0.508545
vt 0.763672 0.517090
vt 0.763672 0.508545
vt 0.777344 0.517090
vt 0.777344 0.508545
vt 0.791016 0.517090
vt 0.791016 0.508545
vt 0.804688 0.508545
vt 0.818359 0.508545
vt 0.804688 0.500000
vt 0.791016 0.500000
vt 0.818359 0.500000
vt 0.832031 0.500000
vt 0.845703 0.500000
vt 0.832031 0.491455
vt 0.818359 0.491455
vt 0.845703 0.491455
vt 0.859375 0.500000
vt 0.859375 0.491455
vt 0.873047 0.491455
vt 0.873047 0.500000
vt 0.873047 0.482910
vt 0.859375 0.482910
vt 0.845703 0.482910
vt 0.886719 0.491455
vt 0.886719 0.500000
vt 0.886719 0.482910
vt 0.900391 0.491455
vt 0.900391 0.500000
vt 0.900391 0.482910
vt 0.914062 0.491455
vt 0.914062 0.500000
vt 0.914062 0.482910
vt 0.927734 0.491455
vt 0.927734 0.500000
vt 0.927734 0.482910
vt 0.941406 0.491455
vt 0.941406 0.500000
vt 0.941406 0.482910
vt 0.955078 0.491455
vt 0.955078 0.500000
vt 0.955078 0.482910
vt 0.968750 0.491455
vt 0.968750 0.500000
vt 0.968750 0.482910
vt 0.544922 0.491455
vt 0.544922 0.500000
vt 0.531250 0.500000
vt 0.531250 0.491455
vt 0.544922 0.482910
vt 0.531250 0.482910
vt 0.558594 0.491455
vt 0.558594 0.500000
vt 0.558594 0.482910
vt 0.572266 0.491455
vt 0.572266 0.500000
vt 0.572266 0.482910
vt 0.585938 0.491455
vt 0.585938 0.500000
vt 0.585938 0.482910
vt 0.599609 0.491455
vt 0.599609 0.500000
vt 0.599609 0.482910
vt 0.613281 0.491455
vt 0.613281 0.500000
vt 0.613281 0.482910
vt 0.626953 0.491455
vt 0.626953 0.500000
vt 0.626953 0.482910
vt 0.640625 0.491455
vt 0.640625 0.500000
vt 0.640625 0.482910
vt 0.654297 0.491455
vt 0.654297 0.500000
vt 0.654297 0.482910
vt 0.667969 0.491455
vt 0.667969 0.500000
vt 0.667969 0.482910
vt 0.681641 0.491455
vt 0.681641 0.500000
vt 0.681641 0.482910
vt 0.695312 0.491455
vt 0.695312 0.500000
vt 0.695312 0.482910
vt 0.708984 0.491455
vt 0.708984 0.500000
vt 0.708984 0.482910
vt 0.722656 0.491455
vt 0.722656 0.500000
vt 0.722656 0.482910
vt 0.736328 0.491455
vt 0.736328 0.500000
vt 0.736328 0.482910
vt 0.750000 0.491455
vt 0.750000 0.500000
vt 0.750000 0.482910
vt 0.763672 0.491455
vt 0.763672 0.500000
vt 0.763672 0.482910
vt 0.777344 0.491455
vt 0.777344 0.500000
vt 0.777344 0.482910
vt 0.791016 0.491455
vt 0.791016 0.482910
vt 0.804688 0.491455
vt 0.804688 0.482910
vt 0.818359 0.482910
vt 0.832031 0.482910
vt 0.818359 0.474365
vt 0.804688 0.474365
vt 0.832031 0.474365
vt 0.845703 0.474365
vt 0.859375 0.474365
vt 0.845703 0.465820
vt 0.832031 0.465820
vt 0.859375 0.465820
vt 0.873047 0.465820
vt 0.873047 0.474365
vt 0.886719 0.474365
vt 0.886719 0.465820
vt 0.900391 0.474365
vt 0.900391 0.465820
vt 0.914062 0.474365
vt 0.914062 0.465820
vt 0.927734 0.474365
vt 0.927734 0.465820
vt 0.941406 0.474365
vt 0.941406 0.465820
vt 0.955078 0.474365
vt 0.955078 0.465820
vt 0.968750 0.474365
vt 0.968750 0.465820
vt 0.544922 0.474365
vt 0.531250 0.474365
vt 0.544922 0.465820
vt 0.531250 0.465820
vt 0.558594 0.474365
vt 0.558594 0.465820
vt 0.572266 0.474365
vt 0.572266 0.465820
vt 0.585938 0.474365
vt 0.585938 0.465820
vt 0.599609 0.474365
vt 0.599609 0.465820
vt 0.613281 0.474365
vt 0.613281 0.465820
vt 0.626953 0.474365
vt 0.626953 0.465820
vt 0.640625 0.474365
vt 0.640625 0.465820
vt 0.654297 0.474365
vt 0.654297 0.465820
vt 0.667969 0.474365
vt 0.667969 0.465820
vt 0.681641 0.474365
vt 0.681641 0.465820
vt 0.695312 0.474365
vt 0.695312 0.465820
vt 0.708984 0.474365
vt 0.708984 0.465820
vt 0.722656 0.474365
vt 0.722656 0.465820
vt 0.736328 0.474365
vt 0.736328 0.465820
vt 0.750000 0.474365
vt 0.750000 0.465820
vt 0.763672 0.474365
vt 0.763672 0.465820
vt 0.777344 0.474365
vt 0.777344 0.465820
vt 0.791016 0.474365
vt 0.791016 0.465820
vt 0.804688 0.465820
vt 0.818359 0.465820
vt 0.804688 0.457275
vt 0.791016 0.457275
vt 0.818359 0.457275
vt 0.832031 0.457275
vt 0.845703 0.457275
vt 0.832031 0.448730
vt 0.818359 0.448730
vt 0.845703 0.448730
vt 0.859375 0.457275
vt 0.859375 0.448730
vt 0.873047 0.448730
vt 0.873047 0.457275
vt 0.886719 0.457275
vt 0.886719 0.448730
vt 0.900391 0.457275
vt 0.900391 0.448730
vt 0.914062 0.457275
vt 0.914062 0.448730
vt 0.927734 0.457275
vt 0.927734 0.448730
vt 0.941406 0.457275
vt 0.941406 0.448730
vt 0.955078 0.457275
vt 0.955078 0.448730
vt 0.968750 0.457275
vt 0.968750 0.448730
vt 0.544922 0.457275
vt 0.531250 0.457275
vt 0.544922 0.448730
vt 0.531250 0.448730
vt 0.558594 0.457275
vt 0.558594 0.448730
vt 0.572266 0.457275
vt 0.572266 0.448730
vt 0.585938 0.457275
vt 0.585938 0.448730
vt 0.599609 0.457275
vt 0.599609 0.448730
vt 0.613281 0.457275
vt 0.613281 0.448730
vt 0.626953 0.457275
vt 0.626953 0.448730
vt 0.640625 0.457275
vt 0.640625 0.448730
vt 0.654297 0.457275
vt 0.654297 0.448730
vt 0.667969 0.457275
vt 0.667969 0.448730
vt 0.681641 0.457275
vt 0.681641 0.448730
vt 0.695312 0.457275
vt 0.695312 0.448730
vt 0.708984 0.457275
vt 0.708984 0.448730
vt 0.722656 0.457275
vt 0.722656 0.448730
vt 0.736328 0.457275
vt 0.736328 0.448730
vt 0.750000 0.457275
vt 0.750000 0.448730
vt 0.763672 0.457275
vt 0.763672 0.448730
vt 0.777344 0.457275
vt 0.777344 0.448730
vt 0.791016 0.448730
vt 0.804688 0.448730
vt 0.791016 0.440186
vt 0.777344 0.440186
vt 0.804688 0.440186
vt 0.818359 0.440186
vt 0.832031 0.440186
vt 0.818359 0.431641
vt 0.804688 0.431641
vt 0.832031 0.431641
vt 0.845703 0.440186
vt 0.845703 0.431641
vt 0.859375 0.440186
vt 0.859375 0.431641
vt 0.873047 0.440186
vt 0.873047 0.431641
vt 0.886719 0.440186
vt 0.886719 0.431641
vt 0.900391 0.440186
vt 0.900391 0.431641
vt 0.914062 0.440186
vt 0.914062 0.431641
vt 0.927734 0.440186
vt 0.927734 0.431641
vt 0.941406 0.440186
vt 0.941406 0.431641
vt 0.955078 0.440186
vt 0.955078 0.431641
vt 0.968750 0.440186
vt 0.968750 0.431641
vt 0.544922 0.440186
vt 0.531250 0.440186
vt 0.544922 0.431641
vt 0.531250 0.431641
vt 0.558594 0.440186
vt 0.558594 0.431641
vt 0.572266 0.440186
vt 0.572266 0.431641
vt 0.585938 0.440186
vt 0.585938 0.431641
vt 0.599609 0.440186
vt 0.599609 0.431641
vt 0.613281 0.440186
vt 0.613281 0.431641
vt 0.626953 0.440186
vt 0.626953 0.431641
vt 0.640625 0.440186
vt 0.640625 0.431641
vt 0.654297 0.440186
vt 0.654297 0.431641
vt 0.667969 0.440186
vt 0.667969 0.431641
vt 0.681641 0.440186
vt 0.681641 0.431641
vt 0.695312 0.440186
vt 0.695312 0.431641
vt 0.708984 0.440186
vt 0.708984 0.431641
vt 0.722656 0.440186
vt 0.722656 0.431641
vt 0.736328 0.440186
vt 0.736328 0.431641
vt 0.750000 0.440186
vt 0.750000 0.431641
vt 0.763672 0.440186
vt 0.763672 0.431641
vt 0.777344 0.431641
vt 0.791016 0.431641
vt 0.777344 0.423096
vt 0.763672 0.423096
vt 0.791016 0.423096
vt 0.804688 0.423096
vt 0.818359 0.423096
vt 0.804688 0.414551
vt 0.791016 0.414551
vt 0.818359 0.414551
vt 0.832031 0.423096
vt 0.832031 0.414551
vt 0.845703 0.423096
vt 0.845703 0.414551
vt 0.859375 0.423096
vt 0.859375 0.414551
vt 0.873047 0.414551
vt 0.873047 0.423096
vt 0.886719 0.423096
vt 0.886719 0.414551
vt 0.900391 0.423096
vt 0.900391 0.414551
vt 0.914062 0.423096
vt 0.914062 0.414551
vt 0.927734 0.423096
vt 0.927734 0.414551
vt 0.941406 0.423096
vt 0.941406 0.414551
vt 0.955078 0.423096
vt 0.955078 0.414551
vt 0.968750 0.423096
vt 0.968750 0.414551
vt 0.544922 0.423096
vt 0.531250 0.423096
vt 0.544922 0.414551
vt 0.531250 0.414551
vt 0.558594 0.423096
vt 0.558594 0.414551
vt 0.572266 0.423096
vt 0.572266 0.414551
vt 0.585938 0.423096
vt 0.585938 0.414551
vt 0.599609 0.423096
vt 0.599609 0.414551
vt 0.613281 0.423096
vt 0.613281 0.414551
vt 0.626953 0.423096
vt 0.626953 0.414551
vt 0.640625 0.423096
vt 0.640625 0.414551
vt 0.654297 0.423096
vt 0.654297 0.414551
vt 0.667969 0.423096
vt 0.667969 0.414551
vt 0.681641 0.423096
vt 0.681641 0.414551
vt 0.695312 0.423096
vt 0.695312 0.414551
vt 0.708984 0.423096
vt 0.708984 0.414551
vt 0.722656 0.423096
vt 0.722656 0.414551
vt 0.736328 0.423096
vt 0.736328 0.414551
vt 0.750000 0.423096
vt 0.750000 0.414551
vt 0.763672 0.414551
vt 0.777344 0.414551
vt 0.763672 0.406006
vt 0.750000 0.406006
vt 0.777344 0.406006
vt 0.791016 0.406006
vt 0.804688 0.406006
vt 0.791016 0.397461
vt 0.777344 0.397461
vt 0.804688 0.397461
vt 0.818359 0.406006
vt 0.818359 0.397461
vt 0.832031 0.406006
vt 0.832031 0.397461
vt 0.845703 0.406006
vt 0.845703 0.397461
vt 0.859375 0.406006
vt 0.859375 0.397461
vt 0.873047 0.406006
vt 0.873047 0.397461
vt 0.886719 0.406006
vt 0.886719 0.397461
vt 0.900391 0.406006
vt 0.900391 0.397461
vt 0.914062 0.406006
vt 0.914062 0.397461
vt 0.927734 0.406006
vt 0.927734 0.397461
vt 0.941406 0.406006
vt 0.941406 0.397461
vt 0.955078 0.406006
vt 0.955078 0.397461
vt 0.968750 0.406006
vt 0.968750 0.397461
vt 0.544922 0.406006
vt 0.531250 0.406006
vt 0.544922 0.397461
vt 0.531250 0.397461
vt 0.558594 0.406006
vt 0.558594 0.397461
vt 0.572266 0.406006
vt 0.572266 0.397461
vt 0.585938 0.406006
vt 0.585938 0.397461
vt 0.599609 0.406006
vt 0.599609 0.397461
vt 0.613281 0.406006
vt 0.613281 0.397461
vt 0.626953 0.406006
vt 0.626953 0.397461
vt 0.640625 0.406006
vt 0.640625 0.397461
vt 0.654297 0.406006
vt 0.654297 0.397461
vt 0.667969 0.406006
vt 0.667969 0.397461
vt 0.681641 0.406006
vt 0.681641 0.397461
vt 0.695312 0.406006
vt 0.695312 0.397461
vt 0.708984 0.406006
vt 0.708984 0.397461
vt 0.722656 0.406006
vt 0.722656 0.397461
vt 0.736328 0.406006
vt 0.736328 0.397461
vt 0.750000 0.397461
vt 0.763672 0.397461
vt 0.750000 0.388916
vt 0.736328 0.388916
vt 0.763672 0.388916
vt 0.777344 0.388916
vt 0.791016 0.388916
vt 0.777344 0.380371
vt 0.763672 0.380371
vt 0.791016 0.380371
vt 0.804688 0.388916
vt 0.804688 0.380371
vt 0.818359 0.388916
vt 0.818359 0.380371
vt 0.832031 0.388916
vt 0.832031 0.380371
vt 0.845703 0.388916
vt 0.845703 0.380371
vt 0.859375 0.388916
vt 0.859375 0.380371
vt 0.873047 0.388916
vt 0.873047 0.380371
vt 0.873047 0.371826
vt 0.859375 0.371826
vt 0.845703 0.371826
vt 0.886719 0.380371
vt 0.886719 0.388916
vt 0.886719 0.371826
vt 0.900391 0.380371
vt 0.900391 0.388916
vt 0.900391 0.371826
vt 0.914062 0.380371
vt 0.914062 0.388916
vt 0.914062 0.371826
vt 0.927734 0.380371
vt 0.927734 0.388916
vt 0.927734 0.371826
vt 0.941406 0.380371
vt 0.941406 0.388916
vt 0.941406 0.371826
vt 0.955078 0.380371
vt 0.955078 0.388916
vt 0.955078 0.371826
vt 0.968750 0.380371
vt 0.968750 0.388916
vt 0.968750 0.371826
vt 0.544922 0.380371
vt 0.544922 0.388916
vt 0.531250 0.388916
vt 0.531250 0.380371
vt 0.544922 0.371826
vt 0.531250 0.371826
vt 0.558594 0.380371
vt 0.558594 0.388916
vt 0.558594 0.371826
vt 0.572266 0.380371
vt 0.572266 0.388916
vt 0.572266 0.371826
vt 0.585938 0.380371
vt 0.585938 0.388916
vt 0.585938 0.371826
vt 0.599609 0.380371
vt 0.599609 0.388916
vt 0.599609 0.371826
vt 0.613281 0.380371
vt 0.613281 0.388916
vt 0.613281 0.371826
vt 0.626953 0.380371
vt 0.626953 0.388916
vt 0.626953 0.371826
vt 0.640625 0.380371
vt 0.640625 0.388916
vt 0.640625 0.371826
vt 0.654297 0.380371
vt 0.654297 0.388916
vt 0.654297 0.371826
vt 0.667969 0.380371
vt 0.667969 0.388916
vt 0.667969 0.371826
vt 0.681641 0.380371
vt 0.681641 0.388916
vt 0.681641 0.371826
vt 0.695312 0.380371
vt 0.695312 0.388916
vt 0.695312 0.371826
vt 0.708984 0.380371
vt 0.708984 0.388916
vt 0.708984 0.371826
vt 0.722656 0.380371
vt 0.722656 0.388916
vt 0.722656 0.371826
vt 0.736328 0.380371
vt 0.736328 0.371826
vt 0.750000 0.380371
vt 0.750000 0.371826
vt 0.763672 0.371826
vt 0.777344 0.371826
vt 0.770508 0.363281
vt 0.756836 0.363281
vt 0.633789 0.363281
vt 0.647461 0.363281
vt 0.866211 0.363281
vt 0.852539 0.363281
vt 0.838867 0.363281
vt 0.832031 0.371826
vt 0.825195 0.363281
vt 0.818359 0.371826
vt 0.811523 0.363281
vt 0.804688 0.371826
vt 0.797852 0.363281
vt 0.791016 0.371826
vt 0.784180 0.363281
vt 0.743164 0.363281
vt 0.729492 0.363281
vt 0.715820 0.363281
vt 0.702148 0.363281
vt 0.688477 0.363281
vt 0.674805 0.363281
vt 0.661133 0.363281
vt 0.620117 0.363281
vt 0.606445 0.363281
vt 0.592773 0.363281
vt 0.579102 0.363281
vt 0.565430 0.363281
vt 0.551758 0.363281
vt 0.538086 0.363281
vt 0.961914 0.363281
vt 0.948242 0.363281
vt 0.934570 0.363281
vt 0.920898 0.363281
vt 0.907227 0.363281
vt 0.893555 0.363281
vt 0.879883 0.363281
vt 0.832031 0.593994
vt 0.818359 0.593994
vt 0.845703 0.593994
vt 0.859375 0.593994
vt 0.845703 0.602539
vt 0.832031 0.602539
vt 0.859375 0.602539
vt 0.873047 0.593994
vt 0.873047 0.602539
vt 0.886719 0.593994
vt 0.886719 0.602539
vt 0.900391 0.593994
vt 0.900391 0.602539
vt 0.914062 0.593994
vt 0.914062 0.602539
vt 0.927734 0.593994
vt 0.927734 0.602539
vt 0.941406 0.593994
vt 0.941406 0.602539
vt 0.955078 0.593994
vt 0.955078 0.602539
vt 0.968750 0.593994
vt 0.968750 0.602539
vt 0.544922 0.593994
vt 0.544922 0.602539
vt 0.531250 0.602539
vt 0.531250 0.593994
vt 0.558594 0.593994
vt 0.558594 0.602539
vt 0.572266 0.593994
vt 0.572266 0.602539
vt 0.585938 0.593994
vt 0.585938 0.602539
vt 0.599609 0.593994
vt 0.599609 0.602539
vt 0.613281 0.593994
vt 0.613281 0.602539
vt 0.626953 0.593994
vt 0.626953 0.602539
vt 0.640625 0.593994
vt 0.640625 0.602539
vt 0.654297 0.593994
vt 0.654297 0.602539
vt 0.667969 0.593994
vt 0.667969 0.602539
vt 0.681641 0.593994
vt 0.681641 0.602539
vt 0.695312 0.593994
vt 0.695312 0.602539
vt 0.708984 0.593994
vt 0.708984 0.602539
vt 0.722656 0.593994
vt 0.722656 0.602539
vt 0.736328 0.593994
vt 0.736328 0.602539
vt 0.750000 0.593994
vt 0.750000 0.602539
vt 0.763672 0.593994
vt 0.763672 0.602539
vt 0.777344 0.593994
vt 0.777344 0.602539
vt 0.791016 0.593994
vt 0.791016 0.602539
vt 0.804688 0.593994
vt 0.804688 0.602539
vt 0.818359 0.602539
vt 0.818359 0.611084
vt 0.804688 0.611084
vt 0.832031 0.611084
vt 0.845703 0.611084
vt 0.832031 0.619629
vt 0.818359 0.619629
vt 0.845703 0.619629
vt 0.859375 0.611084
vt 0.859375 0.619629
vt 0.873047 0.611084
vt 0.873047 0.619629
vt 0.886719 0.611084
vt 0.886719 0.619629
vt 0.900391 0.611084
vt 0.900391 0.619629
vt 0.914062 0.611084
vt 0.914062 0.619629
vt 0.927734 0.611084
vt 0.927734 0.619629
vt 0.941406 0.611084
vt 0.941406 0.619629
vt 0.955078 0.611084
vt 0.955078 0.619629
vt 0.968750 0.611084
vt 0.968750 0.619629
vt 0.544922 0.611084
vt 0.544922 0.619629
vt 0.531250 0.619629
vt 0.531250 0.611084
vt 0.558594 0.611084
vt 0.558594 0.619629
vt 0.572266 0.611084
vt 0.572266 0.619629
vt 0.585938 0.611084
vt 0.585938 0.619629
vt 0.599609 0.611084
vt 0.599609 0.619629
vt 0.613281 0.611084
vt 0.613281 0.619629
vt 0.626953 0.611084
vt 0.626953 0.619629
vt 0.640625 0.611084
vt 0.640625 0.619629
vt 0.654297 0.611084
vt 0.654297 0.619629
vt 0.667969 0.611084
vt 0.667969 0.619629
vt 0.681641 0.611084
vt 0.681641 0.619629
vt 0.695312 0.611084
vt 0.695312 0.619629
vt 0.708984 0.611084
vt 0.708984 0.619629
vt 0.722656 0.611084
vt 0.722656 0.619629
vt 0.736328 0.611084
vt 0.736328 0.619629
vt 0.750000 0.611084
vt 0.750000 0.619629
vt 0.763672 0.611084
vt 0.763672 0.619629
vt 0.777344 0.611084
vt 0.777344 0.619629
vt 0.791016 0.611084
vt 0.791016 0.619629
vt 0.804688 0.619629
vt 0.804688 0.628174
vt 0.791016 0.628174
vt 0.818359 0.628174
vt 0.832031 0.628174
vt 0.825195 0.636719
vt 0.811523 0.636719
vt 0.626953 0.628174
vt 0.620117 0.636719
vt 0.613281 0.628174
vt 0.640625 0.628174
vt 0.633789 0.636719
vt 0.873047 0.628174
vt 0.866211 0.636719
vt 0.859375 0.628174
vt 0.852539 0.636719
vt 0.845703 0.628174
vt 0.838867 0.636719
vt 0.797852 0.636719
vt 0.784180 0.636719
vt 0.777344 0.628174
vt 0.770508 0.636719
vt 0.763672 0.628174
vt 0.756836 0.636719
vt 0.750000 0.628174
vt 0.743164 0.636719
vt 0.736328 0.628174
vt 0.729492 0.636719
vt 0.722656 0.628174
vt 0.715820 0.636719
vt 0.708984 0.628174
vt 0.702148 0.636719
vt 0.695312 0.628174
vt 0.688477 0.636719
vt 0.681641 0.628174
vt 0.674805 0.636719
vt 0.667969 0.628174
vt 0.661133 0.636719
vt 0.654297 0.628174
vt 0.647461 0.636719
vt 0.606445 0.636719
vt 0.599609 0.628174
vt 0.592773 0.636719
vt 0.585938 0.628174
vt 0.579102 0.636719
vt 0.572266 0.628174
vt 0.565430 0.636719
vt 0.558594 0.628174
vt 0.551758 0.636719
vt 0.544922 0.628174
vt 0.538086 0.636719
vt 0.531250 0.628174
vt 0.968750 0.628174
vt 0.961914 0.636719
vt 0.955078 0.628174
vt 0.948242 0.636719
vt 0.941406 0.628174
vt 0.934570 0.636719
vt 0.927734 0.628174
vt 0.920898 0.636719
vt 0.914062 0.628174
vt 0.907227 0.636719
vt 0.900391 0.628174
vt 0.893555 0.636719
vt 0.886719 0.628174
vt 0.879883 0.636719
vt 0.359375 0.233398
vt 0.359375 0.241821
vt 0.345703 0.241821
vt 0.345703 0.233398
vt 0.359375 0.250244
vt 0.345703 0.250244
vt 0.373047 0.241821
vt 0.373047 0.250244
vt 0.373047 0.233398
vt 0.386719 0.241821
vt 0.386719 0.250244
vt 0.386719 0.233398
vt 0.400391 0.241821
vt 0.400391 0.250244
vt 0.400391 0.233398
vt 0.414062 0.241821
vt 0.414062 0.250244
vt 0.414062 0.233398
vt 0.427734 0.241821
vt 0.427734 0.250244
vt 0.427734 0.233398
vt 0.441406 0.241821
vt 0.441406 0.250244
vt 0.441406 0.233398
vt 0.455078 0.241821
vt 0.455078 0.250244
vt 0.455078 0.233398
vt 0.468750 0.241821
vt 0.468750 0.250244
vt 0.468750 0.233398
vt 0.044922 0.241821
vt 0.044922 0.250244
vt 0.031250 0.250244
vt 0.031250 0.241821
vt 0.044922 0.233398
vt 0.031250 0.233398
vt 0.058594 0.241821
vt 0.058594 0.250244
vt 0.058594 0.233398
vt 0.072266 0.241821
vt 0.072266 0.250244
vt 0.072266 0.233398
vt 0.085938 0.241821
vt 0.085938 0.250244
vt 0.085938 0.233398
vt 0.099609 0.241821
vt 0.099609 0.250244
vt 0.099609 0.233398
vt 0.113281 0.241821
vt 0.113281 0.250244
vt 0.113281 0.233398
vt 0.126953 0.241821
vt 0.126953 0.250244
vt 0.126953 0.233398
vt 0.140625 0.241821
vt 0.140625 0.250244
vt 0.140625 0.233398
vt 0.154297 0.241821
vt 0.154297 0.250244
vt 0.154297 0.233398
vt 0.167969 0.241821
vt 0.167969 0.250244
vt 0.167969 0.233398
vt 0.181641 0.241821
vt 0.181641 0.250244
vt 0.181641 0.233398
vt 0.195312 0.241821
vt 0.195312 0.250244
vt 0.195312 0.233398
vt 0.208984 0.241821
vt 0.208984 0.250244
vt 0.208984 0.233398
vt 0.222656 0.241821
vt 0.222656 0.250244
vt 0.222656 0.233398
vt 0.236328 0.241821
vt 0.236328 0.250244
vt 0.236328 0.233398
vt 0.250000 0.241821
vt 0.250000 0.250244
vt 0.250000 0.233398
vt 0.263672 0.241821
vt 0.263672 0.250244
vt 0.263672 0.233398
vt 0.277344 0.241821
vt 0.277344 0.250244
vt 0.277344 0.233398
vt 0.291016 0.241821
vt 0.291016 0.250244
vt 0.291016 0.233398
vt 0.304688 0.241821
vt 0.304688 0.250244
vt 0.304688 0.233398
vt 0.318359 0.241821
vt 0.318359 0.250244
vt 0.318359 0.233398
vt 0.332031 0.241821
vt 0.332031 0.250244
vt 0.332031 0.233398
vt 0.332031 0.224976
vt 0.318359 0.224976
vt 0.345703 0.224976
vt 0.359375 0.224976
vt 0.345703 0.216553
vt 0.332031 0.216553
vt 0.359375 0.216553
vt 0.373047 0.224976
vt 0.373047 0.216553
vt 0.386719 0.224976
vt 0.386719 0.216553
vt 0.400391 0.224976
vt 0.400391 0.216553
vt 0.414062 0.224976
vt 0.414062 0.216553
vt 0.427734 0.224976
vt 0.427734 0.216553
vt 0.441406 0.224976
vt 0.441406 0.216553
vt 0.455078 0.224976
vt 0.455078 0.216553
vt 0.468750 0.224976
vt 0.468750 0.216553
vt 0.044922 0.224976
vt 0.031250 0.224976
vt 0.044922 0.216553
vt 0.031250 0.216553
vt 0.058594 0.224976
vt 0.058594 0.216553
vt 0.072266 0.224976
vt 0.072266 0.216553
vt 0.085938 0.224976
vt 0.085938 0.216553
vt 0.099609 0.224976
vt 0.099609 0.216553
vt 0.113281 0.224976
vt 0.113281 0.216553
vt 0.126953 0.224976
vt 0.126953 0.216553
vt 0.140625 0.224976
vt 0.140625 0.216553
vt 0.154297 0.224976
vt 0.154297 0.216553
vt 0.167969 0.224976
vt 0.167969 0.216553
vt 0.181641 0.224976
vt 0.181641 0.216553
vt 0.195312 0.224976
vt 0.195312 0.216553
vt 0.208984 0.224976
vt 0.208984 0.216553
vt 0.222656 0.224976
vt 0.222656 0.216553
vt 0.236328 0.224976
vt 0.236328 0.216553
vt 0.250000 0.224976
vt 0.250000 0.216553
vt 0.263672 0.224976
vt 0.263672 0.216553
vt 0.277344 0.224976
vt 0.277344 0.216553
vt 0.291016 0.224976
vt 0.291016 0.216553
vt 0.304688 0.224976
vt 0.304688 0.216553
vt 0.318359 0.216553
vt 0.318359 0.208130
vt 0.304688 0.208130
vt 0.332031 0.208130
vt 0.345703 0.208130
vt 0.332031 0.199707
vt 0.318359 0.199707
vt 0.345703 0.199707
vt 0.359375 0.208130
vt 0.359375 0.199707
vt 0.373047 0.208130
vt 0.373047 0.199707
vt 0.373047 0.191284
vt 0.359375 0.191284
vt 0.345703 0.191284
vt 0.386719 0.199707
vt 0.386719 0.208130
vt 0.386719 0.191284
vt 0.400391 0.199707
vt 0.400391 0.208130
vt 0.400391 0.191284
vt 0.414062 0.199707
vt 0.414062 0.208130
vt 0.414062 0.191284
vt 0.427734 0.199707
vt 0.427734 0.208130
vt 0.427734 0.191284
vt 0.441406 0.199707
vt 0.441406 0.208130
vt 0.441406 0.191284
vt 0.455078 0.199707
vt 0.455078 0.208130
vt 0.455078 0.191284
vt 0.468750 0.199707
vt 0.468750 0.208130
vt 0.468750 0.191284
vt 0.044922 0.199707
vt 0.044922 0.208130
vt 0.031250 0.208130
vt 0.031250 0.199707
vt 0.044922 0.191284
vt 0.031250 0.191284
vt 0.058594 0.199707
vt 0.058594 0.208130
vt 0.058594 0.191284
vt 0.072266 0.199707
vt 0.072266 0.208130
vt 0.072266 0.191284
vt 0.085938 0.199707
vt 0.085938 0.208130
vt 0.085938 0.191284
vt 0.099609 0.199707
vt 0.099609 0.208130
vt 0.099609 0.191284
vt 0.113281 0.199707
vt 0.113281 0.208130
vt 0.113281 0.191284
vt 0.126953 0.199707
vt 0.126953 0.208130
vt 0.126953 0.191284
vt 0.140625 0.199707
vt 0.140625 0.208130
vt 0.140625 0.191284
vt 0.154297 0.199707
vt 0.154297 0.208130
vt 0.154297 0.191284
vt 0.167969 0.199707
vt 0.167969 0.208130
vt 0.167969 0.191284
vt 0.181641 0.199707
vt 0.181641 0.208130
vt 0.181641 0.191284
vt 0.195312 0.199707
vt 0.195312 0.208130
vt 0.195312 0.191284
vt 0.208984 0.199707
vt 0.208984 0.208130
vt 0.208984 0.191284
vt 0.222656 0.199707
vt 0.222656 0.208130
vt 0.222656 0.191284
vt 0.236328 0.199707
vt 0.236328 0.208130
vt 0.236328 0.191284
vt 0.250000 0.199707
vt 0.250000 0.208130
vt 0.250000 0.191284
vt 0.263672 0.199707
vt 0.263672 0.208130
vt 0.263672 0.191284
vt 0.277344 0.199707
vt 0.277344 0.208130
vt 0.277344 0.191284
vt 0.291016 0.199707
vt 0.291016 0.208130
vt 0.291016 0.191284
vt 0.304688 0.199707
vt 0.304688 0.191284
vt 0.318359 0.191284
vt 0.332031 0.191284
vt 0.318359 0.182861
vt 0.304688 0.182861
vt 0.332031 0.182861
vt 0.345703 0.182861
vt 0.359375 0.182861
vt 0.345703 0.174438
vt 0.332031 0.174438
vt 0.359375 0.174438
vt 0.373047 0.182861
vt 0.373047 0.174438
vt 0.386719 0.182861
vt 0.386719 0.174438
vt 0.400391 0.182861
vt 0.400391 0.174438
vt 0.414062 0.182861
vt 0.414062 0.174438
vt 0.427734 0.182861
vt 0.427734 0.174438
vt 0.441406 0.182861
vt 0.441406 0.174438
vt 0.455078 0.182861
vt 0.455078 0.174438
vt 0.468750 0.182861
vt 0.468750 0.174438
vt 0.044922 0.182861
vt 0.031250 0.182861
vt 0.044922 0.174438
vt 0.031250 0.174438
vt 0.058594 0.182861
vt 0.058594 0.174438
vt 0.072266 0.182861
vt 0.072266 0.174438
vt 0.085938 0.182861
vt 0.085938 0.174438
vt 0.099609 0.182861
vt 0.099609 0.174438
vt 0.113281 0.182861
vt 0.113281 0.174438
vt 0.126953 0.182861
vt 0.126953 0.174438
vt 0.140625 0.182861
vt 0.140625 0.174438
vt 0.154297 0.182861
vt 0.154297 0.174438
vt 0.167969 0.182861
vt 0.167969 0.174438
vt 0.181641 0.182861
vt 0.181641 0.174438
vt 0.195312 0.182861
vt 0.195312 0.174438
vt 0.208984 0.182861
vt 0.208984 0.174438
vt 0.222656 0.182861
vt 0.222656 0.174438
vt 0.236328 0.182861
vt 0.236328 0.174438
vt 0.250000 0.182861
vt 0.250000 0.174438
vt 0.263672 0.182861
vt 0.263672 0.174438
vt 0.277344 0.182861
vt 0.277344 0.174438
vt 0.291016 0.182861
vt 0.291016 0.174438
vt 0.304688 0.174438
vt 0.318359 0.174438
vt 0.304688 0.166016
vt 0.291016 0.166016
vt 0.318359 0.166016
vt 0.332031 0.166016
vt 0.345703 0.166016
vt 0.332031 0.157593
vt 0.318359 0.157593
vt 0.345703 0.157593
vt 0.359375 0.166016
vt 0.359375 0.157593
vt 0.373047 0.157593
vt 0.373047 0.166016
vt 0.373047 0.149170
vt 0.359375 0.149170
vt 0.345703 0.149170
vt 0.386719 0.157593
vt 0.386719 0.166016
vt 0.386719 0.149170
vt 0.400391 0.157593
vt 0.400391 0.166016
vt 0.400391 0.149170
vt 0.414062 0.157593
vt 0.414062 0.166016
vt 0.414062 0.149170
vt 0.427734 0.157593
vt 0.427734 0.166016
vt 0.427734 0.149170
vt 0.441406 0.157593
vt 0.441406 0.166016
vt 0.441406 0.149170
vt 0.455078 0.157593
vt 0.455078 0.166016
vt 0.455078 0.149170
vt 0.468750 0.157593
vt 0.468750 0.166016
vt 0.468750 0.149170
vt 0.044922 0.157593
vt 0.044922 0.166016
vt 0.031250 0.166016
vt 0.031250 0.157593
vt 0.044922 0.149170
vt 0.031250 0.149170
vt 0.058594 0.157593
vt 0.058594 0.166016
vt 0.058594 0.149170
vt 0.072266 0.157593
vt 0.072266 0.166016
vt 0.072266 0.149170
vt 0.085938 0.157593
vt 0.085938 0.166016
vt 0.085938 0.149170
vt 0.099609 0.157593
vt 0.099609 0.166016
vt 0.099609 0.149170
vt 0.113281 0.157593
vt 0.113281 0.166016
vt 0.113281 0.149170
vt 0.126953 0.157593
vt 0.126953 0.166016
vt 0.126953 0.149170
vt 0.140625 0.157593
vt 0.140625 0.166016
vt 0.140625 0.149170
vt 0.154297 0.157593
vt 0.154297 0.166016
vt 0.154297 0.149170
vt 0.167969 0.157593
vt 0.167969 0.166016
vt 0.167969 0.149170
vt 0.181641 0.157593
vt 0.181641 0.166016
vt 0.181641 0.149170
vt 0.195312 0.157593
vt 0.195312 0.166016
vt 0.195312 0.149170
vt 0.208984 0.157593
vt 0.208984 0.166016
vt 0.208984 0.149170
vt 0.222656 0.157593
vt 0.222656 0.166016
vt 0.222656 0.149170
vt 0.236328 0.157593
vt 0.236328 0.166016
vt 0.236328 0.149170
vt 0.250000 0.157593
vt 0.250000 0.166016
vt 0.250000 0.149170
vt 0.263672 0.157593
vt 0.263672 0.166016
vt 0.263672 0.149170
vt 0.277344 0.157593
vt 0.277344 0.166016
vt 0.277344 0.149170
vt 0.291016 0.157593
vt 0.291016 0.149170
vt 0.304688 0.157593
vt 0.304688 0.149170
vt 0.318359 0.149170
vt 0.332031 0.149170
vt 0.318359 0.140747
vt 0.304688 0.140747
vt 0.332031 0.140747
vt 0.345703 0.140747
vt 0.359375 0.140747
vt 0.345703 0.132324
vt 0.332031 0.132324
vt 0.359375 0.132324
vt 0.373047 0.132324
vt 0.373047 0.140747
vt 0.386719 0.140747
vt 0.386719 0.132324
vt 0.400391 0.140747
vt 0.400391 0.132324
vt 0.414062 0.140747
vt 0.414062 0.132324
vt 0.427734 0.140747
vt 0.427734 0.132324
vt 0.441406 0.140747
vt 0.441406 0.132324
vt 0.455078 0.140747
vt 0.455078 0.132324
vt 0.468750 0.140747
vt 0.468750 0.132324
vt 0.044922 0.140747
vt 0.031250 0.140747
vt 0.044922 0.132324
vt 0.031250 0.132324
vt 0.058594 0.140747
vt 0.058594 0.132324
vt 0.072266 0.140747
vt 0.072266 0.132324
vt 0.085938 0.140747
vt 0.085938 0.132324
vt 0.099609 0.140747
vt 0.099609 0.132324
vt 0.113281 0.140747
vt 0.113281 0.132324
vt 0.126953 0.140747
vt 0.126953 0.132324
vt 0.140625 0.140747
vt 0.140625 0.132324
vt 0.154297 0.140747
vt 0.154297 0.132324
vt 0.167969 0.140747
vt 0.167969 0.132324
vt 0.181641 0.140747
vt 0.181641 0.132324
vt 0.195312 0.140747
vt 0.195312 0.132324
vt 0.208984 0.140747
vt 0.208984 0.132324
vt 0.222656 0.140747
vt 0.222656 0.132324
vt 0.236328 0.140747
vt 0.236328 0.132324
vt 0.250000 0.140747
vt 0.250000 0.132324
vt 0.263672 0.140747
vt 0.263672 0.132324
vt 0.277344 0.140747
vt 0.277344 0.132324
vt 0.291016 0.140747
vt 0.291016 0.132324
vt 0.304688 0.132324
vt 0.318359 0.132324
vt 0.304688 0.123901
vt 0.291016 0.123901
vt 0.318359 0.123901
vt 0.332031 0.123901
vt 0.345703 0.123901
vt 0.332031 0.115479
vt 0.318359 0.115479
vt 0.345703 0.115479
vt 0.359375 0.123901
vt 0.359375 0.115479
vt 0.373047 0.115479
vt 0.373047 0.123901
vt 0.386719 0.123901
vt 0.386719 0.115479
vt 0.400391 0.123901
vt 0.400391 0.115479
vt 0.414062 0.123901
vt 0.414062 0.115479
vt 0.427734 0.123901
vt 0.427734 0.115479
vt 0.441406 0.123901
vt 0.441406 0.115479
vt 0.455078 0.123901
vt 0.455078 0.115479
vt 0.468750 0.123901
vt 0.468750 0.115479
vt 0.044922 0.123901
vt 0.031250 0.123901
vt 0.044922 0.115479
vt 0.031250 0.115479
vt 0.058594 0.123901
vt 0.058594 0.115479
vt 0.072266 0.123901
vt 0.072266 0.115479
vt 0.085938 0.123901
vt 0.085938 0.115479
vt 0.099609 0.123901
vt 0.099609 0.115479
vt 0.113281 0.123901
vt 0.113281 0.115479
vt 0.126953 0.123901
vt 0.126953 0.115479
vt 0.140625 0.123901
vt 0.140625 0.115479
vt 0.154297 0.123901
vt 0.154297 0.115479
vt 0.167969 0.123901
vt 0.167969 0.115479
vt 0.181641 0.123901
vt 0.181641 0.115479
vt 0.195312 0.123901
vt 0.195312 0.115479
vt 0.208984 0.123901
vt 0.208984 0.115479
vt 0.222656 0.123901
vt 0.222656 0.115479
vt 0.236328 0.123901
vt 0.236328 0.115479
vt 0.250000 0.123901
vt 0.250000 0.115479
vt 0.263672 0.123901
vt 0.263672 0.115479
vt 0.277344 0.123901
vt 0.277344 0.115479
vt 0.291016 0.115479
vt 0.304688 0.115479
vt 0.291016 0.107056
vt 0.277344 0.107056
vt 0.304688 0.107056
vt 0.318359 0.107056
vt 0.332031 0.107056
vt 0.318359 0.098633
vt 0.304688 0.098633
vt 0.332031 0.098633
vt 0.345703 0.107056
vt 0.345703 0.098633
vt 0.359375 0.107056
vt 0.359375 0.098633
vt 0.373047 0.107056
vt 0.373047 0.098633
vt 0.386719 0.107056
vt 0.386719 0.098633
vt 0.400391 0.107056
vt 0.400391 0.098633
vt 0.414062 0.107056
vt 0.414062 0.098633
vt 0.427734 0.107056
vt 0.427734 0.098633
vt 0.441406 0.107056
vt 0.441406 0.098633
vt 0.455078 0.107056
vt 0.455078 0.098633
vt 0.468750 0.107056
vt 0.468750 0.098633
vt 0.044922 0.107056
vt 0.031250 0.107056
vt 0.044922 0.098633
vt 0.031250 0.098633
vt 0.058594 0.107056
vt 0.058594 0.098633
vt 0.072266 0.107056
vt 0.072266 0.098633
vt 0.085938 0.107056
vt 0.085938 0.098633
vt 0.099609 0.107056
vt 0.099609 0.098633
vt 0.113281 0.107056
vt 0.113281 0.098633
vt 0.126953 0.107056
vt 0.126953 0.098633
vt 0.140625 0.107056
vt 0.140625 0.098633
vt 0.154297 0.107056
vt 0.154297 0.098633
vt 0.167969 0.107056
vt 0.167969 0.098633
vt 0.181641 0.107056
vt 0.181641 0.098633
vt 0.195312 0.107056
vt 0.195312 0.098633
vt 0.208984 0.107056
vt 0.208984 0.098633
vt 0.222656 0.107056
vt 0.222656 0.098633
vt 0.236328 0.107056
vt 0.236328 0.098633
vt 0.250000 0.107056
vt 0.250000 0.098633
vt 0.263672 0.107056
vt 0.263672 0.098633
vt 0.277344 0.098633
vt 0.291016 0.098633
vt 0.277344 0.090210
vt 0.263672 0.090210
vt 0.291016 0.090210
vt 0.304688 0.090210
vt 0.318359 0.090210
vt 0.304688 0.081787
vt 0.291016 0.081787
vt 0.318359 0.081787
vt 0.332031 0.090210
vt 0.332031 0.081787
vt 0.345703 0.090210
vt 0.345703 0.081787
vt 0.359375 0.090210
vt 0.359375 0.081787
vt 0.373047 0.081787
vt 0.373047 0.090210
vt 0.386719 0.090210
vt 0.386719 0.081787
vt 0.400391 0.090210
vt 0.400391 0.081787
vt 0.414062 0.090210
vt 0.414062 0.081787
vt 0.427734 0.090210
vt 0.427734 0.081787
vt 0.441406 0.090210
vt 0.441406 0.081787
vt 0.455078 0.090210
vt 0.455078 0.081787
vt 0.468750 0.090210
vt 0.468750 0.081787
vt 0.044922 0.090210
vt 0.031250 0.090210
vt 0.044922 0.081787
vt 0.031250 0.081787
vt 0.058594 0.090210
vt 0.058594 0.081787
vt 0.072266 0.090210
vt 0.072266 0.081787
vt 0.085938 0.090210
vt 0.085938 0.081787
vt 0.099609 0.090210
vt 0.099609 0.081787
vt 0.113281 0.090210
vt 0.113281 0.081787
vt 0.126953 0.090210
vt 0.126953 0.081787
vt 0.140625 0.090210
vt 0.140625 0.081787
vt 0.154297 0.090210
vt 0.154297 0.081787
vt 0.167969 0.090210
vt 0.167969 0.081787
vt 0.181641 0.090210
vt 0.181641 0.081787
vt 0.195312 0.090210
vt 0.195312 0.081787
vt 0.208984 0.090210
vt 0.208984 0.081787
vt 0.222656 0.090210
vt 0.222656 0.081787
vt 0.236328 0.090210
vt 0.236328 0.081787
vt 0.250000 0.090210
vt 0.250000 0.081787
vt 0.263672 0.081787
vt 0.277344 0.081787
vt 0.263672 0.073364
vt 0.250000 0.073364
vt 0.277344 0.073364
vt 0.291016 0.073364
vt 0.304688 0.073364
vt 0.291016 0.064941
vt 0.277344 0.064941
vt 0.304688 0.064941
vt 0.318359 0.073364
vt 0.318359 0.064941
vt 0.332031 0.073364
vt 0.332031 0.064941
vt 0.345703 0.073364
vt 0.345703 0.064941
vt 0.359375 0.073364
vt 0.359375 0.064941
vt 0.373047 0.073364
vt 0.373047 0.064941
vt 0.386719 0.073364
vt 0.386719 0.064941
vt 0.400391 0.073364
vt 0.400391 0.064941
vt 0.414062 0.073364
vt 0.414062 0.064941
vt 0.427734 0.073364
vt 0.427734 0.064941
vt 0.441406 0.073364
vt 0.441406 0.064941
vt 0.455078 0.073364
vt 0.455078 0.064941
vt 0.468750 0.073364
vt 0.468750 0.064941
vt 0.044922 0.073364
vt 0.031250 0.073364
vt 0.044922 0.064941
vt 0.031250 0.064941
vt 0.058594 0.073364
vt 0.058594 0.064941
vt 0.072266 0.073364
vt 0.072266 0.064941
vt 0.085938 0.073364
vt 0.085938 0.064941
vt 0.099609 0.073364
vt 0.099609 0.064941
vt 0.113281 0.073364
vt 0.113281 0.064941
vt 0.126953 0.073364
vt 0.126953 0.064941
vt 0.140625 0.073364
vt 0.140625 0.064941
vt 0.154297 0.073364
vt 0.154297 0.064941
vt 0.167969 0.073364
vt 0.167969 0.064941
vt 0.181641 0.073364
vt 0.181641 0.064941
vt 0.195312 0.073364
vt 0.195312 0.064941
vt 0.208984 0.073364
vt 0.208984 0.064941
vt 0.222656 0.073364
vt 0.222656 0.064941
vt 0.236328 0.073364
vt 0.236328 0.064941
vt 0.250000 0.064941
vt 0.263672 0.064941
vt 0.250000 0.056519
vt 0.236328 0.056519
vt 0.263672 0.056519
vt 0.277344 0.056519
vt 0.291016 0.056519
vt 0.277344 0.048096
vt 0.263672 0.048096
vt 0.291016 0.048096
vt 0.304688 0.056519
vt 0.304688 0.048096
vt 0.318359 0.056519
vt 0.318359 0.048096
vt 0.332031 0.056519
vt 0.332031 0.048096
vt 0.345703 0.056519
vt 0.345703 0.048096
vt 0.359375 0.056519
vt 0.359375 0.048096
vt 0.373047 0.056519
vt 0.373047 0.048096
vt 0.373047 0.039673
vt 0.359375 0.039673
vt 0.345703 0.039673
vt 0.386719 0.048096
vt 0.386719 0.056519
vt 0.386719 0.039673
vt 0.400391 0.048096
vt 0.400391 0.056519
vt 0.400391 0.039673
vt 0.414062 0.048096
vt 0.414062 0.056519
vt 0.414062 0.039673
vt 0.427734 0.048096
vt 0.427734 0.056519
vt 0.427734 0.039673
vt 0.441406 0.048096
vt 0.441406 0.056519
vt 0.441406 0.039673
vt 0.455078 0.048096
vt 0.455078 0.056519
vt 0.455078 0.039673
vt 0.468750 0.048096
vt 0.468750 0.056519
vt 0.468750 0.039673
vt 0.044922 0.048096
vt 0.044922 0.056519
vt 0.031250 0.056519
vt 0.031250 0.048096
vt 0.044922 0.039673
vt 0.031250 0.039673
vt 0.058594 0.048096
vt 0.058594 0.056519
vt 0.058594 0.039673
vt 0.072266 0.048096
vt 0.072266 0.056519
vt 0.072266 0.039673
vt 0.085938 0.048096
vt 0.085938 0.056519
vt 0.085938 0.039673
vt 0.099609 0.048096
vt 0.099609 0.056519
vt 0.099609 0.039673
vt 0.113281 0.048096
vt 0.113281 0.056519
vt 0.113281 0.039673
vt 0.126953 0.048096
vt 0.126953 0.056519
vt 0.126953 0.039673
vt 0.140625 0.048096
vt 0.140625 0.056519
vt 0.140625 0.039673
vt 0.154297 0.048096
vt 0.154297 0.056519
vt 0.154297 0.039673
vt 0.167969 0.048096
vt 0.167969 0.056519
vt 0.167969 0.039673
vt 0.181641 0.048096
vt 0.181641 0.056519
vt 0.181641 0.039673
vt 0.195312 0.048096
vt 0.195312 0.056519
vt 0.195312 0.039673
vt 0.208984 0.048096
vt 0.208984 0.056519
vt 0.208984 0.039673
vt 0.222656 0.048096
vt 0.222656 0.056519
vt 0.222656 0.039673
vt 0.236328 0.048096
vt 0.236328 0.039673
vt 0.250000 0.048096
vt 0.250000 0.039673
vt 0.263672 0.039673
vt 0.277344 0.039673
vt 0.270508 0.031250
vt 0.256836 0.031250
vt 0.133789 0.031250
vt 0.147461 0.031250
vt 0.366211 0.031250
vt 0.352539 0.031250
vt 0.338867 0.031250
vt 0.332031 0.039673
vt 0.325195 0.031250
vt 0.318359 0.039673
vt 0.311523 0.031250
vt 0.304688 0.039673
vt 0.297852 0.031250
vt 0.291016 0.039673
vt 0.284180 0.031250
vt 0.243164 0.031250
vt 0.229492 0.031250
vt 0.215820 0.031250
vt 0.202148 0.031250
vt 0.188477 0.031250
vt 0.174805 0.031250
vt 0.161133 0.031250
vt 0.120117 0.031250
vt 0.106445 0.031250
vt 0.092773 0.031250
vt 0.079102 0.031250
vt 0.065430 0.031250
vt 0.051758 0.031250
vt 0.038086 0.031250
vt 0.461914 0.031250
vt 0.448242 0.031250
vt 0.434570 0.031250
vt 0.420898 0.031250
vt 0.407227 0.031250
vt 0.393555 0.031250
vt 0.379883 0.031250
vt 0.332031 0.258667
vt 0.318359 0.258667
vt 0.345703 0.258667
vt 0.359375 0.258667
vt 0.345703 0.267090
vt 0.332031 0.267090
vt 0.359375 0.267090
vt 0.373047 0.258667
vt 0.373047 0.267090
vt 0.386719 0.258667
vt 0.386719 0.267090
vt 0.400391 0.258667
vt 0.400391 0.267090
vt 0.414062 0.258667
vt 0.414062 0.267090
vt 0.427734 0.258667
vt 0.427734 0.267090
vt 0.441406 0.258667
vt 0.441406 0.267090
vt 0.455078 0.258667
vt 0.455078 0.267090
vt 0.468750 0.258667
vt 0.468750 0.267090
vt 0.044922 0.258667
vt 0.044922 0.267090
vt 0.031250 0.267090
vt 0.031250 0.258667
vt 0.058594 0.258667
vt 0.058594 0.267090
vt 0.072266 0.258667
vt 0.072266 0.267090
vt 0.085938 0.258667
vt 0.085938 0.267090
vt 0.099609 0.258667
vt 0.099609 0.267090
vt 0.113281 0.258667
vt 0.113281 0.267090
vt 0.126953 0.258667
vt 0.126953 0.267090
vt 0.140625 0.258667
vt 0.140625 0.267090
vt 0.154297 0.258667
vt 0.154297 0.267090
vt 0.167969 0.258667
vt 0.167969 0.267090
vt 0.181641 0.258667
vt 0.181641 0.267090
vt 0.195312 0.258667
vt 0.195312 0.267090
vt 0.208984 0.258667
vt 0.208984 0.267090
vt 0.222656 0.258667
vt 0.222656 0.267090
vt 0.236328 0.258667
vt 0.236328 0.267090
vt 0.250000 0.258667
vt 0.250000 0.267090
vt 0.263672 0.258667
vt 0.263672 0.267090
vt 0.277344 0.258667
vt 0.277344 0.267090
vt 0.291016 0.258667
vt 0.291016 0.267090
vt 0.304688 0.258667
vt 0.304688 0.267090
vt 0.318359 0.267090
vt 0.318359 0.275513
vt 0.304688 0.275513
vt 0.332031 0.275513
vt 0.345703 0.275513
vt 0.332031 0.283936
vt 0.318359 0.283936
vt 0.345703 0.283936
vt 0.359375 0.275513
vt 0.359375 0.283936
vt 0.373047 0.275513
vt 0.373047 0.283936
vt 0.386719 0.275513
vt 0.386719 0.283936
vt 0.400391 0.275513
vt 0.400391 0.283936
vt 0.414062 0.275513
vt 0.414062 0.283936
vt 0.427734 0.275513
vt 0.427734 0.283936
vt 0.441406 0.275513
vt 0.441406 0.283936
vt 0.455078 0.275513
vt 0.455078 0.283936
vt 0.468750 0.275513
vt 0.468750 0.283936
vt 0.044922 0.275513
vt 0.044922 0.283936
vt 0.031250 0.283936
vt 0.031250 0.275513
vt 0.058594 0.275513
vt 0.058594 0.283936
vt 0.072266 0.275513
vt 0.072266 0.283936
vt 0.085938 0.275513
vt 0.085938 0.283936
vt 0.099609 0.275513
vt 0.099609 0.283936
vt 0.113281 0.275513
vt 0.113281 0.283936
vt 0.126953 0.275513
vt 0.126953 0.283936
vt 0.140625 0.275513
vt 0.140625 0.283936
vt 0.154297 0.275513
vt 0.154297 0.283936
vt 0.167969 0.275513
vt 0.167969 0.283936
vt 0.181641 0.275513
vt 0.181641 0.283936
vt 0.195312 0.275513
vt 0.195312 0.283936
vt 0.208984 0.275513
vt 0.208984 0.283936
vt 0.222656 0.275513
vt 0.222656 0.283936
vt 0.236328 0.275513
vt 0.236328 0.283936
vt 0.250000 0.275513
vt 0.250000 0.283936
vt 0.263672 0.275513
vt 0.263672 0.283936
vt 0.277344 0.275513
vt 0.277344 0.283936
vt 0.291016 0.275513
vt 0.291016 0.283936
vt 0.304688 0.283936
vt 0.304688 0.292358
vt 0.291016 0.292358
vt 0.318359 0.292358
vt 0.332031 0.292358
vt 0.325195 0.300781
vt 0.311523 0.300781
vt 0.126953 0.292358
vt 0.120117 0.300781
vt 0.113281 0.292358
vt 0.140625 0.292358
vt 0.133789 0.300781
vt 0.373047 0.292358
vt 0.366211 0.300781
vt 0.359375 0.292358
vt 0.352539 0.300781
vt 0.345703 0.292358
vt 0.338867 0.300781
vt 0.297852 0.300781
vt 0.284180 0.300781
vt 0.277344 0.292358
vt 0.270508 0.300781
vt 0.263672 0.292358
vt 0.256836 0.300781
vt 0.250000 0.292358
vt 0.243164 0.300781
vt 0.236328 0.292358
vt 0.229492 0.300781
vt 0.222656 0.292358
vt 0.215820 0.300781
vt 0.208984 0.292358
vt 0.202148 0.300781
vt 0.195312 0.292358
vt 0.188477 0.300781
vt 0.181641 0.292358
vt 0.174805 0.300781
vt 0.167969 0.292358
vt 0.161133 0.300781
vt 0.154297 0.292358
vt 0.147461 0.300781
vt 0.106445 0.300781
vt 0.099609 0.292358
vt 0.092773 0.300781
vt 0.085938 0.292358
vt 0.079102 0.300781
vt 0.072266 0.292358
vt 0.065430 0.300781
vt 0.058594 0.292358
vt 0.051758 0.300781
vt 0.044922 0.292358
vt 0.038086 0.300781
vt 0.031250 0.292358
vt 0.468750 0.292358
vt 0.461914 0.300781
vt 0.455078 0.292358
vt 0.448242 0.300781
vt 0.441406 0.292358
vt 0.434570 0.300781
vt 0.427734 0.292358
vt 0.420898 0.300781
vt 0.414062 0.292358
vt 0.407227 0.300781
vt 0.400391 0.292358
vt 0.393555 0.300781
vt 0.386719 0.292358
vt 0.379883 0.300781
vt 0.859375 0.233398
vt 0.859375 0.241821
vt 0.845703 0.241821
vt 0.845703 0.233398
vt 0.859375 0.250244
vt 0.845703 0.250244
vt 0.873047 0.241821
vt 0.873047 0.250244
vt 0.873047 0.233398
vt 0.886719 0.241821
vt 0.886719 0.250244
vt 0.886719 0.233398
vt 0.900391 0.241821
vt 0.900391 0.250244
vt 0.900391 0.233398
vt 0.914062 0.241821
vt 0.914062 0.250244
vt 0.914062 0.233398
vt 0.927734 0.241821
vt 0.927734 0.250244
vt 0.927734 0.233398
vt 0.941406 0.241821
vt 0.941406 0.250244
vt 0.941406 0.233398
vt 0.955078 0.241821
vt 0.955078 0.250244
vt 0.955078 0.233398
vt 0.968750 0.241821
vt 0.968750 0.250244
vt 0.968750 0.233398
vt 0.544922 0.241821
vt 0.544922 0.250244
vt 0.531250 0.250244
vt 0.531250 0.241821
vt 0.544922 0.233398
vt 0.531250 0.233398
vt 0.558594 0.241821
vt 0.558594 0.250244
vt 0.558594 0.233398
vt 0.572266 0.241821
vt 0.572266 0.250244
vt 0.572266 0.233398
vt 0.585938 0.241821
vt 0.585938 0.250244
vt 0.585938 0.233398
vt 0.599609 0.241821
vt 0.599609 0.250244
vt 0.599609 0.233398
vt 0.613281 0.241821
vt 0.613281 0.250244
vt 0.613281 0.233398
vt 0.626953 0.241821
vt 0.626953 0.250244
vt 0.626953 0.233398
vt 0.640625 0.241821
vt 0.640625 0.250244
vt 0.640625 0.233398
vt 0.654297 0.241821
vt 0.654297 0.250244
vt 0.654297 0.233398
vt 0.667969 0.241821
vt 0.667969 0.250244
vt 0.667969 0.233398
vt 0.681641 0.241821
vt 0.681641 0.250244
vt 0.681641 0.233398
vt 0.695312 0.241821
vt 0.695312 0.250244
vt 0.695312 0.233398
vt 0.708984 0.241821
vt 0.708984 0.250244
vt 0.708984 0.233398
vt 0.722656 0.241821
vt 0.722656 0.250244
vt 0.722656 0.233398
vt 0.736328 0.241821
vt 0.736328 0.250244
vt 0.736328 0.233398
vt 0.750000 0.241821
vt 0.750000 0.250244
vt 0.750000 0.233398
vt 0.763672 0.241821
vt 0.763672 0.250244
vt 0.763672 0.233398
vt 0.777344 0.241821
vt 0.777344 0.250244
vt 0.777344 0.233398
vt 0.791016 0.241821
vt 0.791016 0.250244
vt 0.791016 0.233398
vt 0.804688 0.241821
vt 0.804688 0.250244
vt 0.804688 0.233398
vt 0.818359 0.241821
vt 0.818359 0.250244
vt 0.818359 0.233398
vt 0.832031 0.241821
vt 0.832031 0.250244
vt 0.832031 0.233398
vt 0.832031 0.224976
vt 0.818359 0.224976
vt 0.845703 0.224976
vt 0.859375 0.224976
vt 0.845703 0.216553
vt 0.832031 0.216553
vt 0.859375 0.216553
vt 0.873047 0.224976
vt 0.873047 0.216553
vt 0.886719 0.224976
vt 0.886719 0.216553
vt 0.900391 0.224976
vt 0.900391 0.216553
vt 0.914062 0.224976
vt 0.914062 0.216553
vt 0.927734 0.224976
vt 0.927734 0.216553
vt 0.941406 0.224976
vt 0.941406 0.216553
vt 0.955078 0.224976
vt 0.955078 0.216553
vt 0.968750 0.224976
vt 0.968750 0.216553
vt 0.544922 0.224976
vt 0.531250 0.224976
vt 0.544922 0.216553
vt 0.531250 0.216553
vt 0.558594 0.224976
vt 0.558594 0.216553
vt 0.572266 0.224976
vt 0.572266 0.216553
vt 0.585938 0.224976
vt 0.585938 0.216553
vt 0.599609 0.224976
vt 0.599609 0.216553
vt 0.613281 0.224976
vt 0.613281 0.216553
vt 0.626953 0.224976
vt 0.626953 0.216553
vt 0.640625 0.224976
vt 0.640625 0.216553
vt 0.654297 0.224976
vt 0.654297 0.216553
vt 0.667969 0.224976
vt 0.667969 0.216553
vt 0.681641 0.224976
vt 0.681641 0.216553
vt 0.695312 0.224976
vt 0.695312 0.216553
vt 0.708984 0.224976
vt 0.708984 0.216553
vt 0.722656 0.224976
vt 0.722656 0.216553
vt 0.736328 0.224976
vt 0.736328 0.216553
vt 0.750000 0.224976
vt 0.750000 0.216553
vt 0.763672 0.224976
vt 0.763672 0.216553
vt 0.777344 0.224976
vt 0.777344 0.216553
vt 0.791016 0.224976
vt 0.791016 0.216553
vt 0.804688 0.224976
vt 0.804688 0.216553
vt 0.818359 0.216553
vt 0.818359 0.208130
vt 0.804688 0.208130
vt 0.832031 0.208130
vt 0.845703 0.208130
vt 0.832031 0.199707
vt 0.818359 0.199707
vt 0.845703 0.199707
vt 0.859375 0.208130
vt 0.859375 0.199707
vt 0.873047 0.208130
vt 0.873047 0.199707
vt 0.873047 0.191284
vt 0.859375 0.191284
vt 0.845703 0.191284
vt 0.886719 0.199707
vt 0.886719 0.208130
vt 0.886719 0.191284
vt 0.900391 0.199707
vt 0.900391 0.208130
vt 0.900391 0.191284
vt 0.914062 0.199707
vt 0.914062 0.208130
vt 0.914062 0.191284
vt 0.927734 0.199707
vt 0.927734 0.208130
vt 0.927734 0.191284
vt 0.941406 0.199707
vt 0.941406 0.208130
vt 0.941406 0.191284
vt 0.955078 0.199707
vt 0.955078 0.208130
vt 0.955078 0.191284
vt 0.968750 0.199707
vt 0.968750 0.208130
vt 0.968750 0.191284
vt 0.544922 0.199707
vt 0.544922 0.208130
vt 0.531250 0.208130
vt 0.531250 0.199707
vt 0.544922 0.191284
vt 0.531250 0.191284
vt 0.558594 0.199707
vt 0.558594 0.208130
vt 0.558594 0.191284
vt 0.572266 0.199707
vt 0.572266 0.208130
vt 0.572266 0.191284
vt 0.585938 0.199707
vt 0.585938 0.208130
vt 0.585938 0.191284
vt 0.599609 0.199707
vt 0.599609 0.208130
vt 0.599609 0.191284
vt 0.613281 0.199707
vt 0.613281 0.208130
vt 0.613281 0.191284
vt 0.626953 0.199707
vt 0.626953 0.208130
vt 0.626953 0.191284
vt 0.640625 0.199707
vt 0.640625 0.208130
vt 0.640625 0.191284
vt 0.654297 0.199707
vt 0.654297 0.208130
vt 0.654297 0.191284
vt 0.667969 0.199707
vt 0.667969 0.208130
vt 0.667969 0.191284
vt 0.681641 0.199707
vt 0.681641 0.208130
vt 0.681641 0.191284
vt 0.695312 0.199707
vt 0.695312 0.208130
vt 0.695312 0.191284
vt 0.708984 0.199707
vt 0.708984 0.208130
vt 0.708984 0.191284
vt 0.722656 0.199707
vt 0.722656 0.208130
vt 0.722656 0.191284
vt 0.736328 0.199707
vt 0.736328 0.208130
vt 0.736328 0.191284
vt 0.750000 0.199707
vt 0.750000 0.208130
vt 0.750000 0.191284
vt 0.763672 0.199707
vt 0.763672 0.208130
vt 0.763672 0.191284
vt 0.777344 0.199707
vt 0.777344 0.208130
vt 0.777344 0.191284
vt 0.791016 0.199707
vt 0.791016 0.208130
vt 0.791016 0.191284
vt 0.804688 0.199707
vt 0.804688 0.191284
vt 0.818359 0.191284
vt 0.832031 0.191284
vt 0.818359 0.182861
vt 0.804688 0.182861
vt 0.832031 0.182861
vt 0.845703 0.182861
vt 0.859375 0.182861
vt 0.845703 0.174438
vt 0.832031 0.174438
vt 0.859375 0.174438
vt 0.873047 0.182861
vt 0.873047 0.174438
vt 0.886719 0.182861
vt 0.886719 0.174438
vt 0.900391 0.182861
vt 0.900391 0.174438
vt 0.914062 0.182861
vt 0.914062 0.174438
vt 0.927734 0.182861
vt 0.927734 0.174438
vt 0.941406 0.182861
vt 0.941406 0.174438
vt 0.955078 0.182861
vt 0.955078 0.174438
vt 0.968750 0.182861
vt 0.968750 0.174438
vt 0.544922 0.182861
vt 0.531250 0.182861
vt 0.544922 0.174438
vt 0.531250 0.174438
vt 0.558594 0.182861
vt 0.558594 0.174438
vt 0.572266 0.182861
vt 0.572266 0.174438
vt 0.585938 0.182861
vt 0.585938 0.174438
vt 0.599609 0.182861
vt 0.599609 0.174438
vt 0.613281 0.182861
vt 0.613281 0.174438
vt 0.626953 0.182861
vt 0.626953 0.174438
vt 0.640625 0.182861
vt 0.640625 0.174438
vt 0.654297 0.182861
vt 0.654297 0.174438
vt 0.667969 0.182861
vt 0.667969 0.174438
vt 0.681641 0.182861
vt 0.681641 0.174438
vt 0.695312 0.182861
vt 0.695312 0.174438
vt 0.708984 0.182861
vt 0.708984 0.174438
vt 0.722656 0.182861
vt 0.722656 0.174438
vt 0.736328 0.182861
vt 0.736328 0.174438
vt 0.750000 0.182861
vt 0.750000 0.174438
vt 0.763672 0.182861
vt 0.763672 0.174438
vt 0.777344 0.182861
vt 0.777344 0.174438
vt 0.791016 0.182861
vt 0.791016 0.174438
vt 0.804688 0.174438
vt 0.818359 0.174438
vt 0.804688 0.166016
vt 0.791016 0.166016
vt 0.818359 0.166016
vt 0.832031 0.166016
vt 0.845703 0.166016
vt 0.832031 0.157593
vt 0.818359 0.157593
vt 0.845703 0.157593
vt 0.859375 0.166016
vt 0.859375 0.157593
vt 0.873047 0.157593
vt 0.873047 0.166016
vt 0.873047 0.149170
vt 0.859375 0.149170
vt 0.845703 0.149170
vt 0.886719 0.157593
vt 0.886719 0.166016
vt 0.886719 0.149170
vt 0.900391 0.157593
vt 0.900391 0.166016
vt 0.900391 0.149170
vt 0.914062 0.157593
vt 0.914062 0.166016
vt 0.914062 0.149170
vt 0.927734 0.157593
vt 0.927734 0.166016
vt 0.927734 0.149170
vt 0.941406 0.157593
vt 0.941406 0.166016
vt 0.941406 0.149170
vt 0.955078 0.157593
vt 0.955078 0.166016
vt 0.955078 0.149170
vt 0.968750 0.157593
vt 0.968750 0.166016
vt 0.968750 0.149170
vt 0.544922 0.157593
vt 0.544922 0.166016
vt 0.531250 0.166016
vt 0.531250 0.157593
vt 0.544922 0.149170
vt 0.531250 0.149170
vt 0.558594 0.157593
vt 0.558594 0.166016
vt 0.558594 0.149170
vt 0.572266 0.157593
vt 0.572266 0.166016
vt 0.572266 0.149170
vt 0.585938 0.157593
vt 0.585938 0.166016
vt 0.585938 0.149170
vt 0.599609 0.157593
vt 0.599609 0.166016
vt 0.599609 0.149170
vt 0.613281 0.157593
vt 0.613281 0.166016
vt 0.613281 0.149170
vt 0.626953 0.157593
vt 0.626953 0.166016
vt 0.626953 0.149170
vt 0.640625 0.157593
vt 0.640625 0.166016
vt 0.640625 0.149170
vt 0.654297 0.157593
vt 0.654297 0.166016
vt 0.654297 0.149170
vt 0.667969 0.157593
vt 0.667969 0.166016
vt 0.667969 0.149170
vt 0.681641 0.157593
vt 0.681641 0.166016
vt 0.681641 0.149170
vt 0.695312 0.157593
vt 0.695312 0.166016
vt 0.695312 0.149170
vt 0.708984 0.157593
vt 0.708984 0.166016
vt 0.708984 0.149170
vt 0.722656 0.157593
vt 0.722656 0.166016
vt 0.722656 0.149170
vt 0.736328 0.157593
vt 0.736328 0.166016
vt 0.736328 0.149170
vt 0.750000 0.157593
vt 0.750000 0.166016
vt 0.750000 0.149170
vt 0.763672 0.157593
vt 0.763672 0.166016
vt 0.763672 0.149170
vt 0.777344 0.157593
vt 0.777344 0.166016
vt 0.777344 0.149170
vt 0.791016 0.157593
vt 0.791016 0.149170
vt 0.804688 0.157593
vt 0.804688 0.149170
vt 0.818359 0.149170
vt 0.832031 0.149170
vt 0.818359 0.140747
vt 0.804688 0.140747
vt 0.832031 0.140747
vt 0.845703 0.140747
vt 0.859375 0.140747
vt 0.845703 0.132324
vt 0.832031 0.132324
vt 0.859375 0.132324
vt 0.873047 0.132324
vt 0.873047 0.140747
vt 0.886719 0.140747
vt 0.886719 0.132324
vt 0.900391 0.140747
vt 0.900391 0.132324
vt 0.914062 0.140747
vt 0.914062 0.132324
vt 0.927734 0.140747
vt 0.927734 0.132324
vt 0.941406 0.140747
vt 0.941406 0.132324
vt 0.955078 0.140747
vt 0.955078 0.132324
vt 0.968750 0.140747
vt 0.968750 0.132324
vt 0.544922 0.140747
vt 0.531250 0.140747
vt 0.544922 0.132324
vt 0.531250 0.132324
vt 0.558594 0.140747
vt 0.558594 0.132324
vt 0.572266 0.140747
vt 0.572266 0.132324
vt 0.585938 0.140747
vt 0.585938 0.132324
vt 0.599609 0.140747
vt 0.599609 0.132324
vt 0.613281 0.140747
vt 0.613281 0.132324
vt 0.626953 0.140747
vt 0.626953 0.132324
vt 0.640625 0.140747
vt 0.640625 0.132324
vt 0.654297 0.140747
vt 0.654297 0.132324
vt 0.667969 0.140747
vt 0.667969 0.132324
vt 0.681641 0.140747
vt 0.681641 0.132324
vt 0.695312 0.140747
vt 0.695312 0.132324
vt 0.708984 0.140747
vt 0.708984 0.132324
vt 0.722656 0.140747
vt 0.722656 0.132324
vt 0.736328 0.140747
vt 0.736328 0.132324
vt 0.750000 0.140747
vt 0.750000 0.132324
vt 0.763672 0.140747
vt 0.763672 0.132324
vt 0.777344 0.140747
vt 0.777344 0.132324
vt 0.791016 0.140747
vt 0.791016 0.132324
vt 0.804688 0.132324
vt 0.818359 0.132324
vt 0.804688 0.123901
vt 0.791016 0.123901
vt 0.818359 0.123901
vt 0.832031 0.123901
vt 0.845703 0.123901
vt 0.832031 0.115479
vt 0.818359 0.115479
vt 0.845703 0.115479
vt 0.859375 0.123901
vt 0.859375 0.115479
vt 0.873047 0.115479
vt 0.873047 0.123901
vt 0.886719 0.123901
vt 0.886719 0.115479
vt 0.900391 0.123901
vt 0.900391 0.115479
vt 0.914062 0.123901
vt 0.914062 0.115479
vt 0.927734 0.123901
vt 0.927734 0.115479
vt 0.941406 0.123901
vt 0.941406 0.115479
vt 0.955078 0.123901
vt 0.955078 0.115479
vt 0.968750 0.123901
vt 0.968750 0.115479
vt 0.544922 0.123901
vt 0.531250 0.123901
vt 0.544922 0.115479
vt 0.531250 0.115479
vt 0.558594 0.123901
vt 0.558594 0.115479
vt 0.572266 0.123901
vt 0.572266 0.115479
vt 0.585938 0.123901
vt 0.585938 0.115479
vt 0.599609 0.123901
vt 0.599609 0.115479
vt 0.613281 0.123901
vt 0.613281 0.115479
vt 0.626953 0.123901
vt 0.626953 0.115479
vt 0.640625 0.123901
vt 0.640625 0.115479
vt 0.654297 0.123901
vt 0.654297 0.115479
vt 0.667969 0.123901
vt 0.667969 0.115479
vt 0.681641 0.123901
vt 0.681641 0.115479
vt 0.695312 0.123901
vt 0.695312 0.115479
vt 0.708984 0.123901
vt 0.708984 0.115479
vt 0.722656 0.123901
vt 0.722656 0.115479
vt 0.736328 0.123901
vt 0.736328 0.115479
vt 0.750000 0.123901
vt 0.750000 0.115479
vt 0.763672 0.123901
vt 0.763672 0.115479
vt 0.777344 0.123901
vt 0.777344 0.115479
vt 0.791016 0.115479
vt 0.804688 0.115479
vt 0.791016 0.107056
vt 0.777344 0.107056
vt 0.804688 0.107056
vt 0.818359 0.107056
vt 0.832031 0.107056
vt 0.818359 0.098633
vt 0.804688 0.098633
vt 0.832031 0.098633
vt 0.845703 0.107056
vt 0.845703 0.098633
vt 0.859375 0.107056
vt 0.859375 0.098633
vt 0.873047 0.107056
vt 0.873047 0.098633
vt 0.886719 0.107056
vt 0.886719 0.098633
vt 0.900391 0.107056
vt 0.900391 0.098633
vt 0.914062 0.107056
vt 0.914062 0.098633
vt 0.927734 0.107056
vt 0.927734 0.098633
vt 0.941406 0.107056
vt 0.941406 0.098633
vt 0.955078 0.107056
vt 0.955078 0.098633
vt 0.968750 0.107056
vt 0.968750 0.098633
vt 0.544922 0.107056
vt 0.531250 0.107056
vt 0.544922 0.098633
vt 0.531250 0.098633
vt 0.558594 0.107056
vt 0.558594 0.098633
vt 0.572266 0.107056
vt 0.572266 0.098633
vt 0.585938 0.107056
vt 0.585938 0.098633
vt 0.599609 0.107056
vt 0.599609 0.098633
vt 0.613281 0.107056
vt 0.613281 0.098633
vt 0.626953 0.107056
vt 0.626953 0.098633
vt 0.640625 0.107056
vt 0.640625 0.098633
vt 0.654297 0.107056
vt 0.654297 0.098633
vt 0.667969 0.107056
vt 0.667969 0.098633
vt 0.681641 0.107056
vt 0.681641 0.098633
vt 0.695312 0.107056
vt 0.695312 0.098633
vt 0.708984 0.107056
vt 0.708984 0.098633
vt 0.722656 0.107056
vt 0.722656 0.098633
vt 0.736328 0.107056
vt 0.736328 0.098633
vt 0.750000 0.107056
vt 0.750000 0.098633
vt 0.763672 0.107056
vt 0.763672 0.098633
vt 0.777344 0.098633
vt 0.791016 0.098633
vt 0.777344 0.090210
vt 0.763672 0.090210
vt 0.791016 0.090210
vt 0.804688 0.090210
vt 0.818359 0.090210
vt 0.804688 0.081787
vt 0.791016 0.081787
vt 0.818359 0.081787
vt 0.832031 0.090210
vt 0.832031 0.081787
vt 0.845703 0.090210
vt 0.845703 0.081787
vt 0.859375 0.090210
vt 0.859375 0.081787
vt 0.873047 0.081787
vt 0.873047 0.090210
vt 0.886719 0.090210
vt 0.886719 0.081787
vt 0.900391 0.090210
vt 0.900391 0.081787
vt 0.914062 0.090210
vt 0.914062 0.081787
vt 0.927734 0.090210
vt 0.927734 0.081787
vt 0.941406 0.090210
vt 0.941406 0.081787
vt 0.955078 0.090210
vt 0.955078 0.081787
vt 0.968750 0.090210
vt 0.968750 0.081787
vt 0.544922 0.090210
vt 0.531250 0.090210
vt 0.544922 0.081787
vt 0.531250 0.081787
vt 0.558594 0.090210
vt 0.558594 0.081787
vt 0.572266 0.090210
vt 0.572266 0.081787
vt 0.585938 0.090210
vt 0.585938 0.081787
vt 0.599609 0.090210
vt 0.599609 0.081787
vt 0.613281 0.090210
vt 0.613281 0.081787
vt 0.626953 0.090210
vt 0.626953 0.081787
vt 0.640625 0.090210
vt 0.640625 0.081787
vt 0.654297 0.090210
vt 0.654297 0.081787
vt 0.667969 0.090210
vt 0.667969 0.081787
vt 0.681641 0.090210
vt 0.681641 0.081787
vt 0.695312 0.090210
vt 0.695312 0.081787
vt 0.708984 0.090210
vt 0.708984 0.081787
vt 0.722656 0.090210
vt 0.722656 0.081787
vt 0.736328 0.090210
vt 0.736328 0.081787
vt 0.750000 0.090210
vt 0.750000 0.081787
vt 0.763672 0.081787
vt 0.777344 0.081787
vt 0.763672 0.073364
vt 0.750000 0.073364
vt 0.777344 0.073364
vt 0.791016 0.073364
vt 0.804688 0.073364
vt 0.791016 0.064941
vt 0.777344 0.064941
vt 0.804688 0.064941
vt 0.818359 0.073364
vt 0.818359 0.064941
vt 0.832031 0.073364
vt 0.832031 0.064941
vt 0.845703 0.073364
vt 0.845703 0.064941
vt 0.859375 0.073364
vt 0.859375 0.064941
vt 0.873047 0.073364
vt 0.873047 0.064941
vt 0.886719 0.073364
vt 0.886719 0.064941
vt 0.900391 0.073364
vt 0.900391 0.064941
vt 0.914062 0.073364
vt 0.914062 0.064941
vt 0.927734 0.073364
vt 0.927734 0.064941
vt 0.941406 0.073364
vt 0.941406 0.064941
vt 0.955078 0.073364
vt 0.955078 0.064941
vt 0.968750 0.073364
vt 0.968750 0.064941
vt 0.544922 0.073364
vt 0.531250 0.073364
vt 0.544922 0.064941
vt 0.531250 0.064941
vt 0.558594 0.073364
vt 0.558594 0.064941
vt 0.572266 0.073364
vt 0.572266 0.064941
vt 0.585938 0.073364
vt 0.585938 0.064941
vt 0.599609 0.073364
vt 0.599609 0.064941
vt 0.613281 0.073364
vt 0.613281 0.064941
vt 0.626953 0.073364
vt 0.626953 0.064941
vt 0.640625 0.073364
vt 0.640625 0.064941
vt 0.654297 0.073364
vt 0.654297 0.064941
vt 0.667969 0.073364
vt 0.667969 0.064941
vt 0.681641 0.073364
vt 0.681641 0.064941
vt 0.695312 0.073364
vt 0.695312 0.064941
vt 0.708984 0.073364
vt 0.708984 0.064941
vt 0.722656 0.073364
vt 0.722656 0.064941
vt 0.736328 0.073364
vt 0.736328 0.064941
vt 0.750000 0.064941
vt 0.763672 0.064941
vt 0.750000 0.056519
vt 0.736328 0.056519
vt 0.763672 0.056519
vt 0.777344 0.056519
vt 0.791016 0.056519
vt 0.777344 0.048096
vt 0.763672 0.048096
vt 0.791016 0.048096
vt 0.804688 0.056519
vt 0.804688 0.048096
vt 0.818359 0.056519
vt 0.818359 0.048096
vt 0.832031 0.056519
vt 0.832031 0.048096
vt 0.845703 0.056519
vt 0.845703 0.048096
vt 0.859375 0.056519
vt 0.859375 0.048096
vt 0.873047 0.056519
vt 0.873047 0.048096
vt 0.873047 0.039673
vt 0.859375 0.039673
vt 0.845703 0.039673
vt 0.886719 0.048096
vt 0.886719 0.056519
vt 0.886719 0.039673
vt 0.900391 0.048096
vt 0.900391 0.056519
vt 0.900391 0.039673
vt 0.914062 0.048096
vt 0.914062 0.056519
vt 0.914062 0.039673
vt 0.927734 0.048096
vt 0.927734 0.056519
vt 0.927734 0.039673
vt 0.941406 0.048096
vt 0.941406 0.056519
vt 0.941406 0.039673
vt 0.955078 0.048096
vt 0.955078 0.056519
vt 0.955078 0.039673
vt 0.968750 0.048096
vt 0.968750 0.056519
vt 0.968750 0.039673
vt 0.544922 0.048096
vt 0.544922 0.056519
vt 0.531250 0.056519
vt 0.531250 0.048096
vt 0.544922 0.039673
vt 0.531250 0.039673
vt 0.558594 0.048096
vt 0.558594 0.056519
vt 0.558594 0.039673
vt 0.572266 0.048096
vt 0.572266 0.056519
vt 0.572266 0.039673
vt 0.585938 0.048096
vt 0.585938 0.056519
vt 0.585938 0.039673
vt 0.599609 0.048096
vt 0.599609 0.056519
vt 0.599609 0.039673
vt 0.613281 0.048096
vt 0.613281 0.056519
vt 0.613281 0.039673
vt 0.626953 0.048096
vt 0.626953 0.056519
vt 0.626953 0.039673
vt 0.640625 0.048096
vt 0.640625 0.056519
vt 0.640625 0.039673
vt 0.654297 0.048096
vt 0.654297 0.056519
vt 0.654297 0.039673
vt 0.667969 0.048096
vt 0.667969 0.056519
vt 0.667969 0.039673
vt 0.681641 0.048096
vt 0.681641 0.056519
vt 0.681641 0.039673
vt 0.695312 0.048096
vt 0.695312 0.056519
vt 0.695312 0.039673
vt 0.708984 0.048096
vt 0.708984 0.056519
vt 0.708984 0.039673
vt 0.722656 0.048096
vt 0.722656 0.056519
vt 0.722656 0.039673
vt 0.736328 0.048096
vt 0.736328 0.039673
vt 0.750000 0.048096
vt 0.750000 0.039673
vt 0.763672 0.039673
vt 0.777344 0.039673
vt 0.770508 0.031250
vt 0.756836 0.031250
vt 0.633789 0.031250
vt 0.647461 0.031250
vt 0.866211 0.031250
vt 0.852539 0.031250
vt 0.838867 0.031250
vt 0.832031 0.039673
vt 0.825195 0.031250
vt 0.818359 0.039673
vt 0.811523 0.031250
vt 0.804688 0.039673
vt 0.797852 0.031250
vt 0.791016 0.039673
vt 0.784180 0.031250
vt 0.743164 0.031250
vt 0.729492 0.031250
vt 0.715820 0.031250
vt 0.702148 0.031250
vt 0.688477 0.031250
vt 0.674805 0.031250
vt 0.661133 0.031250
vt 0.620117 0.031250
vt 0.606445 0.031250
vt 0.592773 0.031250
vt 0.579102 0.031250
vt 0.565430 0.031250
vt 0.551758 0.031250
vt 0.538086 0.031250
vt 0.961914 0.031250
vt 0.948242 0.031250
vt 0.934570 0.031250
vt 0.920898 0.031250
vt 0.907227 0.031250
vt 0.893555 0.031250
vt 0.879883 0.031250
vt 0.832031 0.258667
vt 0.818359 0.258667
vt 0.845703 0.258667
vt 0.859375 0.258667
vt 0.845703 0.267090
vt 0.832031 0.267090
vt 0.859375 0.267090
vt 0.873047 0.258667
vt 0.873047 0.267090
vt 0.886719 0.258667
vt 0.886719 0.267090
vt 0.900391 0.258667
vt 0.900391 0.267090
vt 0.914062 0.258667
vt 0.914062 0.267090
vt 0.927734 0.258667
vt 0.927734 0.267090
vt 0.941406 0.258667
vt 0.941406 0.267090
vt 0.955078 0.258667
vt 0.955078 0.267090
vt 0.968750 0.258667
vt 0.968750 0.267090
vt 0.544922 0.258667
vt 0.544922 0.267090
vt 0.531250 0.267090
vt 0.531250 0.258667
vt 0.558594 0.258667
vt 0.558594 0.267090
vt 0.572266 0.258667
vt 0.572266 0.267090
vt 0.585938 0.258667
vt 0.585938 0.267090
vt 0.599609 0.258667
vt 0.599609 0.267090
vt 0.613281 0.258667
vt 0.613281 0.267090
vt 0.626953 0.258667
vt 0.626953 0.267090
vt 0.640625 0.258667
vt 0.640625 0.267090
vt 0.654297 0.258667
vt 0.654297 0.267090
vt 0.667969 0.258667
vt 0.667969 0.267090
vt 0.681641 0.258667
vt 0.681641 0.267090
vt 0.695312 0.258667
vt 0.695312 0.267090
vt 0.708984 0.258667
vt 0.708984 0.267090
vt 0.722656 0.258667
vt 0.722656 0.267090
vt 0.736328 0.258667
vt 0.736328 0.267090
vt 0.750000 0.258667
vt 0.750000 0.267090
vt 0.763672 0.258667
vt 0.763672 0.267090
vt 0.777344 0.258667
vt 0.777344 0.267090
vt 0.791016 0.258667
vt 0.791016 0.267090
vt 0.804688 0.258667
vt 0.804688 0.267090
vt 0.818359 0.267090
vt 0.818359 0.275513
vt 0.804688 0.275513
vt 0.832031 0.275513
vt 0.845703 0.275513
vt 0.832031 0.283936
vt 0.818359 0.283936
vt 0.845703 0.283936
vt 0.859375 0.275513
vt 0.859375 0.283936
vt 0.873047 0.275513
vt 0.873047 0.283936
vt 0.886719 0.275513
vt 0.886719 0.283936
vt 0.900391 0.275513
vt 0.900391 0.283936
vt 0.914062 0.275513
vt 0.914062 0.283936
vt 0.927734 0.275513
vt 0.927734 0.283936
vt 0.941406 0.275513
vt 0.941406 0.283936
vt 0.955078 0.275513
vt 0.955078 0.283936
vt 0.968750 0.275513
vt 0.968750 0.283936
vt 0.544922 0.275513
vt 0.544922 0.283936
vt 0.531250 0.283936
vt 0.531250 0.275513
vt 0.558594 0.275513
vt 0.558594 0.283936
vt 0.572266 0.275513
vt 0.572266 0.283936
vt 0.585938 0.275513
vt 0.585938 0.283936
vt 0.599609 0.275513
vt 0.599609 0.283936
vt 0.613281 0.275513
vt 0.613281 0.283936
vt 0.626953 0.275513
vt 0.626953 0.283936
vt 0.640625 0.275513
vt 0.640625 0.283936
vt 0.654297 0.275513
vt 0.654297 0.283936
vt 0.667969 0.275513
vt 0.667969 0.283936
vt 0.681641 0.275513
vt 0.681641 0.283936
vt 0.695312 0.275513
vt 0.695312 0.283936
vt 0.708984 0.275513
vt 0.708984 0.283936
vt 0.722656 0.275513
vt 0.722656 0.283936
vt 0.736328 0.275513
vt 0.736328 0.283936
vt 0.750000 0.275513
vt 0.750000 0.283936
vt 0.763672 0.275513
vt 0.763672 0.283936
vt 0.777344 0.275513
vt 0.777344 0.283936
vt 0.791016 0.275513
vt 0.791016 0.283936
vt 0.804688 0.283936
vt 0.804688 0.292358
vt 0.791016 0.292358
vt 0.818359 0.292358
vt 0.832031 0.292358
vt 0.825195 0.300781
vt 0.811523 0.300781
vt 0.626953 0.292358
vt 0.620117 0.300781
vt 0.613281 0.292358
vt 0.640625 0.292358
vt 0.633789 0.300781
vt 0.873047 0.292358
vt 0.866211 0.300781
vt 0.859375 0.292358
vt 0.852539 0.300781
vt 0.845703 0.292358
vt 0.838867 0.300781
vt 0.797852 0.300781
vt 0.784180 0.300781
vt 0.777344 0.292358
vt 0.770508 0.300781
vt 0.763672 0.292358
vt 0.756836 0.300781
vt 0.750000 0.292358
vt 0.743164 0.300781
vt 0.736328 0.292358
vt 0.729492 0.300781
vt 0.722656 0.292358
vt 0.715820 0.300781
vt 0.708984 0.292358
vt 0.702148 0.300781
vt 0.695312 0.292358
vt 0.688477 0.300781
vt 0.681641 0.292358
vt 0.674805 0.300781
vt 0.667969 0.292358
vt 0.661133 0.300781
vt 0.654297 0.292358
vt 0.647461 0.300781
vt 0.606445 0.300781
vt 0.599609 0.292358
vt 0.592773 0.300781
vt 0.585938 0.292358
vt 0.579102 0.300781
vt 0.572266 0.292358
vt 0.565430 0.300781
vt 0.558594 0.292358
vt 0.551758 0.300781
vt 0.544922 0.292358
vt 0.538086 0.300781
vt 0.531250 0.292358
vt 0.968750 0.292358
vt 0.961914 0.300781
vt 0.955078 0.292358
vt 0.948242 0.300781
vt 0.941406 0.292358
vt 0.934570 0.300781
vt 0.927734 0.292358
vt 0.920898 0.300781
vt 0.914062 0.292358
vt 0.907227 0.300781
vt 0.900391 0.292358
vt 0.893555 0.300781
vt 0.886719 0.292358
vt 0.879883 0.300781
vn -0.705600 -0.708700 0.000800
vn -0.771500 -0.636200 0.000900
vn -0.771700 -0.624000 -0.123200
vn -0.705700 -0.695100 -0.137500
vn -0.830000 -0.557700 0.000900
vn -0.830200 -0.546900 -0.107900
vn -0.771400 -0.624000 0.125000
vn -0.829900 -0.547000 0.109700
vn -0.705400 -0.695000 0.139000
vn -0.771200 -0.587800 0.244300
vn -0.829800 -0.515200 0.214400
vn -0.705300 -0.654700 0.272000
vn -0.771100 -0.529000 0.354300
vn -0.829700 -0.463700 0.310800
vn -0.705100 -0.589200 0.394500
vn -0.771000 -0.449900 0.450700
vn -0.829600 -0.394400 0.395300
vn -0.705000 -0.501100 0.501900
vn -0.770900 -0.353500 0.529800
vn -0.829500 -0.309900 0.464700
vn -0.704900 -0.393700 0.590000
vn -0.770900 -0.243500 0.588600
vn -0.829500 -0.213400 0.516200
vn -0.704800 -0.271200 0.655500
vn -0.770800 -0.124100 0.624900
vn -0.829400 -0.108800 0.547900
vn -0.704800 -0.138200 0.695800
vn -0.770800 -0.000000 0.637100
vn -0.829400 -0.000000 0.558600
vn -0.704700 -0.000000 0.709500
vn -0.770800 0.124100 0.624900
vn -0.829400 0.108800 0.547900
vn -0.704800 0.138200 0.695800
vn -0.770800 0.243500 0.588700
vn -0.829500 0.213400 0.516200
vn -0.704800 0.271200 0.655500
vn -0.770900 0.353500 0.529900
vn -0.829500 0.309900 0.464700
vn -0.704900 0.393700 0.590000
vn -0.771000 0.449900 0.450800
vn -0.829600 0.394400 0.395300
vn -0.705000 0.501100 0.501900
vn -0.771100 0.529000 0.354400
vn -0.829700 0.463700 0.310800
vn -0.705100 0.589200 0.394500
vn -0.771200 0.587800 0.244300
vn -0.829800 0.515200 0.214400
vn -0.705300 0.654700 0.272000
vn -0.771400 0.624000 0.125000
vn -0.829900 0.547000 0.109700
vn -0.705400 0.695000 0.139000
vn -0.771500 0.636200 0.000900
vn -0.830000 0.557700 0.000900
vn -0.705600 0.708600 0.000800
vn -0.771700 0.624000 -0.123200
vn -0.830200 0.547000 -0.107900
vn -0.705700 0.695000 -0.137500
vn -0.771800 0.587800 -0.242600
vn -0.830300 0.515200 -0.212500
vn -0.705900 0.654700 -0.270400
vn -0.771900 0.529000 -0.352600
vn -0.830400 0.463700 -0.308900
vn -0.706000 0.589200 -0.392900
vn -0.772000 0.449900 -0.449000
vn -0.830500 0.394300 -0.393400
vn -0.706100 0.501100 -0.500300
vn -0.772100 0.353500 -0.528100
vn -0.830600 0.309900 -0.462700
vn -0.706200 0.393700 -0.588400
vn -0.772200 0.243500 -0.586900
vn -0.830600 0.213400 -0.514300
vn -0.706300 0.271200 -0.653900
vn -0.772200 0.124100 -0.623200
vn -0.830700 0.108800 -0.546100
vn -0.706400 0.138200 -0.694200
vn -0.772200 -0.000000 -0.635400
vn -0.830700 -0.000000 -0.556800
vn -0.706400 -0.000000 -0.707800
vn -0.772200 -0.124100 -0.623200
vn -0.830700 -0.108800 -0.546000
vn -0.706400 -0.138200 -0.694200
vn -0.772200 -0.243500 -0.586900
vn -0.830600 -0.213400 -0.514300
vn -0.706300 -0.271200 -0.653900
vn -0.772100 -0.353500 -0.528100
vn -0.830600 -0.309800 -0.462700
vn -0.706200 -0.393700 -0.588400
vn -0.772000 -0.449900 -0.449000
vn -0.830500 -0.394300 -0.393400
vn -0.706100 -0.501100 -0.500300
vn -0.771900 -0.529000 -0.352600
vn -0.830400 -0.463700 -0.308900
vn -0.706000 -0.589200 -0.392900
vn -0.771800 -0.587700 -0.242600
vn -0.830300 -0.515200 -0.212500
vn -0.705900 -0.654700 -0.270400
vn -0.633200 -0.715300 -0.295600
vn -0.633400 -0.643800 -0.429400
vn -0.633000 -0.759400 -0.150300
vn -0.632900 -0.774300 0.000700
vn -0.554400 -0.816400 -0.161700
vn -0.554500 -0.769000 -0.317900
vn -0.554200 -0.832400 0.000600
vn -0.632700 -0.759400 0.151700
vn -0.554000 -0.816400 0.163000
vn -0.632500 -0.715300 0.297000
vn -0.553800 -0.769100 0.319200
vn -0.632400 -0.643800 0.430900
vn -0.553600 -0.692100 0.463100
vn -0.632300 -0.547500 0.548200
vn -0.553500 -0.588600 0.589200
vn -0.632200 -0.430200 0.644500
vn -0.553400 -0.462500 0.692700
vn -0.632100 -0.296300 0.716000
vn -0.553300 -0.318500 0.769700
vn -0.632000 -0.151000 0.760100
vn -0.553300 -0.162400 0.817000
vn -0.632000 -0.000000 0.774900
vn -0.553300 -0.000000 0.833000
vn -0.632000 0.151000 0.760100
vn -0.553300 0.162400 0.817000
vn -0.632100 0.296300 0.716000
vn -0.553300 0.318500 0.769700
vn -0.632200 0.430100 0.644400
vn -0.553400 0.462500 0.692700
vn -0.632300 0.547500 0.548200
vn -0.553500 0.588600 0.589200
vn -0.632400 0.643800 0.430900
vn -0.553700 0.692100 0.463100
vn -0.632500 0.715300 0.297000
vn -0.553800 0.769000 0.319200
vn -0.632700 0.759400 0.151800
vn -0.554000 0.816400 0.163000
vn -0.632900 0.774300 0.000700
vn -0.554100 0.832400 0.000600
vn -0.633000 0.759400 -0.150300
vn -0.554400 0.816400 -0.161800
vn -0.633200 0.715300 -0.295600
vn -0.554500 0.769000 -0.317900
vn -0.633400 0.643800 -0.429400
vn -0.554700 0.692100 -0.461800
vn -0.633500 0.547500 -0.546700
vn -0.554800 0.588600 -0.588000
vn -0.633600 0.430100 -0.643000
vn -0.554900 0.462500 -0.691500
vn -0.633700 0.296300 -0.714600
vn -0.555000 0.318500 -0.768400
vn -0.633700 0.151100 -0.758700
vn -0.555100 0.162400 -0.815800
vn -0.633700 -0.000000 -0.773500
vn -0.555100 -0.000000 -0.831800
vn -0.633700 -0.151100 -0.758700
vn -0.555100 -0.162400 -0.815800
vn -0.633700 -0.296300 -0.714600
vn -0.555000 -0.318500 -0.768400
vn -0.633600 -0.430100 -0.643100
vn -0.555000 -0.462400 -0.691500
vn -0.633500 -0.547500 -0.546800
vn -0.554800 -0.588600 -0.588000
vn -0.554700 -0.692100 -0.461900
vn -0.470700 -0.733900 -0.489800
vn -0.470800 -0.624100 -0.623600
vn -0.470500 -0.815400 -0.337200
vn -0.470300 -0.865600 -0.171700
vn -0.382000 -0.854000 -0.353300
vn -0.382200 -0.768600 -0.513100
vn -0.381800 -0.906600 -0.179900
vn -0.470100 -0.882600 0.000500
vn -0.381600 -0.924300 0.000400
vn -0.469900 -0.865600 0.172700
vn -0.381400 -0.906500 0.180800
vn -0.289200 -0.938800 0.187100
vn -0.289400 -0.957200 0.000300
vn -0.289600 -0.938800 -0.186400
vn -0.381200 -0.854000 0.354100
vn -0.469700 -0.815400 0.338300
vn -0.289000 -0.884300 0.366600
vn -0.381100 -0.768500 0.513900
vn -0.469600 -0.733900 0.490900
vn -0.288800 -0.795900 0.532100
vn -0.380900 -0.653600 0.654000
vn -0.469400 -0.624100 0.624600
vn -0.288700 -0.676800 0.677200
vn -0.380700 -0.513500 0.769000
vn -0.469300 -0.490400 0.734400
vn -0.288600 -0.531800 0.796200
vn -0.380600 -0.353700 0.854400
vn -0.469200 -0.337800 0.816000
vn -0.288500 -0.366300 0.884600
vn -0.380600 -0.180300 0.907000
vn -0.469100 -0.172200 0.866200
vn -0.288400 -0.186800 0.939100
vn -0.380600 -0.000000 0.924800
vn -0.469100 -0.000000 0.883100
vn -0.288400 -0.000000 0.957500
vn -0.380600 0.180300 0.907000
vn -0.469100 0.172200 0.866200
vn -0.288400 0.186800 0.939100
vn -0.380600 0.353700 0.854400
vn -0.469200 0.337800 0.816000
vn -0.288500 0.366300 0.884600
vn -0.380700 0.513500 0.769000
vn -0.469300 0.490400 0.734400
vn -0.288500 0.531800 0.796200
vn -0.380900 0.653600 0.654000
vn -0.469400 0.624100 0.624600
vn -0.288700 0.676900 0.677200
vn -0.381000 0.768600 0.513900
vn -0.469600 0.733900 0.490900
vn -0.288800 0.795900 0.532100
vn -0.381200 0.854000 0.354100
vn -0.469700 0.815400 0.338300
vn -0.289000 0.884300 0.366600
vn -0.381400 0.906600 0.180800
vn -0.469900 0.865600 0.172700
vn -0.289200 0.938800 0.187100
vn -0.381600 0.924300 0.000400
vn -0.470100 0.882600 0.000500
vn -0.289500 0.957200 0.000300
vn -0.381800 0.906600 -0.179900
vn -0.470300 0.865600 -0.171700
vn -0.289700 0.938800 -0.186400
vn -0.382000 0.854000 -0.353300
vn -0.470500 0.815400 -0.337200
vn -0.289900 0.884300 -0.366000
vn -0.382200 0.768600 -0.513100
vn -0.470700 0.733900 -0.489800
vn -0.290000 0.795900 -0.531400
vn -0.382300 0.653600 -0.653200
vn -0.470800 0.624100 -0.623600
vn -0.290200 0.676800 -0.676500
vn -0.382500 0.513500 -0.768100
vn -0.470900 0.490400 -0.733300
vn -0.290300 0.531800 -0.795600
vn -0.382500 0.353700 -0.853500
vn -0.471000 0.337700 -0.814900
vn -0.290400 0.366300 -0.884000
vn -0.382600 0.180300 -0.906100
vn -0.471100 0.172200 -0.865100
vn -0.290500 0.186800 -0.938500
vn -0.382600 -0.000000 -0.923900
vn -0.471100 -0.000000 -0.882100
vn -0.290500 -0.000000 -0.956900
vn -0.382600 -0.180300 -0.906100
vn -0.471100 -0.172200 -0.865100
vn -0.290500 -0.186800 -0.938500
vn -0.382500 -0.353700 -0.853600
vn -0.471000 -0.337800 -0.814900
vn -0.290500 -0.366300 -0.884000
vn -0.382400 -0.513500 -0.768100
vn -0.470900 -0.490300 -0.733300
vn -0.290300 -0.531800 -0.795600
vn -0.382300 -0.653600 -0.653200
vn -0.290200 -0.676800 -0.676500
vn -0.290000 -0.795900 -0.531500
vn -0.289900 -0.884300 -0.366000
vn -0.195100 -0.815600 -0.544700
vn -0.195300 -0.693600 -0.693400
vn -0.194900 -0.906200 -0.375200
vn -0.194700 -0.962100 -0.191200
vn -0.194500 -0.980900 0.000200
vn -0.098000 -0.976100 -0.194100
vn -0.098100 -0.919500 -0.380700
vn -0.097700 -0.995200 0.000100
vn -0.194300 -0.962100 0.191600
vn -0.097500 -0.976100 0.194300
vn -0.194100 -0.906200 0.375600
vn -0.097300 -0.919500 0.380900
vn -0.193900 -0.815600 0.545200
vn -0.097100 -0.827500 0.553000
vn -0.193800 -0.693600 0.693800
vn -0.096900 -0.703700 0.703800
vn -0.193600 -0.545000 0.815800
vn -0.096800 -0.552900 0.827600
vn -0.193500 -0.375400 0.906500
vn -0.096700 -0.380900 0.919600
vn -0.193400 -0.191400 0.962300
vn -0.096600 -0.194200 0.976200
vn -0.193400 -0.000000 0.981100
vn -0.096600 -0.000000 0.995300
vn -0.193400 0.191400 0.962300
vn -0.096600 0.194200 0.976200
vn -0.193500 0.375400 0.906500
vn -0.096700 0.380900 0.919600
vn -0.193600 0.545000 0.815800
vn -0.096800 0.552900 0.827600
vn -0.193700 0.693600 0.693800
vn -0.096900 0.703700 0.703800
vn -0.193900 0.815600 0.545200
vn -0.097100 0.827500 0.553000
vn -0.194100 0.906200 0.375600
vn -0.097300 0.919400 0.381000
vn -0.194300 0.962000 0.191600
vn -0.097500 0.976100 0.194300
vn -0.194500 0.980900 0.000200
vn -0.097700 0.995200 0.000100
vn -0.194700 0.962000 -0.191200
vn -0.098000 0.976100 -0.194100
vn -0.194900 0.906200 -0.375200
vn -0.098200 0.919400 -0.380800
vn -0.195100 0.815600 -0.544700
vn -0.098300 0.827500 -0.552800
vn -0.195300 0.693600 -0.693400
vn -0.098500 0.703700 -0.703600
vn -0.195400 0.545000 -0.815400
vn -0.098700 0.552900 -0.827400
vn -0.195500 0.375400 -0.906000
vn -0.098800 0.380900 -0.919300
vn -0.195600 0.191400 -0.961800
vn -0.098800 0.194200 -0.976000
vn -0.195600 -0.000000 -0.980700
vn -0.098800 -0.000000 -0.995100
vn -0.195600 -0.191400 -0.961800
vn -0.098800 -0.194200 -0.976000
vn -0.195500 -0.375400 -0.906000
vn -0.098800 -0.380900 -0.919300
vn -0.195400 -0.545000 -0.815400
vn -0.098700 -0.552900 -0.827400
vn -0.098500 -0.703700 -0.703600
vn -0.098300 -0.827500 -0.552800
vn -0.000800 -0.707100 -0.707100
vn -0.000900 -0.555600 -0.831500
vn -0.000600 -0.831500 -0.555600
vn -0.000400 -0.923900 -0.382700
vn -0.000200 -0.980800 -0.195100
vn 0.097300 -0.919500 -0.381000
vn 0.097100 -0.827500 -0.553000
vn 0.097500 -0.976100 -0.194300
vn -0.000000 -1.000000 -0.000000
vn 0.097700 -0.995200 -0.000100
vn 0.098000 -0.976100 0.194000
vn 0.000200 -0.980800 0.195100
vn 0.194700 -0.962100 0.191200
vn 0.194500 -0.980900 -0.000200
vn 0.194300 -0.962100 -0.191600
vn 0.098200 -0.919500 0.380700
vn 0.000400 -0.923900 0.382700
vn 0.194900 -0.906200 0.375100
vn 0.098300 -0.827500 0.552800
vn 0.000600 -0.831500 0.555600
vn 0.195100 -0.815600 0.544700
vn 0.098500 -0.703700 0.703600
vn 0.000800 -0.707100 0.707100
vn 0.195300 -0.693600 0.693400
vn 0.098600 -0.552900 0.827400
vn 0.000900 -0.555600 0.831500
vn 0.195400 -0.545000 0.815400
vn 0.098800 -0.380800 0.919300
vn 0.001000 -0.382700 0.923900
vn 0.195500 -0.375400 0.906000
vn 0.098800 -0.194200 0.976000
vn 0.001100 -0.195100 0.980800
vn 0.195600 -0.191400 0.961800
vn 0.098900 -0.000000 0.995100
vn 0.001100 -0.000000 1.000000
vn 0.195600 -0.000000 0.980700
vn 0.098800 0.194200 0.976000
vn 0.001100 0.195100 0.980800
vn 0.195600 0.191400 0.961800
vn 0.098800 0.380800 0.919300
vn 0.001000 0.382700 0.923900
vn 0.195500 0.375400 0.906000
vn 0.098600 0.552900 0.827400
vn 0.000900 0.555600 0.831500
vn 0.195400 0.545000 0.815400
vn 0.098500 0.703700 0.703600
vn 0.000800 0.707100 0.707100
vn 0.195300 0.693600 0.693400
vn 0.098300 0.827500 0.552800
vn 0.000600 0.831500 0.555600
vn 0.195100 0.815600 0.544700
vn 0.098200 0.919500 0.380800
vn 0.000400 0.923900 0.382700
vn 0.194900 0.906200 0.375100
vn 0.098000 0.976100 0.194100
vn 0.000200 0.980800 0.195100
vn 0.194700 0.962000 0.191200
vn 0.097700 0.995200 -0.000100
vn -0.000000 1.000000 -0.000000
vn 0.194500 0.980900 -0.000200
vn 0.097500 0.976100 -0.194300
vn -0.000200 0.980800 -0.195100
vn 0.194300 0.962000 -0.191600
vn 0.097300 0.919400 -0.381000
vn -0.000400 0.923900 -0.382700
vn 0.194100 0.906200 -0.375600
vn 0.097100 0.827500 -0.553000
vn -0.000600 0.831500 -0.555600
vn 0.193900 0.815600 -0.545200
vn 0.096900 0.703700 -0.703800
vn -0.000800 0.707100 -0.707100
vn 0.193700 0.693600 -0.693800
vn 0.096800 0.552900 -0.827600
vn -0.000900 0.555600 -0.831500
vn 0.193600 0.545000 -0.815800
vn 0.096700 0.380900 -0.919600
vn -0.001100 0.382700 -0.923900
vn 0.193500 0.375400 -0.906400
vn 0.096600 0.194100 -0.976200
vn -0.001100 0.195100 -0.980800
vn 0.193400 0.191400 -0.962300
vn 0.096600 -0.000000 -0.995300
vn -0.001100 -0.000000 -1.000000
vn 0.193400 -0.000000 -0.981100
vn 0.096600 -0.194100 -0.976200
vn -0.001100 -0.195100 -0.980800
vn 0.193500 -0.191400 -0.962300
vn 0.096700 -0.380900 -0.919600
vn -0.001100 -0.382700 -0.923900
vn 0.193500 -0.375400 -0.906400
vn 0.096800 -0.552900 -0.827600
vn 0.193600 -0.545000 -0.815800
vn 0.096900 -0.703700 -0.703800
vn 0.193700 -0.693600 -0.693800
vn 0.193900 -0.815600 -0.545200
vn 0.194100 -0.906200 -0.375600
vn 0.288800 -0.795900 -0.532100
vn 0.288700 -0.676800 -0.677200
vn 0.289000 -0.884300 -0.366600
vn 0.289200 -0.938800 -0.187100
vn 0.289400 -0.957200 -0.000300
vn 0.381400 -0.906600 -0.180800
vn 0.381200 -0.854000 -0.354200
vn 0.381600 -0.924300 -0.000400
vn 0.381800 -0.906600 0.179900
vn 0.289600 -0.938800 0.186400
vn 0.289800 -0.884300 0.366000
vn 0.382000 -0.854000 0.353300
vn 0.290000 -0.795900 0.531500
vn 0.382200 -0.768600 0.513100
vn 0.290200 -0.676800 0.676500
vn 0.382300 -0.653600 0.653200
vn 0.290300 -0.531800 0.795600
vn 0.382500 -0.513500 0.768100
vn 0.290400 -0.366300 0.884000
vn 0.382600 -0.353700 0.853500
vn 0.290500 -0.186800 0.938500
vn 0.382600 -0.180300 0.906100
vn 0.290500 -0.000000 0.956900
vn 0.382700 -0.000000 0.923900
vn 0.290500 0.186800 0.938500
vn 0.382700 0.180300 0.906100
vn 0.290400 0.366300 0.884000
vn 0.382600 0.353700 0.853500
vn 0.290300 0.531800 0.795600
vn 0.382500 0.513500 0.768100
vn 0.290200 0.676800 0.676500
vn 0.382400 0.653600 0.653200
vn 0.290000 0.795900 0.531400
vn 0.382200 0.768600 0.513100
vn 0.289800 0.884300 0.366000
vn 0.382000 0.854000 0.353300
vn 0.289600 0.938800 0.186400
vn 0.381800 0.906600 0.179900
vn 0.289400 0.957200 -0.000300
vn 0.381600 0.924300 -0.000400
vn 0.289200 0.938800 -0.187100
vn 0.381400 0.906600 -0.180800
vn 0.289000 0.884300 -0.366600
vn 0.381200 0.854000 -0.354200
vn 0.288800 0.795900 -0.532100
vn 0.381000 0.768500 -0.514000
vn 0.288700 0.676800 -0.677200
vn 0.380900 0.653600 -0.654000
vn 0.288500 0.531800 -0.796200
vn 0.380700 0.513500 -0.769000
vn 0.288400 0.366300 -0.884700
vn 0.380600 0.353700 -0.854400
vn 0.288400 0.186700 -0.939100
vn 0.380600 0.180300 -0.907000
vn 0.288300 -0.000000 -0.957500
vn 0.380600 -0.000000 -0.924800
vn 0.288400 -0.186800 -0.939100
vn 0.380600 -0.180300 -0.907000
vn 0.288400 -0.366300 -0.884700
vn 0.380600 -0.353700 -0.854400
vn 0.288600 -0.531800 -0.796200
vn 0.380700 -0.513500 -0.769000
vn 0.380900 -0.653600 -0.654000
vn 0.381000 -0.768500 -0.514000
vn 0.469400 -0.624100 -0.624600
vn 0.469300 -0.490400 -0.734400
vn 0.469600 -0.733800 -0.490900
vn 0.469700 -0.815400 -0.338300
vn 0.469900 -0.865600 -0.172700
vn 0.553800 -0.769000 -0.319200
vn 0.553600 -0.692100 -0.463100
vn 0.554000 -0.816400 -0.163000
vn 0.470100 -0.882600 -0.000500
vn 0.554200 -0.832400 -0.000600
vn 0.554300 -0.816400 0.161800
vn 0.470300 -0.865600 0.171700
vn 0.470500 -0.815400 0.337200
vn 0.554500 -0.769100 0.317900
vn 0.470700 -0.733900 0.489800
vn 0.554700 -0.692100 0.461800
vn 0.470800 -0.624100 0.623600
vn 0.554800 -0.588600 0.588000
vn 0.470900 -0.490300 0.733300
vn 0.554900 -0.462400 0.691500
vn 0.471100 -0.337800 0.814900
vn 0.555000 -0.318600 0.768400
vn 0.471100 -0.172200 0.865100
vn 0.555100 -0.162400 0.815800
vn 0.471100 -0.000000 0.882100
vn 0.555100 -0.000000 0.831800
vn 0.471100 0.172200 0.865100
vn 0.555100 0.162400 0.815800
vn 0.471100 0.337700 0.814900
vn 0.555000 0.318600 0.768400
vn 0.471000 0.490300 0.733300
vn 0.554900 0.462500 0.691500
vn 0.470800 0.624100 0.623600
vn 0.554800 0.588600 0.588000
vn 0.470700 0.733900 0.489800
vn 0.554700 0.692100 0.461800
vn 0.470500 0.815400 0.337200
vn 0.554500 0.769000 0.317900
vn 0.470300 0.865600 0.171600
vn 0.554400 0.816400 0.161800
vn 0.470100 0.882600 -0.000500
vn 0.554200 0.832400 -0.000600
vn 0.469900 0.865600 -0.172700
vn 0.554000 0.816400 -0.163000
vn 0.469700 0.815400 -0.338300
vn 0.553800 0.769000 -0.319200
vn 0.469600 0.733800 -0.490900
vn 0.553600 0.692100 -0.463100
vn 0.469400 0.624100 -0.624600
vn 0.553500 0.588600 -0.589200
vn 0.469300 0.490400 -0.734400
vn 0.553400 0.462500 -0.692700
vn 0.469200 0.337800 -0.815900
vn 0.553300 0.318600 -0.769700
vn 0.469200 0.172200 -0.866200
vn 0.553200 0.162400 -0.817000
vn 0.469100 -0.000000 -0.883100
vn 0.553200 -0.000000 -0.833000
vn 0.469200 -0.172200 -0.866200
vn 0.553200 -0.162400 -0.817000
vn 0.469200 -0.337800 -0.815900
vn 0.553300 -0.318600 -0.769700
vn 0.553400 -0.462400 -0.692700
vn 0.553500 -0.588600 -0.589200
vn 0.632200 -0.430100 -0.644500
vn 0.632100 -0.296300 -0.716000
vn 0.632300 -0.547500 -0.548200
vn 0.632400 -0.643800 -0.430900
vn 0.632600 -0.715300 -0.297000
vn 0.705100 -0.589200 -0.394500
vn 0.705000 -0.501100 -0.501900
vn 0.705300 -0.654700 -0.272000
vn 0.632700 -0.759400 -0.151700
vn 0.705400 -0.695000 -0.139000
vn 0.632900 -0.774300 -0.000700
vn 0.705600 -0.708700 -0.000800
vn 0.633100 -0.759400 0.150300
vn 0.705700 -0.695100 0.137400
vn 0.633200 -0.715300 0.295600
vn 0.705900 -0.654700 0.270400
vn 0.633400 -0.643800 0.429400
vn 0.706000 -0.589200 0.392900
vn 0.633500 -0.547500 0.546800
vn 0.706100 -0.501100 0.500300
vn 0.633600 -0.430100 0.643100
vn 0.706200 -0.393700 0.588400
vn 0.633700 -0.296300 0.714600
vn 0.706300 -0.271200 0.653900
vn 0.633700 -0.151000 0.758700
vn 0.706400 -0.138200 0.694200
vn 0.633800 -0.000000 0.773500
vn 0.706400 -0.000000 0.707900
vn 0.633700 0.151000 0.758700
vn 0.706300 0.138200 0.694200
vn 0.633700 0.296300 0.714600
vn 0.706300 0.271200 0.653900
vn 0.633600 0.430100 0.643000
vn 0.706200 0.393700 0.588400
vn 0.633500 0.547500 0.546700
vn 0.706100 0.501100 0.500300
vn 0.633400 0.643800 0.429400
vn 0.706000 0.589200 0.392900
vn 0.633200 0.715300 0.295600
vn 0.705900 0.654700 0.270400
vn 0.633000 0.759400 0.150300
vn 0.705700 0.695000 0.137500
vn 0.632900 0.774300 -0.000700
vn 0.705600 0.708600 -0.000800
vn 0.632700 0.759400 -0.151800
vn 0.705400 0.695000 -0.139000
vn 0.632500 0.715300 -0.297000
vn 0.705300 0.654700 -0.272000
vn 0.632400 0.643800 -0.430900
vn 0.705100 0.589200 -0.394500
vn 0.632300 0.547500 -0.548200
vn 0.705000 0.501100 -0.501900
vn 0.632200 0.430100 -0.644400
vn 0.704900 0.393700 -0.590000
vn 0.632100 0.296300 -0.716000
vn 0.704800 0.271200 -0.655500
vn 0.632100 0.151100 -0.760000
vn 0.704800 0.138200 -0.695800
vn 0.632100 -0.000000 -0.774900
vn 0.704800 -0.000000 -0.709400
vn 0.632100 -0.151100 -0.760000
vn 0.704800 -0.138200 -0.695800
vn 0.704800 -0.271200 -0.655500
vn 0.704900 -0.393700 -0.590000
vn 0.770800 -0.243500 -0.588700
vn 0.770800 -0.124100 -0.624900
vn 0.770900 -0.353500 -0.529900
vn 0.771000 -0.449900 -0.450700
vn 0.771100 -0.529000 -0.354300
vn 0.829600 -0.394400 -0.395300
vn 0.829500 -0.309800 -0.464600
vn 0.829700 -0.463700 -0.310700
vn 0.771300 -0.587800 -0.244300
vn 0.829800 -0.515200 -0.214400
vn 0.771400 -0.624000 -0.125000
vn 0.829900 -0.547000 -0.109700
vn 0.771500 -0.636200 -0.000900
vn 0.830000 -0.557700 -0.000900
vn 0.830200 -0.546900 0.107900
vn 0.771700 -0.624000 0.123200
vn 0.771800 -0.587800 0.242600
vn 0.830300 -0.515200 0.212500
vn 0.771900 -0.529000 0.352600
vn 0.830400 -0.463700 0.308900
vn 0.772000 -0.449900 0.449000
vn 0.830500 -0.394300 0.393400
vn 0.772100 -0.353500 0.528100
vn 0.830600 -0.309800 0.462700
vn 0.772200 -0.243500 0.586900
vn 0.830600 -0.213400 0.514300
vn 0.772200 -0.124100 0.623100
vn 0.830700 -0.108800 0.546000
vn 0.772200 -0.000000 0.635300
vn 0.830700 -0.000000 0.556800
vn 0.772200 0.124100 0.623100
vn 0.830700 0.108800 0.546000
vn 0.772200 0.243500 0.586900
vn 0.830600 0.213400 0.514300
vn 0.772100 0.353500 0.528100
vn 0.830600 0.309800 0.462700
vn 0.772000 0.449900 0.449000
vn 0.830500 0.394300 0.393400
vn 0.771900 0.529000 0.352600
vn 0.830400 0.463700 0.308900
vn 0.771800 0.587800 0.242600
vn 0.830300 0.515200 0.212500
vn 0.771700 0.624000 0.123200
vn 0.830200 0.547000 0.107900
vn 0.771500 0.636200 -0.000900
vn 0.830000 0.557700 -0.000900
vn 0.771400 0.624000 -0.125000
vn 0.829900 0.547000 -0.109700
vn 0.771200 0.587800 -0.244300
vn 0.829800 0.515200 -0.214400
vn 0.771100 0.529000 -0.354300
vn 0.829700 0.463700 -0.310800
vn 0.771000 0.449900 -0.450800
vn 0.829600 0.394400 -0.395300
vn 0.770900 0.353500 -0.529900
vn 0.829500 0.309900 -0.464700
vn 0.770800 0.243500 -0.588700
vn 0.829500 0.213400 -0.516200
vn 0.770800 0.124100 -0.624900
vn 0.829400 0.108800 -0.547900
vn 0.770800 -0.000000 -0.637100
vn 0.829400 -0.000000 -0.558600
vn 0.829400 -0.108800 -0.547900
vn 0.829500 -0.213400 -0.516200
vn 0.880100 -0.092400 -0.465600
vn 0.880100 -0.000000 -0.474700
vn 0.880200 -0.181300 -0.438700
vn 0.880200 -0.263200 -0.394900
vn 0.880300 -0.335000 -0.336000
vn 0.922400 -0.214000 -0.321400
vn 0.922400 -0.147400 -0.357000
vn 0.922500 -0.272500 -0.273500
vn 0.880300 -0.394000 -0.264200
vn 0.922600 -0.320400 -0.215100
vn 0.880400 -0.437700 -0.182300
vn 0.922600 -0.356000 -0.148500
vn 0.880500 -0.464700 -0.093400
vn 0.922700 -0.377900 -0.076200
vn 0.880600 -0.473800 -0.001000
vn 0.922800 -0.385300 -0.001000
vn 0.880700 -0.464700 0.091500
vn 0.922900 -0.377900 0.074100
vn 0.880800 -0.437700 0.180300
vn 0.923000 -0.356000 0.146400
vn 0.880900 -0.393900 0.262200
vn 0.923000 -0.320300 0.213000
vn 0.881000 -0.335000 0.334100
vn 0.923100 -0.272400 0.271500
vn 0.881100 -0.263200 0.392900
vn 0.923100 -0.214100 0.319300
vn 0.881100 -0.181300 0.436700
vn 0.923200 -0.147500 0.355000
vn 0.881200 -0.092400 0.463700
vn 0.923200 -0.075200 0.376900
vn 0.881200 -0.000000 0.472800
vn 0.923200 -0.000000 0.384200
vn 0.881200 0.092400 0.463700
vn 0.923200 0.075200 0.376900
vn 0.881100 0.181300 0.436700
vn 0.923200 0.147400 0.355000
vn 0.881100 0.263200 0.392900
vn 0.923100 0.214100 0.319300
vn 0.881000 0.335000 0.334100
vn 0.923100 0.272400 0.271500
vn 0.880900 0.393900 0.262200
vn 0.923000 0.320400 0.213000
vn 0.880800 0.437700 0.180300
vn 0.922900 0.356000 0.146400
vn 0.880700 0.464700 0.091400
vn 0.922900 0.377900 0.074100
vn 0.880600 0.473800 -0.001000
vn 0.922800 0.385300 -0.001000
vn 0.880600 0.464700 -0.093400
vn 0.922700 0.377900 -0.076200
vn 0.880400 0.437700 -0.182300
vn 0.922600 0.356000 -0.148500
vn 0.880300 0.394000 -0.264200
vn 0.922500 0.320400 -0.215100
vn 0.880300 0.335100 -0.336000
vn 0.922500 0.272500 -0.273500
vn 0.880200 0.263200 -0.394900
vn 0.922400 0.214000 -0.321400
vn 0.880200 0.181300 -0.438700
vn 0.922400 0.147400 -0.357000
vn 0.880100 0.092400 -0.465600
vn 0.922400 0.075100 -0.378900
vn 0.922400 -0.000000 -0.386300
vn 0.922400 -0.075100 -0.378900
vn 0.955700 -0.000000 -0.294200
vn 0.955800 0.057100 -0.288500
vn 0.955800 -0.057100 -0.288500
vn 0.955800 -0.112200 -0.271900
vn 0.955800 -0.162800 -0.244700
vn 0.980000 -0.075800 -0.184100
vn 0.980000 -0.038600 -0.195300
vn 0.980000 -0.110000 -0.165800
vn 0.955900 -0.207300 -0.208300
vn 0.980000 -0.140100 -0.141100
vn 0.955900 -0.243700 -0.163900
vn 0.980100 -0.164700 -0.111100
vn 0.956000 -0.270800 -0.113200
vn 0.980100 -0.183000 -0.076900
vn 0.956000 -0.287400 -0.058300
vn 0.980200 -0.194200 -0.039700
vn 0.956100 -0.293100 -0.001100
vn 0.980200 -0.198000 -0.001100
vn 0.956200 -0.287400 0.056100
vn 0.980200 -0.194200 0.037500
vn 0.994900 -0.099200 0.018500
vn 0.994900 -0.101100 -0.000900
vn 0.994900 -0.099200 -0.020700
vn 0.980300 -0.183000 0.074600
vn 0.956200 -0.270800 0.111100
vn 0.994900 -0.093300 0.037900
vn 0.980300 -0.164700 0.108800
vn 0.956300 -0.243700 0.161700
vn 0.994900 -0.084000 0.055000
vn 0.980400 -0.140000 0.139000
vn 0.956300 -0.207200 0.206200
vn 0.995000 -0.071500 0.070300
vn 0.980400 -0.110000 0.163600
vn 0.956400 -0.162900 0.242600
vn 0.995000 -0.056100 0.083000
vn 0.980400 -0.075800 0.181800
vn 0.956400 -0.112200 0.269700
vn 0.995000 -0.038700 0.092300
vn 0.980400 -0.038600 0.193200
vn 0.956400 -0.057100 0.286400
vn 0.995000 -0.019800 0.098000
vn 0.980400 -0.000000 0.196900
vn 0.956400 -0.000000 0.292000
vn 0.995000 -0.000000 0.100000
vn 0.980400 0.038600 0.193200
vn 0.956400 0.057100 0.286400
vn 0.995000 0.019800 0.098000
vn 0.980400 0.075800 0.181800
vn 0.956400 0.112200 0.269700
vn 0.995000 0.038700 0.092300
vn 0.980400 0.110000 0.163600
vn 0.956400 0.162800 0.242600
vn 0.995000 0.056100 0.083000
vn 0.980400 0.139900 0.139000
vn 0.956300 0.207200 0.206200
vn 0.995000 0.071500 0.070300
vn 0.980300 0.164700 0.108800
vn 0.956300 0.243700 0.161700
vn 0.994900 0.084000 0.055000
vn 0.980300 0.183000 0.074600
vn 0.956200 0.270800 0.111100
vn 0.994900 0.093500 0.037400
vn 0.980200 0.194200 0.037500
vn 0.956200 0.287400 0.056100
vn 0.994900 0.099200 0.018500
vn 0.980200 0.198000 -0.001100
vn 0.956100 0.293100 -0.001100
vn 0.994900 0.101100 -0.000900
vn 0.980200 0.194200 -0.039700
vn 0.956000 0.287400 -0.058300
vn 0.994900 0.099200 -0.020700
vn 0.980100 0.183000 -0.076900
vn 0.956000 0.270800 -0.113200
vn 0.994800 0.093400 -0.039700
vn 0.980100 0.164700 -0.111100
vn 0.955900 0.243700 -0.163800
vn 0.994800 0.084100 -0.057200
vn 0.980000 0.140100 -0.141100
vn 0.955900 0.207300 -0.208300
vn 0.994800 0.071500 -0.072600
vn 0.980000 0.110000 -0.165800
vn 0.955800 0.162800 -0.244700
vn 0.994800 0.056000 -0.085200
vn 0.980000 0.075800 -0.184100
vn 0.955800 0.112100 -0.271900
vn 0.994800 0.038700 -0.094500
vn 0.980000 0.038600 -0.195300
vn 0.994800 0.019800 -0.100200
vn 0.980000 -0.000000 -0.199200
vn 0.994800 -0.000000 -0.102200
vn 0.994800 -0.019500 -0.100200
vn 0.994800 -0.038700 -0.094500
vn 1.000000 -0.000000 -0.001100
vn 0.994800 -0.093400 -0.039700
vn 0.994800 -0.084100 -0.057200
vn 0.994800 -0.071500 -0.072600
vn 0.994800 -0.056000 -0.085300
vn -0.880800 -0.437700 -0.180300
vn -0.880900 -0.393900 -0.262200
vn -0.880700 -0.464700 -0.091500
vn -0.880600 -0.473800 0.001000
vn -0.922900 -0.377900 -0.074200
vn -0.923000 -0.356000 -0.146500
vn -0.922800 -0.385300 0.001000
vn -0.880500 -0.464700 0.093400
vn -0.922700 -0.377900 0.076200
vn -0.880400 -0.437700 0.182300
vn -0.922600 -0.356000 0.148500
vn -0.880300 -0.394000 0.264200
vn -0.922600 -0.320400 0.215100
vn -0.880300 -0.335000 0.336000
vn -0.922500 -0.272400 0.273500
vn -0.880200 -0.263200 0.394900
vn -0.922400 -0.214000 0.321400
vn -0.880200 -0.181300 0.438700
vn -0.922400 -0.147500 0.357000
vn -0.880100 -0.092400 0.465700
vn -0.922400 -0.075100 0.378900
vn -0.880100 -0.000000 0.474800
vn -0.922400 -0.000000 0.386300
vn -0.880100 0.092400 0.465700
vn -0.922400 0.075100 0.378900
vn -0.880200 0.181300 0.438700
vn -0.922400 0.147500 0.357000
vn -0.880200 0.263200 0.394900
vn -0.922400 0.214100 0.321400
vn -0.880300 0.335000 0.336000
vn -0.922500 0.272400 0.273500
vn -0.880300 0.393900 0.264200
vn -0.922500 0.320400 0.215100
vn -0.880400 0.437700 0.182300
vn -0.922600 0.356000 0.148500
vn -0.880600 0.464700 0.093400
vn -0.922700 0.377900 0.076200
vn -0.880600 0.473800 0.001000
vn -0.922800 0.385300 0.001000
vn -0.880700 0.464700 -0.091500
vn -0.922900 0.377900 -0.074100
vn -0.880800 0.437700 -0.180300
vn -0.922900 0.356000 -0.146400
vn -0.880900 0.393900 -0.262200
vn -0.923000 0.320400 -0.213100
vn -0.881000 0.335000 -0.334000
vn -0.923100 0.272500 -0.271400
vn -0.881100 0.263200 -0.392900
vn -0.923100 0.214100 -0.319300
vn -0.881100 0.181300 -0.436700
vn -0.923200 0.147500 -0.354900
vn -0.881200 0.092400 -0.463700
vn -0.923200 0.075200 -0.376900
vn -0.881200 -0.000000 -0.472800
vn -0.923200 -0.000000 -0.384200
vn -0.881200 -0.092400 -0.463700
vn -0.923200 -0.075200 -0.376900
vn -0.881100 -0.181300 -0.436700
vn -0.923200 -0.147500 -0.354900
vn -0.881100 -0.263200 -0.392900
vn -0.923100 -0.214100 -0.319300
vn -0.881000 -0.335000 -0.334000
vn -0.923100 -0.272500 -0.271400
vn -0.923000 -0.320400 -0.213100
vn -0.956300 -0.243700 -0.161800
vn -0.956300 -0.207200 -0.206200
vn -0.956200 -0.270800 -0.111100
vn -0.956200 -0.287400 -0.056100
vn -0.980300 -0.183000 -0.074600
vn -0.980300 -0.164700 -0.108900
vn -0.980200 -0.194200 -0.037500
vn -0.956100 -0.293100 0.001100
vn -0.980200 -0.198000 0.001100
vn -0.956000 -0.287400 0.058300
vn -0.980200 -0.194200 0.039700
vn -0.956000 -0.270800 0.113200
vn -0.980100 -0.183000 0.077000
vn -0.955900 -0.243700 0.163800
vn -0.980100 -0.164600 0.111100
vn -0.955900 -0.207200 0.208300
vn -0.980000 -0.140000 0.141100
vn -0.955800 -0.162800 0.244800
vn -0.980000 -0.110000 0.165800
vn -0.955800 -0.112300 0.271800
vn -0.980000 -0.075900 0.184000
vn -0.955800 -0.057100 0.288500
vn -0.980000 -0.038600 0.195300
vn -0.955800 -0.000000 0.294200
vn -0.980000 -0.000000 0.199200
vn -0.955800 0.057100 0.288500
vn -0.980000 0.038600 0.195300
vn -0.955800 0.112300 0.271800
vn -0.980000 0.075900 0.184000
vn -0.955800 0.162800 0.244800
vn -0.980000 0.110000 0.165800
vn -0.955900 0.207200 0.208400
vn -0.980000 0.140000 0.141100
vn -0.955900 0.243700 0.163800
vn -0.980100 0.164600 0.111100
vn -0.956000 0.270800 0.113200
vn -0.980100 0.182900 0.077000
vn -0.956000 0.287400 0.058300
vn -0.980200 0.194200 0.039700
vn -0.956100 0.293100 0.001100
vn -0.980200 0.198000 0.001100
vn -0.956200 0.287400 -0.056100
vn -0.980200 0.194200 -0.037500
vn -0.956200 0.270800 -0.111100
vn -0.980300 0.183000 -0.074600
vn -0.956300 0.243700 -0.161700
vn -0.980300 0.164700 -0.108900
vn -0.956300 0.207200 -0.206200
vn -0.980300 0.140000 -0.139000
vn -0.956400 0.162800 -0.242600
vn -0.980400 0.109900 -0.163600
vn -0.956400 0.112200 -0.269700
vn -0.980400 0.075800 -0.181900
vn -0.956400 0.057100 -0.286400
vn -0.980400 0.038700 -0.193100
vn -0.956400 -0.000000 -0.292000
vn -0.980400 -0.000000 -0.197000
vn -0.956400 -0.057100 -0.286300
vn -0.980400 -0.038600 -0.193100
vn -0.956400 -0.112200 -0.269700
vn -0.980400 -0.075800 -0.181900
vn -0.956400 -0.162900 -0.242600
vn -0.980400 -0.110000 -0.163600
vn -0.980300 -0.140000 -0.139000
vn -0.995000 -0.071500 -0.070400
vn -0.995000 -0.056000 -0.083000
vn -0.994900 -0.084100 -0.055000
vn -0.994900 -0.093500 -0.037400
vn -1.000000 -0.000000 0.001100
vn -0.994900 0.099200 0.020700
vn -0.994800 0.093500 0.039700
vn -0.994900 0.101100 0.000900
vn -0.994900 -0.099200 0.020700
vn -0.994900 -0.101100 0.000900
vn -0.994900 -0.099200 -0.018500
vn -0.995000 -0.038700 -0.092300
vn -0.995000 -0.019900 -0.098000
vn -0.995000 -0.000000 -0.100000
vn -0.995000 0.019900 -0.098000
vn -0.995000 0.038700 -0.092300
vn -0.995000 0.056000 -0.083000
vn -0.995000 0.071500 -0.070400
vn -0.994900 0.084100 -0.055000
vn -0.994900 0.093500 -0.037400
vn -0.994900 0.099200 -0.018500
vn -0.994800 0.083900 0.057500
vn -0.994800 0.071600 0.072500
vn -0.994800 0.055900 0.085100
vn -0.994800 0.038800 0.094500
vn -0.994800 0.019900 0.100200
vn -0.994800 -0.000000 0.102200
vn -0.994800 -0.019900 0.100200
vn -0.994800 -0.038800 0.094500
vn -0.994800 -0.056200 0.085100
vn -0.994800 -0.071400 0.072700
vn -0.994800 -0.083900 0.057500
vn -0.994800 -0.093300 0.040000
vn 0.554100 0.832400 -0.000600
vn 0.554300 0.816400 0.161800
vn -0.632900 0.774200 0.000700
vn 0.632900 0.774200 -0.000700
vn 0.633100 0.759300 0.150300
vn -0.470000 0.865600 0.172700
vn 0.771600 0.624000 0.123300
vn -0.381400 0.906600 0.180700
vn 0.830100 0.557700 -0.000900
vn -0.289200 0.938800 0.187000
vn 0.880700 0.473800 -0.001000
vn 0.880800 0.464600 0.091400
vn -0.194300 0.962100 0.191600
vn -0.994900 0.101000 0.000900
vn -0.994900 0.099000 0.020900
vn -0.097500 0.976100 0.194200
vn -0.980200 0.198100 0.001000
vn 0.956100 0.287500 0.056100
vn -0.956100 0.293100 0.001000
vn -0.956000 0.287400 0.058200
vn 0.980200 0.194200 0.037600
vn 0.097900 0.976100 0.194000
vn 0.994900 0.101000 -0.001200
vn 0.994900 0.099100 0.018800
vn 0.194700 0.962100 0.191100
vn -0.880500 0.464700 0.093500
vn 0.289500 0.957200 -0.000300
vn 0.289700 0.938800 0.186400
vn -0.829900 0.546900 0.109800
vn 0.098100 0.919500 0.380800
vn -0.956000 0.270800 0.113300
vn 0.980300 0.182900 0.074700
vn 0.994900 0.093300 0.037600
vn 0.194900 0.906200 0.375200
vn 0.289900 0.884300 0.366000
vn -0.829800 0.515200 0.214300
vn -0.632600 0.715300 0.297000
vn -0.469800 0.815400 0.338300
vn -0.381200 0.854000 0.354200
vn 0.880900 0.437700 0.180300
vn -0.994800 0.093300 0.040000
vn 0.956200 0.270800 0.111000
vn 0.195100 0.815600 0.544800
vn 0.290000 0.795900 0.531500
vn -0.880400 0.393900 0.264200
vn -0.829700 0.463700 0.310700
vn 0.382200 0.768500 0.513100
vn -0.771100 0.529000 0.354300
vn 0.470700 0.733800 0.489800
vn -0.632400 0.643800 0.430800
vn -0.553600 0.692100 0.463100
vn -0.469600 0.733800 0.490900
vn -0.381000 0.768500 0.514000
vn -0.994800 0.084000 0.057200
vn -0.980100 0.164600 0.111000
vn 0.956300 0.243700 0.161800
vn -0.955900 0.243700 0.163900
vn 0.980300 0.164600 0.108900
vn 0.994900 0.084000 0.055100
vn 0.382300 0.653600 0.653200
vn 0.470800 0.624100 0.623500
vn -0.771000 0.449900 0.450700
vn 0.830500 0.394400 0.393400
vn -0.288700 0.676800 0.677200
vn 0.881000 0.335000 0.334000
vn -0.994800 0.071700 0.072600
vn 0.923100 0.272400 0.271400
vn -0.980000 0.139900 0.141200
vn -0.955800 0.207200 0.208400
vn 0.980400 0.140100 0.138900
vn -0.922500 0.272500 0.273500
vn -0.829600 0.394300 0.395200
vn 0.633600 0.430100 0.643100
vn -0.632200 0.430100 0.644500
vn -0.553400 0.462500 0.692800
vn 0.706300 0.393700 0.588400
vn 0.772100 0.353400 0.528100
vn -0.380800 0.513500 0.769000
vn 0.830500 0.309800 0.462800
vn -0.994800 0.056200 0.085100
vn 0.923200 0.214100 0.319300
vn 0.980400 0.110100 0.163600
vn 0.098700 0.552900 0.827400
vn 0.995000 0.056300 0.082800
vn -0.829600 0.309800 0.464600
vn 0.382400 0.513500 0.768100
vn -0.770900 0.353500 0.529800
vn 0.471000 0.490400 0.733300
vn -0.469200 0.337800 0.815900
vn -0.288400 0.366300 0.884700
vn -0.193500 0.375400 0.906400
vn -0.994800 0.038700 0.094400
vn 0.923200 0.147400 0.354900
vn -0.980000 0.075800 0.184100
vn 0.956400 0.112100 0.269700
vn 0.001100 0.382700 0.923900
vn -0.955800 0.112100 0.271800
vn 0.980400 0.075800 0.181900
vn 0.098700 0.380900 0.919300
vn -0.922400 0.147400 0.357000
vn 0.995000 0.038700 0.092200
vn 0.382500 0.353700 0.853600
vn -0.770900 0.243400 0.588600
vn 0.471000 0.337700 0.814900
vn 0.555000 0.318500 0.768400
vn -0.553300 0.318600 0.769700
vn 0.830700 0.108800 0.546100
vn -0.288400 0.186700 0.939100
vn -0.193500 0.191400 0.962300
vn -0.994800 0.019600 0.100300
vn 0.923200 0.075100 0.376900
vn -0.096600 0.194100 0.976200
vn -0.980000 0.038600 0.195400
vn 0.956400 0.057200 0.286400
vn -0.955800 0.057200 0.288500
vn 0.980400 0.038600 0.193100
vn -0.922400 0.075200 0.378900
vn 0.995000 0.019600 0.098000
vn 0.382600 0.180300 0.906100
vn -0.770800 0.124100 0.624800
vn -0.704800 0.138300 0.695800
vn -0.632000 0.151100 0.760100
vn 0.633700 0.151100 0.758700
vn -0.553200 0.162400 0.817000
vn 0.706400 0.138300 0.694200
vn -0.469200 0.172200 0.866200
vn -0.994800 -0.000000 0.102100
vn -0.980000 -0.000000 0.199100
vn 0.923200 -0.000000 0.384300
vn -0.955800 -0.000000 0.294100
vn 0.098800 -0.000000 0.995100
vn 0.995000 -0.000000 0.099900
vn 0.382600 -0.000000 0.923900
vn -0.704800 -0.000000 0.709400
vn -0.632000 -0.000000 0.775000
vn 0.633700 -0.000000 0.773600
vn -0.553200 -0.000000 0.833000
vn 0.830700 -0.000000 0.556700
vn -0.955800 -0.057200 0.288500
vn -0.922400 -0.075200 0.378900
vn 0.980400 -0.038600 0.193100
vn 0.995000 -0.019600 0.098000
vn -0.770800 -0.124100 0.624800
vn -0.553200 -0.162400 0.817000
vn 0.706400 -0.138300 0.694200
vn -0.469200 -0.172200 0.866200
vn -0.288400 -0.186700 0.939100
vn -0.193500 -0.191400 0.962300
vn -0.994800 -0.019600 0.100300
vn -0.096600 -0.194100 0.976200
vn -0.980000 -0.038600 0.195400
vn 0.956400 -0.057200 0.286400
vn 0.382800 -0.353700 0.853400
vn -0.770900 -0.243400 0.588600
vn 0.471000 -0.337700 0.814900
vn 0.555000 -0.318500 0.768400
vn -0.553300 -0.318600 0.769700
vn -0.469200 -0.337800 0.815900
vn 0.830600 -0.213500 0.514300
vn -0.288400 -0.366300 0.884700
vn -0.193500 -0.375400 0.906400
vn -0.994800 -0.038600 0.094400
vn 0.923200 -0.147400 0.354900
vn -0.980000 -0.075800 0.184100
vn 0.956400 -0.112100 0.269700
vn 0.001100 -0.382700 0.923900
vn -0.955800 -0.112200 0.271900
vn 0.980400 -0.075800 0.181900
vn 0.098700 -0.380800 0.919400
vn 0.995000 -0.038700 0.092200
vn 0.471000 -0.490300 0.733300
vn 0.555000 -0.462500 0.691500
vn -0.632200 -0.430100 0.644500
vn -0.553400 -0.462500 0.692800
vn -0.469300 -0.490300 0.734400
vn 0.772100 -0.353400 0.528100
vn 0.830600 -0.309800 0.462800
vn 0.881100 -0.263200 0.393000
vn 0.923200 -0.214100 0.319300
vn 0.956400 -0.162800 0.242600
vn 0.000900 -0.555500 0.831500
vn 0.980400 -0.110100 0.163500
vn -0.922400 -0.214100 0.321400
vn 0.995000 -0.056000 0.083000
vn -0.829600 -0.309800 0.464600
vn 0.382400 -0.513500 0.768100
vn -0.288600 -0.676800 0.677200
vn 0.881000 -0.335000 0.334000
vn -0.193700 -0.693600 0.693800
vn -0.994800 -0.071700 0.072600
vn 0.923100 -0.272500 0.271400
vn -0.980000 -0.139900 0.141200
vn 0.956300 -0.207300 0.206200
vn -0.955800 -0.207200 0.208400
vn 0.980400 -0.140100 0.138900
vn -0.922500 -0.272500 0.273500
vn -0.829600 -0.394300 0.395200
vn 0.470900 -0.624100 0.623500
vn -0.469600 -0.733800 0.490900
vn -0.994800 -0.084000 0.057200
vn 0.923000 -0.320400 0.213000
vn 0.956300 -0.243700 0.161800
vn -0.955900 -0.243700 0.163900
vn 0.980300 -0.164600 0.109000
vn -0.922500 -0.320400 0.215100
vn 0.994900 -0.084000 0.055100
vn -0.880300 -0.393900 0.264200
vn 0.382200 -0.768500 0.513100
vn 0.470700 -0.733800 0.489800
vn -0.705200 -0.589200 0.394500
vn 0.554700 -0.692100 0.461900
vn 0.880900 -0.437700 0.180300
vn -0.097300 -0.919500 0.381000
vn -0.980100 -0.182900 0.076900
vn -0.956000 -0.270800 0.113300
vn 0.980300 -0.182900 0.074700
vn 0.098100 -0.919500 0.380700
vn 0.994900 -0.093300 0.037600
vn 0.194900 -0.906200 0.375200
vn 0.289900 -0.884300 0.366000
vn -0.829800 -0.515200 0.214300
vn -0.632600 -0.715300 0.297000
vn 0.633300 -0.715300 0.295600
vn -0.469800 -0.815400 0.338300
vn -0.381300 -0.854000 0.354100
vn -0.956000 -0.287400 0.058200
vn 0.956100 -0.287500 0.056100
vn 0.980200 -0.194200 0.037600
vn 0.097900 -0.976100 0.194000
vn 0.994900 -0.099100 0.018800
vn 0.194700 -0.962100 0.191100
vn -0.880500 -0.464700 0.093500
vn -0.830000 -0.546900 0.109700
vn -0.632800 -0.759300 0.151700
vn 0.633100 -0.759300 0.150300
vn 0.705700 -0.695000 0.137500
vn 0.771600 -0.624000 0.123300
vn -0.381400 -0.906600 0.180800
vn 0.830200 -0.546900 0.107800
vn 0.880800 -0.464600 0.091400
vn -0.994900 -0.099200 0.020600
vn 0.994900 -0.101000 -0.001200
vn -0.830100 -0.557700 0.000900
vn -0.705600 -0.708600 0.000800
vn -0.632900 -0.774200 0.000700
vn 0.632900 -0.774200 -0.000700
vn 0.705500 -0.708700 -0.000800
vn 0.830100 -0.557700 -0.000900
vn 0.880700 -0.473800 -0.001000
vn -0.994900 -0.101000 0.000900
vn -0.980200 -0.198100 0.001000
vn -0.956100 -0.293100 0.001000
vn 0.980200 -0.198100 -0.001100
vn -0.830200 -0.547000 -0.107900
vn -0.771600 -0.624000 -0.123300
vn -0.705700 -0.695000 -0.137400
vn -0.633100 -0.759400 -0.150300
vn 0.632700 -0.759300 -0.151700
vn -0.554300 -0.816400 -0.161800
vn -0.194700 -0.962100 -0.191100
vn -0.994900 -0.099100 -0.018700
vn -0.097900 -0.976100 -0.194000
vn 0.956000 -0.287500 -0.058200
vn 0.980100 -0.194300 -0.039800
vn -0.922900 -0.377800 -0.074100
vn 0.994900 -0.099100 -0.020600
vn 0.553800 -0.769100 -0.319200
vn -0.554500 -0.769100 -0.317900
vn 0.705300 -0.654700 -0.271900
vn 0.771200 -0.587800 -0.244300
vn 0.829800 -0.515200 -0.214300
vn -0.289800 -0.884300 -0.366000
vn -0.194900 -0.906200 -0.375100
vn -0.994900 -0.093800 -0.037400
vn -0.098200 -0.919500 -0.380700
vn -0.980300 -0.182900 -0.074800
vn 0.980100 -0.182900 -0.076900
vn 0.097300 -0.919500 -0.380900
vn -0.923000 -0.355900 -0.146400
vn -0.880800 -0.437700 -0.180400
vn 0.381200 -0.854000 -0.354100
vn -0.771800 -0.587800 -0.242600
vn 0.705200 -0.589200 -0.394500
vn -0.554700 -0.692100 -0.461800
vn 0.829700 -0.463700 -0.310800
vn 0.880400 -0.393900 -0.264200
vn -0.994900 -0.084000 -0.055100
vn 0.922600 -0.320300 -0.215100
vn -0.098400 -0.827500 -0.552800
vn -0.980300 -0.164600 -0.109000
vn -0.923000 -0.320400 -0.213000
vn -0.880900 -0.394000 -0.262300
vn 0.381000 -0.768600 -0.513900
vn 0.771000 -0.449800 -0.450700
vn 0.829600 -0.394300 -0.395300
vn -0.995000 -0.071500 -0.070300
vn 0.922500 -0.272400 -0.273500
vn -0.980400 -0.140100 -0.138800
vn 0.955800 -0.207300 -0.208300
vn -0.956300 -0.207300 -0.206100
vn 0.994800 -0.071400 -0.072600
vn 0.193800 -0.693600 -0.693800
vn 0.288600 -0.676800 -0.677200
vn 0.469500 -0.624100 -0.624600
vn 0.632200 -0.547500 -0.548200
vn -0.098600 -0.552900 -0.827400
vn -0.980400 -0.110000 -0.163500
vn 0.955800 -0.162800 -0.244800
vn -0.000900 -0.555500 -0.831500
vn -0.956400 -0.162800 -0.242600
vn -0.923100 -0.214000 -0.319400
vn 0.994800 -0.056000 -0.085200
vn -0.881100 -0.263200 -0.393000
vn 0.288500 -0.531800 -0.796200
vn -0.830600 -0.309800 -0.462800
vn -0.772100 -0.353400 -0.528100
vn 0.553400 -0.462500 -0.692700
vn -0.633600 -0.430200 -0.643100
vn 0.632100 -0.430200 -0.644500
vn -0.554900 -0.462500 -0.691500
vn -0.471000 -0.490300 -0.733300
vn 0.770900 -0.353400 -0.529800
vn -0.382500 -0.513500 -0.768100
vn -0.290300 -0.531800 -0.795500
vn 0.980000 -0.075800 -0.184000
vn -0.001000 -0.382700 -0.923900
vn 0.193500 -0.375400 -0.906500
vn 0.288500 -0.366300 -0.884700
vn -0.772200 -0.243400 -0.586900
vn 0.469200 -0.337700 -0.816000
vn 0.553300 -0.318500 -0.769700
vn -0.555000 -0.318600 -0.768400
vn 0.704900 -0.271200 -0.655500
vn -0.471100 -0.337800 -0.814900
vn 0.770900 -0.243500 -0.588600
vn -0.382600 -0.353700 -0.853500
vn -0.290400 -0.366300 -0.884000
vn -0.995000 -0.038600 -0.092200
vn -0.098700 -0.380900 -0.919400
vn 0.193400 -0.191400 -0.962300
vn 0.288400 -0.186700 -0.939100
vn -0.772200 -0.124200 -0.623100
vn 0.469100 -0.172200 -0.866200
vn -0.706400 -0.138300 -0.694200
vn 0.553300 -0.162400 -0.817000
vn -0.633700 -0.151000 -0.758700
vn 0.632000 -0.151000 -0.760100
vn 0.770800 -0.124100 -0.624800
vn -0.290500 -0.186700 -0.938500
vn 0.880100 -0.092500 -0.465600
vn -0.995000 -0.019600 -0.098000
vn 0.922400 -0.075200 -0.378900
vn 0.955800 -0.057200 -0.288500
vn -0.956400 -0.057200 -0.286400
vn 0.980000 -0.038700 -0.195300
vn 0.096600 -0.194200 -0.976200
vn 0.380600 -0.000000 -0.924700
vn -0.772200 -0.000000 -0.635300
vn -0.706400 -0.000000 -0.707900
vn -0.633800 -0.000000 -0.773500
vn 0.632000 -0.000000 -0.775000
vn 0.880100 -0.000000 -0.474800
vn -0.995000 -0.000000 -0.099900
vn -0.980400 -0.000000 -0.196900
vn 0.955800 -0.000000 -0.294100
vn 0.980000 -0.000000 -0.199100
vn -0.923200 -0.000000 -0.384300
vn 0.994800 -0.000000 -0.102100
vn 0.288400 -0.000000 -0.957500
vn -0.830700 -0.000000 -0.556700
vn 0.553300 0.162400 -0.817000
vn 0.632000 0.151000 -0.760100
vn -0.633700 0.151000 -0.758700
vn 0.704800 0.138300 -0.695800
vn 0.770800 0.124100 -0.624800
vn 0.880100 0.092500 -0.465700
vn -0.995000 0.019600 -0.098000
vn 0.922400 0.075200 -0.378900
vn -0.980400 0.038600 -0.193100
vn 0.955800 0.057200 -0.288500
vn -0.956400 0.057200 -0.286400
vn 0.980000 0.038700 -0.195300
vn 0.096600 0.194200 -0.976200
vn 0.994800 0.019500 -0.100200
vn -0.830700 0.108800 -0.546000
vn -0.772200 0.124200 -0.623100
vn 0.469100 0.172200 -0.866200
vn -0.706400 0.138300 -0.694200
vn 0.704900 0.271200 -0.655500
vn 0.770900 0.243500 -0.588600
vn -0.471100 0.337800 -0.814900
vn -0.382600 0.353700 -0.853500
vn -0.995000 0.038600 -0.092200
vn 0.955800 0.112200 -0.271900
vn -0.001000 0.382700 -0.923900
vn 0.980000 0.075800 -0.184000
vn 0.193500 0.375400 -0.906500
vn 0.288500 0.366300 -0.884700
vn -0.772200 0.243400 -0.586900
vn 0.469200 0.337700 -0.816000
vn 0.553300 0.318500 -0.769700
vn -0.555000 0.318600 -0.768400
vn -0.830600 0.309800 -0.462800
vn -0.772100 0.353400 -0.528100
vn -0.633600 0.430200 -0.643000
vn 0.632100 0.430200 -0.644500
vn -0.471000 0.490300 -0.733300
vn 0.770900 0.353400 -0.529900
vn 0.829500 0.309800 -0.464600
vn -0.195400 0.544900 -0.815400
vn -0.995000 0.056300 -0.082800
vn -0.980400 0.110000 -0.163500
vn 0.955800 0.162800 -0.244800
vn -0.923200 0.214000 -0.319300
vn 0.469500 0.624100 -0.624600
vn -0.633500 0.547500 -0.546800
vn 0.632200 0.547500 -0.548200
vn 0.771000 0.449900 -0.450700
vn 0.829600 0.394300 -0.395300
vn 0.880300 0.335000 -0.336000
vn -0.995000 0.071500 -0.070300
vn 0.922500 0.272400 -0.273400
vn -0.980400 0.140100 -0.138800
vn 0.955900 0.207000 -0.208300
vn -0.956300 0.207300 -0.206100
vn 0.994800 0.071400 -0.072600
vn 0.288700 0.676900 -0.677200
vn -0.830500 0.394400 -0.393400
vn 0.553700 0.692100 -0.463100
vn -0.633300 0.643800 -0.429500
vn 0.705200 0.589200 -0.394500
vn -0.470700 0.733800 -0.489800
vn -0.382200 0.768500 -0.513100
vn -0.290000 0.795900 -0.531500
vn 0.880400 0.393900 -0.264200
vn -0.994900 0.084000 -0.055100
vn 0.922600 0.320300 -0.215100
vn -0.980300 0.164600 -0.108900
vn 0.955900 0.243700 -0.163900
vn -0.923000 0.320400 -0.213000
vn 0.829800 0.515300 -0.214300
vn -0.289800 0.884300 -0.366000
vn 0.880500 0.437700 -0.182300
vn -0.994900 0.093500 -0.037500
vn -0.098200 0.919500 -0.380800
vn -0.980300 0.182900 -0.074800
vn 0.980100 0.182900 -0.076900
vn 0.097300 0.919500 -0.381000
vn -0.923000 0.356000 -0.146400
vn -0.880800 0.437700 -0.180400
vn 0.381200 0.854000 -0.354100
vn 0.469800 0.815400 -0.338300
vn 0.880500 0.464700 -0.093400
vn -0.194700 0.962100 -0.191200
vn -0.994900 0.099000 -0.018700
vn -0.097900 0.976100 -0.194000
vn 0.956000 0.287500 -0.058200
vn 0.980100 0.194300 -0.039800
vn -0.922900 0.377900 -0.074200
vn 0.994900 0.099100 -0.021000
vn 0.194300 0.962100 -0.191600
vn 0.289300 0.938800 -0.187100
vn -0.830100 0.547000 -0.107900
vn 0.381400 0.906600 -0.180700
vn -0.771600 0.624000 -0.123300
vn -0.705800 0.695000 -0.137400
vn -0.554300 0.816400 -0.161800
vn -0.470300 0.865600 -0.171600
vn -0.706300 0.354300 -0.612900
vn -0.772100 0.318100 -0.550100
vn -0.772000 0.419500 -0.477500
vn -0.706200 0.467200 -0.532000
vn -0.830600 0.278900 -0.482100
vn -0.830500 0.367700 -0.418400
vn -0.772200 0.204500 -0.601500
vn -0.830600 0.179300 -0.527100
vn -0.706300 0.227800 -0.670200
vn -0.772200 0.083000 -0.629900
vn -0.830700 0.072800 -0.552000
vn -0.706400 0.092500 -0.701800
vn -0.772200 -0.041600 -0.634000
vn -0.830700 -0.036500 -0.555500
vn -0.706400 -0.046400 -0.706300
vn -0.772200 -0.164700 -0.613700
vn -0.830700 -0.144300 -0.537700
vn -0.706300 -0.183400 -0.683700
vn -0.772200 -0.281400 -0.569700
vn -0.830600 -0.246600 -0.499200
vn -0.706300 -0.313400 -0.634800
vn -0.772100 -0.387300 -0.503900
vn -0.830500 -0.339500 -0.441500
vn -0.706200 -0.431400 -0.561400
vn -0.772000 -0.478300 -0.418700
vn -0.830400 -0.419300 -0.366800
vn -0.706100 -0.532800 -0.466400
vn -0.771800 -0.551000 -0.317300
vn -0.830400 -0.483000 -0.277900
vn -0.706000 -0.613700 -0.353500
vn -0.771700 -0.602500 -0.203700
vn -0.830300 -0.528100 -0.178300
vn -0.705800 -0.671000 -0.227000
vn -0.771600 -0.630800 -0.082200
vn -0.830100 -0.552900 -0.071900
vn -0.705700 -0.702600 -0.091700
vn -0.771500 -0.634800 0.042500
vn -0.830000 -0.556500 0.037400
vn -0.705500 -0.707100 0.047200
vn -0.771300 -0.614600 0.165500
vn -0.829900 -0.538700 0.145300
vn -0.705400 -0.684500 0.184200
vn -0.771200 -0.570600 0.282300
vn -0.829800 -0.500200 0.247600
vn -0.705200 -0.635600 0.314200
vn -0.771100 -0.504700 0.388200
vn -0.829700 -0.442400 0.340500
vn -0.705100 -0.562200 0.432200
vn -0.771000 -0.419500 0.479200
vn -0.829600 -0.367700 0.420200
vn -0.705000 -0.467300 0.533600
vn -0.770900 -0.318100 0.551800
vn -0.829500 -0.278800 0.483900
vn -0.704900 -0.354300 0.614500
vn -0.770800 -0.204500 0.603300
vn -0.829500 -0.179200 0.529000
vn -0.704800 -0.227800 0.671800
vn -0.770800 -0.083000 0.631600
vn -0.829400 -0.072800 0.553800
vn -0.704800 -0.092500 0.703400
vn -0.770800 0.041600 0.635700
vn -0.829400 0.036500 0.557400
vn -0.704800 0.046400 0.707900
vn -0.770800 0.164700 0.615400
vn -0.829500 0.144300 0.539600
vn -0.704800 0.183400 0.685300
vn -0.770900 0.281400 0.571500
vn -0.829500 0.246600 0.501100
vn -0.704900 0.313400 0.636300
vn -0.771000 0.387300 0.505600
vn -0.829600 0.339500 0.443300
vn -0.704900 0.431400 0.563000
vn -0.771000 0.478300 0.420300
vn -0.829600 0.419300 0.368600
vn -0.705100 0.532800 0.468000
vn -0.771200 0.551000 0.319000
vn -0.829700 0.483000 0.279800
vn -0.705200 0.613700 0.355100
vn -0.771300 0.602400 0.205400
vn -0.829900 0.528100 0.180200
vn -0.705300 0.671000 0.228600
vn -0.771400 0.630700 0.083900
vn -0.830000 0.552900 0.073700
vn -0.705500 0.702600 0.093300
vn -0.771600 0.634800 -0.040800
vn -0.830100 0.556500 -0.035600
vn -0.705600 0.707100 -0.045600
vn -0.771700 0.614500 -0.163800
vn -0.830200 0.538700 -0.143400
vn -0.705800 0.684500 -0.182600
vn -0.771800 0.570600 -0.280500
vn -0.830300 0.500200 -0.245700
vn -0.705900 0.635500 -0.312600
vn -0.771900 0.504700 -0.386500
vn -0.830400 0.442400 -0.338600
vn -0.706100 0.562200 -0.430600
vn -0.633400 0.614200 -0.470600
vn -0.633300 0.694400 -0.341700
vn -0.633600 0.510500 -0.581400
vn -0.633600 0.387100 -0.669800
vn -0.554900 0.548800 -0.625200
vn -0.554700 0.660400 -0.506100
vn -0.555000 0.416200 -0.720300
vn -0.633700 0.248900 -0.732500
vn -0.555000 0.267600 -0.787600
vn -0.633700 0.101000 -0.766900
vn -0.555100 0.108600 -0.824700
vn -0.633800 -0.050700 -0.771900
vn -0.555100 -0.054500 -0.830000
vn -0.633700 -0.200400 -0.747100
vn -0.555100 -0.215400 -0.803400
vn -0.633700 -0.342400 -0.693700
vn -0.555000 -0.368100 -0.746000
vn -0.633600 -0.471300 -0.613500
vn -0.554900 -0.506700 -0.659800
vn -0.633500 -0.582100 -0.509800
vn -0.554800 -0.625900 -0.548200
vn -0.633300 -0.670500 -0.386400
vn -0.554600 -0.720900 -0.415600
vn -0.633200 -0.733100 -0.248200
vn -0.554400 -0.788200 -0.267000
vn -0.633000 -0.767600 -0.100400
vn -0.554300 -0.825300 -0.108000
vn -0.632800 -0.772600 0.051400
vn -0.554100 -0.830600 0.055100
vn -0.632700 -0.747900 0.201100
vn -0.553900 -0.804100 0.216100
vn -0.632500 -0.694400 0.343200
vn -0.553700 -0.746600 0.368800
vn -0.632300 -0.614300 0.472000
vn -0.553600 -0.660400 0.507400
vn -0.632200 -0.510500 0.582800
vn -0.553400 -0.548900 0.626500
vn -0.632100 -0.387100 0.671200
vn -0.553400 -0.416200 0.721500
vn -0.632000 -0.248900 0.733900
vn -0.553300 -0.267600 0.788800
vn -0.632000 -0.101100 0.768300
vn -0.553300 -0.108700 0.825900
vn -0.632000 0.050600 0.773300
vn -0.553200 0.054500 0.831200
vn -0.632000 0.200400 0.748600
vn -0.553300 0.215400 0.804700
vn -0.632100 0.342400 0.695100
vn -0.553300 0.368200 0.747200
vn -0.632200 0.471300 0.614900
vn -0.553400 0.506700 0.661000
vn -0.632300 0.582100 0.511200
vn -0.553500 0.625800 0.549500
vn -0.632500 0.670500 0.387800
vn -0.553700 0.720900 0.416800
vn -0.632600 0.733200 0.249600
vn -0.553900 0.788200 0.268200
vn -0.632800 0.767600 0.101800
vn -0.554000 0.825300 0.109300
vn -0.633000 0.772600 -0.049900
vn -0.554200 0.830600 -0.053800
vn -0.633100 0.747800 -0.199700
vn -0.554400 0.804100 -0.214800
vn -0.554600 0.746600 -0.367500
vn -0.470600 0.791600 -0.389800
vn -0.470400 0.852500 -0.227900
vn -0.470700 0.700200 -0.536800
vn -0.470800 0.582000 -0.663100
vn -0.382200 0.733300 -0.562300
vn -0.382000 0.829000 -0.408400
vn -0.382300 0.609500 -0.694500
vn -0.471000 0.441300 -0.763800
vn -0.382400 0.462200 -0.800100
vn -0.471000 0.283700 -0.835300
vn -0.382500 0.297100 -0.874900
vn -0.290400 0.307700 -0.906100
vn -0.290300 0.478600 -0.828600
vn -0.290200 0.631100 -0.719300
vn -0.382600 0.120700 -0.916000
vn -0.471100 0.115200 -0.874500
vn -0.290500 0.124900 -0.948700
vn -0.382600 -0.060400 -0.921900
vn -0.471100 -0.057700 -0.880200
vn -0.290500 -0.062600 -0.954800
vn -0.382600 -0.239200 -0.892400
vn -0.471100 -0.228400 -0.852000
vn -0.290500 -0.247700 -0.924300
vn -0.382500 -0.408800 -0.828600
vn -0.471000 -0.390300 -0.791100
vn -0.290400 -0.423300 -0.858200
vn -0.382400 -0.562700 -0.732900
vn -0.470900 -0.537300 -0.699700
vn -0.290300 -0.582700 -0.759100
vn -0.382300 -0.695000 -0.609000
vn -0.470800 -0.663600 -0.581400
vn -0.290100 -0.719700 -0.630800
vn -0.382200 -0.800500 -0.461700
vn -0.470600 -0.764400 -0.440800
vn -0.290000 -0.828900 -0.478300
vn -0.382000 -0.875300 -0.296700
vn -0.470400 -0.835700 -0.283200
vn -0.289800 -0.906400 -0.307400
vn -0.381700 -0.916400 -0.120200
vn -0.470200 -0.875100 -0.114700
vn -0.289600 -0.949000 -0.124600
vn -0.381500 -0.922400 0.060900
vn -0.470100 -0.880700 0.058300
vn -0.289400 -0.955200 0.062900
vn -0.381400 -0.892800 0.239700
vn -0.469900 -0.852500 0.229000
vn -0.289200 -0.924600 0.248100
vn -0.381200 -0.829000 0.409200
vn -0.469700 -0.791600 0.390900
vn -0.289000 -0.858500 0.423700
vn -0.381000 -0.733300 0.563100
vn -0.469500 -0.700200 0.537800
vn -0.288800 -0.759400 0.583000
vn -0.380800 -0.609500 0.695400
vn -0.469400 -0.581900 0.664100
vn -0.288600 -0.631100 0.720000
vn -0.380700 -0.462200 0.800900
vn -0.469300 -0.441300 0.764900
vn -0.288500 -0.478600 0.829300
vn -0.380600 -0.297100 0.875700
vn -0.469200 -0.283700 0.836300
vn -0.288400 -0.307700 0.906700
vn -0.380600 -0.120600 0.916800
vn -0.469100 -0.115200 0.875600
vn -0.288400 -0.124900 0.949300
vn -0.380600 0.060400 0.922800
vn -0.469100 0.057700 0.881200
vn -0.288400 0.062600 0.955500
vn -0.380600 0.239200 0.893300
vn -0.469200 0.228400 0.853000
vn -0.288400 0.247700 0.924900
vn -0.380700 0.408800 0.829400
vn -0.469200 0.390400 0.792100
vn -0.288500 0.423400 0.858800
vn -0.380800 0.562700 0.733700
vn -0.469300 0.537300 0.700700
vn -0.288600 0.582700 0.759700
vn -0.381000 0.694900 0.609900
vn -0.469500 0.663600 0.582500
vn -0.288800 0.719700 0.631400
vn -0.381100 0.800500 0.462600
vn -0.469600 0.764400 0.441800
vn -0.288900 0.828900 0.478900
vn -0.381300 0.875300 0.297600
vn -0.469800 0.835800 0.284200
vn -0.289100 0.906400 0.308000
vn -0.381500 0.916400 0.121100
vn -0.470000 0.875000 0.115700
vn -0.289300 0.949000 0.125300
vn -0.381700 0.922400 -0.060000
vn -0.470200 0.880700 -0.057200
vn -0.289500 0.955200 -0.062300
vn -0.381800 0.892800 -0.238800
vn -0.289700 0.924600 -0.247400
vn -0.289900 0.858500 -0.423000
vn -0.290100 0.759400 -0.582400
vn -0.195000 0.879700 -0.433600
vn -0.194800 0.947500 -0.253700
vn -0.195200 0.778200 -0.596900
vn -0.195400 0.646700 -0.737300
vn -0.195500 0.490400 -0.849300
vn -0.098600 0.656200 -0.748100
vn -0.098400 0.789500 -0.605700
vn -0.098700 0.497600 -0.861800
vn -0.195600 0.315300 -0.928600
vn -0.098800 0.319900 -0.942300
vn -0.195600 0.128100 -0.972300
vn -0.098900 0.129900 -0.986600
vn -0.195600 -0.064100 -0.978600
vn -0.098800 -0.065100 -0.993000
vn -0.195600 -0.253900 -0.947300
vn -0.098800 -0.257600 -0.961200
vn -0.195500 -0.433800 -0.879500
vn -0.098700 -0.440200 -0.892500
vn -0.195300 -0.597100 -0.778000
vn -0.098600 -0.605800 -0.789500
vn -0.195200 -0.737500 -0.646500
vn -0.098500 -0.748200 -0.656100
vn -0.195100 -0.849500 -0.490300
vn -0.098300 -0.861900 -0.497500
vn -0.194900 -0.928800 -0.315100
vn -0.098100 -0.942400 -0.319800
vn -0.194700 -0.972500 -0.127800
vn -0.097900 -0.986700 -0.129800
vn -0.194400 -0.978800 0.064400
vn -0.097700 -0.993100 0.065200
vn -0.194200 -0.947500 0.254100
vn -0.097400 -0.961300 0.257700
vn -0.194000 -0.879700 0.434100
vn -0.097200 -0.892600 0.440300
vn -0.193800 -0.778200 0.597300
vn -0.097000 -0.789600 0.606000
vn -0.193700 -0.646800 0.737700
vn -0.096900 -0.656200 0.748300
vn -0.193600 -0.490500 0.849700
vn -0.096800 -0.497600 0.862000
vn -0.193500 -0.315300 0.929100
vn -0.096600 -0.319900 0.942500
vn -0.193400 -0.128000 0.972700
vn -0.096600 -0.129900 0.986800
vn -0.193400 0.064200 0.979000
vn -0.096600 0.065100 0.993200
vn -0.193400 0.253900 0.947700
vn -0.096600 0.257600 0.961400
vn -0.193500 0.433800 0.880000
vn -0.096700 0.440200 0.892700
vn -0.193600 0.597100 0.778400
vn -0.096800 0.605900 0.789700
vn -0.193800 0.737500 0.647000
vn -0.097000 0.748200 0.656300
vn -0.193900 0.849500 0.490700
vn -0.097100 0.861900 0.497700
vn -0.194200 0.928800 0.315500
vn -0.097300 0.942400 0.320000
vn -0.194400 0.972500 0.128300
vn -0.097600 0.986700 0.130000
vn -0.194600 0.978800 -0.063900
vn -0.097800 0.993100 -0.065000
vn -0.098000 0.961300 -0.257500
vn -0.098200 0.892600 -0.440100
vn -0.000300 0.965900 -0.258800
vn -0.000100 0.997900 -0.065400
vn -0.000500 0.896900 -0.442300
vn -0.000700 0.793300 -0.608800
vn -0.000800 0.659300 -0.751900
vn 0.097100 0.789500 -0.606000
vn 0.097200 0.892600 -0.440300
vn 0.096900 0.656200 -0.748400
vn -0.001000 0.500000 -0.866000
vn 0.096800 0.497600 -0.862000
vn 0.096700 0.319900 -0.942500
vn -0.001100 0.321400 -0.946900
vn 0.193500 0.315300 -0.929100
vn 0.193600 0.490500 -0.849700
vn 0.193700 0.646700 -0.737700
vn 0.096700 0.129900 -0.986800
vn -0.001100 0.130500 -0.991400
vn 0.193400 0.128000 -0.972700
vn 0.096600 -0.065100 -0.993200
vn -0.001100 -0.065400 -0.997900
vn 0.193400 -0.064100 -0.979000
vn 0.096600 -0.257600 -0.961400
vn -0.001100 -0.258800 -0.965900
vn 0.193500 -0.253900 -0.947700
vn 0.096700 -0.440200 -0.892700
vn -0.001000 -0.442300 -0.896900
vn 0.193500 -0.433800 -0.880000
vn 0.096800 -0.605800 -0.789700
vn -0.000900 -0.608700 -0.793400
vn 0.193600 -0.597100 -0.778400
vn 0.097000 -0.748200 -0.656300
vn -0.000700 -0.751800 -0.659400
vn 0.193800 -0.737500 -0.647000
vn 0.097200 -0.861900 -0.497700
vn -0.000600 -0.866000 -0.500000
vn 0.193900 -0.849500 -0.490700
vn 0.097400 -0.942400 -0.320000
vn -0.000400 -0.946900 -0.321400
vn 0.194200 -0.928800 -0.315500
vn 0.097600 -0.986700 -0.130000
vn -0.000100 -0.991400 -0.130500
vn 0.194400 -0.972500 -0.128200
vn 0.097800 -0.993100 0.065000
vn 0.000100 -0.997900 0.065400
vn 0.194600 -0.978800 0.063900
vn 0.098000 -0.961300 0.257500
vn 0.000300 -0.965900 0.258800
vn 0.194800 -0.947500 0.253700
vn 0.098200 -0.892600 0.440100
vn 0.000500 -0.896900 0.442300
vn 0.195000 -0.879700 0.433600
vn 0.098400 -0.789600 0.605700
vn 0.000700 -0.793400 0.608800
vn 0.195100 -0.778200 0.596900
vn 0.098500 -0.656200 0.748100
vn 0.000900 -0.659400 0.751800
vn 0.195300 -0.646800 0.737300
vn 0.098700 -0.497600 0.861800
vn 0.001000 -0.500000 0.866000
vn 0.195400 -0.490400 0.849300
vn 0.098800 -0.319900 0.942300
vn 0.001100 -0.321400 0.946900
vn 0.195500 -0.315300 0.928600
vn 0.098800 -0.129900 0.986600
vn 0.001100 -0.130500 0.991400
vn 0.195600 -0.128000 0.972300
vn 0.098800 0.065100 0.993000
vn 0.001100 0.065400 0.997900
vn 0.195600 0.064200 0.978600
vn 0.098800 0.257600 0.961200
vn 0.001100 0.258800 0.965900
vn 0.195500 0.253900 0.947300
vn 0.098700 0.440200 0.892500
vn 0.001000 0.442300 0.896900
vn 0.195500 0.433800 0.879500
vn 0.098600 0.605900 0.789400
vn 0.000900 0.608800 0.793300
vn 0.195400 0.597100 0.778000
vn 0.098400 0.748200 0.656100
vn 0.000700 0.751800 0.659300
vn 0.195200 0.737500 0.646500
vn 0.098300 0.861900 0.497500
vn 0.000600 0.866000 0.500000
vn 0.195000 0.849500 0.490200
vn 0.098100 0.942400 0.319800
vn 0.000400 0.946900 0.321400
vn 0.194900 0.928800 0.315100
vn 0.097900 0.986700 0.129800
vn 0.000100 0.991400 0.130500
vn 0.194700 0.972500 0.127800
vn 0.097600 0.993100 -0.065200
vn 0.194500 0.978800 -0.064400
vn 0.097400 0.961300 -0.257700
vn 0.194300 0.947500 -0.254100
vn 0.194000 0.879700 -0.434100
vn 0.193800 0.778200 -0.597400
vn 0.289000 0.858500 -0.423700
vn 0.289100 0.924600 -0.248100
vn 0.288800 0.759400 -0.583000
vn 0.288600 0.631100 -0.720000
vn 0.288500 0.478600 -0.829300
vn 0.380800 0.609500 -0.695400
vn 0.381000 0.733300 -0.563100
vn 0.380700 0.462200 -0.800900
vn 0.380600 0.297100 -0.875700
vn 0.288400 0.307700 -0.906700
vn 0.288300 0.124900 -0.949300
vn 0.380600 0.120700 -0.916800
vn 0.288300 -0.062600 -0.955500
vn 0.380600 -0.060400 -0.922800
vn 0.288400 -0.247700 -0.924900
vn 0.380600 -0.239200 -0.893300
vn 0.288500 -0.423300 -0.858800
vn 0.380700 -0.408800 -0.829400
vn 0.288600 -0.582700 -0.759700
vn 0.380800 -0.562700 -0.733700
vn 0.288700 -0.719700 -0.631400
vn 0.380900 -0.695000 -0.609900
vn 0.288900 -0.828900 -0.478900
vn 0.381100 -0.800500 -0.462600
vn 0.289100 -0.906400 -0.308000
vn 0.381300 -0.875300 -0.297600
vn 0.289300 -0.949000 -0.125300
vn 0.381500 -0.916400 -0.121100
vn 0.289500 -0.955200 0.062300
vn 0.381700 -0.922300 0.060000
vn 0.289700 -0.924600 0.247400
vn 0.381900 -0.892800 0.238800
vn 0.289900 -0.858500 0.423000
vn 0.382100 -0.829000 0.408400
vn 0.290100 -0.759400 0.582400
vn 0.382300 -0.733300 0.562200
vn 0.290300 -0.631100 0.719300
vn 0.382400 -0.609400 0.694500
vn 0.290400 -0.478600 0.828600
vn 0.382500 -0.462200 0.800100
vn 0.290400 -0.307700 0.906100
vn 0.382600 -0.297100 0.874800
vn 0.290500 -0.125000 0.948700
vn 0.382600 -0.120600 0.916000
vn 0.290500 0.062600 0.954800
vn 0.382700 0.060500 0.921900
vn 0.290500 0.247800 0.924300
vn 0.382700 0.239200 0.892400
vn 0.290400 0.423400 0.858200
vn 0.382600 0.408800 0.828600
vn 0.290300 0.582700 0.759100
vn 0.382400 0.562700 0.732900
vn 0.290100 0.719700 0.630800
vn 0.382300 0.694900 0.609000
vn 0.290000 0.829000 0.478300
vn 0.382100 0.800500 0.461700
vn 0.289800 0.906400 0.307400
vn 0.381900 0.875300 0.296700
vn 0.289600 0.949000 0.124600
vn 0.381700 0.916400 0.120200
vn 0.289300 0.955200 -0.062900
vn 0.381500 0.922400 -0.060900
vn 0.381300 0.892800 -0.239700
vn 0.381100 0.829000 -0.409300
vn 0.469900 0.852500 -0.229000
vn 0.470100 0.880700 -0.058200
vn 0.469700 0.791600 -0.390900
vn 0.469500 0.700200 -0.537800
vn 0.469400 0.582000 -0.664100
vn 0.553600 0.660400 -0.507400
vn 0.553800 0.746600 -0.368800
vn 0.553500 0.548800 -0.626400
vn 0.469300 0.441300 -0.764900
vn 0.553400 0.416200 -0.721500
vn 0.553300 0.267600 -0.788900
vn 0.469200 0.283700 -0.836300
vn 0.469200 0.115200 -0.875600
vn 0.553200 0.108600 -0.825900
vn 0.469200 -0.057700 -0.881200
vn 0.553200 -0.054400 -0.831300
vn 0.469200 -0.228400 -0.853000
vn 0.553300 -0.215500 -0.804700
vn 0.469300 -0.390400 -0.792100
vn 0.553300 -0.368200 -0.747200
vn 0.469400 -0.537300 -0.700700
vn 0.553400 -0.506700 -0.661000
vn 0.469500 -0.663600 -0.582500
vn 0.553500 -0.625800 -0.549500
vn 0.469600 -0.764400 -0.441800
vn 0.553700 -0.720900 -0.416800
vn 0.469800 -0.835700 -0.284200
vn 0.553900 -0.788200 -0.268200
vn 0.470000 -0.875000 -0.115700
vn 0.554000 -0.825300 -0.109300
vn 0.470200 -0.880700 0.057200
vn 0.554200 -0.830600 0.053800
vn 0.470400 -0.852500 0.227900
vn 0.554400 -0.804100 0.214800
vn 0.470600 -0.791600 0.389800
vn 0.554500 -0.746600 0.367600
vn 0.470800 -0.700200 0.536700
vn 0.554700 -0.660400 0.506100
vn 0.470900 -0.581900 0.663000
vn 0.554900 -0.548900 0.625200
vn 0.471000 -0.441300 0.763800
vn 0.555000 -0.416200 0.720300
vn 0.471100 -0.283700 0.835200
vn 0.555000 -0.267600 0.787600
vn 0.471100 -0.115200 0.874500
vn 0.555100 -0.108600 0.824700
vn 0.471100 0.057700 0.880200
vn 0.555100 0.054500 0.830000
vn 0.471100 0.228400 0.852000
vn 0.555000 0.215400 0.803400
vn 0.471000 0.390300 0.791000
vn 0.555000 0.368200 0.746000
vn 0.470900 0.537300 0.699700
vn 0.554900 0.506700 0.659800
vn 0.470800 0.663600 0.581400
vn 0.554800 0.625800 0.548200
vn 0.470600 0.764300 0.440800
vn 0.554600 0.720900 0.415600
vn 0.470400 0.835800 0.283200
vn 0.554500 0.788200 0.266900
vn 0.470300 0.875000 0.114700
vn 0.554300 0.825300 0.108000
vn 0.554100 0.830600 -0.055000
vn 0.553900 0.804000 -0.216100
vn 0.632900 0.772600 -0.051300
vn 0.633000 0.767600 0.100400
vn 0.632700 0.747800 -0.201100
vn 0.632500 0.694400 -0.343200
vn 0.632400 0.614200 -0.472000
vn 0.705200 0.635600 -0.314200
vn 0.705400 0.684500 -0.184200
vn 0.705100 0.562200 -0.432200
vn 0.632200 0.510500 -0.582800
vn 0.705000 0.467200 -0.533600
vn 0.632100 0.387100 -0.671200
vn 0.704900 0.354300 -0.614500
vn 0.632100 0.248900 -0.733900
vn 0.704800 0.227800 -0.671800
vn 0.632000 0.101000 -0.768300
vn 0.704800 0.092500 -0.703300
vn 0.632000 -0.050600 -0.773300
vn 0.704800 -0.046300 -0.707900
vn 0.632100 -0.200400 -0.748600
vn 0.704800 -0.183400 -0.685200
vn 0.632100 -0.342500 -0.695100
vn 0.704900 -0.313400 -0.636300
vn 0.632200 -0.471300 -0.615000
vn 0.705000 -0.431400 -0.563000
vn 0.632300 -0.582100 -0.511200
vn 0.705100 -0.532800 -0.468000
vn 0.632400 -0.670500 -0.387800
vn 0.705200 -0.613700 -0.355100
vn 0.632600 -0.733200 -0.249600
vn 0.705300 -0.671000 -0.228600
vn 0.632800 -0.767600 -0.101800
vn 0.705500 -0.702600 -0.093300
vn 0.632900 -0.772600 0.049900
vn 0.705600 -0.707100 0.045600
vn 0.633100 -0.747900 0.199700
vn 0.705800 -0.684500 0.182600
vn 0.633300 -0.694400 0.341700
vn 0.705900 -0.635500 0.312600
vn 0.633400 -0.614300 0.470600
vn 0.706100 -0.562200 0.430600
vn 0.633500 -0.510500 0.581400
vn 0.706200 -0.467200 0.532000
vn 0.633600 -0.387100 0.669800
vn 0.706300 -0.354300 0.612900
vn 0.633700 -0.248900 0.732400
vn 0.706300 -0.227800 0.670200
vn 0.633800 -0.101100 0.766900
vn 0.706400 -0.092500 0.701800
vn 0.633800 0.050600 0.771900
vn 0.706400 0.046300 0.706300
vn 0.633700 0.200400 0.747200
vn 0.706300 0.183400 0.683700
vn 0.633600 0.342400 0.693700
vn 0.706300 0.313400 0.634800
vn 0.633600 0.471300 0.613500
vn 0.706200 0.431400 0.561400
vn 0.633400 0.582100 0.509800
vn 0.706100 0.532800 0.466500
vn 0.633300 0.670500 0.386400
vn 0.706000 0.613700 0.353500
vn 0.633200 0.733200 0.248200
vn 0.705800 0.671000 0.227000
vn 0.705700 0.702600 0.091700
vn 0.705600 0.707100 -0.047100
vn 0.771600 0.630800 0.082200
vn 0.771800 0.602400 0.203600
vn 0.771500 0.634800 -0.042500
vn 0.771300 0.614500 -0.165500
vn 0.771200 0.570600 -0.282200
vn 0.829900 0.538700 -0.145300
vn 0.830000 0.556500 -0.037400
vn 0.829800 0.500200 -0.247500
vn 0.771100 0.504700 -0.388200
vn 0.829700 0.442400 -0.340500
vn 0.771000 0.419500 -0.479200
vn 0.829600 0.367700 -0.420200
vn 0.770900 0.318100 -0.551800
vn 0.829500 0.278900 -0.483900
vn 0.829400 0.179200 -0.529100
vn 0.770900 0.204500 -0.603300
vn 0.770800 0.083000 -0.631600
vn 0.829400 0.072800 -0.553900
vn 0.770800 -0.041600 -0.635700
vn 0.829400 -0.036500 -0.557400
vn 0.770800 -0.164700 -0.615400
vn 0.829400 -0.144300 -0.539600
vn 0.770900 -0.281400 -0.571500
vn 0.829500 -0.246600 -0.501100
vn 0.770900 -0.387300 -0.505600
vn 0.829500 -0.339500 -0.443400
vn 0.771000 -0.478300 -0.420300
vn 0.829600 -0.419300 -0.368600
vn 0.771200 -0.550900 -0.319000
vn 0.829700 -0.483000 -0.279800
vn 0.771300 -0.602400 -0.205400
vn 0.829900 -0.528100 -0.180200
vn 0.771400 -0.630800 -0.083900
vn 0.830000 -0.552900 -0.073700
vn 0.771600 -0.634900 0.040700
vn 0.830100 -0.556500 0.035500
vn 0.771700 -0.614600 0.163800
vn 0.830200 -0.538700 0.143400
vn 0.771800 -0.570600 0.280600
vn 0.830300 -0.500200 0.245800
vn 0.772000 -0.504800 0.386400
vn 0.830400 -0.442400 0.338600
vn 0.772100 -0.419500 0.477400
vn 0.830500 -0.367700 0.418400
vn 0.772200 -0.318100 0.550100
vn 0.830600 -0.278800 0.482000
vn 0.772200 -0.204500 0.601600
vn 0.830600 -0.179300 0.527100
vn 0.772200 -0.083000 0.629900
vn 0.830700 -0.072800 0.552000
vn 0.772200 0.041600 0.634000
vn 0.830700 0.036500 0.555600
vn 0.772200 0.164600 0.613700
vn 0.830700 0.144300 0.537800
vn 0.772100 0.281400 0.569800
vn 0.830600 0.246700 0.499200
vn 0.772100 0.387300 0.503900
vn 0.830600 0.339500 0.441500
vn 0.772000 0.478300 0.418600
vn 0.830500 0.419300 0.366800
vn 0.771900 0.551000 0.317200
vn 0.830400 0.483000 0.277900
vn 0.830300 0.528100 0.178300
vn 0.830100 0.552900 0.071900
vn 0.880800 0.448600 0.151300
vn 0.880900 0.410300 0.235900
vn 0.880700 0.469700 0.060900
vn 0.880600 0.472800 -0.032000
vn 0.880500 0.457600 -0.123600
vn 0.922800 0.384500 -0.026200
vn 0.922800 0.382000 0.049300
vn 0.922700 0.372200 -0.100700
vn 0.880400 0.424900 -0.210500
vn 0.922600 0.345500 -0.171400
vn 0.880300 0.375900 -0.289400
vn 0.922500 0.305700 -0.235600
vn 0.880200 0.312400 -0.357200
vn 0.922500 0.254100 -0.290700
vn 0.880200 0.236900 -0.411300
vn 0.922400 0.192600 -0.334700
vn 0.880100 0.152300 -0.449600
vn 0.922400 0.123800 -0.365900
vn 0.880100 0.061800 -0.470700
vn 0.922400 0.050200 -0.383000
vn 0.880100 -0.031000 -0.473700
vn 0.922400 -0.025200 -0.385500
vn 0.880100 -0.122600 -0.458600
vn 0.922400 -0.099700 -0.373200
vn 0.880200 -0.209500 -0.425900
vn 0.922400 -0.170400 -0.346600
vn 0.880200 -0.288400 -0.376800
vn 0.922500 -0.234500 -0.306700
vn 0.880300 -0.356200 -0.313300
vn 0.922500 -0.289700 -0.255100
vn 0.880400 -0.410300 -0.237900
vn 0.922600 -0.333700 -0.193700
vn 0.880500 -0.448700 -0.153300
vn 0.922700 -0.364800 -0.124900
vn 0.880600 -0.469800 -0.062800
vn 0.922700 -0.382000 -0.051300
vn 0.880700 -0.472800 0.030000
vn 0.922800 -0.384500 0.024200
vn 0.880800 -0.457600 0.121600
vn 0.922900 -0.372200 0.098700
vn 0.880900 -0.424900 0.208600
vn 0.923000 -0.345600 0.169400
vn 0.881000 -0.375900 0.287400
vn 0.923100 -0.305700 0.233500
vn 0.881000 -0.312400 0.355200
vn 0.923100 -0.254000 0.288700
vn 0.881100 -0.236900 0.409300
vn 0.923200 -0.192600 0.332700
vn 0.881100 -0.152300 0.447600
vn 0.923200 -0.123800 0.363800
vn 0.881200 -0.061900 0.468700
vn 0.923200 -0.050300 0.380900
vn 0.881200 0.030900 0.471800
vn 0.923200 0.025100 0.383400
vn 0.881200 0.122700 0.456600
vn 0.923200 0.099800 0.371100
vn 0.881100 0.209600 0.423900
vn 0.923200 0.170500 0.344500
vn 0.881100 0.288400 0.374900
vn 0.923100 0.234500 0.304700
vn 0.881000 0.356200 0.311400
vn 0.923100 0.289700 0.253100
vn 0.923000 0.333700 0.191600
vn 0.922900 0.364900 0.122800
vn 0.956300 0.253800 0.145400
vn 0.956300 0.220300 0.192200
vn 0.956200 0.277600 0.093100
vn 0.956100 0.290600 0.037200
vn 0.956100 0.292500 -0.020200
vn 0.980200 0.196300 0.024800
vn 0.980300 0.187500 0.062500
vn 0.980200 0.197600 -0.014000
vn 0.956000 0.283100 -0.077000
vn 0.980100 0.191300 -0.052400
vn 0.955900 0.262800 -0.130700
vn 0.980100 0.177600 -0.088800
vn 0.955900 0.232500 -0.179500
vn 0.980100 0.157100 -0.121600
vn 0.955800 0.193300 -0.221400
vn 0.980000 0.130600 -0.149900
vn 0.955800 0.146500 -0.254900
vn 0.980000 0.099000 -0.172600
vn 0.955800 0.094100 -0.278600
vn 0.980000 0.063600 -0.188700
vn 0.994800 0.032500 -0.096900
vn 0.994800 0.050600 -0.088600
vn 0.994800 0.066800 -0.077000
vn 0.980000 0.025800 -0.197500
vn 0.955800 0.038200 -0.291700
vn 0.994800 0.013300 -0.101300
vn 0.980000 -0.012900 -0.198800
vn 0.955800 -0.019100 -0.293500
vn 0.994800 -0.006600 -0.102000
vn 0.980000 -0.051200 -0.192400
vn 0.955800 -0.075800 -0.284200
vn 0.994800 -0.026300 -0.098700
vn 0.980000 -0.087600 -0.178700
vn 0.955800 -0.129600 -0.263900
vn 0.994800 -0.044700 -0.091800
vn 0.980000 -0.120500 -0.158300
vn 0.955800 -0.178400 -0.233600
vn 0.994800 -0.061400 -0.081400
vn 0.980000 -0.148900 -0.131700
vn 0.955900 -0.220300 -0.194300
vn 0.994800 -0.076000 -0.067800
vn 0.980100 -0.171500 -0.100100
vn 0.955900 -0.253800 -0.147600
vn 0.994800 -0.087600 -0.051600
vn 0.980100 -0.187500 -0.064700
vn 0.956000 -0.277500 -0.095300
vn 0.994800 -0.095600 -0.033800
vn 0.980200 -0.196300 -0.027000
vn 0.956000 -0.290600 -0.039300
vn 0.994900 -0.100200 -0.014400
vn 0.980200 -0.197600 0.011800
vn 0.956100 -0.292400 0.018100
vn 0.994900 -0.100900 0.005400
vn 0.980300 -0.191300 0.050200
vn 0.956200 -0.283100 0.074800
vn 0.994900 -0.097600 0.025200
vn 0.980300 -0.177600 0.086600
vn 0.956200 -0.262800 0.128600
vn 0.994900 -0.090600 0.043700
vn 0.980300 -0.157100 0.119400
vn 0.956300 -0.232500 0.177300
vn 0.994900 -0.080200 0.060400
vn 0.980400 -0.130600 0.147700
vn 0.956300 -0.193300 0.219300
vn 0.995000 -0.066800 0.074800
vn 0.980400 -0.099000 0.170400
vn 0.956400 -0.146600 0.252700
vn 0.995000 -0.050500 0.086400
vn 0.980400 -0.063600 0.186500
vn 0.956400 -0.094200 0.276500
vn 0.995000 -0.032500 0.094600
vn 0.980400 -0.025900 0.195300
vn 0.956400 -0.038300 0.289500
vn 0.995000 -0.013100 0.099100
vn 0.980400 0.012900 0.196500
vn 0.956400 0.019600 0.291500
vn 0.995000 0.006500 0.099800
vn 0.980400 0.051300 0.190200
vn 0.956400 0.075900 0.282000
vn 0.995000 0.026300 0.096500
vn 0.980400 0.087600 0.176500
vn 0.956400 0.129700 0.261800
vn 0.995000 0.044900 0.089500
vn 0.980400 0.120500 0.156100
vn 0.956300 0.178400 0.231500
vn 0.995000 0.061400 0.079200
vn 0.980300 0.148800 0.129500
vn 0.995000 0.075800 0.065700
vn 0.980300 0.171500 0.097900
vn 0.994900 0.087600 0.049200
vn 0.994900 0.095700 0.031500
vn 0.994900 0.100200 0.012200
vn 0.994800 0.080200 -0.062600
vn 0.994800 0.090700 -0.045500
vn 0.994900 0.097600 -0.027400
vn 0.994900 0.100800 -0.007600
vn -0.881000 0.375800 -0.287400
vn -0.880900 0.424900 -0.208500
vn -0.881100 0.312400 -0.355200
vn -0.881100 0.236900 -0.409300
vn -0.923100 0.254100 -0.288600
vn -0.923100 0.305700 -0.233500
vn -0.923200 0.192700 -0.332600
vn -0.881100 0.152300 -0.447600
vn -0.923200 0.123800 -0.363800
vn -0.881200 0.061800 -0.468700
vn -0.923200 0.050200 -0.381000
vn -0.881200 -0.031000 -0.471800
vn -0.923200 -0.025200 -0.383500
vn -0.881100 -0.122600 -0.456700
vn -0.923200 -0.099700 -0.371200
vn -0.881100 -0.209500 -0.424000
vn -0.923200 -0.170400 -0.344500
vn -0.881100 -0.288400 -0.374900
vn -0.923100 -0.234500 -0.304700
vn -0.881000 -0.356200 -0.311400
vn -0.923100 -0.289600 -0.253000
vn -0.880900 -0.410300 -0.235900
vn -0.923000 -0.333700 -0.191600
vn -0.880800 -0.448600 -0.151300
vn -0.922900 -0.364900 -0.122800
vn -0.880700 -0.469700 -0.060800
vn -0.922900 -0.382000 -0.049200
vn -0.880600 -0.472700 0.032000
vn -0.922800 -0.384500 0.026200
vn -0.880500 -0.457600 0.123600
vn -0.922700 -0.372200 0.100700
vn -0.880400 -0.424900 0.210500
vn -0.922600 -0.345600 0.171500
vn -0.880300 -0.375900 0.289400
vn -0.922500 -0.305700 0.235500
vn -0.880200 -0.312400 0.357200
vn -0.922500 -0.254100 0.290700
vn -0.880200 -0.236900 0.411300
vn -0.922400 -0.192600 0.334700
vn -0.880200 -0.152300 0.449600
vn -0.922400 -0.123800 0.365900
vn -0.880100 -0.061800 0.470700
vn -0.922400 -0.050300 0.383000
vn -0.880100 0.031000 0.473700
vn -0.922400 0.025200 0.385500
vn -0.880100 0.122600 0.458600
vn -0.922400 0.099700 0.373200
vn -0.880200 0.209500 0.425900
vn -0.922400 0.170400 0.346600
vn -0.880200 0.288400 0.376800
vn -0.922500 0.234600 0.306700
vn -0.880300 0.356200 0.313400
vn -0.922500 0.289700 0.255100
vn -0.880400 0.410300 0.237900
vn -0.922600 0.333700 0.193700
vn -0.880500 0.448600 0.153300
vn -0.922700 0.364800 0.124900
vn -0.880600 0.469700 0.062800
vn -0.922700 0.382000 0.051300
vn -0.880700 0.472800 -0.030000
vn -0.922800 0.384500 -0.024200
vn -0.880800 0.457600 -0.121600
vn -0.922900 0.372200 -0.098700
vn -0.923000 0.345500 -0.169400
vn -0.956200 0.262900 -0.128600
vn -0.956200 0.283100 -0.074800
vn -0.956300 0.232500 -0.177400
vn -0.956300 0.193300 -0.219300
vn -0.980300 0.157100 -0.119500
vn -0.980300 0.177600 -0.086600
vn -0.980400 0.130600 -0.147700
vn -0.956400 0.146600 -0.252700
vn -0.980400 0.099000 -0.170400
vn -0.956400 0.094100 -0.276500
vn -0.980400 0.063600 -0.186500
vn -0.956400 0.038200 -0.289500
vn -0.980400 0.025800 -0.195300
vn -0.956400 -0.019100 -0.291400
vn -0.980400 -0.013000 -0.196500
vn -0.956400 -0.075800 -0.282000
vn -0.980400 -0.051200 -0.190200
vn -0.956400 -0.129700 -0.261800
vn -0.980400 -0.087600 -0.176500
vn -0.956300 -0.178400 -0.231500
vn -0.980400 -0.120500 -0.156000
vn -0.956300 -0.220300 -0.192200
vn -0.980300 -0.148900 -0.129400
vn -0.956300 -0.253800 -0.145500
vn -0.980300 -0.171500 -0.097900
vn -0.956200 -0.277500 -0.093100
vn -0.980300 -0.187500 -0.062600
vn -0.956100 -0.290600 -0.037200
vn -0.980200 -0.196400 -0.024800
vn -0.956100 -0.292500 0.020200
vn -0.980200 -0.197600 0.014100
vn -0.956000 -0.283100 0.076900
vn -0.980100 -0.191300 0.052400
vn -0.955900 -0.262900 0.130800
vn -0.980100 -0.177600 0.088700
vn -0.955900 -0.232600 0.179500
vn -0.980100 -0.157100 0.121600
vn -0.955800 -0.193300 0.221400
vn -0.980000 -0.130600 0.149900
vn -0.955800 -0.146500 0.254900
vn -0.980000 -0.099000 0.172600
vn -0.955800 -0.094100 0.278600
vn -0.980000 -0.063600 0.188600
vn -0.955800 -0.038300 0.291700
vn -0.980000 -0.025700 0.197200
vn -0.955800 0.019100 0.293500
vn -0.980000 0.012900 0.198800
vn -0.955800 0.075800 0.284200
vn -0.980000 0.051200 0.192400
vn -0.955800 0.129700 0.263900
vn -0.980000 0.087600 0.178700
vn -0.955800 0.178400 0.233600
vn -0.980000 0.120600 0.158200
vn -0.955900 0.220300 0.194400
vn -0.980000 0.148900 0.131700
vn -0.955900 0.253800 0.147600
vn -0.980100 0.171600 0.100000
vn -0.956000 0.277500 0.095200
vn -0.980100 0.187600 0.064700
vn -0.956000 0.290600 0.039400
vn -0.980200 0.196300 0.027000
vn -0.956100 0.292500 -0.018100
vn -0.980200 0.197600 -0.011800
vn -0.980300 0.191300 -0.050200
vn -0.994900 0.097600 -0.025200
vn -0.994900 0.100800 -0.005400
vn -0.994900 0.090600 -0.043700
vn -0.994900 0.080200 -0.060500
vn -0.994800 -0.066600 0.077100
vn -0.994800 -0.080200 0.062600
vn -0.994800 -0.050600 0.088600
vn -0.995000 0.032500 -0.094600
vn -0.995000 0.050500 -0.086400
vn -0.995000 0.066800 -0.074800
vn -0.994900 0.100200 0.014400
vn -0.994800 0.095700 0.033500
vn -0.994800 0.087600 0.051600
vn -0.994800 0.076000 0.067800
vn -0.994800 0.061400 0.081300
vn -0.994800 0.044800 0.091700
vn -0.994800 0.026300 0.098700
vn -0.994800 0.006600 0.102000
vn -0.994800 -0.013300 0.101400
vn -0.994800 -0.032700 0.096800
vn -0.994800 -0.090700 0.045800
vn -0.994900 -0.097600 0.027100
vn -0.994900 -0.100800 0.007800
vn -0.994900 -0.100200 -0.012200
vn -0.994900 -0.095700 -0.031500
vn -0.994900 -0.087500 -0.049500
vn -0.995000 -0.076000 -0.065500
vn -0.995000 -0.061600 -0.079000
vn -0.995000 -0.044700 -0.089500
vn -0.995000 -0.026300 -0.096600
vn -0.995000 -0.006500 -0.099700
vn -0.995000 0.013300 -0.099100
vn -0.706300 -0.354300 -0.612900
vn -0.772100 -0.318100 -0.550100
vn -0.772200 -0.204500 -0.601600
vn -0.706300 -0.227800 -0.670200
vn -0.830600 -0.278800 -0.482000
vn -0.830700 -0.179300 -0.527100
vn -0.772100 -0.419500 -0.477500
vn -0.830500 -0.367700 -0.418400
vn -0.706200 -0.467200 -0.532000
vn -0.772000 -0.504800 -0.386400
vn -0.830400 -0.442400 -0.338600
vn -0.706100 -0.562200 -0.430600
vn -0.771800 -0.570600 -0.280600
vn -0.830300 -0.500200 -0.245700
vn -0.705900 -0.635500 -0.312600
vn -0.771700 -0.614600 -0.163800
vn -0.830200 -0.538700 -0.143400
vn -0.705800 -0.684500 -0.182600
vn -0.771600 -0.634900 -0.040700
vn -0.830100 -0.556500 -0.035500
vn -0.705600 -0.707100 -0.045600
vn -0.771400 -0.630800 0.083900
vn -0.830000 -0.552900 0.073700
vn -0.705500 -0.702600 0.093300
vn -0.771300 -0.602400 0.205400
vn -0.829900 -0.528100 0.180200
vn -0.705300 -0.671000 0.228600
vn -0.771100 -0.551000 0.319000
vn -0.829700 -0.483000 0.279800
vn -0.705200 -0.613700 0.355100
vn -0.771000 -0.478300 0.420400
vn -0.829600 -0.419300 0.368600
vn -0.705100 -0.532800 0.468000
vn -0.770900 -0.387300 0.505600
vn -0.829600 -0.339500 0.443400
vn -0.705000 -0.431400 0.563000
vn -0.770900 -0.281400 0.571500
vn -0.829500 -0.246600 0.501100
vn -0.704900 -0.313400 0.636300
vn -0.770800 -0.164700 0.615400
vn -0.829400 -0.144300 0.539600
vn -0.704800 -0.183400 0.685300
vn -0.770800 -0.041600 0.635700
vn -0.829400 -0.036500 0.557400
vn -0.704800 -0.046400 0.707900
vn -0.770800 0.083100 0.631600
vn -0.829400 0.072800 0.553900
vn -0.704800 0.092500 0.703300
vn -0.770800 0.204500 0.603300
vn -0.829400 0.179200 0.529100
vn -0.704900 0.227800 0.671800
vn -0.770900 0.318100 0.551800
vn -0.829500 0.278800 0.483900
vn -0.704900 0.354300 0.614500
vn -0.771000 0.419500 0.479200
vn -0.829600 0.367700 0.420200
vn -0.705000 0.467300 0.533600
vn -0.771100 0.504700 0.388200
vn -0.829700 0.442400 0.340400
vn -0.705100 0.562200 0.432200
vn -0.771200 0.570600 0.282300
vn -0.829800 0.500200 0.247600
vn -0.705200 0.635600 0.314200
vn -0.771300 0.614600 0.165500
vn -0.829900 0.538700 0.145300
vn -0.705400 0.684500 0.184200
vn -0.771500 0.634900 0.042500
vn -0.830000 0.556500 0.037400
vn -0.705500 0.707100 0.047100
vn -0.771600 0.630800 -0.082200
vn -0.830100 0.552900 -0.071900
vn -0.705700 0.702600 -0.091700
vn -0.771800 0.602400 -0.203600
vn -0.830300 0.528100 -0.178300
vn -0.705800 0.671000 -0.227000
vn -0.771900 0.551000 -0.317200
vn -0.830400 0.483000 -0.277900
vn -0.706000 0.613700 -0.353500
vn -0.772000 0.478300 -0.418600
vn -0.830500 0.419300 -0.366800
vn -0.706100 0.532800 -0.466500
vn -0.772100 0.387300 -0.503900
vn -0.830600 0.339500 -0.441500
vn -0.706200 0.431400 -0.561400
vn -0.772200 0.281400 -0.569700
vn -0.830600 0.246700 -0.499200
vn -0.706300 0.313400 -0.634800
vn -0.772200 0.164600 -0.613700
vn -0.830600 0.144300 -0.537800
vn -0.706300 0.183400 -0.683700
vn -0.772200 0.041600 -0.634000
vn -0.830700 0.036500 -0.555600
vn -0.706400 0.046300 -0.706300
vn -0.772200 -0.083000 -0.629900
vn -0.830700 -0.072800 -0.552000
vn -0.706400 -0.092500 -0.701800
vn -0.633800 -0.101100 -0.766900
vn -0.633800 0.050600 -0.771900
vn -0.633700 -0.248900 -0.732400
vn -0.633600 -0.387100 -0.669800
vn -0.555000 -0.267600 -0.787600
vn -0.555100 -0.108700 -0.824700
vn -0.555000 -0.416200 -0.720300
vn -0.633500 -0.510500 -0.581400
vn -0.554800 -0.548900 -0.625200
vn -0.633400 -0.614300 -0.470600
vn -0.554700 -0.660400 -0.506100
vn -0.633300 -0.694400 -0.341700
vn -0.554500 -0.746600 -0.367600
vn -0.633100 -0.747900 -0.199700
vn -0.554400 -0.804000 -0.214800
vn -0.632900 -0.772600 -0.049900
vn -0.554200 -0.830600 -0.053800
vn -0.632800 -0.767600 0.101800
vn -0.554000 -0.825300 0.109300
vn -0.632600 -0.733100 0.249600
vn -0.553800 -0.788300 0.268200
vn -0.632500 -0.670500 0.387800
vn -0.553700 -0.720900 0.416800
vn -0.632300 -0.582100 0.511200
vn -0.553600 -0.625800 0.549500
vn -0.632200 -0.471300 0.615000
vn -0.553400 -0.506700 0.661000
vn -0.632100 -0.342400 0.695100
vn -0.553300 -0.368200 0.747200
vn -0.632100 -0.200400 0.748600
vn -0.553300 -0.215400 0.804600
vn -0.632000 -0.050600 0.773300
vn -0.553300 -0.054400 0.831200
vn -0.632100 0.101000 0.768300
vn -0.553200 0.108600 0.825900
vn -0.632100 0.248900 0.733900
vn -0.553300 0.267600 0.788900
vn -0.632100 0.387100 0.671200
vn -0.553400 0.416200 0.721500
vn -0.632300 0.510500 0.582800
vn -0.553500 0.548800 0.626400
vn -0.632400 0.614200 0.472000
vn -0.553600 0.660400 0.507300
vn -0.632500 0.694400 0.343200
vn -0.553800 0.746600 0.368800
vn -0.632700 0.747800 0.201100
vn -0.553900 0.804100 0.216100
vn -0.632900 0.772600 0.051300
vn -0.554100 0.830600 0.055000
vn -0.633000 0.767600 -0.100400
vn -0.554300 0.825300 -0.108100
vn -0.633100 0.733200 -0.248200
vn -0.554500 0.788200 -0.267000
vn -0.633300 0.670500 -0.386400
vn -0.554600 0.720900 -0.415600
vn -0.633400 0.582100 -0.509800
vn -0.554800 0.625800 -0.548200
vn -0.633600 0.471400 -0.613500
vn -0.554900 0.506800 -0.659800
vn -0.633700 0.342400 -0.693700
vn -0.555000 0.368200 -0.746000
vn -0.633700 0.200400 -0.747100
vn -0.555000 0.215400 -0.803400
vn -0.555100 0.054500 -0.830000
vn -0.471100 0.057700 -0.880200
vn -0.471100 0.228500 -0.852000
vn -0.471100 -0.115200 -0.874500
vn -0.471100 -0.283700 -0.835200
vn -0.382600 -0.120600 -0.916000
vn -0.382600 0.060500 -0.921900
vn -0.382600 -0.297100 -0.874800
vn -0.471000 -0.441300 -0.763800
vn -0.382500 -0.462200 -0.800100
vn -0.470900 -0.581900 -0.663000
vn -0.382400 -0.609400 -0.694500
vn -0.290300 -0.631100 -0.719300
vn -0.290400 -0.478600 -0.828600
vn -0.290400 -0.307700 -0.906100
vn -0.382300 -0.733300 -0.562300
vn -0.470800 -0.700200 -0.536700
vn -0.290100 -0.759400 -0.582400
vn -0.382100 -0.829000 -0.408400
vn -0.470600 -0.791500 -0.389800
vn -0.289900 -0.858500 -0.423000
vn -0.381900 -0.892800 -0.238800
vn -0.470400 -0.852500 -0.227900
vn -0.289700 -0.924600 -0.247400
vn -0.381700 -0.922400 -0.060000
vn -0.470200 -0.880700 -0.057200
vn -0.289500 -0.955200 -0.062300
vn -0.381500 -0.916400 0.121100
vn -0.470000 -0.875000 0.115700
vn -0.289300 -0.949000 0.125300
vn -0.381300 -0.875300 0.297500
vn -0.469800 -0.835800 0.284200
vn -0.289100 -0.906400 0.308000
vn -0.381100 -0.800500 0.462600
vn -0.469600 -0.764400 0.441800
vn -0.288900 -0.829000 0.478900
vn -0.380900 -0.694900 0.609900
vn -0.469500 -0.663600 0.582500
vn -0.288700 -0.719700 0.631400
vn -0.380800 -0.562700 0.733700
vn -0.469400 -0.537300 0.700700
vn -0.288600 -0.582700 0.759700
vn -0.380700 -0.408800 0.829400
vn -0.469300 -0.390400 0.792100
vn -0.288500 -0.423300 0.858800
vn -0.380600 -0.239200 0.893300
vn -0.469200 -0.228400 0.853000
vn -0.288400 -0.247700 0.924900
vn -0.380600 -0.060400 0.922800
vn -0.469200 -0.057700 0.881200
vn -0.288300 -0.062600 0.955500
vn -0.380600 0.120700 0.916800
vn -0.469100 0.115200 0.875600
vn -0.288300 0.125000 0.949300
vn -0.380600 0.297100 0.875700
vn -0.469200 0.283700 0.836300
vn -0.288400 0.307700 0.906700
vn -0.380700 0.462200 0.800900
vn -0.469200 0.441300 0.764900
vn -0.288500 0.478600 0.829300
vn -0.380800 0.609500 0.695400
vn -0.469300 0.582000 0.664100
vn -0.288600 0.631100 0.720000
vn -0.381000 0.733300 0.563100
vn -0.469500 0.700200 0.537800
vn -0.288800 0.759400 0.583000
vn -0.381100 0.829000 0.409200
vn -0.469700 0.791600 0.390900
vn -0.288900 0.858500 0.423700
vn -0.381300 0.892800 0.239700
vn -0.469900 0.852500 0.229000
vn -0.289100 0.924600 0.248100
vn -0.381500 0.922400 0.060900
vn -0.470100 0.880700 0.058200
vn -0.289300 0.955200 0.062900
vn -0.381700 0.916400 -0.120200
vn -0.470300 0.875000 -0.114700
vn -0.289600 0.949000 -0.124600
vn -0.381900 0.875300 -0.296700
vn -0.470500 0.835700 -0.283200
vn -0.289800 0.906400 -0.307400
vn -0.382100 0.800500 -0.461700
vn -0.470600 0.764300 -0.440800
vn -0.290000 0.829000 -0.478300
vn -0.382300 0.694900 -0.609000
vn -0.470800 0.663600 -0.581400
vn -0.290200 0.719700 -0.630800
vn -0.382400 0.562700 -0.732900
vn -0.470900 0.537300 -0.699700
vn -0.290300 0.582700 -0.759100
vn -0.382600 0.408800 -0.828600
vn -0.471000 0.390400 -0.791100
vn -0.290400 0.423400 -0.858200
vn -0.382600 0.239200 -0.892400
vn -0.290500 0.247700 -0.924200
vn -0.290500 0.062600 -0.954800
vn -0.290500 -0.124900 -0.948700
vn -0.195600 0.064200 -0.978600
vn -0.195600 0.253900 -0.947300
vn -0.195600 -0.128000 -0.972300
vn -0.195500 -0.315300 -0.928600
vn -0.195400 -0.490400 -0.849300
vn -0.098800 -0.319900 -0.942300
vn -0.098800 -0.129900 -0.986600
vn -0.098700 -0.497600 -0.861800
vn -0.195300 -0.646700 -0.737300
vn -0.098500 -0.656200 -0.748100
vn -0.195200 -0.778200 -0.596900
vn -0.098400 -0.789600 -0.605700
vn -0.195000 -0.879800 -0.433600
vn -0.098200 -0.892600 -0.440100
vn -0.194800 -0.947500 -0.253700
vn -0.098000 -0.961300 -0.257500
vn -0.194600 -0.978800 -0.063900
vn -0.097800 -0.993100 -0.065000
vn -0.194400 -0.972500 0.128200
vn -0.097600 -0.986700 0.130000
vn -0.194200 -0.928800 0.315500
vn -0.097400 -0.942400 0.320000
vn -0.193900 -0.849500 0.490700
vn -0.097200 -0.861900 0.497700
vn -0.193800 -0.737500 0.647000
vn -0.097000 -0.748300 0.656300
vn -0.193600 -0.597100 0.778400
vn -0.096800 -0.605800 0.789700
vn -0.193500 -0.433800 0.880000
vn -0.096700 -0.440200 0.892700
vn -0.193500 -0.253900 0.947700
vn -0.096600 -0.257600 0.961400
vn -0.193400 -0.064100 0.979000
vn -0.096600 -0.065100 0.993200
vn -0.193400 0.128000 0.972700
vn -0.096700 0.129900 0.986800
vn -0.193500 0.315300 0.929100
vn -0.096700 0.319900 0.942500
vn -0.193600 0.490400 0.849700
vn -0.096800 0.497600 0.862000
vn -0.193700 0.646700 0.737700
vn -0.096900 0.656200 0.748400
vn -0.193800 0.778200 0.597400
vn -0.097100 0.789500 0.606000
vn -0.194000 0.879700 0.434100
vn -0.097300 0.892600 0.440300
vn -0.194300 0.947500 0.254100
vn -0.097400 0.961300 0.257700
vn -0.194500 0.978800 0.064400
vn -0.097600 0.993100 0.065200
vn -0.194700 0.972500 -0.127800
vn -0.097800 0.986700 -0.129800
vn -0.194900 0.928800 -0.315100
vn -0.098100 0.942400 -0.319800
vn -0.195000 0.849500 -0.490200
vn -0.098300 0.861900 -0.497500
vn -0.195200 0.737500 -0.646500
vn -0.098500 0.748200 -0.656100
vn -0.195400 0.597100 -0.778000
vn -0.098600 0.605900 -0.789400
vn -0.195500 0.433800 -0.879500
vn -0.098700 0.440200 -0.892500
vn -0.098800 0.257600 -0.961200
vn -0.098900 0.065100 -0.993000
vn -0.001100 0.258800 -0.965900
vn -0.001000 0.442300 -0.896900
vn -0.001100 0.065400 -0.997900
vn -0.001100 -0.130500 -0.991400
vn -0.001100 -0.321500 -0.946900
vn 0.096600 -0.129900 -0.986800
vn 0.096600 0.065100 -0.993200
vn 0.096700 -0.319900 -0.942500
vn -0.001000 -0.500000 -0.866000
vn 0.096800 -0.497600 -0.862000
vn 0.096900 -0.656200 -0.748300
vn -0.000900 -0.659300 -0.751800
vn 0.193700 -0.646800 -0.737700
vn 0.193600 -0.490400 -0.849700
vn 0.193500 -0.315300 -0.929100
vn 0.097000 -0.789600 -0.606000
vn -0.000700 -0.793400 -0.608800
vn 0.193800 -0.778200 -0.597300
vn 0.097200 -0.892600 -0.440300
vn -0.000500 -0.896900 -0.442300
vn 0.194000 -0.879700 -0.434100
vn 0.097400 -0.961300 -0.257700
vn -0.000300 -0.965900 -0.258800
vn 0.194200 -0.947500 -0.254100
vn 0.097700 -0.993100 -0.065200
vn -0.000100 -0.997900 -0.065400
vn 0.194400 -0.978800 -0.064400
vn 0.097900 -0.986700 0.129800
vn 0.000100 -0.991400 0.130500
vn 0.194600 -0.972500 0.127800
vn 0.098100 -0.942400 0.319800
vn 0.000400 -0.946900 0.321500
vn 0.194900 -0.928800 0.315100
vn 0.098300 -0.861900 0.497500
vn 0.000500 -0.866000 0.500000
vn 0.195100 -0.849500 0.490300
vn 0.098500 -0.748200 0.656100
vn 0.000700 -0.751900 0.659300
vn 0.195200 -0.737500 0.646500
vn 0.098600 -0.605800 0.789400
vn 0.000900 -0.608700 0.793400
vn 0.195400 -0.597100 0.778000
vn 0.098700 -0.440200 0.892500
vn 0.001000 -0.442300 0.896900
vn 0.195500 -0.433900 0.879500
vn 0.098800 -0.257600 0.961200
vn 0.001100 -0.258800 0.965900
vn 0.195500 -0.253900 0.947300
vn 0.098800 -0.065100 0.993000
vn 0.001200 -0.065400 0.997900
vn 0.195600 -0.064100 0.978600
vn 0.098900 0.129900 0.986600
vn 0.001100 0.130500 0.991400
vn 0.195600 0.128000 0.972300
vn 0.098800 0.319900 0.942300
vn 0.001000 0.321400 0.946900
vn 0.195600 0.315300 0.928600
vn 0.098700 0.497600 0.861800
vn 0.001000 0.500000 0.866000
vn 0.195500 0.490400 0.849300
vn 0.098600 0.656200 0.748100
vn 0.000800 0.659300 0.751900
vn 0.195400 0.646700 0.737300
vn 0.098400 0.789600 0.605700
vn 0.000700 0.793400 0.608800
vn 0.195200 0.778200 0.596900
vn 0.098300 0.892600 0.440000
vn 0.000500 0.896900 0.442300
vn 0.195000 0.879700 0.433600
vn 0.098000 0.961300 0.257500
vn 0.000300 0.965900 0.258800
vn 0.194800 0.947500 0.253700
vn 0.097800 0.993100 0.065000
vn 0.000100 0.997900 0.065400
vn 0.194600 0.978800 0.063900
vn 0.097600 0.986700 -0.130000
vn -0.000100 0.991400 -0.130500
vn 0.194400 0.972500 -0.128300
vn 0.097300 0.942400 -0.320000
vn -0.000400 0.946900 -0.321400
vn 0.194200 0.928800 -0.315500
vn 0.097100 0.861900 -0.497700
vn -0.000600 0.866000 -0.500000
vn 0.194000 0.849500 -0.490700
vn 0.097000 0.748200 -0.656300
vn -0.000700 0.751800 -0.659300
vn 0.193800 0.737500 -0.647000
vn 0.096800 0.605800 -0.789700
vn -0.000900 0.608800 -0.793400
vn 0.193600 0.597100 -0.778400
vn 0.096700 0.440200 -0.892700
vn 0.193500 0.433900 -0.880000
vn 0.096600 0.257600 -0.961400
vn 0.193400 0.253900 -0.947700
vn 0.193400 0.064200 -0.979000
vn 0.193400 -0.128000 -0.972700
vn 0.288400 0.062600 -0.955500
vn 0.288400 0.247700 -0.924900
vn 0.288400 -0.124900 -0.949300
vn 0.288400 -0.307700 -0.906700
vn 0.288500 -0.478600 -0.829300
vn 0.380600 -0.297100 -0.875700
vn 0.380600 -0.120600 -0.916800
vn 0.380700 -0.462200 -0.800900
vn 0.380800 -0.609500 -0.695400
vn 0.288600 -0.631100 -0.720000
vn 0.288800 -0.759400 -0.583000
vn 0.381000 -0.733300 -0.563100
vn 0.289000 -0.858500 -0.423700
vn 0.381200 -0.829000 -0.409300
vn 0.289100 -0.924600 -0.248100
vn 0.381300 -0.892800 -0.239700
vn 0.289300 -0.955200 -0.062900
vn 0.381500 -0.922400 -0.060900
vn 0.289600 -0.949000 0.124600
vn 0.381700 -0.916400 0.120200
vn 0.289800 -0.906400 0.307300
vn 0.382000 -0.875300 0.296700
vn 0.290000 -0.829000 0.478300
vn 0.382100 -0.800500 0.461700
vn 0.290100 -0.719700 0.630800
vn 0.382300 -0.694900 0.609000
vn 0.290300 -0.582700 0.759100
vn 0.382500 -0.562700 0.732900
vn 0.290400 -0.423400 0.858200
vn 0.382500 -0.408800 0.828600
vn 0.290500 -0.247700 0.924300
vn 0.382600 -0.239200 0.892400
vn 0.290500 -0.062600 0.954800
vn 0.382600 -0.060400 0.921900
vn 0.290500 0.125000 0.948700
vn 0.382600 0.120700 0.916000
vn 0.290400 0.307700 0.906100
vn 0.382600 0.297100 0.874900
vn 0.290300 0.478600 0.828600
vn 0.382500 0.462200 0.800100
vn 0.290200 0.631100 0.719300
vn 0.382400 0.609500 0.694500
vn 0.290100 0.759400 0.582400
vn 0.382200 0.733300 0.562300
vn 0.289900 0.858500 0.423000
vn 0.382100 0.829000 0.408400
vn 0.289700 0.924600 0.247400
vn 0.381800 0.892800 0.238800
vn 0.289500 0.955200 0.062300
vn 0.381700 0.922400 0.060000
vn 0.289300 0.949000 -0.125300
vn 0.381500 0.916400 -0.121100
vn 0.289100 0.906400 -0.308000
vn 0.381300 0.875300 -0.297500
vn 0.288900 0.829000 -0.478900
vn 0.381100 0.800500 -0.462600
vn 0.288800 0.719700 -0.631400
vn 0.380900 0.694900 -0.609900
vn 0.288600 0.582700 -0.759700
vn 0.380800 0.562700 -0.733700
vn 0.288500 0.423400 -0.858800
vn 0.380700 0.408800 -0.829400
vn 0.380600 0.239200 -0.893300
vn 0.380600 0.060400 -0.922800
vn 0.469200 0.228400 -0.853000
vn 0.469200 0.390300 -0.792100
vn 0.469100 0.057700 -0.881200
vn 0.469100 -0.115200 -0.875600
vn 0.469200 -0.283700 -0.836300
vn 0.553200 -0.108600 -0.825900
vn 0.553200 0.054500 -0.831200
vn 0.553300 -0.267600 -0.788800
vn 0.469300 -0.441300 -0.764900
vn 0.553400 -0.416200 -0.721500
vn 0.553500 -0.548900 -0.626500
vn 0.469400 -0.581900 -0.664100
vn 0.469500 -0.700200 -0.537800
vn 0.553600 -0.660400 -0.507400
vn 0.469700 -0.791600 -0.390900
vn 0.553700 -0.746600 -0.368800
vn 0.469900 -0.852500 -0.229000
vn 0.553900 -0.804000 -0.216100
vn 0.470100 -0.880700 -0.058300
vn 0.554100 -0.830600 -0.055100
vn 0.470200 -0.875100 0.114700
vn 0.554300 -0.825300 0.108000
vn 0.470400 -0.835800 0.283200
vn 0.554400 -0.788200 0.267000
vn 0.470600 -0.764300 0.440800
vn 0.554600 -0.720900 0.415600
vn 0.470800 -0.663600 0.581400
vn 0.554700 -0.625900 0.548200
vn 0.470900 -0.537300 0.699700
vn 0.554900 -0.506800 0.659800
vn 0.471000 -0.390400 0.791100
vn 0.555000 -0.368200 0.746000
vn 0.471100 -0.228400 0.852000
vn 0.555100 -0.215400 0.803400
vn 0.471100 -0.057700 0.880200
vn 0.555100 -0.054400 0.830000
vn 0.471100 0.115200 0.874500
vn 0.555100 0.108700 0.824600
vn 0.471000 0.283700 0.835200
vn 0.555100 0.267600 0.787600
vn 0.471000 0.441300 0.763800
vn 0.555000 0.416200 0.720300
vn 0.470900 0.581900 0.663000
vn 0.554800 0.548800 0.625200
vn 0.470700 0.700200 0.536800
vn 0.554700 0.660400 0.506100
vn 0.470600 0.791600 0.389800
vn 0.554600 0.746600 0.367500
vn 0.470400 0.852500 0.227900
vn 0.554400 0.804000 0.214800
vn 0.470200 0.880700 0.057200
vn 0.554200 0.830600 0.053800
vn 0.470000 0.875000 -0.115700
vn 0.554000 0.825300 -0.109300
vn 0.469800 0.835700 -0.284200
vn 0.553900 0.788200 -0.268200
vn 0.469700 0.764300 -0.441800
vn 0.553700 0.720900 -0.416800
vn 0.469500 0.663600 -0.582500
vn 0.553500 0.625900 -0.549500
vn 0.469300 0.537300 -0.700700
vn 0.553400 0.506700 -0.661000
vn 0.553300 0.368100 -0.747200
vn 0.553300 0.215400 -0.804700
vn 0.632100 0.342400 -0.695100
vn 0.632200 0.471300 -0.615000
vn 0.632000 0.200400 -0.748600
vn 0.632000 0.050700 -0.773300
vn 0.632000 -0.101000 -0.768300
vn 0.704800 0.046400 -0.707900
vn 0.704800 0.183400 -0.685300
vn 0.704800 -0.092500 -0.703300
vn 0.632100 -0.248900 -0.733900
vn 0.704800 -0.227800 -0.671800
vn 0.632100 -0.387100 -0.671200
vn 0.704900 -0.354300 -0.614500
vn 0.632200 -0.510500 -0.582800
vn 0.705000 -0.467200 -0.533500
vn 0.632300 -0.614300 -0.472000
vn 0.705100 -0.562200 -0.432200
vn 0.632500 -0.694400 -0.343200
vn 0.705200 -0.635500 -0.314200
vn 0.632700 -0.747900 -0.201100
vn 0.705400 -0.684500 -0.184200
vn 0.632800 -0.772600 -0.051400
vn 0.705500 -0.707100 -0.047200
vn 0.633000 -0.767600 0.100400
vn 0.705700 -0.702600 0.091700
vn 0.633200 -0.733100 0.248200
vn 0.705800 -0.671000 0.227000
vn 0.633300 -0.670500 0.386400
vn 0.706000 -0.613700 0.353500
vn 0.633500 -0.582100 0.509800
vn 0.706100 -0.532800 0.466400
vn 0.633600 -0.471300 0.613500
vn 0.706200 -0.431400 0.561400
vn 0.633700 -0.342400 0.693700
vn 0.706300 -0.313400 0.634800
vn 0.633700 -0.200400 0.747100
vn 0.706300 -0.183400 0.683700
vn 0.633800 -0.050600 0.771900
vn 0.706400 -0.046300 0.706300
vn 0.633800 0.101100 0.766900
vn 0.706300 0.092500 0.701800
vn 0.633700 0.248900 0.732400
vn 0.706300 0.227800 0.670300
vn 0.633600 0.387100 0.669800
vn 0.706300 0.354300 0.612900
vn 0.633500 0.510500 0.581400
vn 0.706200 0.467200 0.532000
vn 0.633400 0.614200 0.470600
vn 0.706100 0.562200 0.430600
vn 0.633300 0.694400 0.341700
vn 0.706000 0.635500 0.312600
vn 0.633100 0.747800 0.199700
vn 0.705800 0.684500 0.182600
vn 0.633000 0.772600 0.049900
vn 0.705600 0.707100 0.045600
vn 0.632800 0.767600 -0.101800
vn 0.705500 0.702600 -0.093300
vn 0.632600 0.733200 -0.249600
vn 0.705300 0.671000 -0.228600
vn 0.632400 0.670500 -0.387800
vn 0.705200 0.613700 -0.355100
vn 0.632300 0.582100 -0.511200
vn 0.705100 0.532800 -0.468000
vn 0.704900 0.431400 -0.563000
vn 0.704800 0.313400 -0.636400
vn 0.770900 0.387300 -0.505600
vn 0.771000 0.478300 -0.420300
vn 0.770900 0.281400 -0.571500
vn 0.770800 0.164600 -0.615400
vn 0.770800 0.041600 -0.635700
vn 0.829500 0.144300 -0.539600
vn 0.829500 0.246600 -0.501100
vn 0.829400 0.036500 -0.557400
vn 0.770800 -0.083000 -0.631600
vn 0.829400 -0.072800 -0.553800
vn 0.770800 -0.204500 -0.603300
vn 0.829500 -0.179300 -0.529000
vn 0.770900 -0.318100 -0.551800
vn 0.829500 -0.278900 -0.483900
vn 0.829600 -0.367700 -0.420200
vn 0.771000 -0.419500 -0.479200
vn 0.771100 -0.504700 -0.388100
vn 0.829600 -0.442500 -0.340400
vn 0.771200 -0.570600 -0.282300
vn 0.829800 -0.500200 -0.247600
vn 0.771300 -0.614500 -0.165600
vn 0.829900 -0.538700 -0.145300
vn 0.771500 -0.634900 -0.042500
vn 0.830000 -0.556500 -0.037400
vn 0.771600 -0.630800 0.082200
vn 0.830200 -0.552900 0.071900
vn 0.771700 -0.602500 0.203600
vn 0.830300 -0.528100 0.178300
vn 0.771900 -0.551000 0.317300
vn 0.830400 -0.483000 0.277900
vn 0.772000 -0.478300 0.418700
vn 0.830400 -0.419300 0.366800
vn 0.772100 -0.387300 0.503900
vn 0.830500 -0.339500 0.441500
vn 0.772200 -0.281400 0.569700
vn 0.830600 -0.246600 0.499200
vn 0.772200 -0.164700 0.613700
vn 0.830700 -0.144300 0.537700
vn 0.772200 -0.041600 0.634000
vn 0.830700 -0.036500 0.555500
vn 0.772200 0.083000 0.629900
vn 0.830700 0.072800 0.552000
vn 0.772200 0.204500 0.601600
vn 0.830700 0.179300 0.527100
vn 0.772100 0.318100 0.550100
vn 0.830600 0.278900 0.482000
vn 0.772000 0.419500 0.477500
vn 0.830500 0.367700 0.418400
vn 0.771900 0.504700 0.386400
vn 0.830400 0.442500 0.338600
vn 0.771800 0.570600 0.280500
vn 0.830300 0.500200 0.245700
vn 0.771700 0.614500 0.163800
vn 0.830200 0.538700 0.143400
vn 0.771600 0.634800 0.040800
vn 0.830100 0.556500 0.035600
vn 0.771400 0.630800 -0.083900
vn 0.830000 0.552900 -0.073700
vn 0.771300 0.602400 -0.205400
vn 0.829900 0.528100 -0.180200
vn 0.771200 0.551000 -0.319000
vn 0.829700 0.483000 -0.279800
vn 0.829600 0.419300 -0.368600
vn 0.829600 0.339500 -0.443300
vn 0.880300 0.356200 -0.313400
vn 0.880400 0.410300 -0.237900
vn 0.880200 0.288400 -0.376800
vn 0.880200 0.209500 -0.425900
vn 0.880100 0.122600 -0.458600
vn 0.922400 0.170400 -0.346600
vn 0.922400 0.234600 -0.306700
vn 0.922400 0.099700 -0.373200
vn 0.880100 0.031000 -0.473700
vn 0.922400 0.025200 -0.385500
vn 0.880100 -0.061800 -0.470700
vn 0.922400 -0.050300 -0.383000
vn 0.880200 -0.152300 -0.449600
vn 0.922400 -0.123800 -0.365900
vn 0.880200 -0.236900 -0.411300
vn 0.922400 -0.192600 -0.334700
vn 0.880300 -0.312400 -0.357200
vn 0.922500 -0.254100 -0.290700
vn 0.880300 -0.375900 -0.289400
vn 0.922500 -0.305700 -0.235600
vn 0.880400 -0.424900 -0.210500
vn 0.922600 -0.345600 -0.171400
vn 0.880500 -0.457600 -0.123600
vn 0.922700 -0.372200 -0.100700
vn 0.880600 -0.472700 -0.032000
vn 0.922800 -0.384500 -0.026200
vn 0.880700 -0.469700 0.060800
vn 0.922900 -0.382000 0.049200
vn 0.880800 -0.448600 0.151300
vn 0.922900 -0.364900 0.122800
vn 0.880900 -0.410300 0.235900
vn 0.923000 -0.333600 0.191600
vn 0.881000 -0.356200 0.311400
vn 0.923100 -0.289600 0.253000
vn 0.881100 -0.288400 0.374900
vn 0.923100 -0.234500 0.304600
vn 0.881100 -0.209500 0.424000
vn 0.923200 -0.170400 0.344500
vn 0.881100 -0.122600 0.456700
vn 0.923200 -0.099700 0.371100
vn 0.881200 -0.031000 0.471800
vn 0.923200 -0.025200 0.383500
vn 0.881200 0.061800 0.468700
vn 0.923200 0.050300 0.381000
vn 0.881200 0.152300 0.447600
vn 0.923200 0.123800 0.363800
vn 0.881100 0.236900 0.409300
vn 0.923200 0.192700 0.332700
vn 0.881100 0.312300 0.355200
vn 0.923100 0.254100 0.288600
vn 0.881000 0.375900 0.287400
vn 0.923100 0.305700 0.233500
vn 0.880900 0.424900 0.208500
vn 0.923000 0.345500 0.169400
vn 0.880800 0.457600 0.121600
vn 0.922900 0.372200 0.098700
vn 0.880700 0.472800 0.030000
vn 0.922800 0.384500 0.024200
vn 0.880600 0.469700 -0.062800
vn 0.922700 0.382000 -0.051300
vn 0.880500 0.448600 -0.153300
vn 0.922700 0.364800 -0.124900
vn 0.922600 0.333700 -0.193700
vn 0.922500 0.289700 -0.255100
vn 0.955900 0.253800 -0.147600
vn 0.956000 0.277500 -0.095200
vn 0.955900 0.220300 -0.194400
vn 0.955800 0.178400 -0.233600
vn 0.955800 0.129700 -0.263900
vn 0.980000 0.120600 -0.158200
vn 0.980000 0.148900 -0.131700
vn 0.980000 0.087700 -0.178700
vn 0.955800 0.075800 -0.284200
vn 0.980000 0.051100 -0.192400
vn 0.955800 0.019400 -0.293400
vn 0.980000 0.012900 -0.198700
vn 0.955800 -0.038300 -0.291700
vn 0.980000 -0.025800 -0.197500
vn 0.955800 -0.094100 -0.278600
vn 0.980000 -0.063700 -0.188600
vn 0.955800 -0.146500 -0.254900
vn 0.980000 -0.099000 -0.172600
vn 0.955800 -0.193300 -0.221400
vn 0.980000 -0.130600 -0.150000
vn 0.994800 -0.066600 -0.077200
vn 0.994800 -0.050300 -0.088600
vn 0.994800 -0.032700 -0.096800
vn 0.980100 -0.157000 -0.121700
vn 0.955900 -0.232500 -0.179500
vn 0.994800 -0.080200 -0.062700
vn 0.980100 -0.177600 -0.088700
vn 0.955900 -0.262900 -0.130700
vn 0.994800 -0.090700 -0.045800
vn 0.980100 -0.191300 -0.052300
vn 0.956000 -0.283100 -0.076900
vn 0.994800 -0.097600 -0.027400
vn 0.980200 -0.197600 -0.014100
vn 0.956100 -0.292500 -0.020200
vn 0.994900 -0.100900 -0.007800
vn 0.980200 -0.196400 0.024700
vn 0.956100 -0.290600 0.037100
vn 0.994900 -0.100200 0.012200
vn 0.980300 -0.187500 0.062600
vn 0.956200 -0.277500 0.093100
vn 0.994900 -0.095700 0.031500
vn 0.980300 -0.171500 0.098000
vn 0.956300 -0.253800 0.145500
vn 0.994900 -0.087500 0.049500
vn 0.980300 -0.148900 0.129500
vn 0.956300 -0.220300 0.192200
vn 0.995000 -0.076000 0.065500
vn 0.980400 -0.120600 0.156000
vn 0.956300 -0.178400 0.231400
vn 0.995000 -0.061600 0.079000
vn 0.980400 -0.087500 0.176600
vn 0.956400 -0.129600 0.261800
vn 0.995000 -0.044600 0.089600
vn 0.980400 -0.051300 0.190200
vn 0.956400 -0.075800 0.282000
vn 0.995000 -0.026200 0.096500
vn 0.980400 -0.013000 0.196500
vn 0.956400 -0.019200 0.291400
vn 0.995000 -0.006800 0.099800
vn 0.980400 0.025800 0.195300
vn 0.956400 0.038200 0.289500
vn 0.995000 0.013300 0.099100
vn 0.980400 0.063900 0.186300
vn 0.956400 0.094200 0.276500
vn 0.995000 0.032500 0.094600
vn 0.980400 0.099000 0.170400
vn 0.956400 0.146600 0.252800
vn 0.995000 0.050500 0.086400
vn 0.980400 0.130700 0.147700
vn 0.956300 0.193300 0.219200
vn 0.995000 0.066500 0.075000
vn 0.980300 0.157100 0.119500
vn 0.956300 0.232500 0.177400
vn 0.994900 0.080200 0.060500
vn 0.980300 0.177600 0.086600
vn 0.956200 0.262900 0.128600
vn 0.994900 0.090600 0.043400
vn 0.980300 0.191300 0.050100
vn 0.956200 0.283100 0.074800
vn 0.994900 0.097700 0.024900
vn 0.980200 0.197600 0.011800
vn 0.956100 0.292500 0.018100
vn 0.994900 0.100900 0.005400
vn 0.980200 0.196300 -0.026900
vn 0.956000 0.290600 -0.039300
vn 0.994900 0.100200 -0.014100
vn 0.980100 0.187600 -0.064700
vn 0.994800 0.095700 -0.033500
vn 0.980100 0.171500 -0.100100
vn 0.994800 0.087600 -0.051600
vn 0.994800 0.076000 -0.067800
vn 0.994800 0.061400 -0.081400
vn 0.994800 -0.013300 -0.101300
vn 0.994800 0.006600 -0.102000
vn 0.994800 0.026300 -0.098700
vn 0.994800 0.044800 -0.091700
vn -0.881200 -0.061900 -0.468700
vn -0.881200 0.030900 -0.471800
vn -0.881200 -0.152300 -0.447600
vn -0.881100 -0.236900 -0.409300
vn -0.923200 -0.123800 -0.363800
vn -0.923200 -0.050400 -0.381000
vn -0.923200 -0.192600 -0.332700
vn -0.881000 -0.312400 -0.355200
vn -0.923100 -0.254000 -0.288700
vn -0.881000 -0.375900 -0.287400
vn -0.923100 -0.305700 -0.233500
vn -0.880900 -0.424900 -0.208600
vn -0.923000 -0.345600 -0.169400
vn -0.880800 -0.457600 -0.121600
vn -0.922900 -0.372200 -0.098700
vn -0.880700 -0.472800 -0.030000
vn -0.922800 -0.384500 -0.024200
vn -0.880600 -0.469700 0.062800
vn -0.922700 -0.382000 0.051300
vn -0.880500 -0.448700 0.153300
vn -0.922700 -0.364800 0.124900
vn -0.880400 -0.410300 0.237900
vn -0.922600 -0.333700 0.193700
vn -0.880300 -0.356200 0.313300
vn -0.922500 -0.289700 0.255100
vn -0.880200 -0.288400 0.376800
vn -0.922500 -0.234500 0.306700
vn -0.880200 -0.209500 0.425900
vn -0.922400 -0.170400 0.346600
vn -0.880100 -0.122600 0.458600
vn -0.922400 -0.099700 0.373200
vn -0.880100 -0.031000 0.473700
vn -0.922300 -0.025300 0.385500
vn -0.880100 0.061800 0.470700
vn -0.922400 0.050200 0.383000
vn -0.880100 0.152300 0.449600
vn -0.922400 0.123900 0.365900
vn -0.880200 0.236900 0.411300
vn -0.922400 0.192600 0.334700
vn -0.880200 0.312400 0.357200
vn -0.922500 0.254000 0.290700
vn -0.880300 0.375900 0.289400
vn -0.922500 0.305700 0.235600
vn -0.880400 0.424900 0.210500
vn -0.922600 0.345500 0.171400
vn -0.880500 0.457600 0.123600
vn -0.922700 0.372200 0.100700
vn -0.880600 0.472700 0.032000
vn -0.922800 0.384500 0.026200
vn -0.880700 0.469700 -0.060900
vn -0.922800 0.382000 -0.049300
vn -0.880800 0.448600 -0.151300
vn -0.922900 0.364900 -0.122800
vn -0.880900 0.410300 -0.235900
vn -0.923000 0.333700 -0.191600
vn -0.881000 0.356200 -0.311400
vn -0.923100 0.289700 -0.253100
vn -0.881100 0.288400 -0.374900
vn -0.923100 0.234500 -0.304700
vn -0.881100 0.209600 -0.423900
vn -0.923200 0.170500 -0.344500
vn -0.881200 0.122600 -0.456700
vn -0.923200 0.099800 -0.371100
vn -0.923200 0.025100 -0.383400
vn -0.956400 0.019100 -0.291400
vn -0.956400 0.075900 -0.282000
vn -0.956400 -0.038300 -0.289500
vn -0.956400 -0.094200 -0.276500
vn -0.980400 -0.025900 -0.195300
vn -0.980400 0.013000 -0.196500
vn -0.980400 -0.063700 -0.186400
vn -0.956400 -0.146600 -0.252800
vn -0.980400 -0.099100 -0.170300
vn -0.956300 -0.193200 -0.219300
vn -0.980400 -0.130600 -0.147800
vn -0.956300 -0.232500 -0.177300
vn -0.980300 -0.157100 -0.119400
vn -0.956200 -0.262900 -0.128600
vn -0.980300 -0.177600 -0.086500
vn -0.956200 -0.283100 -0.074800
vn -0.980300 -0.191300 -0.050200
vn -0.956100 -0.292400 -0.018100
vn -0.980200 -0.197600 -0.011800
vn -0.956000 -0.290600 0.039300
vn -0.980200 -0.196300 0.027000
vn -0.956000 -0.277500 0.095300
vn -0.980100 -0.187500 0.064700
vn -0.955900 -0.253800 0.147600
vn -0.980100 -0.171500 0.100100
vn -0.955900 -0.220300 0.194300
vn -0.980000 -0.148900 0.131700
vn -0.955800 -0.178400 0.233600
vn -0.980000 -0.120500 0.158300
vn -0.955800 -0.129600 0.263900
vn -0.980000 -0.087600 0.178700
vn -0.955800 -0.075800 0.284200
vn -0.980000 -0.051200 0.192400
vn -0.955800 -0.019200 0.293500
vn -0.980000 -0.013000 0.198700
vn -0.955800 0.038200 0.291600
vn -0.980000 0.025800 0.197400
vn -0.955800 0.094300 0.278600
vn -0.980000 0.063800 0.188600
vn -0.955800 0.146500 0.254900
vn -0.980000 0.099000 0.172600
vn -0.955800 0.193200 0.221400
vn -0.980000 0.130500 0.150000
vn -0.955900 0.232500 0.179500
vn -0.980100 0.157100 0.121600
vn -0.955900 0.262900 0.130700
vn -0.980100 0.177600 0.088700
vn -0.956000 0.283100 0.077000
vn -0.980100 0.191300 0.052400
vn -0.956100 0.292500 0.020200
vn -0.980200 0.197600 0.014000
vn -0.956100 0.290600 -0.037200
vn -0.980200 0.196300 -0.024800
vn -0.956200 0.277600 -0.093100
vn -0.980300 0.187500 -0.062500
vn -0.956300 0.253800 -0.145400
vn -0.980300 0.171500 -0.097900
vn -0.956300 0.220300 -0.192200
vn -0.980300 0.148900 -0.129500
vn -0.956300 0.178400 -0.231500
vn -0.980400 0.120500 -0.156100
vn -0.956400 0.129700 -0.261800
vn -0.980400 0.087600 -0.176600
vn -0.980400 0.051400 -0.190200
vn -0.995000 0.026300 -0.096500
vn -0.995000 0.044700 -0.089600
vn -0.995000 0.006600 -0.099700
vn -0.995000 -0.013100 -0.099100
vn -0.994800 0.032500 0.096900
vn -0.994800 0.013300 0.101300
vn -0.994800 0.050600 0.088600
vn -0.995000 -0.066700 -0.074800
vn -0.995000 -0.050700 -0.086300
vn -0.995000 -0.032600 -0.094500
vn -0.995000 0.061400 -0.079200
vn -0.995000 0.076000 -0.065500
vn -0.994900 0.087600 -0.049200
vn -0.994900 0.095800 -0.031200
vn -0.994900 0.100200 -0.012200
vn -0.994900 0.100800 0.007600
vn -0.994900 0.097700 0.026900
vn -0.994800 0.090600 0.045600
vn -0.994800 0.080200 0.062600
vn -0.994800 0.066700 0.077000
vn -0.994800 -0.006700 0.102000
vn -0.994800 -0.026300 0.098700
vn -0.994800 -0.044700 0.091800
vn -0.994800 -0.061400 0.081400
vn -0.994800 -0.076000 0.067800
vn -0.994800 -0.087600 0.051600
vn -0.994800 -0.095600 0.033800
vn -0.994900 -0.100200 0.014400
vn -0.994900 -0.100900 -0.005400
vn -0.994900 -0.097600 -0.025200
vn -0.994900 -0.090600 -0.043600
vn -0.994900 -0.080200 -0.060400
vn -0.770900 -0.318100 0.551900
vn -0.705000 -0.467200 0.533600
vn -0.829500 -0.278900 0.483900
vn -0.829500 -0.179300 0.529000
vn -0.704900 -0.227800 0.671800
vn -0.770800 -0.083100 0.631700
vn -0.704800 0.046300 0.707900
vn -0.829500 0.144400 0.539600
vn -0.829500 0.246700 0.501100
vn -0.704900 0.313400 0.636400
vn -0.770900 0.387300 0.505600
vn -0.829600 0.339500 0.443400
vn -0.705000 0.431400 0.563000
vn -0.771000 0.478300 0.420400
vn -0.829600 0.419300 0.368700
vn -0.771300 0.602500 0.205400
vn -0.771400 0.630800 0.083900
vn -0.705400 0.702600 0.093300
vn -0.771600 0.634900 -0.040700
vn -0.705900 0.635600 -0.312600
vn -0.830400 0.442500 -0.338600
vn -0.830600 0.278800 -0.482100
vn -0.772200 0.204500 -0.601600
vn -0.830700 -0.036500 -0.555600
vn -0.830700 -0.144400 -0.537800
vn -0.706400 -0.183400 -0.683700
vn -0.830600 -0.246700 -0.499200
vn -0.772000 -0.478300 -0.418600
vn -0.771900 -0.551000 -0.317300
vn -0.771700 -0.602500 -0.203600
vn -0.830100 -0.552900 -0.071800
vn -0.771300 -0.614500 0.165500
vn -0.771200 -0.570600 0.282200
vn -0.829700 -0.442500 0.340400
vn -0.632300 -0.614300 0.472100
vn -0.632200 -0.387100 0.671200
vn -0.553400 -0.548900 0.626400
vn -0.553300 -0.416200 0.721500
vn -0.632100 -0.248800 0.733900
vn -0.553300 -0.267500 0.788900
vn -0.632000 -0.101000 0.768300
vn -0.553300 -0.108600 0.825900
vn -0.553300 0.054400 0.831200
vn -0.553300 0.215400 0.804600
vn -0.553400 0.368100 0.747200
vn -0.632200 0.471300 0.615000
vn -0.553600 0.625800 0.549500
vn -0.632400 0.670500 0.387800
vn -0.554100 0.825300 0.109300
vn -0.633000 0.772500 -0.049900
vn -0.554300 0.830600 -0.053800
vn -0.554400 0.804000 -0.214800
vn -0.633400 0.614300 -0.470600
vn -0.633500 0.510500 -0.581400
vn -0.554900 0.548900 -0.625200
vn -0.633700 0.248900 -0.732400
vn -0.633800 0.101100 -0.766900
vn -0.555100 0.108700 -0.824700
vn -0.633800 -0.050600 -0.771900
vn -0.555000 -0.215400 -0.803400
vn -0.555000 -0.368200 -0.745900
vn -0.554900 -0.506800 -0.659800
vn -0.554800 -0.625800 -0.548200
vn -0.554500 -0.788200 -0.267000
vn -0.632600 -0.747900 0.201100
vn -0.553900 -0.804000 0.216100
vn -0.553800 -0.746500 0.368800
vn -0.469600 -0.700200 0.537800
vn -0.381100 -0.829000 0.409300
vn -0.380600 -0.120700 0.916800
vn -0.469200 -0.115200 0.875600
vn -0.288300 -0.125000 0.949300
vn -0.380500 0.060500 0.922800
vn -0.469200 0.057700 0.881200
vn -0.288300 0.062600 0.955500
vn -0.469300 0.390400 0.792100
vn -0.288500 0.423300 0.858800
vn -0.469400 0.537300 0.700700
vn -0.380900 0.695000 0.609900
vn -0.469700 0.764300 0.441800
vn -0.381300 0.875300 0.297500
vn -0.470000 0.875100 0.115700
vn -0.289500 0.955100 -0.062300
vn -0.382100 0.829000 -0.408400
vn -0.470600 0.791600 -0.389900
vn -0.470800 0.700200 -0.536800
vn -0.382400 0.609400 -0.694500
vn -0.470900 0.581900 -0.663000
vn -0.382500 0.462200 -0.800100
vn -0.290400 0.478600 -0.828600
vn -0.382600 0.297100 -0.874800
vn -0.471000 0.283700 -0.835200
vn -0.290500 0.307700 -0.906100
vn -0.382600 0.120600 -0.916000
vn -0.290500 0.125000 -0.948700
vn -0.382700 -0.060500 -0.921900
vn -0.471100 -0.057800 -0.880200
vn -0.471000 -0.390400 -0.791000
vn -0.290400 -0.423400 -0.858200
vn -0.471000 -0.537300 -0.699700
vn -0.290200 -0.582700 -0.759100
vn -0.382300 -0.694900 -0.609000
vn -0.470800 -0.663500 -0.581400
vn -0.382100 -0.800500 -0.461700
vn -0.470600 -0.764300 -0.440800
vn -0.289900 -0.829000 -0.478300
vn -0.381900 -0.875300 -0.296700
vn -0.470500 -0.835800 -0.283200
vn -0.470300 -0.875000 -0.114700
vn -0.289400 -0.955100 0.062900
vn -0.381300 -0.892800 0.239700
vn -0.193900 -0.778200 0.597400
vn -0.193600 -0.490400 0.849700
vn -0.097000 -0.789500 0.606000
vn -0.096700 -0.319900 0.942500
vn -0.096700 -0.129900 0.986800
vn -0.193400 0.064100 0.979000
vn -0.193500 0.253900 0.947700
vn -0.193700 0.597100 0.778400
vn -0.096800 0.605800 0.789700
vn -0.096900 0.748200 0.656300
vn -0.194000 0.849500 0.490700
vn -0.097500 0.986700 0.130000
vn -0.097700 0.993100 -0.065000
vn -0.195100 0.778200 -0.596900
vn -0.098400 0.789600 -0.605700
vn -0.195300 0.646800 -0.737300
vn -0.098500 0.656200 -0.748100
vn -0.195600 0.128000 -0.972300
vn -0.098800 0.129900 -0.986600
vn -0.195600 -0.064200 -0.978600
vn -0.195400 -0.597100 -0.778000
vn -0.098700 -0.605800 -0.789400
vn -0.195300 -0.737500 -0.646500
vn -0.195100 -0.849500 -0.490200
vn -0.194600 -0.972500 -0.127800
vn -0.097800 -0.986700 -0.129800
vn -0.097600 -0.993100 0.065200
vn 0.000700 -0.793300 0.608800
vn 0.000800 -0.659300 0.751800
vn 0.098600 -0.656200 0.748100
vn 0.001000 -0.321400 0.946900
vn 0.195600 -0.315300 0.928600
vn 0.195500 -0.490400 0.849300
vn 0.195400 -0.646700 0.737300
vn 0.098900 -0.129900 0.986600
vn 0.001200 0.065400 0.997900
vn 0.195600 0.064100 0.978600
vn 0.195600 0.253900 0.947300
vn 0.000900 0.608800 0.793400
vn 0.000700 0.751800 0.659400
vn 0.098200 0.861900 0.497500
vn 0.195100 0.849500 0.490200
vn 0.097800 0.986700 0.129800
vn 0.097000 0.789600 -0.606000
vn 0.193800 0.778200 -0.597300
vn 0.096900 0.656200 -0.748300
vn -0.000900 0.659400 -0.751800
vn 0.193600 0.490400 -0.849700
vn 0.096600 0.129900 -0.986800
vn 0.193400 -0.253900 -0.947700
vn 0.193500 -0.433900 -0.880000
vn 0.096900 -0.605800 -0.789700
vn -0.000700 -0.751800 -0.659300
vn 0.194000 -0.849500 -0.490700
vn 0.097300 -0.942400 -0.320000
vn 0.097500 -0.986700 -0.130000
vn 0.097700 -0.993100 0.065000
vn 0.194500 -0.978800 0.063900
vn 0.195200 -0.778200 0.596900
vn 0.290200 -0.631100 0.719300
vn 0.290300 -0.478600 0.828600
vn 0.382400 -0.609500 0.694500
vn 0.382200 -0.733300 0.562300
vn 0.382600 -0.297100 0.874900
vn 0.290500 -0.124900 0.948700
vn 0.382600 0.060400 0.921900
vn 0.290500 0.247700 0.924300
vn 0.382600 0.239200 0.892400
vn 0.382500 0.408800 0.828600
vn 0.290200 0.719700 0.630800
vn 0.290000 0.828900 0.478300
vn 0.289800 0.906400 0.307300
vn 0.289400 0.955100 -0.062900
vn 0.289200 0.924600 -0.248100
vn 0.381100 0.829000 -0.409200
vn 0.288400 0.124900 -0.949300
vn 0.380600 0.120600 -0.916800
vn 0.288400 -0.062600 -0.955500
vn 0.380600 -0.239200 -0.893200
vn 0.288500 -0.423400 -0.858800
vn 0.288700 -0.719700 -0.631500
vn 0.380900 -0.694900 -0.609900
vn 0.381300 -0.875300 -0.297500
vn 0.381400 -0.916400 -0.121100
vn 0.289500 -0.955100 0.062300
vn 0.381700 -0.922400 0.060000
vn 0.470700 -0.700200 0.536800
vn 0.470900 -0.582000 0.663000
vn 0.554600 -0.746600 0.367500
vn 0.554900 -0.548800 0.625200
vn 0.555100 -0.267500 0.787600
vn 0.555100 -0.108600 0.824600
vn 0.555100 0.215400 0.803400
vn 0.471000 0.390400 0.791100
vn 0.555000 0.368100 0.746000
vn 0.554900 0.506800 0.659800
vn 0.554800 0.625900 0.548200
vn 0.554500 0.788200 0.267000
vn 0.470200 0.875100 0.114700
vn 0.470000 0.880700 -0.058200
vn 0.554100 0.830600 -0.055100
vn 0.469800 0.852500 -0.229000
vn 0.469600 0.791600 -0.390900
vn 0.553800 0.746500 -0.368800
vn 0.469400 0.581900 -0.664100
vn 0.553500 0.548800 -0.626500
vn 0.553300 0.267600 -0.788800
vn 0.469100 0.115200 -0.875600
vn 0.553300 0.108600 -0.825900
vn 0.469100 -0.057700 -0.881200
vn 0.553300 -0.054500 -0.831200
vn 0.469200 -0.228400 -0.853100
vn 0.553300 -0.215400 -0.804700
vn 0.469200 -0.390400 -0.792100
vn 0.469800 -0.835800 -0.284200
vn 0.470000 -0.875100 -0.115700
vn 0.554100 -0.825300 -0.109300
vn 0.554400 -0.804000 0.214800
vn 0.633200 -0.694400 0.341700
vn 0.633400 -0.614200 0.470600
vn 0.705900 -0.635600 0.312600
vn 0.706000 -0.562200 0.430600
vn 0.633600 -0.510500 0.581400
vn 0.633700 -0.387100 0.669800
vn 0.706200 -0.354300 0.612900
vn 0.706300 -0.227800 0.670300
vn 0.706300 -0.092500 0.701800
vn 0.633700 0.200400 0.747100
vn 0.633700 0.342400 0.693700
vn 0.633500 0.582100 0.509800
vn 0.633000 0.767600 0.100300
vn 0.705500 0.707100 -0.047100
vn 0.705300 0.684500 -0.184200
vn 0.632500 0.694400 -0.343100
vn 0.632100 0.248900 -0.733800
vn 0.632100 0.101000 -0.768300
vn 0.704800 0.092500 -0.703400
vn 0.704800 -0.046400 -0.707900
vn 0.704800 -0.183400 -0.685300
vn 0.632100 -0.342400 -0.695100
vn 0.704900 -0.431400 -0.563000
vn 0.705000 -0.532800 -0.468000
vn 0.632500 -0.670500 -0.387800
vn 0.632600 -0.733100 -0.249600
vn 0.771300 -0.602500 -0.205400
vn 0.771500 -0.634900 0.040700
vn 0.771700 -0.614500 0.163800
vn 0.771800 -0.570600 0.280500
vn 0.830300 -0.500200 0.245700
vn 0.771900 -0.504700 0.386400
vn 0.830500 -0.442400 0.338500
vn 0.772000 -0.419500 0.477500
vn 0.830500 -0.367700 0.418300
vn 0.772100 -0.318100 0.550100
vn 0.830600 -0.278900 0.482000
vn 0.830700 -0.179200 0.527200
vn 0.830700 -0.072700 0.552000
vn 0.830700 0.144300 0.537700
vn 0.772200 0.281400 0.569700
vn 0.772000 0.478300 0.418700
vn 0.771700 0.602500 0.203600
vn 0.771500 0.634900 -0.042400
vn 0.771200 0.570600 -0.282300
vn 0.829800 0.500200 -0.247600
vn 0.771100 0.504800 -0.388200
vn 0.829700 0.442400 -0.340400
vn 0.770900 0.318100 -0.551900
vn 0.829500 0.278800 -0.483900
vn 0.770800 0.204500 -0.603300
vn 0.770800 0.083100 -0.631600
vn 0.829400 -0.036500 -0.557500
vn 0.829400 -0.144300 -0.539700
vn 0.770800 -0.281400 -0.571500
vn 0.770900 -0.387300 -0.505700
vn 0.829600 -0.339500 -0.443400
vn 0.771000 -0.478400 -0.420400
vn 0.771100 -0.551000 -0.319000
vn 0.880500 -0.448600 -0.153300
vn 0.880600 -0.469700 -0.062800
vn 0.880800 -0.457600 0.121700
vn 0.923000 -0.305700 0.233500
vn 0.881100 -0.312400 0.355200
vn 0.881100 -0.236900 0.409200
vn 0.923200 -0.192600 0.332600
vn 0.881200 -0.152200 0.447600
vn 0.923200 -0.123900 0.363800
vn 0.881200 -0.061800 0.468800
vn 0.881200 0.031000 0.471800
vn 0.923200 0.025200 0.383400
vn 0.881100 0.122600 0.456700
vn 0.923200 0.099700 0.371100
vn 0.922900 0.382000 0.049300
vn 0.880600 0.472700 -0.032000
vn 0.922700 0.372200 -0.100800
vn 0.922500 0.254000 -0.290700
vn 0.922400 0.123900 -0.365800
vn 0.922400 0.050300 -0.383000
vn 0.880100 -0.031000 -0.473800
vn 0.922500 -0.234600 -0.306700
vn 0.956100 -0.290500 -0.039300
vn 0.980200 -0.196300 -0.026900
vn 0.980300 -0.191300 0.050100
vn 0.956200 -0.262900 0.128500
vn 0.980300 -0.177600 0.086500
vn 0.956300 -0.193200 0.219300
vn 0.980400 -0.130500 0.147800
vn 0.956500 -0.146400 0.252300
vn 0.980400 -0.099100 0.170400
vn 0.980400 -0.063700 0.186400
vn 0.995000 -0.032500 0.094500
vn 0.995000 -0.050700 0.086300
vn 0.995000 -0.066700 0.074800
vn 0.980400 0.013000 0.196500
vn 0.956400 0.019200 0.291400
vn 0.995000 0.006600 0.099700
vn 0.980400 0.051400 0.190200
vn 0.995000 0.026300 0.096400
vn 0.980400 0.087600 0.176600
vn 0.995000 0.044700 0.089600
vn 0.995000 0.061400 0.079100
vn 0.980300 0.148900 0.129500
vn 0.995000 0.076000 0.065500
vn 0.994900 0.087600 0.049300
vn 0.994900 0.095800 0.031200
vn 0.980100 0.177600 -0.088700
vn 0.955900 0.262900 -0.130700
vn 0.994800 0.090600 -0.045600
vn 0.994800 0.080100 -0.062600
vn 0.980000 0.130500 -0.150000
vn 0.955800 0.193200 -0.221500
vn 0.980000 0.063700 -0.188600
vn 0.955800 0.094300 -0.278600
vn 0.994800 0.032500 -0.096800
vn 0.980000 0.025600 -0.197400
vn 0.955800 0.038300 -0.291600
vn 0.994800 0.012800 -0.101300
vn 0.980000 -0.013000 -0.198700
vn 0.955700 -0.019200 -0.293600
vn 0.994800 -0.006700 -0.101900
vn 0.980000 -0.051300 -0.192400
vn 0.994800 -0.026000 -0.098700
vn 0.994800 -0.044800 -0.091700
vn 0.980000 -0.120600 -0.158200
vn 0.994800 -0.075900 -0.067800
vn 0.994800 -0.095800 -0.033500
vn 0.994900 -0.100800 0.005400
vn -0.880400 -0.424900 0.210600
vn -0.880300 -0.312400 0.357200
vn -0.880200 -0.236900 0.411200
vn -0.922500 -0.254000 0.290700
vn -0.922500 -0.305700 0.235600
vn -0.922400 -0.192700 0.334700
vn -0.880200 0.288400 0.376900
vn -0.922400 0.234500 0.306700
vn -0.922600 0.333700 0.193600
vn -0.922800 0.382000 0.051300
vn -0.881000 0.375900 -0.287400
vn -0.881100 0.312300 -0.355200
vn -0.923100 0.254000 -0.288600
vn -0.923200 0.192600 -0.332600
vn -0.923200 0.123900 -0.363800
vn -0.923200 0.050300 -0.381000
vn -0.923200 -0.025200 -0.383400
vn -0.881200 -0.122600 -0.456600
vn -0.923200 -0.099700 -0.371100
vn -0.881100 -0.209600 -0.423900
vn -0.881000 -0.288400 -0.374900
vn -0.923100 -0.234500 -0.304600
vn -0.881000 -0.356200 -0.311500
vn -0.923000 -0.333600 -0.191600
vn -0.922900 -0.364800 -0.122800
vn -0.880700 -0.469700 -0.060900
vn -0.922900 -0.382000 -0.049300
vn -0.880600 -0.472800 0.032000
vn -0.922800 -0.384400 0.026200
vn -0.922700 -0.372100 0.100800
vn -0.955900 -0.262900 0.130700
vn -0.955900 -0.232500 0.179500
vn -0.980000 -0.130600 0.150000
vn -0.955800 -0.146600 0.254900
vn -0.980000 -0.099100 0.172500
vn -0.955800 -0.094200 0.278600
vn -0.980000 -0.063900 0.188500
vn -0.955800 -0.038200 0.291700
vn -0.980000 -0.025800 0.197500
vn -0.980000 0.012800 0.198700
vn -0.980000 0.120700 0.158100
vn -0.955900 0.253900 0.147500
vn -0.980100 0.171500 0.100000
vn -0.956000 0.277600 0.095300
vn -0.956000 0.290600 0.039300
vn -0.980200 0.196300 0.026900
vn -0.980300 0.191300 -0.050100
vn -0.980400 0.130700 -0.147800
vn -0.956400 0.146600 -0.252800
vn -0.980400 0.099100 -0.170400
vn -0.956400 0.094200 -0.276500
vn -0.956400 -0.019200 -0.291400
vn -0.956400 -0.129600 -0.261800
vn -0.980400 -0.087500 -0.176600
vn -0.980400 -0.120600 -0.156000
vn -0.956300 -0.220400 -0.192200
vn -0.980300 -0.148900 -0.129500
vn -0.956100 -0.290600 -0.037100
vn -0.980200 -0.196300 -0.024800
vn -0.980200 -0.197600 0.014000
vn -0.994900 -0.097500 0.027000
vn -0.994900 -0.100900 0.007800
vn -0.994800 -0.080200 0.062700
vn -0.995000 0.066500 -0.075000
vn -0.994800 -0.032400 0.096800
vn -0.994800 -0.050700 0.088600
vn -0.994800 -0.066600 0.077200
vn -0.994900 -0.087500 -0.049400
vn -0.995000 -0.044600 -0.089600
vn -0.995000 -0.026200 -0.096500
vn -0.995000 -0.006800 -0.099800
vn -0.994900 0.097700 -0.024900
vn -0.994900 0.100900 -0.005400
vn -0.994900 0.100200 0.014100
vn -0.994800 0.061400 0.081400
vn -0.994800 0.044800 0.091800
vn -0.994800 0.026400 0.098600
vn -0.994800 0.006700 0.102000
vn -0.994800 -0.013300 0.101300
vn -0.770900 0.318100 0.551900
vn -0.704800 0.227800 0.671800
vn -0.829500 0.179300 0.529000
vn -0.705000 0.467200 0.533600
vn -0.771100 0.504800 0.388200
vn -0.829700 0.442500 0.340400
vn -0.705100 0.562200 0.432100
vn -0.705200 0.635500 0.314200
vn -0.771600 0.630800 -0.082100
vn -0.830100 0.552900 -0.071800
vn -0.830400 0.482900 -0.277900
vn -0.830500 0.339500 -0.441500
vn -0.830700 0.144300 -0.537800
vn -0.706400 0.046400 -0.706300
vn -0.830600 -0.179300 -0.527200
vn -0.772000 -0.419500 -0.477500
vn -0.830500 -0.367700 -0.418300
vn -0.771900 -0.504800 -0.386400
vn -0.830400 -0.442400 -0.338500
vn -0.771800 -0.570600 -0.280500
vn -0.830300 -0.500100 -0.245700
vn -0.705900 -0.635500 -0.312700
vn -0.771700 -0.614500 -0.163800
vn -0.830200 -0.538600 -0.143400
vn -0.830100 -0.556400 -0.035500
vn -0.705600 -0.707100 -0.045500
vn -0.771300 -0.602500 0.205300
vn -0.705300 -0.671000 0.228500
vn -0.771200 -0.551000 0.319000
vn -0.705000 -0.532800 0.468000
vn -0.704900 -0.431400 0.563000
vn -0.829500 -0.246700 0.501100
vn -0.704900 -0.313400 0.636400
vn -0.829500 -0.144300 0.539600
vn -0.770800 0.083000 0.631700
vn -0.829400 0.072800 0.553800
vn -0.704800 0.092500 0.703400
vn -0.632000 0.101100 0.768300
vn -0.632100 0.248900 0.733800
vn -0.632200 0.387100 0.671200
vn -0.553300 0.267600 0.788800
vn -0.553300 0.108700 0.825900
vn -0.553300 0.416200 0.721500
vn -0.553400 0.548800 0.626500
vn -0.553600 0.660400 0.507400
vn -0.632500 0.694400 0.343100
vn -0.553700 0.746600 0.368800
vn -0.633000 0.767600 -0.100300
vn -0.554300 0.825300 -0.108000
vn -0.633100 0.733200 -0.248100
vn -0.554500 0.788200 -0.266900
vn -0.633500 0.582100 -0.509800
vn -0.554800 0.625900 -0.548200
vn -0.633600 0.471300 -0.613500
vn -0.554900 0.506700 -0.659800
vn -0.555000 0.368100 -0.745900
vn -0.633800 0.200400 -0.747100
vn -0.555100 0.215400 -0.803400
vn -0.555100 0.054400 -0.830000
vn -0.633800 -0.101000 -0.766900
vn -0.555100 -0.108600 -0.824700
vn -0.555100 -0.267500 -0.787600
vn -0.633700 -0.387100 -0.669800
vn -0.633600 -0.510500 -0.581400
vn -0.554900 -0.548800 -0.625200
vn -0.633400 -0.614200 -0.470600
vn -0.554600 -0.746600 -0.367500
vn -0.633000 -0.772600 -0.049900
vn -0.554200 -0.830600 -0.053900
vn -0.554100 -0.825300 0.109300
vn -0.553800 -0.788200 0.268200
vn -0.553500 -0.625800 0.549500
vn -0.632200 -0.471300 0.614900
vn -0.553300 -0.215400 0.804700
vn -0.553200 -0.054500 0.831200
vn -0.469100 -0.057700 0.881200
vn -0.469200 -0.228400 0.853100
vn -0.469300 0.441300 0.764900
vn -0.469400 0.581900 0.664100
vn -0.289400 0.955200 0.062900
vn -0.470400 0.835800 -0.283200
vn -0.470600 0.764400 -0.440800
vn -0.290000 0.828900 -0.478300
vn -0.382300 0.695000 -0.609000
vn -0.382500 0.408800 -0.828600
vn -0.471000 0.390300 -0.791100
vn -0.290400 0.423300 -0.858200
vn -0.471100 0.228400 -0.852000
vn -0.290500 0.247700 -0.924300
vn -0.382600 -0.297100 -0.874900
vn -0.382400 -0.609500 -0.694500
vn -0.290200 -0.631100 -0.719300
vn -0.382200 -0.733300 -0.562300
vn -0.470700 -0.700200 -0.536800
vn -0.470600 -0.791600 -0.389800
vn -0.381700 -0.922300 -0.060000
vn -0.470000 -0.875100 0.115700
vn -0.288900 -0.828900 0.478900
vn -0.288700 -0.719700 0.631500
vn -0.469300 -0.537300 0.700700
vn -0.469200 -0.390400 0.792100
vn -0.288500 -0.423400 0.858800
vn -0.288400 -0.062600 0.955500
vn -0.288400 0.124900 0.949300
vn -0.193400 -0.064200 0.979000
vn -0.193400 -0.253900 0.947700
vn -0.096600 0.129900 0.986800
vn -0.193800 0.778200 0.597300
vn -0.097100 0.789600 0.606000
vn -0.194000 0.879700 0.434000
vn -0.195100 0.849500 -0.490200
vn -0.098200 0.861900 -0.497500
vn -0.098400 0.748200 -0.656100
vn -0.098800 0.065100 -0.993000
vn -0.098900 -0.129900 -0.986600
vn -0.195600 -0.315300 -0.928600
vn -0.195500 -0.490400 -0.849300
vn -0.195400 -0.646700 -0.737300
vn -0.098600 -0.656200 -0.748100
vn -0.098400 -0.789500 -0.605700
vn -0.195000 -0.879700 -0.433600
vn -0.194800 -0.947500 -0.253600
vn -0.194100 -0.928800 0.315500
vn -0.097000 -0.748200 0.656300
vn -0.096900 -0.605900 0.789700
vn 0.001100 -0.065400 0.997900
vn 0.001100 0.321400 0.946900
vn 0.098800 0.129900 0.986600
vn 0.098500 0.656200 0.748100
vn 0.000900 0.659300 0.751800
vn 0.195300 0.646700 0.737300
vn 0.195400 0.490400 0.849300
vn 0.195500 0.315300 0.928600
vn 0.098200 0.892600 0.440100
vn 0.193500 0.433800 -0.880000
vn 0.193500 0.253900 -0.947700
vn 0.193400 0.064100 -0.979000
vn -0.001000 -0.321400 -0.946900
vn 0.193600 -0.490500 -0.849700
vn -0.000800 -0.659300 -0.751800
vn 0.193700 -0.646700 -0.737700
vn 0.097100 -0.789500 -0.606000
vn -0.000700 -0.793300 -0.608800
vn 0.193800 -0.778200 -0.597400
vn 0.194700 -0.972500 0.127800
vn 0.000600 -0.866000 0.500000
vn 0.195000 -0.849500 0.490200
vn 0.098500 -0.748300 0.656100
vn 0.098600 -0.605900 0.789400
vn 0.000900 -0.608800 0.793400
vn 0.195500 -0.433800 0.879500
vn 0.195600 -0.064200 0.978600
vn 0.290500 0.124900 0.948700
vn 0.290500 0.307700 0.906100
vn 0.290400 0.478600 0.828600
vn 0.382600 0.297100 0.874800
vn 0.382000 0.829000 0.408400
vn 0.289500 0.955100 0.062300
vn 0.381600 0.922400 0.060000
vn 0.381400 0.916400 -0.121100
vn 0.381200 0.875300 -0.297600
vn 0.380900 0.695000 -0.609900
vn 0.288500 0.423300 -0.858800
vn 0.288300 0.062600 -0.955500
vn 0.380600 0.060500 -0.922800
vn 0.288300 -0.124900 -0.949300
vn 0.380600 -0.120600 -0.916900
vn 0.381400 -0.892800 -0.239700
vn 0.289800 -0.906400 0.307400
vn 0.289900 -0.829000 0.478300
vn 0.290200 -0.582700 0.759100
vn 0.382400 -0.562700 0.732900
vn 0.382600 -0.060500 0.921900
vn 0.471000 -0.390400 0.791000
vn 0.471100 0.283700 0.835200
vn 0.555100 0.108600 0.824700
vn 0.555000 0.267600 0.787600
vn 0.554900 0.548800 0.625200
vn 0.470900 0.581900 0.663100
vn 0.554800 0.660400 0.506100
vn 0.470500 0.791600 0.389800
vn 0.469800 0.835800 -0.284200
vn 0.469600 0.764400 -0.441800
vn 0.553600 0.625800 -0.549500
vn 0.553500 0.506700 -0.661000
vn 0.469200 0.390400 -0.792100
vn 0.553300 0.368200 -0.747200
vn 0.469200 0.228400 -0.853100
vn 0.553200 0.215400 -0.804700
vn 0.553200 0.054400 -0.831300
vn 0.469200 -0.115200 -0.875600
vn 0.553300 -0.267600 -0.788900
vn 0.553300 -0.416200 -0.721500
vn 0.553700 -0.548500 -0.626600
vn 0.554500 -0.788200 0.266900
vn 0.470600 -0.764400 0.440800
vn 0.554800 -0.625800 0.548200
vn 0.471000 -0.537300 0.699700
vn 0.554900 -0.506700 0.659800
vn 0.555000 -0.368200 0.745900
vn 0.633600 -0.471300 0.613600
vn 0.706400 -0.183400 0.683700
vn 0.706400 0.092500 0.701800
vn 0.706400 0.227800 0.670200
vn 0.705900 0.635500 0.312600
vn 0.705300 0.671000 -0.228500
vn 0.632400 0.670500 -0.387900
vn 0.705000 0.532800 -0.468100
vn 0.632100 0.200400 -0.748600
vn 0.632000 0.050600 -0.773300
vn 0.704800 0.046300 -0.707900
vn 0.632100 -0.101100 -0.768300
vn 0.704800 -0.092500 -0.703400
vn 0.632100 -0.248800 -0.733900
vn 0.704800 -0.227800 -0.671900
vn 0.632200 -0.387100 -0.671200
vn 0.632400 -0.614300 -0.472000
vn 0.632500 -0.694400 -0.343100
vn 0.632600 -0.747900 -0.201100
vn 0.632800 -0.772600 -0.051300
vn 0.705500 -0.707100 -0.047100
vn 0.633000 -0.767600 0.100300
vn 0.633200 -0.733100 0.248100
vn 0.705800 -0.671100 0.227000
vn 0.772000 -0.478300 0.418600
vn 0.772100 -0.281400 0.569800
vn 0.830600 -0.144400 0.537800
vn 0.830600 -0.246700 0.499200
vn 0.830600 -0.036500 0.555600
vn 0.772200 0.083100 0.629900
vn 0.830600 0.179300 0.527200
vn 0.830600 0.278800 0.482000
vn 0.771900 0.504800 0.386400
vn 0.830400 0.442400 0.338600
vn 0.771600 0.634900 0.040700
vn 0.771300 0.602500 -0.205300
vn 0.771100 0.478300 -0.420400
vn 0.829600 0.419300 -0.368700
vn 0.771000 0.387300 -0.505600
vn 0.829600 0.339500 -0.443400
vn 0.829500 0.246700 -0.501100
vn 0.770800 0.041600 -0.635800
vn 0.770800 -0.083000 -0.631700
vn 0.829500 -0.072800 -0.553800
vn 0.829500 -0.278800 -0.483900
vn 0.771100 -0.504800 -0.388200
vn 0.829700 -0.442500 -0.340400
vn 0.829800 -0.500100 -0.247600
vn 0.771300 -0.614500 -0.165500
vn 0.829900 -0.538600 -0.145300
vn 0.771500 -0.634900 -0.042400
vn 0.830100 -0.552900 0.071800
vn 0.830400 -0.482900 0.277900
vn 0.830500 -0.419300 0.366800
vn 0.881000 -0.356300 0.311400
vn 0.881100 -0.209500 0.423900
vn 0.881200 -0.122600 0.456600
vn 0.881200 -0.031000 0.471700
vn 0.923200 -0.025200 0.383400
vn 0.881200 0.061900 0.468700
vn 0.881100 0.152300 0.447700
vn 0.923200 0.123900 0.363800
vn 0.923200 0.192700 0.332600
vn 0.881000 0.312400 0.355200
vn 0.923100 0.254000 0.288600
vn 0.880900 0.424900 0.208600
vn 0.922700 0.382000 -0.051400
vn 0.922600 0.364900 -0.124900
vn 0.922600 0.333600 -0.193700
vn 0.922500 0.289600 -0.255100
vn 0.880200 0.288400 -0.376900
vn 0.880200 0.209600 -0.425900
vn 0.922400 0.170500 -0.346600
vn 0.880100 0.030900 -0.473700
vn 0.880100 -0.061900 -0.470700
vn 0.922400 -0.050300 -0.383100
vn 0.880100 -0.152300 -0.449600
vn 0.922400 -0.123900 -0.365900
vn 0.922500 -0.254000 -0.290700
vn 0.922600 -0.345600 -0.171500
vn 0.922700 -0.372200 -0.100800
vn 0.880600 -0.472800 -0.032000
vn 0.922800 -0.384500 -0.026300
vn 0.880800 -0.469600 0.061200
vn 0.922900 -0.364800 0.122800
vn 0.923000 -0.333700 0.191600
vn 0.923100 -0.289700 0.253000
vn 0.956300 -0.253800 0.145400
vn 0.956200 -0.277500 0.093200
vn 0.956300 -0.220400 0.192100
vn 0.956300 -0.178400 0.231500
vn 0.980300 -0.148900 0.129400
vn 0.980400 -0.087600 0.176500
vn 0.956400 -0.075900 0.282100
vn 0.980400 -0.051200 0.190200
vn 0.980400 -0.012900 0.196500
vn 0.980400 0.025800 0.195200
vn 0.956400 0.094200 0.276400
vn 0.980400 0.063700 0.186400
vn 0.956400 0.146500 0.252700
vn 0.956300 0.193200 0.219300
vn 0.980400 0.130500 0.147900
vn 0.995000 0.066400 0.075000
vn 0.995000 0.050400 0.086500
vn 0.995000 0.032600 0.094500
vn 0.995000 0.080100 0.060400
vn 0.980300 0.177500 0.086700
vn 0.956200 0.262900 0.128500
vn 0.994900 0.090700 0.043400
vn 0.980200 0.191300 0.050100
vn 0.980200 0.197600 0.011900
vn 0.956100 0.292400 0.018100
vn 0.994900 0.100800 0.005700
vn 0.956000 0.290600 -0.039400
vn 0.980100 0.187500 -0.064800
vn 0.956000 0.277500 -0.095300
vn 0.994900 0.095600 -0.033700
vn 0.980100 0.171500 -0.100200
vn 0.955900 0.253800 -0.147700
vn 0.994800 0.087400 -0.051900
vn 0.980000 0.149000 -0.131600
vn 0.955900 0.220400 -0.194300
vn 0.994800 0.076000 -0.067700
vn 0.980000 0.120600 -0.158100
vn 0.955800 0.178500 -0.233600
vn 0.994800 0.061600 -0.081200
vn 0.980000 0.087800 -0.178600
vn 0.955800 0.129600 -0.264000
vn 0.994800 0.044700 -0.091700
vn 0.980000 0.051300 -0.192400
vn 0.955800 0.075900 -0.284200
vn 0.994800 0.026400 -0.098600
vn 0.980000 0.013000 -0.198700
vn 0.955800 0.019200 -0.293500
vn 0.994800 0.006700 -0.101900
vn 0.980000 -0.025800 -0.197400
vn 0.955800 -0.038200 -0.291700
vn 0.994800 -0.013200 -0.101200
vn 0.980000 -0.063600 -0.188600
vn 0.955800 -0.094300 -0.278600
vn 0.994800 -0.032400 -0.096800
vn 0.955800 -0.146600 -0.254900
vn 0.994800 -0.050700 -0.088500
vn 0.955800 -0.193200 -0.221400
vn 0.994800 -0.066600 -0.077100
vn 0.980100 -0.157100 -0.121600
vn 0.994800 -0.080200 -0.062600
vn 0.955900 -0.262800 -0.130700
vn 0.994800 -0.090700 -0.045700
vn 0.994900 -0.097600 -0.027100
vn 0.956100 -0.292500 -0.020300
vn 0.994900 -0.100800 -0.007900
vn 0.980200 -0.196300 0.024800
vn 0.956100 -0.290600 0.037200
vn 0.994900 -0.100100 0.012000
vn 0.980300 -0.187500 0.062700
vn 0.994900 -0.095600 0.031500
vn 0.980300 -0.171600 0.097900
vn 0.994900 -0.087500 0.049400
vn 0.995000 0.013100 0.099100
vn 0.995000 -0.006500 0.099700
vn 0.995000 -0.025900 0.096500
vn 0.995000 -0.044700 0.089500
vn -0.880100 0.061900 0.470700
vn -0.880100 -0.031000 0.473800
vn -0.880200 0.236800 0.411300
vn -0.922400 0.050300 0.383000
vn -0.880300 0.312400 0.357200
vn -0.922600 0.345600 0.171500
vn -0.880500 0.457700 0.123600
vn -0.922700 0.372200 0.100800
vn -0.880600 0.472800 0.032000
vn -0.922800 0.384500 0.026300
vn -0.880700 0.469800 -0.060800
vn -0.922800 0.382000 -0.049200
vn -0.922900 0.364800 -0.122900
vn -0.923000 0.333700 -0.191700
vn -0.923100 0.289700 -0.253000
vn -0.923100 0.234600 -0.304600
vn -0.881100 0.209500 -0.423900
vn -0.923200 0.170400 -0.344500
vn -0.881200 0.122600 -0.456600
vn -0.923200 0.099700 -0.371100
vn -0.881200 0.031000 -0.471700
vn -0.923200 0.025200 -0.383400
vn -0.881200 -0.061800 -0.468700
vn -0.923200 -0.050300 -0.381000
vn -0.881100 -0.152300 -0.447700
vn -0.923200 -0.192700 -0.332600
vn -0.923100 -0.254100 -0.288600
vn -0.923000 -0.305700 -0.233500
vn -0.880700 -0.472700 -0.030000
vn -0.880500 -0.448600 0.153200
vn -0.922700 -0.364900 0.124900
vn -0.922600 -0.333600 0.193700
vn -0.880300 -0.356200 0.313400
vn -0.922500 -0.289600 0.255100
vn -0.880200 -0.288400 0.376900
vn -0.922500 -0.234600 0.306700
vn -0.880200 -0.209600 0.425900
vn -0.922400 -0.025200 0.385500
vn -0.955800 -0.075900 0.284200
vn -0.955800 0.038300 0.291700
vn -0.955800 0.094200 0.278600
vn -0.980000 0.063600 0.188600
vn -0.955800 0.146600 0.254900
vn -0.980000 0.130600 0.150000
vn -0.980100 0.157100 0.121700
vn -0.956000 0.283100 0.076900
vn -0.980100 0.191300 0.052300
vn -0.956100 0.292400 0.020300
vn -0.980200 0.197600 0.014100
vn -0.980200 0.196300 -0.024700
vn -0.956200 0.277500 -0.093200
vn -0.980300 0.187500 -0.062700
vn -0.956200 0.253800 -0.145500
vn -0.956300 0.220400 -0.192200
vn -0.980300 0.148900 -0.129400
vn -0.980400 0.120600 -0.156000
vn -0.956400 0.129600 -0.261800
vn -0.980400 0.087600 -0.176500
vn -0.956400 0.075900 -0.282100
vn -0.980400 0.051200 -0.190200
vn -0.956400 0.019200 -0.291400
vn -0.980400 0.012900 -0.196500
vn -0.980400 -0.025900 -0.195200
vn -0.956400 -0.094200 -0.276400
vn -0.956400 -0.146500 -0.252700
vn -0.980400 -0.098900 -0.170500
vn -0.980400 -0.130500 -0.147800
vn -0.956300 -0.232500 -0.177400
vn -0.980300 -0.157100 -0.119500
vn -0.956200 -0.262900 -0.128500
vn -0.980300 -0.177500 -0.086700
vn -0.980300 -0.191300 -0.050100
vn -0.956100 -0.292500 -0.018200
vn -0.980200 -0.197600 -0.011900
vn -0.956000 -0.290600 0.039400
vn -0.980200 -0.196300 0.026900
vn -0.980100 -0.187500 0.064800
vn -0.955900 -0.253800 0.147700
vn -0.980100 -0.171500 0.100300
vn -0.955900 -0.220400 0.194300
vn -0.980000 -0.149000 0.131600
vn -0.955800 -0.178500 0.233600
vn -0.980000 -0.120600 0.158100
vn -0.955800 -0.129600 0.264000
vn -0.980000 -0.087500 0.178700
vn -0.980000 -0.051300 0.192400
vn -0.994800 -0.026400 0.098600
vn -0.994800 -0.044700 0.091700
vn -0.994800 -0.006700 0.101900
vn -0.994800 0.013200 0.101300
vn -0.995000 -0.032500 -0.094600
vn -0.995000 -0.050400 -0.086500
vn -0.994800 0.066600 0.077100
vn -0.994800 0.050700 0.088500
vn -0.994800 0.032400 0.096800
vn -0.994800 -0.061600 0.081200
vn -0.994800 -0.076000 0.067700
vn -0.994800 -0.087400 0.051900
vn -0.994800 -0.095900 0.033400
vn -0.994900 -0.100200 0.014200
vn -0.994900 -0.100800 -0.005700
vn -0.994900 -0.097700 -0.024900
vn -0.994900 -0.090700 -0.043300
vn -0.995000 -0.080100 -0.060400
vn -0.995000 0.006500 -0.099700
vn -0.995000 0.044700 -0.089500
vn -0.995000 0.061600 -0.079000
vn -0.994900 0.087500 -0.049400
vn -0.994900 0.095600 -0.031600
vn -0.994900 0.100200 -0.011900
vn -0.994900 0.100800 0.007800
vn -0.994900 0.097600 0.027100
vn -0.994800 0.090600 0.045800
usemtl archipelago_logo
f 4/3262/1 1/3263/2 2/3264/3
f 4/3262/1 2/3264/3 96/3265/4
f 1/3263/2 3/3266/5 834/3267/6
f 1/3263/2 834/3267/6 2/3264/3
f 5/3268/7 6/3269/8 3/3266/5
f 5/3268/7 3/3266/5 1/3263/2
f 7/3270/9 5/3268/7 1/3263/2
f 7/3270/9 1/3263/2 4/3262/1
f 8/3271/10 9/3272/11 6/3269/8
f 8/3271/10 6/3269/8 5/3268/7
f 10/3273/12 8/3271/10 5/3268/7
f 10/3273/12 5/3268/7 7/3270/9
f 11/3274/13 12/3275/14 9/3272/11
f 11/3274/13 9/3272/11 8/3271/10
f 13/3276/15 11/3274/13 8/3271/10
f 13/3276/15 8/3271/10 10/3273/12
f 14/3277/16 15/3278/17 12/3275/14
f 14/3277/16 12/3275/14 11/3274/13
f 16/3279/18 14/3277/16 11/3274/13
f 16/3279/18 11/3274/13 13/3276/15
f 17/3280/19 18/3281/20 15/3278/17
f 17/3280/19 15/3278/17 14/3277/16
f 19/3282/21 17/3280/19 14/3277/16
f 19/3282/21 14/3277/16 16/3279/18
f 20/3283/22 21/3284/23 18/3281/20
f 20/3283/22 18/3281/20 17/3280/19
f 22/3285/24 20/3283/22 17/3280/19
f 22/3285/24 17/3280/19 19/3282/21
f 23/3286/25 24/3287/26 21/3284/23
f 23/3286/25 21/3284/23 20/3283/22
f 25/3288/27 23/3286/25 20/3283/22
f 25/3288/27 20/3283/22 22/3285/24
f 26/3289/28 27/3290/29 24/3287/26
f 26/3289/28 24/3287/26 23/3286/25
f 28/3291/30 26/3289/28 23/3286/25
f 28/3291/30 23/3286/25 25/3288/27
f 29/3292/31 30/3293/32 27/3294/29
f 29/3292/31 27/3294/29 26/3295/28
f 31/3296/33 29/3292/31 26/3295/28
f 31/3296/33 26/3295/28 28/3297/30
f 32/3298/34 33/3299/35 30/3293/32
f 32/3298/34 30/3293/32 29/3292/31
f 34/3300/36 32/3298/34 29/3292/31
f 34/3300/36 29/3292/31 31/3296/33
f 35/3301/37 36/3302/38 33/3299/35
f 35/3301/37 33/3299/35 32/3298/34
f 37/3303/39 35/3301/37 32/3298/34
f 37/3303/39 32/3298/34 34/3300/36
f 38/3304/40 39/3305/41 36/3302/38
f 38/3304/40 36/3302/38 35/3301/37
f 40/3306/42 38/3304/40 35/3301/37
f 40/3306/42 35/3301/37 37/3303/39
f 41/3307/43 42/3308/44 39/3305/41
f 41/3307/43 39/3305/41 38/3304/40
f 43/3309/45 41/3307/43 38/3304/40
f 43/3309/45 38/3304/40 40/3306/42
f 44/3310/46 45/3311/47 42/3308/44
f 44/3310/46 42/3308/44 41/3307/43
f 46/3312/48 44/3310/46 41/3307/43
f 46/3312/48 41/3307/43 43/3309/45
f 47/3313/49 48/3314/50 45/3311/47
f 47/3313/49 45/3311/47 44/3310/46
f 49/3315/51 47/3313/49 44/3310/46
f 49/3315/51 44/3310/46 46/3312/48
f 50/3316/52 51/3317/53 48/3314/50
f 50/3316/52 48/3314/50 47/3313/49
f 52/3318/54 50/3316/52 47/3313/49
f 52/3318/54 47/3313/49 49/3315/51
f 53/3319/55 54/3320/56 51/3317/53
f 53/3319/55 51/3317/53 50/3316/52
f 55/3321/57 53/3319/55 50/3316/52
f 55/3321/57 50/3316/52 52/3318/54
f 56/3322/58 57/3323/59 54/3320/56
f 56/3322/58 54/3320/56 53/3319/55
f 58/3324/60 56/3322/58 53/3319/55
f 58/3324/60 53/3319/55 55/3321/57
f 59/3325/61 60/3326/62 57/3323/59
f 59/3325/61 57/3323/59 56/3322/58
f 61/3327/63 59/3325/61 56/3322/58
f 61/3327/63 56/3322/58 58/3324/60
f 62/3328/64 63/3329/65 60/3326/62
f 62/3328/64 60/3326/62 59/3325/61
f 64/3330/66 62/3328/64 59/3325/61
f 64/3330/66 59/3325/61 61/3327/63
f 65/3331/67 66/3332/68 63/3329/65
f 65/3331/67 63/3329/65 62/3328/64
f 67/3333/69 65/3331/67 62/3328/64
f 67/3333/69 62/3328/64 64/3330/66
f 68/3334/70 69/3335/71 66/3332/68
f 68/3334/70 66/3332/68 65/3331/67
f 70/3336/72 68/3334/70 65/3331/67
f 70/3336/72 65/3331/67 67/3333/69
f 71/3337/73 72/3338/74 69/3335/71
f 71/3337/73 69/3335/71 68/3334/70
f 73/3339/75 71/3337/73 68/3334/70
f 73/3339/75 68/3334/70 70/3336/72
f 74/3340/76 75/3341/77 72/3338/74
f 74/3340/76 72/3338/74 71/3337/73
f 76/3342/78 74/3340/76 71/3337/73
f 76/3342/78 71/3337/73 73/3339/75
f 77/3343/79 78/3344/80 75/3341/77
f 77/3343/79 75/3341/77 74/3340/76
f 79/3345/81 77/3343/79 74/3340/76
f 79/3345/81 74/3340/76 76/3342/78
f 80/3346/82 81/3347/83 78/3344/80
f 80/3346/82 78/3344/80 77/3343/79
f 82/3348/84 80/3346/82 77/3343/79
f 82/3348/84 77/3343/79 79/3345/81
f 83/3349/85 84/3350/86 81/3347/83
f 83/3349/85 81/3347/83 80/3346/82
f 85/3351/87 83/3349/85 80/3346/82
f 85/3351/87 80/3346/82 82/3348/84
f 86/3352/88 87/3353/89 84/3350/86
f 86/3352/88 84/3350/86 83/3349/85
f 88/3354/90 86/3352/88 83/3349/85
f 88/3354/90 83/3349/85 85/3351/87
f 89/3355/91 90/3356/92 87/3353/89
f 89/3355/91 87/3353/89 86/3352/88
f 91/3357/93 89/3355/91 86/3352/88
f 91/3357/93 86/3352/88 88/3354/90
f 92/3358/94 93/3359/95 90/3356/92
f 92/3358/94 90/3356/92 89/3355/91
f 94/3360/96 92/3358/94 89/3355/91
f 94/3360/96 89/3355/91 91/3357/93
f 2/3264/3 834/3267/6 93/3359/95
f 2/3264/3 93/3359/95 92/3358/94
f 96/3265/4 2/3264/3 92/3358/94
f 96/3265/4 92/3358/94 94/3360/96
f 95/3361/97 94/3360/96 91/3357/93
f 95/3361/97 91/3357/93 157/3362/98
f 97/3363/99 96/3265/4 94/3360/96
f 97/3363/99 94/3360/96 95/3361/97
f 99/3364/100 4/3262/1 96/3265/4
f 99/3364/100 96/3265/4 97/3363/99
f 98/3365/101 97/3363/99 95/3361/97
f 98/3365/101 95/3361/97 160/3366/102
f 100/3367/103 99/3364/100 97/3363/99
f 100/3367/103 97/3363/99 98/3365/101
f 101/3368/104 7/3270/9 4/3262/1
f 101/3368/104 4/3262/1 99/3364/100
f 102/3369/105 101/3368/104 99/3364/100
f 102/3369/105 99/3364/100 100/3367/103
f 103/3370/106 10/3273/12 7/3270/9
f 103/3370/106 7/3270/9 101/3368/104
f 104/3371/107 103/3370/106 101/3368/104
f 104/3371/107 101/3368/104 102/3369/105
f 105/3372/108 13/3276/15 10/3273/12
f 105/3372/108 10/3273/12 103/3370/106
f 106/3373/109 105/3372/108 103/3370/106
f 106/3373/109 103/3370/106 104/3371/107
f 107/3374/110 16/3279/18 13/3276/15
f 107/3374/110 13/3276/15 105/3372/108
f 108/3375/111 107/3374/110 105/3372/108
f 108/3375/111 105/3372/108 106/3373/109
f 109/3376/112 19/3282/21 16/3279/18
f 109/3376/112 16/3279/18 107/3374/110
f 110/3377/113 109/3376/112 107/3374/110
f 110/3377/113 107/3374/110 108/3375/111
f 111/3378/114 22/3285/24 19/3282/21
f 111/3378/114 19/3282/21 109/3376/112
f 112/3379/115 111/3378/114 109/3376/112
f 112/3379/115 109/3376/112 110/3377/113
f 113/3380/116 25/3288/27 22/3285/24
f 113/3380/116 22/3285/24 111/3378/114
f 114/3381/117 113/3380/116 111/3378/114
f 114/3381/117 111/3378/114 112/3379/115
f 115/3382/118 28/3291/30 25/3288/27
f 115/3382/118 25/3288/27 113/3380/116
f 116/3383/119 115/3382/118 113/3380/116
f 116/3383/119 113/3380/116 114/3381/117
f 117/3384/120 31/3296/33 28/3297/30
f 117/3384/120 28/3297/30 115/3385/118
f 118/3386/121 117/3384/120 115/3385/118
f 118/3386/121 115/3385/118 116/3387/119
f 119/3388/122 34/3300/36 31/3296/33
f 119/3388/122 31/3296/33 117/3384/120
f 120/3389/123 119/3388/122 117/3384/120
f 120/3389/123 117/3384/120 118/3386/121
f 121/3390/124 37/3303/39 34/3300/36
f 121/3390/124 34/3300/36 119/3388/122
f 122/3391/125 121/3390/124 119/3388/122
f 122/3391/125 119/3388/122 120/3389/123
f 123/3392/126 40/3306/42 37/3303/39
f 123/3392/126 37/3303/39 121/3390/124
f 124/3393/127 123/3392/126 121/3390/124
f 124/3393/127 121/3390/124 122/3391/125
f 125/3394/128 43/3309/45 40/3306/42
f 125/3394/128 40/3306/42 123/3392/126
f 126/3395/129 125/3394/128 123/3392/126
f 126/3395/129 123/3392/126 124/3393/127
f 127/3396/130 46/3312/48 43/3309/45
f 127/3396/130 43/3309/45 125/3394/128
f 128/3397/131 127/3396/130 125/3394/128
f 128/3397/131 125/3394/128 126/3395/129
f 129/3398/132 49/3315/51 46/3312/48
f 129/3398/132 46/3312/48 127/3396/130
f 130/3399/133 129/3398/132 127/3396/130
f 130/3399/133 127/3396/130 128/3397/131
f 131/3400/134 52/3318/54 49/3315/51
f 131/3400/134 49/3315/51 129/3398/132
f 132/3401/135 131/3400/134 129/3398/132
f 132/3401/135 129/3398/132 130/3399/133
f 133/3402/136 55/3321/57 52/3318/54
f 133/3402/136 52/3318/54 131/3400/134
f 134/3403/137 133/3402/136 131/3400/134
f 134/3403/137 131/3400/134 132/3401/135
f 135/3404/138 58/3324/60 55/3321/57
f 135/3404/138 55/3321/57 133/3402/136
f 136/3405/139 135/3404/138 133/3402/136
f 136/3405/139 133/3402/136 134/3403/137
f 137/3406/140 61/3327/63 58/3324/60
f 137/3406/140 58/3324/60 135/3404/138
f 138/3407/141 137/3406/140 135/3404/138
f 138/3407/141 135/3404/138 136/3405/139
f 139/3408/142 64/3330/66 61/3327/63
f 139/3408/142 61/3327/63 137/3406/140
f 140/3409/143 139/3408/142 137/3406/140
f 140/3409/143 137/3406/140 138/3407/141
f 141/3410/144 67/3333/69 64/3330/66
f 141/3410/144 64/3330/66 139/3408/142
f 142/3411/145 141/3410/144 139/3408/142
f 142/3411/145 139/3408/142 140/3409/143
f 143/3412/146 70/3336/72 67/3333/69
f 143/3412/146 67/3333/69 141/3410/144
f 144/3413/147 143/3412/146 141/3410/144
f 144/3413/147 141/3410/144 142/3411/145
f 145/3414/148 73/3339/75 70/3336/72
f 145/3414/148 70/3336/72 143/3412/146
f 146/3415/149 145/3414/148 143/3412/146
f 146/3415/149 143/3412/146 144/3413/147
f 147/3416/150 76/3342/78 73/3339/75
f 147/3416/150 73/3339/75 145/3414/148
f 148/3417/151 147/3416/150 145/3414/148
f 148/3417/151 145/3414/148 146/3415/149
f 149/3418/152 79/3345/81 76/3342/78
f 149/3418/152 76/3342/78 147/3416/150
f 150/3419/153 149/3418/152 147/3416/150
f 150/3419/153 147/3416/150 148/3417/151
f 151/3420/154 82/3348/84 79/3345/81
f 151/3420/154 79/3345/81 149/3418/152
f 152/3421/155 151/3420/154 149/3418/152
f 152/3421/155 149/3418/152 150/3419/153
f 153/3422/156 85/3351/87 82/3348/84
f 153/3422/156 82/3348/84 151/3420/154
f 154/3423/157 153/3422/156 151/3420/154
f 154/3423/157 151/3420/154 152/3421/155
f 155/3424/158 88/3354/90 85/3351/87
f 155/3424/158 85/3351/87 153/3422/156
f 156/3425/159 155/3424/158 153/3422/156
f 156/3425/159 153/3422/156 154/3423/157
f 157/3362/98 91/3357/93 88/3354/90
f 157/3362/98 88/3354/90 155/3424/158
f 158/3426/160 157/3362/98 155/3424/158
f 158/3426/160 155/3424/158 156/3425/159
f 160/3366/102 95/3361/97 157/3362/98
f 160/3366/102 157/3362/98 158/3426/160
f 159/3427/161 158/3426/160 156/3425/159
f 159/3427/161 156/3425/159 250/3428/162
f 161/3429/163 160/3366/102 158/3426/160
f 161/3429/163 158/3426/160 159/3427/161
f 163/3430/164 98/3365/101 160/3366/102
f 163/3430/164 160/3366/102 161/3429/163
f 162/3431/165 161/3429/163 159/3427/161
f 162/3431/165 159/3427/161 252/3432/166
f 164/3433/167 163/3430/164 161/3429/163
f 164/3433/167 161/3429/163 162/3431/165
f 165/3434/168 100/3367/103 98/3365/101
f 165/3434/168 98/3365/101 163/3430/164
f 167/3435/169 165/3434/168 163/3430/164
f 167/3435/169 163/3430/164 164/3433/167
f 166/3436/170 102/3369/105 100/3367/103
f 166/3436/170 100/3367/103 165/3434/168
f 169/3437/171 166/3436/170 165/3434/168
f 169/3437/171 165/3434/168 167/3435/169
f 170/3438/172 169/3437/171 167/3435/169
f 170/3438/172 167/3435/169 168/3439/173
f 168/3439/173 167/3435/169 164/3433/167
f 168/3439/173 164/3433/167 257/3440/174
f 171/3441/175 172/3442/176 166/3436/170
f 171/3441/175 166/3436/170 169/3437/171
f 173/3443/177 171/3441/175 169/3437/171
f 173/3443/177 169/3437/171 170/3438/172
f 174/3444/178 175/3445/179 172/3442/176
f 174/3444/178 172/3442/176 171/3441/175
f 176/3446/180 174/3444/178 171/3441/175
f 176/3446/180 171/3441/175 173/3443/177
f 177/3447/181 178/3448/182 175/3445/179
f 177/3447/181 175/3445/179 174/3444/178
f 179/3449/183 177/3447/181 174/3444/178
f 179/3449/183 174/3444/178 176/3446/180
f 180/3450/184 181/3451/185 178/3448/182
f 180/3450/184 178/3448/182 177/3447/181
f 182/3452/186 180/3450/184 177/3447/181
f 182/3452/186 177/3447/181 179/3449/183
f 183/3453/187 184/3454/188 181/3451/185
f 183/3453/187 181/3451/185 180/3450/184
f 185/3455/189 183/3453/187 180/3450/184
f 185/3455/189 180/3450/184 182/3452/186
f 186/3456/190 187/3457/191 184/3454/188
f 186/3456/190 184/3454/188 183/3453/187
f 188/3458/192 186/3456/190 183/3453/187
f 188/3458/192 183/3453/187 185/3455/189
f 189/3459/193 190/3460/194 187/3457/191
f 189/3459/193 187/3457/191 186/3456/190
f 191/3461/195 189/3459/193 186/3456/190
f 191/3461/195 186/3456/190 188/3458/192
f 192/3462/196 193/3463/197 190/3464/194
f 192/3462/196 190/3464/194 189/3465/193
f 194/3466/198 192/3462/196 189/3465/193
f 194/3466/198 189/3465/193 191/3467/195
f 195/3468/199 196/3469/200 193/3463/197
f 195/3468/199 193/3463/197 192/3462/196
f 197/3470/201 195/3468/199 192/3462/196
f 197/3470/201 192/3462/196 194/3466/198
f 198/3471/202 199/3472/203 196/3469/200
f 198/3471/202 196/3469/200 195/3468/199
f 200/3473/204 198/3471/202 195/3468/199
f 200/3473/204 195/3468/199 197/3470/201
f 201/3474/205 202/3475/206 199/3472/203
f 201/3474/205 199/3472/203 198/3471/202
f 203/3476/207 201/3474/205 198/3471/202
f 203/3476/207 198/3471/202 200/3473/204
f 204/3477/208 205/3478/209 202/3475/206
f 204/3477/208 202/3475/206 201/3474/205
f 206/3479/210 204/3477/208 201/3474/205
f 206/3479/210 201/3474/205 203/3476/207
f 207/3480/211 208/3481/212 205/3478/209
f 207/3480/211 205/3478/209 204/3477/208
f 209/3482/213 207/3480/211 204/3477/208
f 209/3482/213 204/3477/208 206/3479/210
f 210/3483/214 211/3484/215 208/3481/212
f 210/3483/214 208/3481/212 207/3480/211
f 212/3485/216 210/3483/214 207/3480/211
f 212/3485/216 207/3480/211 209/3482/213
f 213/3486/217 214/3487/218 211/3484/215
f 213/3486/217 211/3484/215 210/3483/214
f 215/3488/219 213/3486/217 210/3483/214
f 215/3488/219 210/3483/214 212/3485/216
f 216/3489/220 217/3490/221 214/3487/218
f 216/3489/220 214/3487/218 213/3486/217
f 218/3491/222 216/3489/220 213/3486/217
f 218/3491/222 213/3486/217 215/3488/219
f 219/3492/223 220/3493/224 217/3490/221
f 219/3492/223 217/3490/221 216/3489/220
f 221/3494/225 219/3492/223 216/3489/220
f 221/3494/225 216/3489/220 218/3491/222
f 222/3495/226 223/3496/227 220/3493/224
f 222/3495/226 220/3493/224 219/3492/223
f 224/3497/228 222/3495/226 219/3492/223
f 224/3497/228 219/3492/223 221/3494/225
f 225/3498/229 226/3499/230 223/3496/227
f 225/3498/229 223/3496/227 222/3495/226
f 227/3500/231 225/3498/229 222/3495/226
f 227/3500/231 222/3495/226 224/3497/228
f 228/3501/232 229/3502/233 226/3499/230
f 228/3501/232 226/3499/230 225/3498/229
f 230/3503/234 228/3501/232 225/3498/229
f 230/3503/234 225/3498/229 227/3500/231
f 231/3504/235 232/3505/236 229/3502/233
f 231/3504/235 229/3502/233 228/3501/232
f 233/3506/237 231/3504/235 228/3501/232
f 233/3506/237 228/3501/232 230/3503/234
f 234/3507/238 235/3508/239 232/3505/236
f 234/3507/238 232/3505/236 231/3504/235
f 236/3509/240 234/3507/238 231/3504/235
f 236/3509/240 231/3504/235 233/3506/237
f 237/3510/241 238/3511/242 235/3508/239
f 237/3510/241 235/3508/239 234/3507/238
f 239/3512/243 237/3510/241 234/3507/238
f 239/3512/243 234/3507/238 236/3509/240
f 240/3513/244 241/3514/245 238/3511/242
f 240/3513/244 238/3511/242 237/3510/241
f 242/3515/246 240/3513/244 237/3510/241
f 242/3515/246 237/3510/241 239/3512/243
f 243/3516/247 244/3517/248 241/3514/245
f 243/3516/247 241/3514/245 240/3513/244
f 245/3518/249 243/3516/247 240/3513/244
f 245/3518/249 240/3513/244 242/3515/246
f 246/3519/250 247/3520/251 244/3517/248
f 246/3519/250 244/3517/248 243/3516/247
f 248/3521/252 246/3519/250 243/3516/247
f 248/3521/252 243/3516/247 245/3518/249
f 249/3522/253 250/3428/162 247/3520/251
f 249/3522/253 247/3520/251 246/3519/250
f 251/3523/254 249/3522/253 246/3519/250
f 251/3523/254 246/3519/250 248/3521/252
f 252/3432/166 159/3427/161 250/3428/162
f 252/3432/166 250/3428/162 249/3522/253
f 253/3524/255 252/3432/166 249/3522/253
f 253/3524/255 249/3522/253 251/3523/254
f 255/3525/256 162/3431/165 252/3432/166
f 255/3525/256 252/3432/166 253/3524/255
f 254/3526/257 253/3524/255 251/3523/254
f 254/3526/257 251/3523/254 316/3527/258
f 256/3528/259 255/3525/256 253/3524/255
f 256/3528/259 253/3524/255 254/3526/257
f 257/3440/174 164/3433/167 162/3431/165
f 257/3440/174 162/3431/165 255/3525/256
f 258/3529/260 257/3440/174 255/3525/256
f 258/3529/260 255/3525/256 256/3528/259
f 260/3530/261 168/3439/173 257/3440/174
f 260/3530/261 257/3440/174 258/3529/260
f 259/3531/262 258/3529/260 256/3528/259
f 259/3531/262 256/3528/259 321/3532/263
f 261/3533/264 260/3530/261 258/3529/260
f 261/3533/264 258/3529/260 259/3531/262
f 262/3534/265 170/3438/172 168/3439/173
f 262/3534/265 168/3439/173 260/3530/261
f 263/3535/266 262/3534/265 260/3530/261
f 263/3535/266 260/3530/261 261/3533/264
f 264/3536/267 173/3443/177 170/3438/172
f 264/3536/267 170/3438/172 262/3534/265
f 265/3537/268 264/3536/267 262/3534/265
f 265/3537/268 262/3534/265 263/3535/266
f 266/3538/269 176/3446/180 173/3443/177
f 266/3538/269 173/3443/177 264/3536/267
f 267/3539/270 266/3538/269 264/3536/267
f 267/3539/270 264/3536/267 265/3537/268
f 268/3540/271 179/3449/183 176/3446/180
f 268/3540/271 176/3446/180 266/3538/269
f 269/3541/272 268/3540/271 266/3538/269
f 269/3541/272 266/3538/269 267/3539/270
f 270/3542/273 182/3452/186 179/3449/183
f 270/3542/273 179/3449/183 268/3540/271
f 271/3543/274 270/3542/273 268/3540/271
f 271/3543/274 268/3540/271 269/3541/272
f 272/3544/275 185/3455/189 182/3452/186
f 272/3544/275 182/3452/186 270/3542/273
f 273/3545/276 272/3544/275 270/3542/273
f 273/3545/276 270/3542/273 271/3543/274
f 274/3546/277 188/3458/192 185/3455/189
f 274/3546/277 185/3455/189 272/3544/275
f 275/3547/278 274/3546/277 272/3544/275
f 275/3547/278 272/3544/275 273/3545/276
f 276/3548/279 191/3461/195 188/3458/192
f 276/3548/279 188/3458/192 274/3546/277
f 277/3549/280 276/3548/279 274/3546/277
f 277/3549/280 274/3546/277 275/3547/278
f 278/3550/281 194/3466/198 191/3467/195
f 278/3550/281 191/3467/195 276/3551/279
f 279/3552/282 278/3550/281 276/3551/279
f 279/3552/282 276/3551/279 277/3553/280
f 280/3554/283 197/3470/201 194/3466/198
f 280/3554/283 194/3466/198 278/3550/281
f 281/3555/284 280/3554/283 278/3550/281
f 281/3555/284 278/3550/281 279/3552/282
f 282/3556/285 200/3473/204 197/3470/201
f 282/3556/285 197/3470/201 280/3554/283
f 283/3557/286 282/3556/285 280/3554/283
f 283/3557/286 280/3554/283 281/3555/284
f 284/3558/287 203/3476/207 200/3473/204
f 284/3558/287 200/3473/204 282/3556/285
f 285/3559/288 284/3558/287 282/3556/285
f 285/3559/288 282/3556/285 283/3557/286
f 286/3560/289 206/3479/210 203/3476/207
f 286/3560/289 203/3476/207 284/3558/287
f 287/3561/290 286/3560/289 284/3558/287
f 287/3561/290 284/3558/287 285/3559/288
f 288/3562/291 209/3482/213 206/3479/210
f 288/3562/291 206/3479/210 286/3560/289
f 289/3563/292 288/3562/291 286/3560/289
f 289/3563/292 286/3560/289 287/3561/290
f 290/3564/293 212/3485/216 209/3482/213
f 290/3564/293 209/3482/213 288/3562/291
f 291/3565/294 290/3564/293 288/3562/291
f 291/3565/294 288/3562/291 289/3563/292
f 292/3566/295 215/3488/219 212/3485/216
f 292/3566/295 212/3485/216 290/3564/293
f 293/3567/296 292/3566/295 290/3564/293
f 293/3567/296 290/3564/293 291/3565/294
f 294/3568/297 218/3491/222 215/3488/219
f 294/3568/297 215/3488/219 292/3566/295
f 295/3569/298 294/3568/297 292/3566/295
f 295/3569/298 292/3566/295 293/3567/296
f 296/3570/299 221/3494/225 218/3491/222
f 296/3570/299 218/3491/222 294/3568/297
f 297/3571/300 296/3570/299 294/3568/297
f 297/3571/300 294/3568/297 295/3569/298
f 298/3572/301 224/3497/228 221/3494/225
f 298/3572/301 221/3494/225 296/3570/299
f 299/3573/302 298/3572/301 296/3570/299
f 299/3573/302 296/3570/299 297/3571/300
f 300/3574/303 227/3500/231 224/3497/228
f 300/3574/303 224/3497/228 298/3572/301
f 301/3575/304 300/3574/303 298/3572/301
f 301/3575/304 298/3572/301 299/3573/302
f 302/3576/305 230/3503/234 227/3500/231
f 302/3576/305 227/3500/231 300/3574/303
f 303/3577/306 302/3576/305 300/3574/303
f 303/3577/306 300/3574/303 301/3575/304
f 304/3578/307 233/3506/237 230/3503/234
f 304/3578/307 230/3503/234 302/3576/305
f 305/3579/308 304/3578/307 302/3576/305
f 305/3579/308 302/3576/305 303/3577/306
f 306/3580/309 236/3509/240 233/3506/237
f 306/3580/309 233/3506/237 304/3578/307
f 307/3581/310 306/3580/309 304/3578/307
f 307/3581/310 304/3578/307 305/3579/308
f 308/3582/311 239/3512/243 236/3509/240
f 308/3582/311 236/3509/240 306/3580/309
f 309/3583/312 308/3582/311 306/3580/309
f 309/3583/312 306/3580/309 307/3581/310
f 310/3584/313 242/3515/246 239/3512/243
f 310/3584/313 239/3512/243 308/3582/311
f 311/3585/314 310/3584/313 308/3582/311
f 311/3585/314 308/3582/311 309/3583/312
f 312/3586/315 245/3518/249 242/3515/246
f 312/3586/315 242/3515/246 310/3584/313
f 313/3587/316 312/3586/315 310/3584/313
f 313/3587/316 310/3584/313 311/3585/314
f 314/3588/317 248/3521/252 245/3518/249
f 314/3588/317 245/3518/249 312/3586/315
f 315/3589/318 314/3588/317 312/3586/315
f 315/3589/318 312/3586/315 313/3587/316
f 316/3527/258 251/3523/254 248/3521/252
f 316/3527/258 248/3521/252 314/3588/317
f 317/3590/319 316/3527/258 314/3588/317
f 317/3590/319 314/3588/317 315/3589/318
f 319/3591/320 254/3526/257 316/3527/258
f 319/3591/320 316/3527/258 317/3590/319
f 318/3592/321 317/3590/319 315/3589/318
f 318/3592/321 315/3589/318 408/3593/322
f 320/3594/323 319/3591/320 317/3590/319
f 320/3594/323 317/3590/319 318/3592/321
f 321/3532/263 256/3528/259 254/3526/257
f 321/3532/263 254/3526/257 319/3591/320
f 322/3595/324 321/3532/263 319/3591/320
f 322/3595/324 319/3591/320 320/3594/323
f 324/3596/325 259/3531/262 321/3532/263
f 324/3596/325 321/3532/263 322/3595/324
f 323/3597/326 322/3595/324 320/3594/323
f 323/3597/326 320/3594/323 412/3598/327
f 325/3599/328 324/3596/325 322/3595/324
f 325/3599/328 322/3595/324 323/3597/326
f 326/3600/329 261/3533/264 259/3531/262
f 326/3600/329 259/3531/262 324/3596/325
f 328/3601/330 326/3600/329 324/3596/325
f 328/3601/330 324/3596/325 325/3599/328
f 330/3602/331 327/3603/332 326/3600/329
f 330/3602/331 326/3600/329 328/3601/330
f 327/3603/332 263/3535/266 261/3533/264
f 327/3603/332 261/3533/264 326/3600/329
f 331/3604/333 330/3602/331 328/3601/330
f 331/3604/333 328/3601/330 329/3605/334
f 329/3605/334 328/3601/330 325/3599/328
f 329/3605/334 325/3599/328 417/3606/335
f 332/3607/336 333/3608/337 327/3603/332
f 332/3607/336 327/3603/332 330/3602/331
f 334/3609/338 332/3607/336 330/3602/331
f 334/3609/338 330/3602/331 331/3604/333
f 335/3610/339 336/3611/340 333/3608/337
f 335/3610/339 333/3608/337 332/3607/336
f 337/3612/341 335/3610/339 332/3607/336
f 337/3612/341 332/3607/336 334/3609/338
f 338/3613/342 339/3614/343 336/3611/340
f 338/3613/342 336/3611/340 335/3610/339
f 340/3615/344 338/3613/342 335/3610/339
f 340/3615/344 335/3610/339 337/3612/341
f 341/3616/345 342/3617/346 339/3614/343
f 341/3616/345 339/3614/343 338/3613/342
f 343/3618/347 341/3616/345 338/3613/342
f 343/3618/347 338/3613/342 340/3615/344
f 344/3619/348 345/3620/349 342/3617/346
f 344/3619/348 342/3617/346 341/3616/345
f 346/3621/350 344/3619/348 341/3616/345
f 346/3621/350 341/3616/345 343/3618/347
f 347/3622/351 348/3623/352 345/3620/349
f 347/3622/351 345/3620/349 344/3619/348
f 349/3624/353 347/3622/351 344/3619/348
f 349/3624/353 344/3619/348 346/3621/350
f 350/3625/354 351/3626/355 348/3623/352
f 350/3625/354 348/3623/352 347/3622/351
f 352/3627/356 350/3625/354 347/3622/351
f 352/3627/356 347/3622/351 349/3624/353
f 353/3628/357 354/3629/358 351/3630/355
f 353/3628/357 351/3630/355 350/3631/354
f 355/3632/359 353/3628/357 350/3631/354
f 355/3632/359 350/3631/354 352/3633/356
f 356/3634/360 357/3635/361 354/3629/358
f 356/3634/360 354/3629/358 353/3628/357
f 358/3636/362 356/3634/360 353/3628/357
f 358/3636/362 353/3628/357 355/3632/359
f 359/3637/363 360/3638/364 357/3635/361
f 359/3637/363 357/3635/361 356/3634/360
f 361/3639/365 359/3637/363 356/3634/360
f 361/3639/365 356/3634/360 358/3636/362
f 362/3640/366 363/3641/367 360/3638/364
f 362/3640/366 360/3638/364 359/3637/363
f 364/3642/368 362/3640/366 359/3637/363
f 364/3642/368 359/3637/363 361/3639/365
f 365/3643/369 366/3644/370 363/3641/367
f 365/3643/369 363/3641/367 362/3640/366
f 367/3645/371 365/3643/369 362/3640/366
f 367/3645/371 362/3640/366 364/3642/368
f 368/3646/372 369/3647/373 366/3644/370
f 368/3646/372 366/3644/370 365/3643/369
f 370/3648/374 368/3646/372 365/3643/369
f 370/3648/374 365/3643/369 367/3645/371
f 371/3649/375 372/3650/376 369/3647/373
f 371/3649/375 369/3647/373 368/3646/372
f 373/3651/377 371/3649/375 368/3646/372
f 373/3651/377 368/3646/372 370/3648/374
f 374/3652/378 375/3653/379 372/3650/376
f 374/3652/378 372/3650/376 371/3649/375
f 376/3654/380 374/3652/378 371/3649/375
f 376/3654/380 371/3649/375 373/3651/377
f 377/3655/381 378/3656/382 375/3653/379
f 377/3655/381 375/3653/379 374/3652/378
f 379/3657/383 377/3655/381 374/3652/378
f 379/3657/383 374/3652/378 376/3654/380
f 380/3658/384 381/3659/385 378/3656/382
f 380/3658/384 378/3656/382 377/3655/381
f 382/3660/386 380/3658/384 377/3655/381
f 382/3660/386 377/3655/381 379/3657/383
f 383/3661/387 384/3662/388 381/3659/385
f 383/3661/387 381/3659/385 380/3658/384
f 385/3663/389 383/3661/387 380/3658/384
f 385/3663/389 380/3658/384 382/3660/386
f 386/3664/390 387/3665/391 384/3662/388
f 386/3664/390 384/3662/388 383/3661/387
f 388/3666/392 386/3664/390 383/3661/387
f 388/3666/392 383/3661/387 385/3663/389
f 389/3667/393 390/3668/394 387/3665/391
f 389/3667/393 387/3665/391 386/3664/390
f 391/3669/395 389/3667/393 386/3664/390
f 391/3669/395 386/3664/390 388/3666/392
f 392/3670/396 393/3671/397 390/3668/394
f 392/3670/396 390/3668/394 389/3667/393
f 394/3672/398 392/3670/396 389/3667/393
f 394/3672/398 389/3667/393 391/3669/395
f 395/3673/399 396/3674/400 393/3671/397
f 395/3673/399 393/3671/397 392/3670/396
f 397/3675/401 395/3673/399 392/3670/396
f 397/3675/401 392/3670/396 394/3672/398
f 398/3676/402 399/3677/403 396/3674/400
f 398/3676/402 396/3674/400 395/3673/399
f 400/3678/404 398/3676/402 395/3673/399
f 400/3678/404 395/3673/399 397/3675/401
f 401/3679/405 402/3680/406 399/3677/403
f 401/3679/405 399/3677/403 398/3676/402
f 403/3681/407 401/3679/405 398/3676/402
f 403/3681/407 398/3676/402 400/3678/404
f 404/3682/408 405/3683/409 402/3680/406
f 404/3682/408 402/3680/406 401/3679/405
f 406/3684/410 404/3682/408 401/3679/405
f 406/3684/410 401/3679/405 403/3681/407
f 407/3685/411 408/3593/322 405/3683/409
f 407/3685/411 405/3683/409 404/3682/408
f 409/3686/412 407/3685/411 404/3682/408
f 409/3686/412 404/3682/408 406/3684/410
f 410/3687/413 318/3592/321 408/3593/322
f 410/3687/413 408/3593/322 407/3685/411
f 411/3688/414 410/3687/413 407/3685/411
f 411/3688/414 407/3685/411 409/3686/412
f 412/3598/327 320/3594/323 318/3592/321
f 412/3598/327 318/3592/321 410/3687/413
f 413/3689/415 412/3598/327 410/3687/413
f 413/3689/415 410/3687/413 411/3688/414
f 415/3690/416 323/3597/326 412/3598/327
f 415/3690/416 412/3598/327 413/3689/415
f 414/3691/417 413/3689/415 411/3688/414
f 414/3691/417 411/3688/414 476/3692/418
f 416/3693/419 415/3690/416 413/3689/415
f 416/3693/419 413/3689/415 414/3691/417
f 417/3606/335 325/3599/328 323/3597/326
f 417/3606/335 323/3597/326 415/3690/416
f 418/3694/420 417/3606/335 415/3690/416
f 418/3694/420 415/3690/416 416/3693/419
f 420/3695/421 329/3605/334 417/3606/335
f 420/3695/421 417/3606/335 418/3694/420
f 419/3696/422 418/3694/420 416/3693/419
f 419/3696/422 416/3693/419 481/3697/423
f 421/3698/424 420/3695/421 418/3694/420
f 421/3698/424 418/3694/420 419/3696/422
f 423/3699/425 422/3700/426 420/3695/421
f 423/3699/425 420/3695/421 421/3698/424
f 422/3700/426 331/3604/333 329/3605/334
f 422/3700/426 329/3605/334 420/3695/421
f 424/3701/427 334/3609/338 331/3604/333
f 424/3701/427 331/3604/333 422/3700/426
f 425/3702/428 424/3701/427 422/3700/426
f 425/3702/428 422/3700/426 423/3699/425
f 426/3703/429 337/3612/341 334/3609/338
f 426/3703/429 334/3609/338 424/3701/427
f 427/3704/430 426/3703/429 424/3701/427
f 427/3704/430 424/3701/427 425/3702/428
f 428/3705/431 340/3615/344 337/3612/341
f 428/3705/431 337/3612/341 426/3703/429
f 429/3706/432 428/3705/431 426/3703/429
f 429/3706/432 426/3703/429 427/3704/430
f 430/3707/433 343/3618/347 340/3615/344
f 430/3707/433 340/3615/344 428/3705/431
f 431/3708/434 430/3707/433 428/3705/431
f 431/3708/434 428/3705/431 429/3706/432
f 432/3709/435 346/3621/350 343/3618/347
f 432/3709/435 343/3618/347 430/3707/433
f 433/3710/436 432/3709/435 430/3707/433
f 433/3710/436 430/3707/433 431/3708/434
f 434/3711/437 349/3624/353 346/3621/350
f 434/3711/437 346/3621/350 432/3709/435
f 435/3712/438 434/3711/437 432/3709/435
f 435/3712/438 432/3709/435 433/3710/436
f 436/3713/439 352/3627/356 349/3624/353
f 436/3713/439 349/3624/353 434/3711/437
f 437/3714/440 436/3713/439 434/3711/437
f 437/3714/440 434/3711/437 435/3712/438
f 438/3715/441 355/3632/359 352/3633/356
f 438/3715/441 352/3633/356 436/3716/439
f 439/3717/442 438/3715/441 436/3716/439
f 439/3717/442 436/3716/439 437/3718/440
f 440/3719/443 358/3636/362 355/3632/359
f 440/3719/443 355/3632/359 438/3715/441
f 441/3720/444 440/3719/443 438/3715/441
f 441/3720/444 438/3715/441 439/3717/442
f 442/3721/445 361/3639/365 358/3636/362
f 442/3721/445 358/3636/362 440/3719/443
f 443/3722/446 442/3721/445 440/3719/443
f 443/3722/446 440/3719/443 441/3720/444
f 444/3723/447 364/3642/368 361/3639/365
f 444/3723/447 361/3639/365 442/3721/445
f 445/3724/448 444/3723/447 442/3721/445
f 445/3724/448 442/3721/445 443/3722/446
f 446/3725/449 367/3645/371 364/3642/368
f 446/3725/449 364/3642/368 444/3723/447
f 447/3726/450 446/3725/449 444/3723/447
f 447/3726/450 444/3723/447 445/3724/448
f 448/3727/451 370/3648/374 367/3645/371
f 448/3727/451 367/3645/371 446/3725/449
f 449/3728/452 448/3727/451 446/3725/449
f 449/3728/452 446/3725/449 447/3726/450
f 450/3729/453 373/3651/377 370/3648/374
f 450/3729/453 370/3648/374 448/3727/451
f 451/3730/454 450/3729/453 448/3727/451
f 451/3730/454 448/3727/451 449/3728/452
f 452/3731/455 376/3654/380 373/3651/377
f 452/3731/455 373/3651/377 450/3729/453
f 453/3732/456 452/3731/455 450/3729/453
f 453/3732/456 450/3729/453 451/3730/454
f 454/3733/457 379/3657/383 376/3654/380
f 454/3733/457 376/3654/380 452/3731/455
f 455/3734/458 454/3733/457 452/3731/455
f 455/3734/458 452/3731/455 453/3732/456
f 456/3735/459 382/3660/386 379/3657/383
f 456/3735/459 379/3657/383 454/3733/457
f 457/3736/460 456/3735/459 454/3733/457
f 457/3736/460 454/3733/457 455/3734/458
f 458/3737/461 385/3663/389 382/3660/386
f 458/3737/461 382/3660/386 456/3735/459
f 459/3738/462 458/3737/461 456/3735/459
f 459/3738/462 456/3735/459 457/3736/460
f 460/3739/463 388/3666/392 385/3663/389
f 460/3739/463 385/3663/389 458/3737/461
f 461/3740/464 460/3739/463 458/3737/461
f 461/3740/464 458/3737/461 459/3738/462
f 462/3741/465 391/3669/395 388/3666/392
f 462/3741/465 388/3666/392 460/3739/463
f 463/3742/466 462/3741/465 460/3739/463
f 463/3742/466 460/3739/463 461/3740/464
f 464/3743/467 394/3672/398 391/3669/395
f 464/3743/467 391/3669/395 462/3741/465
f 465/3744/468 464/3743/467 462/3741/465
f 465/3744/468 462/3741/465 463/3742/466
f 466/3745/469 397/3675/401 394/3672/398
f 466/3745/469 394/3672/398 464/3743/467
f 467/3746/470 466/3745/469 464/3743/467
f 467/3746/470 464/3743/467 465/3744/468
f 468/3747/471 400/3678/404 397/3675/401
f 468/3747/471 397/3675/401 466/3745/469
f 469/3748/472 468/3747/471 466/3745/469
f 469/3748/472 466/3745/469 467/3746/470
f 470/3749/473 403/3681/407 400/3678/404
f 470/3749/473 400/3678/404 468/3747/471
f 471/3750/474 470/3749/473 468/3747/471
f 471/3750/474 468/3747/471 469/3748/472
f 472/3751/475 406/3684/410 403/3681/407
f 472/3751/475 403/3681/407 470/3749/473
f 473/3752/476 472/3751/475 470/3749/473
f 473/3752/476 470/3749/473 471/3750/474
f 474/3753/477 409/3686/412 406/3684/410
f 474/3753/477 406/3684/410 472/3751/475
f 475/3754/478 474/3753/477 472/3751/475
f 475/3754/478 472/3751/475 473/3752/476
f 476/3692/418 411/3688/414 409/3686/412
f 476/3692/418 409/3686/412 474/3753/477
f 477/3755/479 476/3692/418 474/3753/477
f 477/3755/479 474/3753/477 475/3754/478
f 479/3756/480 414/3691/417 476/3692/418
f 479/3756/480 476/3692/418 477/3755/479
f 478/3757/481 477/3755/479 475/3754/478
f 478/3757/481 475/3754/478 540/3758/482
f 480/3759/483 479/3756/480 477/3755/479
f 480/3759/483 477/3755/479 478/3757/481
f 481/3697/423 416/3693/419 414/3691/417
f 481/3697/423 414/3691/417 479/3756/480
f 482/3760/484 481/3697/423 479/3756/480
f 482/3760/484 479/3756/480 480/3759/483
f 484/3761/485 419/3696/422 481/3697/423
f 484/3761/485 481/3697/423 482/3760/484
f 483/3762/486 482/3760/484 480/3759/483
f 483/3762/486 480/3759/483 545/3763/487
f 485/3764/488 484/3761/485 482/3760/484
f 485/3764/488 482/3760/484 483/3762/486
f 486/3765/489 421/3698/424 419/3696/422
f 486/3765/489 419/3696/422 484/3761/485
f 487/3766/490 486/3765/489 484/3761/485
f 487/3766/490 484/3761/485 485/3764/488
f 489/3767/491 488/3768/492 486/3765/489
f 489/3767/491 486/3765/489 487/3766/490
f 488/3768/492 423/3699/425 421/3698/424
f 488/3768/492 421/3698/424 486/3765/489
f 490/3769/493 425/3702/428 423/3699/425
f 490/3769/493 423/3699/425 488/3768/492
f 491/3770/494 490/3769/493 488/3768/492
f 491/3770/494 488/3768/492 489/3767/491
f 492/3771/495 427/3704/430 425/3702/428
f 492/3771/495 425/3702/428 490/3769/493
f 493/3772/496 492/3771/495 490/3769/493
f 493/3772/496 490/3769/493 491/3770/494
f 494/3773/497 429/3706/432 427/3704/430
f 494/3773/497 427/3704/430 492/3771/495
f 495/3774/498 494/3773/497 492/3771/495
f 495/3774/498 492/3771/495 493/3772/496
f 496/3775/499 431/3708/434 429/3706/432
f 496/3775/499 429/3706/432 494/3773/497
f 497/3776/500 496/3775/499 494/3773/497
f 497/3776/500 494/3773/497 495/3774/498
f 498/3777/501 433/3710/436 431/3708/434
f 498/3777/501 431/3708/434 496/3775/499
f 499/3778/502 498/3777/501 496/3775/499
f 499/3778/502 496/3775/499 497/3776/500
f 500/3779/503 435/3712/438 433/3710/436
f 500/3779/503 433/3710/436 498/3777/501
f 501/3780/504 500/3779/503 498/3777/501
f 501/3780/504 498/3777/501 499/3778/502
f 502/3781/505 437/3714/440 435/3712/438
f 502/3781/505 435/3712/438 500/3779/503
f 503/3782/506 502/3781/505 500/3779/503
f 503/3782/506 500/3779/503 501/3780/504
f 504/3783/507 439/3717/442 437/3718/440
f 504/3783/507 437/3718/440 502/3784/505
f 505/3785/508 504/3783/507 502/3784/505
f 505/3785/508 502/3784/505 503/3786/506
f 506/3787/509 441/3720/444 439/3717/442
f 506/3787/509 439/3717/442 504/3783/507
f 507/3788/510 506/3787/509 504/3783/507
f 507/3788/510 504/3783/507 505/3785/508
f 508/3789/511 443/3722/446 441/3720/444
f 508/3789/511 441/3720/444 506/3787/509
f 509/3790/512 508/3789/511 506/3787/509
f 509/3790/512 506/3787/509 507/3788/510
f 510/3791/513 445/3724/448 443/3722/446
f 510/3791/513 443/3722/446 508/3789/511
f 511/3792/514 510/3791/513 508/3789/511
f 511/3792/514 508/3789/511 509/3790/512
f 512/3793/515 447/3726/450 445/3724/448
f 512/3793/515 445/3724/448 510/3791/513
f 513/3794/516 512/3793/515 510/3791/513
f 513/3794/516 510/3791/513 511/3792/514
f 514/3795/517 449/3728/452 447/3726/450
f 514/3795/517 447/3726/450 512/3793/515
f 515/3796/518 514/3795/517 512/3793/515
f 515/3796/518 512/3793/515 513/3794/516
f 516/3797/519 451/3730/454 449/3728/452
f 516/3797/519 449/3728/452 514/3795/517
f 517/3798/520 516/3797/519 514/3795/517
f 517/3798/520 514/3795/517 515/3796/518
f 518/3799/521 453/3732/456 451/3730/454
f 518/3799/521 451/3730/454 516/3797/519
f 519/3800/522 518/3799/521 516/3797/519
f 519/3800/522 516/3797/519 517/3798/520
f 520/3801/523 455/3734/458 453/3732/456
f 520/3801/523 453/3732/456 518/3799/521
f 521/3802/524 520/3801/523 518/3799/521
f 521/3802/524 518/3799/521 519/3800/522
f 522/3803/525 457/3736/460 455/3734/458
f 522/3803/525 455/3734/458 520/3801/523
f 523/3804/526 522/3803/525 520/3801/523
f 523/3804/526 520/3801/523 521/3802/524
f 524/3805/527 459/3738/462 457/3736/460
f 524/3805/527 457/3736/460 522/3803/525
f 525/3806/528 524/3805/527 522/3803/525
f 525/3806/528 522/3803/525 523/3804/526
f 526/3807/529 461/3740/464 459/3738/462
f 526/3807/529 459/3738/462 524/3805/527
f 527/3808/530 526/3807/529 524/3805/527
f 527/3808/530 524/3805/527 525/3806/528
f 528/3809/531 463/3742/466 461/3740/464
f 528/3809/531 461/3740/464 526/3807/529
f 529/3810/532 528/3809/531 526/3807/529
f 529/3810/532 526/3807/529 527/3808/530
f 530/3811/533 465/3744/468 463/3742/466
f 530/3811/533 463/3742/466 528/3809/531
f 531/3812/534 530/3811/533 528/3809/531
f 531/3812/534 528/3809/531 529/3810/532
f 532/3813/535 467/3746/470 465/3744/468
f 532/3813/535 465/3744/468 530/3811/533
f 533/3814/536 532/3813/535 530/3811/533
f 533/3814/536 530/3811/533 531/3812/534
f 534/3815/537 469/3748/472 467/3746/470
f 534/3815/537 467/3746/470 532/3813/535
f 535/3816/538 534/3815/537 532/3813/535
f 535/3816/538 532/3813/535 533/3814/536
f 536/3817/539 471/3750/474 469/3748/472
f 536/3817/539 469/3748/472 534/3815/537
f 537/3818/540 536/3817/539 534/3815/537
f 537/3818/540 534/3815/537 535/3816/538
f 538/3819/541 473/3752/476 471/3750/474
f 538/3819/541 471/3750/474 536/3817/539
f 539/3820/542 538/3819/541 536/3817/539
f 539/3820/542 536/3817/539 537/3818/540
f 540/3758/482 475/3754/478 473/3752/476
f 540/3758/482 473/3752/476 538/3819/541
f 541/3821/543 540/3758/482 538/3819/541
f 541/3821/543 538/3819/541 539/3820/542
f 543/3822/544 478/3757/481 540/3758/482
f 543/3822/544 540/3758/482 541/3821/543
f 542/3823/545 541/3821/543 539/3820/542
f 542/3823/545 539/3820/542 604/3824/546
f 544/3825/547 543/3822/544 541/3821/543
f 544/3825/547 541/3821/543 542/3823/545
f 545/3763/487 480/3759/483 478/3757/481
f 545/3763/487 478/3757/481 543/3822/544
f 546/3826/548 545/3763/487 543/3822/544
f 546/3826/548 543/3822/544 544/3825/547
f 548/3827/549 483/3762/486 545/3763/487
f 548/3827/549 545/3763/487 546/3826/548
f 547/3828/550 546/3826/548 544/3825/547
f 547/3828/550 544/3825/547 609/3829/551
f 549/3830/552 548/3827/549 546/3826/548
f 549/3830/552 546/3826/548 547/3828/550
f 550/3831/553 485/3764/488 483/3762/486
f 550/3831/553 483/3762/486 548/3827/549
f 551/3832/554 550/3831/553 548/3827/549
f 551/3832/554 548/3827/549 549/3830/552
f 552/3833/555 487/3766/490 485/3764/488
f 552/3833/555 485/3764/488 550/3831/553
f 553/3834/556 552/3833/555 550/3831/553
f 553/3834/556 550/3831/553 551/3832/554
f 554/3835/557 489/3767/491 487/3766/490
f 554/3835/557 487/3766/490 552/3833/555
f 555/3836/558 554/3835/557 552/3833/555
f 555/3836/558 552/3833/555 553/3834/556
f 556/3837/559 491/3770/494 489/3767/491
f 556/3837/559 489/3767/491 554/3835/557
f 557/3838/560 556/3837/559 554/3835/557
f 557/3838/560 554/3835/557 555/3836/558
f 558/3839/561 493/3772/496 491/3770/494
f 558/3839/561 491/3770/494 556/3837/559
f 559/3840/562 558/3839/561 556/3837/559
f 559/3840/562 556/3837/559 557/3838/560
f 560/3841/563 495/3774/498 493/3772/496
f 560/3841/563 493/3772/496 558/3839/561
f 561/3842/564 560/3841/563 558/3839/561
f 561/3842/564 558/3839/561 559/3840/562
f 562/3843/565 497/3776/500 495/3774/498
f 562/3843/565 495/3774/498 560/3841/563
f 563/3844/566 562/3843/565 560/3841/563
f 563/3844/566 560/3841/563 561/3842/564
f 564/3845/567 499/3778/502 497/3776/500
f 564/3845/567 497/3776/500 562/3843/565
f 565/3846/568 564/3845/567 562/3843/565
f 565/3846/568 562/3843/565 563/3844/566
f 566/3847/569 501/3780/504 499/3778/502
f 566/3847/569 499/3778/502 564/3845/567
f 567/3848/570 566/3847/569 564/3845/567
f 567/3848/570 564/3845/567 565/3846/568
f 568/3849/571 503/3782/506 501/3780/504
f 568/3849/571 501/3780/504 566/3847/569
f 569/3850/572 568/3849/571 566/3847/569
f 569/3850/572 566/3847/569 567/3848/570
f 570/3851/573 505/3785/508 503/3786/506
f 570/3851/573 503/3786/506 568/3852/571
f 571/3853/574 570/3851/573 568/3852/571
f 571/3853/574 568/3852/571 569/3854/572
f 572/3855/575 507/3788/510 505/3785/508
f 572/3855/575 505/3785/508 570/3851/573
f 573/3856/576 572/3855/575 570/3851/573
f 573/3856/576 570/3851/573 571/3853/574
f 574/3857/577 509/3790/512 507/3788/510
f 574/3857/577 507/3788/510 572/3855/575
f 575/3858/578 574/3857/577 572/3855/575
f 575/3858/578 572/3855/575 573/3856/576
f 576/3859/579 511/3792/514 509/3790/512
f 576/3859/579 509/3790/512 574/3857/577
f 577/3860/580 576/3859/579 574/3857/577
f 577/3860/580 574/3857/577 575/3858/578
f 578/3861/581 513/3794/516 511/3792/514
f 578/3861/581 511/3792/514 576/3859/579
f 579/3862/582 578/3861/581 576/3859/579
f 579/3862/582 576/3859/579 577/3860/580
f 580/3863/583 515/3796/518 513/3794/516
f 580/3863/583 513/3794/516 578/3861/581
f 581/3864/584 580/3863/583 578/3861/581
f 581/3864/584 578/3861/581 579/3862/582
f 582/3865/585 517/3798/520 515/3796/518
f 582/3865/585 515/3796/518 580/3863/583
f 583/3866/586 582/3865/585 580/3863/583
f 583/3866/586 580/3863/583 581/3864/584
f 584/3867/587 519/3800/522 517/3798/520
f 584/3867/587 517/3798/520 582/3865/585
f 585/3868/588 584/3867/587 582/3865/585
f 585/3868/588 582/3865/585 583/3866/586
f 586/3869/589 521/3802/524 519/3800/522
f 586/3869/589 519/3800/522 584/3867/587
f 587/3870/590 586/3869/589 584/3867/587
f 587/3870/590 584/3867/587 585/3868/588
f 588/3871/591 523/3804/526 521/3802/524
f 588/3871/591 521/3802/524 586/3869/589
f 589/3872/592 588/3871/591 586/3869/589
f 589/3872/592 586/3869/589 587/3870/590
f 590/3873/593 525/3806/528 523/3804/526
f 590/3873/593 523/3804/526 588/3871/591
f 591/3874/594 590/3873/593 588/3871/591
f 591/3874/594 588/3871/591 589/3872/592
f 592/3875/595 527/3808/530 525/3806/528
f 592/3875/595 525/3806/528 590/3873/593
f 593/3876/596 592/3875/595 590/3873/593
f 593/3876/596 590/3873/593 591/3874/594
f 594/3877/597 529/3810/532 527/3808/530
f 594/3877/597 527/3808/530 592/3875/595
f 595/3878/598 594/3877/597 592/3875/595
f 595/3878/598 592/3875/595 593/3876/596
f 596/3879/599 531/3812/534 529/3810/532
f 596/3879/599 529/3810/532 594/3877/597
f 597/3880/600 596/3879/599 594/3877/597
f 597/3880/600 594/3877/597 595/3878/598
f 598/3881/601 533/3814/536 531/3812/534
f 598/3881/601 531/3812/534 596/3879/599
f 599/3882/602 598/3881/601 596/3879/599
f 599/3882/602 596/3879/599 597/3880/600
f 600/3883/603 535/3816/538 533/3814/536
f 600/3883/603 533/3814/536 598/3881/601
f 601/3884/604 600/3883/603 598/3881/601
f 601/3884/604 598/3881/601 599/3882/602
f 602/3885/605 537/3818/540 535/3816/538
f 602/3885/605 535/3816/538 600/3883/603
f 603/3886/606 602/3885/605 600/3883/603
f 603/3886/606 600/3883/603 601/3884/604
f 604/3824/546 539/3820/542 537/3818/540
f 604/3824/546 537/3818/540 602/3885/605
f 605/3887/607 604/3824/546 602/3885/605
f 605/3887/607 602/3885/605 603/3886/606
f 607/3888/608 542/3823/545 604/3824/546
f 607/3888/608 604/3824/546 605/3887/607
f 606/3889/609 605/3887/607 603/3886/606
f 606/3889/609 603/3886/606 668/3890/610
f 608/3891/611 607/3888/608 605/3887/607
f 608/3891/611 605/3887/607 606/3889/609
f 609/3829/551 544/3825/547 542/3823/545
f 609/3829/551 542/3823/545 607/3888/608
f 610/3892/612 609/3829/551 607/3888/608
f 610/3892/612 607/3888/608 608/3891/611
f 612/3893/613 547/3828/550 609/3829/551
f 612/3893/613 609/3829/551 610/3892/612
f 611/3894/614 610/3892/612 608/3891/611
f 611/3894/614 608/3891/611 673/3895/615
f 613/3896/616 612/3893/613 610/3892/612
f 613/3896/616 610/3892/612 611/3894/614
f 614/3897/617 549/3830/552 547/3828/550
f 614/3897/617 547/3828/550 612/3893/613
f 615/3898/618 614/3897/617 612/3893/613
f 615/3898/618 612/3893/613 613/3896/616
f 616/3899/619 551/3832/554 549/3830/552
f 616/3899/619 549/3830/552 614/3897/617
f 617/3900/620 616/3899/619 614/3897/617
f 617/3900/620 614/3897/617 615/3898/618
f 618/3901/621 553/3834/556 551/3832/554
f 618/3901/621 551/3832/554 616/3899/619
f 619/3902/622 618/3901/621 616/3899/619
f 619/3902/622 616/3899/619 617/3900/620
f 621/3903/623 620/3904/624 618/3901/621
f 621/3903/623 618/3901/621 619/3902/622
f 620/3904/624 555/3836/558 553/3834/556
f 620/3904/624 553/3834/556 618/3901/621
f 622/3905/625 557/3838/560 555/3836/558
f 622/3905/625 555/3836/558 620/3904/624
f 623/3906/626 622/3905/625 620/3904/624
f 623/3906/626 620/3904/624 621/3903/623
f 624/3907/627 559/3840/562 557/3838/560
f 624/3907/627 557/3838/560 622/3905/625
f 625/3908/628 624/3907/627 622/3905/625
f 625/3908/628 622/3905/625 623/3906/626
f 626/3909/629 561/3842/564 559/3840/562
f 626/3909/629 559/3840/562 624/3907/627
f 627/3910/630 626/3909/629 624/3907/627
f 627/3910/630 624/3907/627 625/3908/628
f 628/3911/631 563/3844/566 561/3842/564
f 628/3911/631 561/3842/564 626/3909/629
f 629/3912/632 628/3911/631 626/3909/629
f 629/3912/632 626/3909/629 627/3910/630
f 630/3913/633 565/3846/568 563/3844/566
f 630/3913/633 563/3844/566 628/3911/631
f 631/3914/634 630/3913/633 628/3911/631
f 631/3914/634 628/3911/631 629/3912/632
f 632/3915/635 567/3848/570 565/3846/568
f 632/3915/635 565/3846/568 630/3913/633
f 633/3916/636 632/3915/635 630/3913/633
f 633/3916/636 630/3913/633 631/3914/634
f 634/3917/637 569/3850/572 567/3848/570
f 634/3917/637 567/3848/570 632/3915/635
f 635/3918/638 634/3917/637 632/3915/635
f 635/3918/638 632/3915/635 633/3916/636
f 636/3919/639 571/3853/574 569/3854/572
f 636/3919/639 569/3854/572 634/3920/637
f 637/3921/640 636/3919/639 634/3920/637
f 637/3921/640 634/3920/637 635/3922/638
f 638/3923/641 573/3856/576 571/3853/574
f 638/3923/641 571/3853/574 636/3919/639
f 639/3924/642 638/3923/641 636/3919/639
f 639/3924/642 636/3919/639 637/3921/640
f 640/3925/643 575/3858/578 573/3856/576
f 640/3925/643 573/3856/576 638/3923/641
f 641/3926/644 640/3925/643 638/3923/641
f 641/3926/644 638/3923/641 639/3924/642
f 642/3927/645 577/3860/580 575/3858/578
f 642/3927/645 575/3858/578 640/3925/643
f 643/3928/646 642/3927/645 640/3925/643
f 643/3928/646 640/3925/643 641/3926/644
f 644/3929/647 579/3862/582 577/3860/580
f 644/3929/647 577/3860/580 642/3927/645
f 645/3930/648 644/3929/647 642/3927/645
f 645/3930/648 642/3927/645 643/3928/646
f 646/3931/649 581/3864/584 579/3862/582
f 646/3931/649 579/3862/582 644/3929/647
f 647/3932/650 646/3931/649 644/3929/647
f 647/3932/650 644/3929/647 645/3930/648
f 648/3933/651 583/3866/586 581/3864/584
f 648/3933/651 581/3864/584 646/3931/649
f 649/3934/652 648/3933/651 646/3931/649
f 649/3934/652 646/3931/649 647/3932/650
f 650/3935/653 585/3868/588 583/3866/586
f 650/3935/653 583/3866/586 648/3933/651
f 651/3936/654 650/3935/653 648/3933/651
f 651/3936/654 648/3933/651 649/3934/652
f 652/3937/655 587/3870/590 585/3868/588
f 652/3937/655 585/3868/588 650/3935/653
f 653/3938/656 652/3937/655 650/3935/653
f 653/3938/656 650/3935/653 651/3936/654
f 654/3939/657 589/3872/592 587/3870/590
f 654/3939/657 587/3870/590 652/3937/655
f 655/3940/658 654/3939/657 652/3937/655
f 655/3940/658 652/3937/655 653/3938/656
f 656/3941/659 591/3874/594 589/3872/592
f 656/3941/659 589/3872/592 654/3939/657
f 657/3942/660 656/3941/659 654/3939/657
f 657/3942/660 654/3939/657 655/3940/658
f 658/3943/661 593/3876/596 591/3874/594
f 658/3943/661 591/3874/594 656/3941/659
f 659/3944/662 658/3943/661 656/3941/659
f 659/3944/662 656/3941/659 657/3942/660
f 660/3945/663 595/3878/598 593/3876/596
f 660/3945/663 593/3876/596 658/3943/661
f 661/3946/664 660/3945/663 658/3943/661
f 661/3946/664 658/3943/661 659/3944/662
f 662/3947/665 597/3880/600 595/3878/598
f 662/3947/665 595/3878/598 660/3945/663
f 663/3948/666 662/3947/665 660/3945/663
f 663/3948/666 660/3945/663 661/3946/664
f 664/3949/667 599/3882/602 597/3880/600
f 664/3949/667 597/3880/600 662/3947/665
f 665/3950/668 664/3949/667 662/3947/665
f 665/3950/668 662/3947/665 663/3948/666
f 666/3951/669 601/3884/604 599/3882/602
f 666/3951/669 599/3882/602 664/3949/667
f 667/3952/670 666/3951/669 664/3949/667
f 667/3952/670 664/3949/667 665/3950/668
f 668/3890/610 603/3886/606 601/3884/604
f 668/3890/610 601/3884/604 666/3951/669
f 669/3953/671 668/3890/610 666/3951/669
f 669/3953/671 666/3951/669 667/3952/670
f 671/3954/672 606/3889/609 668/3890/610
f 671/3954/672 668/3890/610 669/3953/671
f 670/3955/673 669/3953/671 667/3952/670
f 670/3955/673 667/3952/670 732/3956/674
f 672/3957/675 671/3954/672 669/3953/671
f 672/3957/675 669/3953/671 670/3955/673
f 673/3895/615 608/3891/611 606/3889/609
f 673/3895/615 606/3889/609 671/3954/672
f 674/3958/676 673/3895/615 671/3954/672
f 674/3958/676 671/3954/672 672/3957/675
f 676/3959/677 611/3894/614 673/3895/615
f 676/3959/677 673/3895/615 674/3958/676
f 675/3960/678 674/3958/676 672/3957/675
f 675/3960/678 672/3957/675 737/3961/679
f 677/3962/680 676/3959/677 674/3958/676
f 677/3962/680 674/3958/676 675/3960/678
f 678/3963/681 613/3896/616 611/3894/614
f 678/3963/681 611/3894/614 676/3959/677
f 679/3964/682 678/3963/681 676/3959/677
f 679/3964/682 676/3959/677 677/3962/680
f 680/3965/683 615/3898/618 613/3896/616
f 680/3965/683 613/3896/616 678/3963/681
f 681/3966/684 680/3965/683 678/3963/681
f 681/3966/684 678/3963/681 679/3964/682
f 682/3967/685 617/3900/620 615/3898/618
f 682/3967/685 615/3898/618 680/3965/683
f 683/3968/686 682/3967/685 680/3965/683
f 683/3968/686 680/3965/683 681/3966/684
f 684/3969/687 619/3902/622 617/3900/620
f 684/3969/687 617/3900/620 682/3967/685
f 685/3970/688 684/3969/687 682/3967/685
f 685/3970/688 682/3967/685 683/3968/686
f 686/3971/689 621/3903/623 619/3902/622
f 686/3971/689 619/3902/622 684/3969/687
f 687/3972/690 686/3971/689 684/3969/687
f 687/3972/690 684/3969/687 685/3970/688
f 688/3973/691 623/3906/626 621/3903/623
f 688/3973/691 621/3903/623 686/3971/689
f 689/3974/692 688/3973/691 686/3971/689
f 689/3974/692 686/3971/689 687/3972/690
f 690/3975/693 625/3908/628 623/3906/626
f 690/3975/693 623/3906/626 688/3973/691
f 691/3976/694 690/3975/693 688/3973/691
f 691/3976/694 688/3973/691 689/3974/692
f 692/3977/695 627/3910/630 625/3908/628
f 692/3977/695 625/3908/628 690/3975/693
f 693/3978/696 692/3977/695 690/3975/693
f 693/3978/696 690/3975/693 691/3976/694
f 694/3979/697 629/3912/632 627/3910/630
f 694/3979/697 627/3910/630 692/3977/695
f 695/3980/698 694/3979/697 692/3977/695
f 695/3980/698 692/3977/695 693/3978/696
f 696/3981/699 631/3914/634 629/3912/632
f 696/3981/699 629/3912/632 694/3979/697
f 697/3982/700 696/3981/699 694/3979/697
f 697/3982/700 694/3979/697 695/3980/698
f 698/3983/701 633/3916/636 631/3914/634
f 698/3983/701 631/3914/634 696/3981/699
f 699/3984/702 698/3983/701 696/3981/699
f 699/3984/702 696/3981/699 697/3982/700
f 700/3985/703 635/3918/638 633/3916/636
f 700/3985/703 633/3916/636 698/3983/701
f 701/3986/704 700/3985/703 698/3983/701
f 701/3986/704 698/3983/701 699/3984/702
f 702/3987/705 637/3921/640 635/3922/638
f 702/3987/705 635/3922/638 700/3988/703
f 703/3989/706 702/3987/705 700/3988/703
f 703/3989/706 700/3988/703 701/3990/704
f 704/3991/707 639/3924/642 637/3921/640
f 704/3991/707 637/3921/640 702/3987/705
f 705/3992/708 704/3991/707 702/3987/705
f 705/3992/708 702/3987/705 703/3989/706
f 706/3993/709 641/3926/644 639/3924/642
f 706/3993/709 639/3924/642 704/3991/707
f 707/3994/710 706/3993/709 704/3991/707
f 707/3994/710 704/3991/707 705/3992/708
f 708/3995/711 643/3928/646 641/3926/644
f 708/3995/711 641/3926/644 706/3993/709
f 709/3996/712 708/3995/711 706/3993/709
f 709/3996/712 706/3993/709 707/3994/710
f 710/3997/713 645/3930/648 643/3928/646
f 710/3997/713 643/3928/646 708/3995/711
f 711/3998/714 710/3997/713 708/3995/711
f 711/3998/714 708/3995/711 709/3996/712
f 712/3999/715 647/3932/650 645/3930/648
f 712/3999/715 645/3930/648 710/3997/713
f 713/4000/716 712/3999/715 710/3997/713
f 713/4000/716 710/3997/713 711/3998/714
f 714/4001/717 649/3934/652 647/3932/650
f 714/4001/717 647/3932/650 712/3999/715
f 715/4002/718 714/4001/717 712/3999/715
f 715/4002/718 712/3999/715 713/4000/716
f 716/4003/719 651/3936/654 649/3934/652
f 716/4003/719 649/3934/652 714/4001/717
f 717/4004/720 716/4003/719 714/4001/717
f 717/4004/720 714/4001/717 715/4002/718
f 718/4005/721 653/3938/656 651/3936/654
f 718/4005/721 651/3936/654 716/4003/719
f 719/4006/722 718/4005/721 716/4003/719
f 719/4006/722 716/4003/719 717/4004/720
f 720/4007/723 655/3940/658 653/3938/656
f 720/4007/723 653/3938/656 718/4005/721
f 721/4008/724 720/4007/723 718/4005/721
f 721/4008/724 718/4005/721 719/4006/722
f 722/4009/725 657/3942/660 655/3940/658
f 722/4009/725 655/3940/658 720/4007/723
f 723/4010/726 722/4009/725 720/4007/723
f 723/4010/726 720/4007/723 721/4008/724
f 724/4011/727 659/3944/662 657/3942/660
f 724/4011/727 657/3942/660 722/4009/725
f 725/4012/728 724/4011/727 722/4009/725
f 725/4012/728 722/4009/725 723/4010/726
f 726/4013/729 661/3946/664 659/3944/662
f 726/4013/729 659/3944/662 724/4011/727
f 727/4014/730 726/4013/729 724/4011/727
f 727/4014/730 724/4011/727 725/4012/728
f 728/4015/731 663/3948/666 661/3946/664
f 728/4015/731 661/3946/664 726/4013/729
f 729/4016/732 728/4015/731 726/4013/729
f 729/4016/732 726/4013/729 727/4014/730
f 730/4017/733 665/3950/668 663/3948/666
f 730/4017/733 663/3948/666 728/4015/731
f 731/4018/734 730/4017/733 728/4015/731
f 731/4018/734 728/4015/731 729/4016/732
f 732/3956/674 667/3952/670 665/3950/668
f 732/3956/674 665/3950/668 730/4017/733
f 733/4019/735 732/3956/674 730/4017/733
f 733/4019/735 730/4017/733 731/4018/734
f 735/4020/736 670/3955/673 732/3956/674
f 735/4020/736 732/3956/674 733/4019/735
f 734/4021/737 733/4019/735 731/4018/734
f 734/4021/737 731/4018/734 820/4022/738
f 736/4023/739 735/4020/736 733/4019/735
f 736/4023/739 733/4019/735 734/4021/737
f 737/3961/679 672/3957/675 670/3955/673
f 737/3961/679 670/3955/673 735/4020/736
f 738/4024/740 737/3961/679 735/4020/736
f 738/4024/740 735/4020/736 736/4023/739
f 740/4025/741 675/3960/678 737/3961/679
f 740/4025/741 737/3961/679 738/4024/740
f 739/4026/742 738/4024/740 736/4023/739
f 739/4026/742 736/4023/739 824/4027/743
f 741/4028/744 740/4025/741 738/4024/740
f 741/4028/744 738/4024/740 739/4026/742
f 742/4029/745 677/3962/680 675/3960/678
f 742/4029/745 675/3960/678 740/4025/741
f 743/4030/746 742/4029/745 740/4025/741
f 743/4030/746 740/4025/741 741/4028/744
f 744/4031/747 679/3964/682 677/3962/680
f 744/4031/747 677/3962/680 742/4029/745
f 745/4032/748 744/4031/747 742/4029/745
f 745/4032/748 742/4029/745 743/4030/746
f 746/4033/749 681/3966/684 679/3964/682
f 746/4033/749 679/3964/682 744/4031/747
f 747/4034/750 746/4033/749 744/4031/747
f 747/4034/750 744/4031/747 745/4032/748
f 748/4035/751 683/3968/686 681/3966/684
f 748/4035/751 681/3966/684 746/4033/749
f 749/4036/752 748/4035/751 746/4033/749
f 749/4036/752 746/4033/749 747/4034/750
f 750/4037/753 685/3970/688 683/3968/686
f 750/4037/753 683/3968/686 748/4035/751
f 752/4038/754 750/4037/753 748/4035/751
f 752/4038/754 748/4035/751 749/4036/752
f 751/4039/755 687/3972/690 685/3970/688
f 751/4039/755 685/3970/688 750/4037/753
f 754/4040/756 751/4039/755 750/4037/753
f 754/4040/756 750/4037/753 752/4038/754
f 755/4041/757 754/4040/756 752/4038/754
f 755/4041/757 752/4038/754 753/4042/758
f 753/4042/758 752/4038/754 749/4036/752
f 753/4042/758 749/4036/752 828/4043/759
f 756/4044/760 757/4045/761 751/4039/755
f 756/4044/760 751/4039/755 754/4040/756
f 758/4046/762 756/4044/760 754/4040/756
f 758/4046/762 754/4040/756 755/4041/757
f 759/4047/763 760/4048/764 757/4045/761
f 759/4047/763 757/4045/761 756/4044/760
f 761/4049/765 759/4047/763 756/4044/760
f 761/4049/765 756/4044/760 758/4046/762
f 762/4050/766 763/4051/767 760/4048/764
f 762/4050/766 760/4048/764 759/4047/763
f 764/4052/768 762/4050/766 759/4047/763
f 764/4052/768 759/4047/763 761/4049/765
f 765/4053/769 766/4054/770 763/4051/767
f 765/4053/769 763/4051/767 762/4050/766
f 767/4055/771 765/4053/769 762/4050/766
f 767/4055/771 762/4050/766 764/4052/768
f 768/4056/772 769/4057/773 766/4054/770
f 768/4056/772 766/4054/770 765/4053/769
f 770/4058/774 768/4056/772 765/4053/769
f 770/4058/774 765/4053/769 767/4055/771
f 771/4059/775 772/4060/776 769/4057/773
f 771/4059/775 769/4057/773 768/4056/772
f 773/4061/777 771/4059/775 768/4056/772
f 773/4061/777 768/4056/772 770/4058/774
f 774/4062/778 775/4063/779 772/4060/776
f 774/4062/778 772/4060/776 771/4059/775
f 776/4064/780 774/4062/778 771/4059/775
f 776/4064/780 771/4059/775 773/4061/777
f 777/4065/781 778/4066/782 775/4067/779
f 777/4065/781 775/4067/779 774/4068/778
f 779/4069/783 777/4065/781 774/4068/778
f 779/4069/783 774/4068/778 776/4070/780
f 780/4071/784 781/4072/785 778/4066/782
f 780/4071/784 778/4066/782 777/4065/781
f 782/4073/786 780/4071/784 777/4065/781
f 782/4073/786 777/4065/781 779/4069/783
f 783/4074/787 784/4075/788 781/4072/785
f 783/4074/787 781/4072/785 780/4071/784
f 785/4076/789 783/4074/787 780/4071/784
f 785/4076/789 780/4071/784 782/4073/786
f 786/4077/790 787/4078/791 784/4075/788
f 786/4077/790 784/4075/788 783/4074/787
f 788/4079/792 786/4077/790 783/4074/787
f 788/4079/792 783/4074/787 785/4076/789
f 789/4080/793 790/4081/794 787/4078/791
f 789/4080/793 787/4078/791 786/4077/790
f 791/4082/795 789/4080/793 786/4077/790
f 791/4082/795 786/4077/790 788/4079/792
f 792/4083/796 793/4084/797 790/4081/794
f 792/4083/796 790/4081/794 789/4080/793
f 794/4085/798 792/4083/796 789/4080/793
f 794/4085/798 789/4080/793 791/4082/795
f 795/4086/799 796/4087/800 793/4084/797
f 795/4086/799 793/4084/797 792/4083/796
f 797/4088/801 795/4086/799 792/4083/796
f 797/4088/801 792/4083/796 794/4085/798
f 798/4089/802 799/4090/803 796/4087/800
f 798/4089/802 796/4087/800 795/4086/799
f 800/4091/804 798/4089/802 795/4086/799
f 800/4091/804 795/4086/799 797/4088/801
f 801/4092/805 802/4093/806 799/4090/803
f 801/4092/805 799/4090/803 798/4089/802
f 803/4094/807 801/4092/805 798/4089/802
f 803/4094/807 798/4089/802 800/4091/804
f 804/4095/808 805/4096/809 802/4093/806
f 804/4095/808 802/4093/806 801/4092/805
f 806/4097/810 804/4095/808 801/4092/805
f 806/4097/810 801/4092/805 803/4094/807
f 807/4098/811 808/4099/812 805/4096/809
f 807/4098/811 805/4096/809 804/4095/808
f 809/4100/813 807/4098/811 804/4095/808
f 809/4100/813 804/4095/808 806/4097/810
f 810/4101/814 811/4102/815 808/4099/812
f 810/4101/814 808/4099/812 807/4098/811
f 812/4103/816 810/4101/814 807/4098/811
f 812/4103/816 807/4098/811 809/4100/813
f 813/4104/817 814/4105/818 811/4102/815
f 813/4104/817 811/4102/815 810/4101/814
f 815/4106/819 813/4104/817 810/4101/814
f 815/4106/819 810/4101/814 812/4103/816
f 816/4107/820 817/4108/821 814/4105/818
f 816/4107/820 814/4105/818 813/4104/817
f 818/4109/822 816/4107/820 813/4104/817
f 818/4109/822 813/4104/817 815/4106/819
f 819/4110/823 820/4022/738 817/4108/821
f 819/4110/823 817/4108/821 816/4107/820
f 821/4111/824 819/4110/823 816/4107/820
f 821/4111/824 816/4107/820 818/4109/822
f 822/4112/825 734/4021/737 820/4022/738
f 822/4112/825 820/4022/738 819/4110/823
f 823/4113/826 822/4112/825 819/4110/823
f 823/4113/826 819/4110/823 821/4111/824
f 824/4027/743 736/4023/739 734/4021/737
f 824/4027/743 734/4021/737 822/4112/825
f 825/4114/827 824/4027/743 822/4112/825
f 825/4114/827 822/4112/825 823/4113/826
f 826/4115/828 739/4026/742 824/4027/743
f 826/4115/828 824/4027/743 825/4114/827
f 827/4116/829 826/4115/828 825/4114/827
f 827/4117/829 825/4114/827 823/4113/826
f 827/4118/829 800/4091/804 797/4088/801
f 827/4119/829 803/4094/807 800/4091/804
f 827/4120/829 755/4041/757 753/4042/758
f 827/4121/829 753/4042/758 828/4043/759
f 827/4122/829 828/4043/759 829/4123/830
f 827/4124/829 829/4123/830 830/4125/831
f 827/4126/829 830/4125/831 831/4127/832
f 827/4128/829 831/4127/832 832/4129/833
f 827/4130/829 832/4129/833 826/4115/828
f 827/4131/829 823/4113/826 821/4111/824
f 827/4132/829 821/4111/824 818/4109/822
f 827/4133/829 818/4109/822 815/4106/819
f 827/4134/829 815/4106/819 812/4103/816
f 827/4135/829 812/4103/816 809/4100/813
f 827/4136/829 809/4100/813 806/4097/810
f 827/4137/829 806/4097/810 803/4094/807
f 827/4138/829 797/4088/801 794/4085/798
f 827/4139/829 794/4085/798 791/4082/795
f 827/4140/829 791/4082/795 788/4079/792
f 827/4141/829 788/4079/792 785/4076/789
f 827/4142/829 785/4076/789 782/4073/786
f 827/4143/829 782/4073/786 779/4069/783
f 827/4144/829 779/4069/783 776/4070/780
f 827/4145/829 776/4064/780 773/4061/777
f 827/4146/829 773/4061/777 770/4058/774
f 827/4147/829 770/4058/774 767/4055/771
f 827/4148/829 767/4055/771 764/4052/768
f 827/4149/829 764/4052/768 761/4049/765
f 827/4150/829 761/4049/765 758/4046/762
f 827/4151/829 758/4046/762 755/4041/757
f 832/4129/833 741/4028/744 739/4026/742
f 832/4129/833 739/4026/742 826/4115/828
f 831/4127/832 743/4030/746 741/4028/744
f 831/4127/832 741/4028/744 832/4129/833
f 830/4125/831 745/4032/748 743/4030/746
f 830/4125/831 743/4030/746 831/4127/832
f 829/4123/830 747/4034/750 745/4032/748
f 829/4123/830 745/4032/748 830/4125/831
f 828/4043/759 749/4036/752 747/4034/750
f 828/4043/759 747/4034/750 829/4123/830
f 820/4022/738 731/4018/734 729/4016/732
f 820/4022/738 729/4016/732 817/4108/821
f 817/4108/821 729/4016/732 727/4014/730
f 817/4108/821 727/4014/730 814/4105/818
f 814/4105/818 727/4014/730 725/4012/728
f 814/4105/818 725/4012/728 811/4102/815
f 811/4102/815 725/4012/728 723/4010/726
f 811/4102/815 723/4010/726 808/4099/812
f 808/4099/812 723/4010/726 721/4008/724
f 808/4099/812 721/4008/724 805/4096/809
f 805/4096/809 721/4008/724 719/4006/722
f 805/4096/809 719/4006/722 802/4093/806
f 802/4093/806 719/4006/722 717/4004/720
f 802/4093/806 717/4004/720 799/4090/803
f 799/4090/803 717/4004/720 715/4002/718
f 799/4090/803 715/4002/718 796/4087/800
f 796/4087/800 715/4002/718 713/4000/716
f 796/4087/800 713/4000/716 793/4084/797
f 793/4084/797 713/4000/716 711/3998/714
f 793/4084/797 711/3998/714 790/4081/794
f 790/4081/794 711/3998/714 709/3996/712
f 790/4081/794 709/3996/712 787/4078/791
f 787/4078/791 709/3996/712 707/3994/710
f 787/4078/791 707/3994/710 784/4075/788
f 784/4075/788 707/3994/710 705/3992/708
f 784/4075/788 705/3992/708 781/4072/785
f 781/4072/785 705/3992/708 703/3989/706
f 781/4072/785 703/3989/706 778/4066/782
f 778/4066/782 703/3989/706 701/3990/704
f 778/4066/782 701/3990/704 775/4067/779
f 775/4063/779 701/3986/704 699/3984/702
f 775/4063/779 699/3984/702 772/4060/776
f 772/4060/776 699/3984/702 697/3982/700
f 772/4060/776 697/3982/700 769/4057/773
f 769/4057/773 697/3982/700 695/3980/698
f 769/4057/773 695/3980/698 766/4054/770
f 766/4054/770 695/3980/698 693/3978/696
f 766/4054/770 693/3978/696 763/4051/767
f 763/4051/767 693/3978/696 691/3976/694
f 763/4051/767 691/3976/694 760/4048/764
f 760/4048/764 691/3976/694 689/3974/692
f 760/4048/764 689/3974/692 757/4045/761
f 757/4045/761 689/3974/692 687/3972/690
f 757/4045/761 687/3972/690 751/4039/755
f 408/3593/322 315/3589/318 313/3587/316
f 408/3593/322 313/3587/316 405/3683/409
f 405/3683/409 313/3587/316 311/3585/314
f 405/3683/409 311/3585/314 402/3680/406
f 402/3680/406 311/3585/314 309/3583/312
f 402/3680/406 309/3583/312 399/3677/403
f 399/3677/403 309/3583/312 307/3581/310
f 399/3677/403 307/3581/310 396/3674/400
f 396/3674/400 307/3581/310 305/3579/308
f 396/3674/400 305/3579/308 393/3671/397
f 393/3671/397 305/3579/308 303/3577/306
f 393/3671/397 303/3577/306 390/3668/394
f 390/3668/394 303/3577/306 301/3575/304
f 390/3668/394 301/3575/304 387/3665/391
f 387/3665/391 301/3575/304 299/3573/302
f 387/3665/391 299/3573/302 384/3662/388
f 384/3662/388 299/3573/302 297/3571/300
f 384/3662/388 297/3571/300 381/3659/385
f 381/3659/385 297/3571/300 295/3569/298
f 381/3659/385 295/3569/298 378/3656/382
f 378/3656/382 295/3569/298 293/3567/296
f 378/3656/382 293/3567/296 375/3653/379
f 375/3653/379 293/3567/296 291/3565/294
f 375/3653/379 291/3565/294 372/3650/376
f 372/3650/376 291/3565/294 289/3563/292
f 372/3650/376 289/3563/292 369/3647/373
f 369/3647/373 289/3563/292 287/3561/290
f 369/3647/373 287/3561/290 366/3644/370
f 366/3644/370 287/3561/290 285/3559/288
f 366/3644/370 285/3559/288 363/3641/367
f 363/3641/367 285/3559/288 283/3557/286
f 363/3641/367 283/3557/286 360/3638/364
f 360/3638/364 283/3557/286 281/3555/284
f 360/3638/364 281/3555/284 357/3635/361
f 357/3635/361 281/3555/284 279/3552/282
f 357/3635/361 279/3552/282 354/3629/358
f 354/3629/358 279/3552/282 277/3553/280
f 354/3629/358 277/3553/280 351/3630/355
f 351/3626/355 277/3549/280 275/3547/278
f 351/3626/355 275/3547/278 348/3623/352
f 348/3623/352 275/3547/278 273/3545/276
f 348/3623/352 273/3545/276 345/3620/349
f 345/3620/349 273/3545/276 271/3543/274
f 345/3620/349 271/3543/274 342/3617/346
f 342/3617/346 271/3543/274 269/3541/272
f 342/3617/346 269/3541/272 339/3614/343
f 339/3614/343 269/3541/272 267/3539/270
f 339/3614/343 267/3539/270 336/3611/340
f 336/3611/340 267/3539/270 265/3537/268
f 336/3611/340 265/3537/268 333/3608/337
f 333/3608/337 265/3537/268 263/3535/266
f 333/3608/337 263/3535/266 327/3603/332
f 250/3428/162 156/3425/159 154/3423/157
f 250/3428/162 154/3423/157 247/3520/251
f 247/3520/251 154/3423/157 152/3421/155
f 247/3520/251 152/3421/155 244/3517/248
f 244/3517/248 152/3421/155 150/3419/153
f 244/3517/248 150/3419/153 241/3514/245
f 241/3514/245 150/3419/153 148/3417/151
f 241/3514/245 148/3417/151 238/3511/242
f 238/3511/242 148/3417/151 146/3415/149
f 238/3511/242 146/3415/149 235/3508/239
f 235/3508/239 146/3415/149 144/3413/147
f 235/3508/239 144/3413/147 232/3505/236
f 232/3505/236 144/3413/147 142/3411/145
f 232/3505/236 142/3411/145 229/3502/233
f 229/3502/233 142/3411/145 140/3409/143
f 229/3502/233 140/3409/143 226/3499/230
f 226/3499/230 140/3409/143 138/3407/141
f 226/3499/230 138/3407/141 223/3496/227
f 223/3496/227 138/3407/141 136/3405/139
f 223/3496/227 136/3405/139 220/3493/224
f 220/3493/224 136/3405/139 134/3403/137
f 220/3493/224 134/3403/137 217/3490/221
f 217/3490/221 134/3403/137 132/3401/135
f 217/3490/221 132/3401/135 214/3487/218
f 214/3487/218 132/3401/135 130/3399/133
f 214/3487/218 130/3399/133 211/3484/215
f 211/3484/215 130/3399/133 128/3397/131
f 211/3484/215 128/3397/131 208/3481/212
f 208/3481/212 128/3397/131 126/3395/129
f 208/3481/212 126/3395/129 205/3478/209
f 205/3478/209 126/3395/129 124/3393/127
f 205/3478/209 124/3393/127 202/3475/206
f 202/3475/206 124/3393/127 122/3391/125
f 202/3475/206 122/3391/125 199/3472/203
f 199/3472/203 122/3391/125 120/3389/123
f 199/3472/203 120/3389/123 196/3469/200
f 196/3469/200 120/3389/123 118/3386/121
f 196/3469/200 118/3386/121 193/3463/197
f 193/3463/197 118/3386/121 116/3387/119
f 193/3463/197 116/3387/119 190/3464/194
f 190/3460/194 116/3383/119 114/3381/117
f 190/3460/194 114/3381/117 187/3457/191
f 187/3457/191 114/3381/117 112/3379/115
f 187/3457/191 112/3379/115 184/3454/188
f 184/3454/188 112/3379/115 110/3377/113
f 184/3454/188 110/3377/113 181/3451/185
f 181/3451/185 110/3377/113 108/3375/111
f 181/3451/185 108/3375/111 178/3448/182
f 178/3448/182 108/3375/111 106/3373/109
f 178/3448/182 106/3373/109 175/3445/179
f 175/3445/179 106/3373/109 104/3371/107
f 175/3445/179 104/3371/107 172/3442/176
f 172/3442/176 104/3371/107 102/3369/105
f 172/3442/176 102/3369/105 166/3436/170
f 93/3359/95 833/4152/834 895/4153/835
f 93/3359/95 895/4153/835 90/3356/92
f 834/3267/6 835/4154/836 833/4152/834
f 834/3267/6 833/4152/834 93/3359/95
f 3/3266/5 837/4155/837 835/4154/836
f 3/3266/5 835/4154/836 834/3267/6
f 835/4154/836 836/4156/838 898/4157/839
f 835/4154/836 898/4157/839 833/4152/834
f 837/4155/837 838/4158/840 836/4156/838
f 837/4155/837 836/4156/838 835/4154/836
f 839/4159/841 840/4160/842 838/4158/840
f 839/4159/841 838/4158/840 837/4155/837
f 6/3269/8 839/4159/841 837/4155/837
f 6/3269/8 837/4155/837 3/3266/5
f 841/4161/843 842/4162/844 840/4160/842
f 841/4161/843 840/4160/842 839/4159/841
f 9/3272/11 841/4161/843 839/4159/841
f 9/3272/11 839/4159/841 6/3269/8
f 843/4163/845 844/4164/846 842/4162/844
f 843/4163/845 842/4162/844 841/4161/843
f 12/3275/14 843/4163/845 841/4161/843
f 12/3275/14 841/4161/843 9/3272/11
f 845/4165/847 846/4166/848 844/4164/846
f 845/4165/847 844/4164/846 843/4163/845
f 15/3278/17 845/4165/847 843/4163/845
f 15/3278/17 843/4163/845 12/3275/14
f 847/4167/849 848/4168/850 846/4166/848
f 847/4167/849 846/4166/848 845/4165/847
f 18/3281/20 847/4167/849 845/4165/847
f 18/3281/20 845/4165/847 15/3278/17
f 849/4169/851 850/4170/852 848/4168/850
f 849/4169/851 848/4168/850 847/4167/849
f 21/3284/23 849/4169/851 847/4167/849
f 21/3284/23 847/4167/849 18/3281/20
f 851/4171/853 852/4172/854 850/4170/852
f 851/4171/853 850/4170/852 849/4169/851
f 24/3287/26 851/4171/853 849/4169/851
f 24/3287/26 849/4169/851 21/3284/23
f 853/4173/855 854/4174/856 852/4172/854
f 853/4173/855 852/4172/854 851/4171/853
f 27/3290/29 853/4173/855 851/4171/853
f 27/3290/29 851/4171/853 24/3287/26
f 855/4175/857 856/4176/858 854/4177/856
f 855/4175/857 854/4177/856 853/4178/855
f 30/3293/32 855/4175/857 853/4178/855
f 30/3293/32 853/4178/855 27/3294/29
f 857/4179/859 858/4180/860 856/4176/858
f 857/4179/859 856/4176/858 855/4175/857
f 33/3299/35 857/4179/859 855/4175/857
f 33/3299/35 855/4175/857 30/3293/32
f 859/4181/861 860/4182/862 858/4180/860
f 859/4181/861 858/4180/860 857/4179/859
f 36/3302/38 859/4181/861 857/4179/859
f 36/3302/38 857/4179/859 33/3299/35
f 861/4183/863 862/4184/864 860/4182/862
f 861/4183/863 860/4182/862 859/4181/861
f 39/3305/41 861/4183/863 859/4181/861
f 39/3305/41 859/4181/861 36/3302/38
f 863/4185/865 864/4186/866 862/4184/864
f 863/4185/865 862/4184/864 861/4183/863
f 42/3308/44 863/4185/865 861/4183/863
f 42/3308/44 861/4183/863 39/3305/41
f 865/4187/867 866/4188/868 864/4186/866
f 865/4187/867 864/4186/866 863/4185/865
f 45/3311/47 865/4187/867 863/4185/865
f 45/3311/47 863/4185/865 42/3308/44
f 867/4189/869 868/4190/870 866/4188/868
f 867/4189/869 866/4188/868 865/4187/867
f 48/3314/50 867/4189/869 865/4187/867
f 48/3314/50 865/4187/867 45/3311/47
f 869/4191/871 870/4192/872 868/4190/870
f 869/4191/871 868/4190/870 867/4189/869
f 51/3317/53 869/4191/871 867/4189/869
f 51/3317/53 867/4189/869 48/3314/50
f 871/4193/873 872/4194/874 870/4192/872
f 871/4193/873 870/4192/872 869/4191/871
f 54/3320/56 871/4193/873 869/4191/871
f 54/3320/56 869/4191/871 51/3317/53
f 873/4195/875 874/4196/876 872/4194/874
f 873/4195/875 872/4194/874 871/4193/873
f 57/3323/59 873/4195/875 871/4193/873
f 57/3323/59 871/4193/873 54/3320/56
f 875/4197/877 876/4198/878 874/4196/876
f 875/4197/877 874/4196/876 873/4195/875
f 60/3326/62 875/4197/877 873/4195/875
f 60/3326/62 873/4195/875 57/3323/59
f 877/4199/879 878/4200/880 876/4198/878
f 877/4199/879 876/4198/878 875/4197/877
f 63/3329/65 877/4199/879 875/4197/877
f 63/3329/65 875/4197/877 60/3326/62
f 879/4201/881 880/4202/882 878/4200/880
f 879/4201/881 878/4200/880 877/4199/879
f 66/3332/68 879/4201/881 877/4199/879
f 66/3332/68 877/4199/879 63/3329/65
f 881/4203/883 882/4204/884 880/4202/882
f 881/4203/883 880/4202/882 879/4201/881
f 69/3335/71 881/4203/883 879/4201/881
f 69/3335/71 879/4201/881 66/3332/68
f 883/4205/885 884/4206/886 882/4204/884
f 883/4205/885 882/4204/884 881/4203/883
f 72/3338/74 883/4205/885 881/4203/883
f 72/3338/74 881/4203/883 69/3335/71
f 885/4207/887 886/4208/888 884/4206/886
f 885/4207/887 884/4206/886 883/4205/885
f 75/3341/77 885/4207/887 883/4205/885
f 75/3341/77 883/4205/885 72/3338/74
f 887/4209/889 888/4210/890 886/4208/888
f 887/4209/889 886/4208/888 885/4207/887
f 78/3344/80 887/4209/889 885/4207/887
f 78/3344/80 885/4207/887 75/3341/77
f 889/4211/891 890/4212/892 888/4210/890
f 889/4211/891 888/4210/890 887/4209/889
f 81/3347/83 889/4211/891 887/4209/889
f 81/3347/83 887/4209/889 78/3344/80
f 891/4213/893 892/4214/894 890/4212/892
f 891/4213/893 890/4212/892 889/4211/891
f 84/3350/86 891/4213/893 889/4211/891
f 84/3350/86 889/4211/891 81/3347/83
f 893/4215/895 894/4216/896 892/4214/894
f 893/4215/895 892/4214/894 891/4213/893
f 87/3353/89 893/4215/895 891/4213/893
f 87/3353/89 891/4213/893 84/3350/86
f 895/4153/835 896/4217/897 894/4216/896
f 895/4153/835 894/4216/896 893/4215/895
f 90/3356/92 895/4153/835 893/4215/895
f 90/3356/92 893/4215/895 87/3353/89
f 833/4152/834 898/4157/839 896/4217/897
f 833/4152/834 896/4217/897 895/4153/835
f 896/4217/897 897/4218/898 959/4219/899
f 896/4217/897 959/4219/899 894/4216/896
f 898/4157/839 899/4220/900 897/4218/898
f 898/4157/839 897/4218/898 896/4217/897
f 836/4156/838 901/4221/901 899/4220/900
f 836/4156/838 899/4220/900 898/4157/839
f 899/4220/900 900/4222/902 962/4223/903
f 899/4220/900 962/4223/903 897/4218/898
f 901/4221/901 902/4224/904 900/4222/902
f 901/4221/901 900/4222/902 899/4220/900
f 903/4225/905 904/4226/906 902/4224/904
f 903/4225/905 902/4224/904 901/4221/901
f 838/4158/840 903/4225/905 901/4221/901
f 838/4158/840 901/4221/901 836/4156/838
f 905/4227/907 906/4228/908 904/4226/906
f 905/4227/907 904/4226/906 903/4225/905
f 840/4160/842 905/4227/907 903/4225/905
f 840/4160/842 903/4225/905 838/4158/840
f 907/4229/909 908/4230/910 906/4228/908
f 907/4229/909 906/4228/908 905/4227/907
f 842/4162/844 907/4229/909 905/4227/907
f 842/4162/844 905/4227/907 840/4160/842
f 909/4231/911 910/4232/912 908/4230/910
f 909/4231/911 908/4230/910 907/4229/909
f 844/4164/846 909/4231/911 907/4229/909
f 844/4164/846 907/4229/909 842/4162/844
f 911/4233/913 912/4234/914 910/4232/912
f 911/4233/913 910/4232/912 909/4231/911
f 846/4166/848 911/4233/913 909/4231/911
f 846/4166/848 909/4231/911 844/4164/846
f 913/4235/915 914/4236/916 912/4234/914
f 913/4235/915 912/4234/914 911/4233/913
f 848/4168/850 913/4235/915 911/4233/913
f 848/4168/850 911/4233/913 846/4166/848
f 915/4237/917 916/4238/918 914/4236/916
f 915/4237/917 914/4236/916 913/4235/915
f 850/4170/852 915/4237/917 913/4235/915
f 850/4170/852 913/4235/915 848/4168/850
f 917/4239/919 918/4240/920 916/4238/918
f 917/4239/919 916/4238/918 915/4237/917
f 852/4172/854 917/4239/919 915/4237/917
f 852/4172/854 915/4237/917 850/4170/852
f 919/4241/921 920/4242/922 918/4240/920
f 919/4241/921 918/4240/920 917/4239/919
f 854/4174/856 919/4241/921 917/4239/919
f 854/4174/856 917/4239/919 852/4172/854
f 921/4243/923 922/4244/924 920/4245/922
f 921/4243/923 920/4245/922 919/4246/921
f 856/4176/858 921/4243/923 919/4246/921
f 856/4176/858 919/4246/921 854/4177/856
f 923/4247/925 924/4248/926 922/4244/924
f 923/4247/925 922/4244/924 921/4243/923
f 858/4180/860 923/4247/925 921/4243/923
f 858/4180/860 921/4243/923 856/4176/858
f 925/4249/927 926/4250/928 924/4248/926
f 925/4249/927 924/4248/926 923/4247/925
f 860/4182/862 925/4249/927 923/4247/925
f 860/4182/862 923/4247/925 858/4180/860
f 927/4251/929 928/4252/930 926/4250/928
f 927/4251/929 926/4250/928 925/4249/927
f 862/4184/864 927/4251/929 925/4249/927
f 862/4184/864 925/4249/927 860/4182/862
f 929/4253/931 930/4254/932 928/4252/930
f 929/4253/931 928/4252/930 927/4251/929
f 864/4186/866 929/4253/931 927/4251/929
f 864/4186/866 927/4251/929 862/4184/864
f 931/4255/933 932/4256/934 930/4254/932
f 931/4255/933 930/4254/932 929/4253/931
f 866/4188/868 931/4255/933 929/4253/931
f 866/4188/868 929/4253/931 864/4186/866
f 933/4257/935 934/4258/936 932/4256/934
f 933/4257/935 932/4256/934 931/4255/933
f 868/4190/870 933/4257/935 931/4255/933
f 868/4190/870 931/4255/933 866/4188/868
f 935/4259/937 936/4260/938 934/4258/936
f 935/4259/937 934/4258/936 933/4257/935
f 870/4192/872 935/4259/937 933/4257/935
f 870/4192/872 933/4257/935 868/4190/870
f 937/4261/939 938/4262/940 936/4260/938
f 937/4261/939 936/4260/938 935/4259/937
f 872/4194/874 937/4261/939 935/4259/937
f 872/4194/874 935/4259/937 870/4192/872
f 939/4263/941 940/4264/942 938/4262/940
f 939/4263/941 938/4262/940 937/4261/939
f 874/4196/876 939/4263/941 937/4261/939
f 874/4196/876 937/4261/939 872/4194/874
f 941/4265/943 942/4266/944 940/4264/942
f 941/4265/943 940/4264/942 939/4263/941
f 876/4198/878 941/4265/943 939/4263/941
f 876/4198/878 939/4263/941 874/4196/876
f 943/4267/945 944/4268/946 942/4266/944
f 943/4267/945 942/4266/944 941/4265/943
f 878/4200/880 943/4267/945 941/4265/943
f 878/4200/880 941/4265/943 876/4198/878
f 945/4269/947 946/4270/948 944/4268/946
f 945/4269/947 944/4268/946 943/4267/945
f 880/4202/882 945/4269/947 943/4267/945
f 880/4202/882 943/4267/945 878/4200/880
f 947/4271/949 948/4272/950 946/4270/948
f 947/4271/949 946/4270/948 945/4269/947
f 882/4204/884 947/4271/949 945/4269/947
f 882/4204/884 945/4269/947 880/4202/882
f 949/4273/951 950/4274/952 948/4272/950
f 949/4273/951 948/4272/950 947/4271/949
f 884/4206/886 949/4273/951 947/4271/949
f 884/4206/886 947/4271/949 882/4204/884
f 951/4275/953 952/4276/954 950/4274/952
f 951/4275/953 950/4274/952 949/4273/951
f 886/4208/888 951/4275/953 949/4273/951
f 886/4208/888 949/4273/951 884/4206/886
f 953/4277/955 954/4278/956 952/4276/954
f 953/4277/955 952/4276/954 951/4275/953
f 888/4210/890 953/4277/955 951/4275/953
f 888/4210/890 951/4275/953 886/4208/888
f 955/4279/957 956/4280/958 954/4278/956
f 955/4279/957 954/4278/956 953/4277/955
f 890/4212/892 955/4279/957 953/4277/955
f 890/4212/892 953/4277/955 888/4210/890
f 957/4281/959 958/4282/960 956/4280/958
f 957/4281/959 956/4280/958 955/4279/957
f 892/4214/894 957/4281/959 955/4279/957
f 892/4214/894 955/4279/957 890/4212/892
f 959/4219/899 960/4283/961 958/4282/960
f 959/4219/899 958/4282/960 957/4281/959
f 894/4216/896 959/4219/899 957/4281/959
f 894/4216/896 957/4281/959 892/4214/894
f 897/4218/898 962/4223/903 960/4283/961
f 897/4218/898 960/4283/961 959/4219/899
f 960/4283/961 961/4284/962 969/4285/963
f 960/4283/961 969/4285/963 958/4282/960
f 962/4223/903 963/4286/964 961/4284/962
f 962/4223/903 961/4284/962 960/4283/961
f 900/4222/902 964/4287/965 963/4286/964
f 900/4222/902 963/4286/964 962/4223/903
f 964/4287/965 965/4288/966 963/4286/964
f 963/4286/964 965/4289/966 961/4284/962
f 966/4290/967 965/4291/966 981/4292/968
f 980/4293/969 965/4294/966 966/4290/967
f 994/4295/970 965/4296/966 967/4297/971
f 967/4297/971 965/4298/966 968/4299/972
f 968/4299/972 965/4300/966 964/4287/965
f 961/4284/962 965/4301/966 969/4285/963
f 969/4285/963 965/4302/966 970/4303/973
f 970/4303/973 965/4304/966 971/4305/974
f 971/4305/974 965/4306/966 972/4307/975
f 972/4307/975 965/4308/966 973/4309/976
f 973/4309/976 965/4310/966 974/4311/977
f 974/4311/977 965/4312/966 975/4313/978
f 975/4313/978 965/4314/966 976/4315/979
f 976/4315/979 965/4316/966 977/4317/980
f 977/4317/980 965/4318/966 978/4319/981
f 978/4319/981 965/4320/966 979/4321/982
f 979/4321/982 965/4322/966 980/4293/969
f 981/4292/968 965/4323/966 982/4324/983
f 982/4324/983 965/4325/966 983/4326/984
f 983/4326/984 965/4327/966 984/4328/985
f 984/4328/985 965/4329/966 985/4330/986
f 985/4330/986 965/4331/966 986/4332/987
f 986/4332/987 965/4333/966 987/4334/988
f 987/4335/988 965/4336/966 988/4337/989
f 988/4337/989 965/4338/966 989/4339/990
f 989/4339/990 965/4340/966 990/4341/991
f 990/4341/991 965/4342/966 991/4343/992
f 991/4343/992 965/4344/966 992/4345/993
f 992/4345/993 965/4346/966 993/4347/994
f 993/4347/994 965/4348/966 994/4295/970
f 906/4228/908 994/4295/970 967/4297/971
f 906/4228/908 967/4297/971 904/4226/906
f 908/4230/910 993/4347/994 994/4295/970
f 908/4230/910 994/4295/970 906/4228/908
f 910/4232/912 992/4345/993 993/4347/994
f 910/4232/912 993/4347/994 908/4230/910
f 912/4234/914 991/4343/992 992/4345/993
f 912/4234/914 992/4345/993 910/4232/912
f 914/4236/916 990/4341/991 991/4343/992
f 914/4236/916 991/4343/992 912/4234/914
f 916/4238/918 989/4339/990 990/4341/991
f 916/4238/918 990/4341/991 914/4236/916
f 918/4240/920 988/4337/989 989/4339/990
f 918/4240/920 989/4339/990 916/4238/918
f 920/4242/922 987/4335/988 988/4337/989
f 920/4242/922 988/4337/989 918/4240/920
f 922/4244/924 986/4332/987 987/4334/988
f 922/4244/924 987/4334/988 920/4245/922
f 924/4248/926 985/4330/986 986/4332/987
f 924/4248/926 986/4332/987 922/4244/924
f 926/4250/928 984/4328/985 985/4330/986
f 926/4250/928 985/4330/986 924/4248/926
f 928/4252/930 983/4326/984 984/4328/985
f 928/4252/930 984/4328/985 926/4250/928
f 930/4254/932 982/4324/983 983/4326/984
f 930/4254/932 983/4326/984 928/4252/930
f 932/4256/934 981/4292/968 982/4324/983
f 932/4256/934 982/4324/983 930/4254/932
f 934/4258/936 966/4290/967 981/4292/968
f 934/4258/936 981/4292/968 932/4256/934
f 936/4260/938 980/4293/969 966/4290/967
f 936/4260/938 966/4290/967 934/4258/936
f 938/4262/940 979/4321/982 980/4293/969
f 938/4262/940 980/4293/969 936/4260/938
f 940/4264/942 978/4319/981 979/4321/982
f 940/4264/942 979/4321/982 938/4262/940
f 942/4266/944 977/4317/980 978/4319/981
f 942/4266/944 978/4319/981 940/4264/942
f 944/4268/946 976/4315/979 977/4317/980
f 944/4268/946 977/4317/980 942/4266/944
f 946/4270/948 975/4313/978 976/4315/979
f 946/4270/948 976/4315/979 944/4268/946
f 948/4272/950 974/4311/977 975/4313/978
f 948/4272/950 975/4313/978 946/4270/948
f 950/4274/952 973/4309/976 974/4311/977
f 950/4274/952 974/4311/977 948/4272/950
f 952/4276/954 972/4307/975 973/4309/976
f 952/4276/954 973/4309/976 950/4274/952
f 954/4278/956 971/4305/974 972/4307/975
f 954/4278/956 972/4307/975 952/4276/954
f 956/4280/958 970/4303/973 971/4305/974
f 956/4280/958 971/4305/974 954/4278/956
f 958/4282/960 969/4285/963 970/4303/973
f 958/4282/960 970/4303/973 956/4280/958
f 902/4224/904 968/4299/972 964/4287/965
f 902/4224/904 964/4287/965 900/4222/902
f 904/4226/906 967/4297/971 968/4299/972
f 904/4226/906 968/4299/972 902/4224/904
f 1004/1/995 1003/2/521 1031/3/519
f 1004/1/995 1031/3/519 1032/4/996
f 996/5/997 1980/6/54 1018/7/51
f 996/5/997 1018/7/51 1019/8/132
f 1005/9/998 1004/1/995 1032/4/996
f 1005/9/998 1032/4/996 1033/10/999
f 1981/11/135 996/5/997 1019/8/132
f 1981/11/135 1019/8/132 1020/12/133
f 1986/13/588 1005/9/998 1033/10/999
f 1986/13/588 1033/10/999 1034/14/586
f 1982/15/218 1981/11/135 1020/12/133
f 1982/15/218 1020/12/133 1021/16/1000
f 1006/17/653 1986/13/588 1034/14/586
f 1006/17/653 1034/14/586 1035/18/1001
f 997/19/217 1982/15/218 1021/16/1000
f 997/19/217 1021/16/1000 1022/20/1002
f 1007/21/1003 1006/17/653 1035/18/1001
f 1007/21/1003 1035/18/1001 1036/22/652
f 998/23/219 997/19/217 1022/20/1002
f 998/23/219 1022/20/1002 1023/24/1004
f 1008/25/1005 1007/21/1003 1036/22/652
f 1008/25/1005 1036/22/652 1037/26/1006
f 999/27/295 998/23/219 1023/24/1004
f 999/27/295 1023/24/1004 1024/28/1007
f 1974/29/1008 1508/30/966 1011/31/1009
f 1987/32/720 1008/25/1005 1037/26/1006
f 1987/32/720 1037/26/1006 1038/33/718
f 1000/34/296 999/27/295 1024/28/1007
f 1000/34/296 1024/28/1007 1025/35/1010
f 1975/36/1011 1974/29/1008 1011/31/1009
f 1975/36/1011 1011/31/1009 1012/37/936
f 1988/38/803 1987/32/720 1038/33/718
f 1988/38/803 1038/33/718 1039/39/1012
f 1983/40/379 1000/34/296 1025/35/1010
f 1983/40/379 1025/35/1010 1026/41/376
f 1976/42/1013 1975/36/1011 1012/37/936
f 1976/42/1013 1012/37/936 1013/43/1014
f 1009/44/802 1988/38/803 1039/39/1012
f 1009/44/802 1039/39/1012 1040/45/1015
f 1001/46/378 1983/40/379 1026/41/376
f 1001/46/378 1026/41/376 1027/47/1016
f 1977/48/872 1976/42/1013 1013/43/1014
f 1977/48/872 1013/43/1014 1014/49/870
f 1010/50/1017 1009/44/802 1040/45/1015
f 1010/50/1017 1040/45/1015 1041/51/1018
f 1002/52/380 1001/46/378 1027/47/1016
f 1002/52/380 1027/47/1016 1028/53/1019
f 1978/54/871 1977/48/872 1014/49/870
f 1978/54/871 1014/49/870 1015/55/1020
f 1507/56/829 1010/50/1017 1041/51/1018
f 1984/57/1021 1002/52/380 1028/53/1019
f 1984/57/1021 1028/53/1019 1029/58/1022
f 1979/59/53 1978/54/871 1015/55/1020
f 1979/59/53 1015/55/1020 1016/60/1023
f 1985/61/456 1984/57/1021 1029/58/1022
f 1985/61/456 1029/58/1022 1030/62/454
f 995/63/52 1979/59/53 1016/60/1023
f 995/63/52 1016/60/1023 1017/64/49
f 1003/2/521 1985/61/456 1030/62/454
f 1003/2/521 1030/62/454 1031/3/519
f 1980/6/54 995/63/52 1017/64/49
f 1980/6/54 1017/64/49 1018/7/51
f 1027/47/1016 1026/41/376 1057/65/373
f 1027/47/1016 1057/65/373 1058/66/1024
f 1014/49/870 1013/43/1014 1044/67/1025
f 1014/49/870 1044/67/1025 1045/68/868
f 1041/51/1018 1040/45/1015 1071/69/1026
f 1041/51/1018 1071/69/1026 1072/70/1027
f 1028/53/1019 1027/47/1016 1058/66/1024
f 1028/53/1019 1058/66/1024 1059/71/1028
f 1015/55/1020 1014/49/870 1045/68/868
f 1015/55/1020 1045/68/868 1046/72/867
f 1507/73/829 1041/51/1018 1072/70/1027
f 1029/58/1022 1028/53/1019 1059/71/1028
f 1029/58/1022 1059/71/1028 1060/74/1029
f 1016/60/1023 1015/55/1020 1046/72/867
f 1016/60/1023 1046/72/867 1047/75/1030
f 1030/62/454 1029/58/1022 1060/74/1029
f 1030/62/454 1060/74/1029 1061/76/452
f 1017/64/49 1016/60/1023 1047/75/1030
f 1017/64/49 1047/75/1030 1048/77/46
f 1031/3/519 1030/62/454 1061/76/452
f 1031/3/519 1061/76/452 1062/78/517
f 1018/7/51 1017/64/49 1048/77/46
f 1018/7/51 1048/77/46 1049/79/48
f 1032/4/996 1031/3/519 1062/78/517
f 1032/4/996 1062/78/517 1063/80/518
f 1019/8/132 1018/7/51 1049/79/48
f 1019/8/132 1049/79/48 1050/81/1031
f 1033/10/999 1032/4/996 1063/80/518
f 1033/10/999 1063/80/518 1064/82/583
f 1020/12/133 1019/8/132 1050/81/1031
f 1020/12/133 1050/81/1031 1051/83/131
f 1034/14/586 1033/10/999 1064/82/583
f 1034/14/586 1064/82/583 1065/84/584
f 1021/16/1000 1020/12/133 1051/83/131
f 1021/16/1000 1051/83/131 1052/85/1032
f 1035/18/1001 1034/14/586 1065/84/584
f 1035/18/1001 1065/84/584 1066/86/649
f 1022/20/1002 1021/16/1000 1052/85/1032
f 1022/20/1002 1052/85/1032 1053/87/1033
f 1036/22/652 1035/18/1001 1066/86/649
f 1036/22/652 1066/86/649 1067/88/650
f 1023/24/1004 1022/20/1002 1053/87/1033
f 1023/24/1004 1053/87/1033 1054/89/213
f 1037/26/1006 1036/22/652 1067/88/650
f 1037/26/1006 1067/88/650 1068/90/1034
f 1024/28/1007 1023/24/1004 1054/89/213
f 1024/28/1007 1054/89/213 1055/91/291
f 1011/31/1009 1508/92/966 1042/93/1035
f 1038/33/718 1037/26/1006 1068/90/1034
f 1038/33/718 1068/90/1034 1069/94/716
f 1025/35/1010 1024/28/1007 1055/91/291
f 1025/35/1010 1055/91/291 1056/95/292
f 1012/37/936 1011/31/1009 1042/93/1035
f 1012/37/936 1042/93/1035 1043/96/934
f 1039/39/1012 1038/33/718 1069/94/716
f 1039/39/1012 1069/94/716 1070/97/1036
f 1026/41/376 1025/35/1010 1056/95/292
f 1026/41/376 1056/95/292 1057/65/373
f 1013/43/1014 1012/37/936 1043/96/934
f 1013/43/1014 1043/96/934 1044/67/1025
f 1040/45/1015 1039/39/1012 1070/97/1036
f 1040/45/1015 1070/97/1036 1071/69/1026
f 1060/74/1029 1059/71/1028 1090/98/1037
f 1060/74/1029 1090/98/1037 1091/99/1038
f 1047/75/1030 1046/72/867 1077/100/1039
f 1047/75/1030 1077/100/1039 1078/101/1040
f 1061/76/452 1060/74/1029 1091/99/1038
f 1061/76/452 1091/99/1038 1092/102/1041
f 1048/77/46 1047/75/1030 1078/101/1040
f 1048/77/46 1078/101/1040 1079/103/1042
f 1062/78/517 1061/76/452 1092/102/1041
f 1062/78/517 1092/102/1041 1093/104/1043
f 1049/79/48 1048/77/46 1079/103/1042
f 1049/79/48 1079/103/1042 1080/105/45
f 1063/80/518 1062/78/517 1093/104/1043
f 1063/80/518 1093/104/1043 1094/106/516
f 1050/81/1031 1049/79/48 1080/105/45
f 1050/81/1031 1080/105/45 1081/107/1044
f 1064/82/583 1063/80/518 1094/106/516
f 1064/82/583 1094/106/516 1095/108/581
f 1051/83/131 1050/81/1031 1081/107/1044
f 1051/83/131 1081/107/1044 1082/109/1045
f 1065/84/584 1064/82/583 1095/108/581
f 1065/84/584 1095/108/581 1096/110/582
f 1052/85/1032 1051/83/131 1082/109/1045
f 1052/85/1032 1082/109/1045 1083/111/1046
f 1066/86/649 1065/84/584 1096/110/582
f 1066/86/649 1096/110/582 1097/112/647
f 1053/87/1033 1052/85/1032 1083/111/1046
f 1053/87/1033 1083/111/1046 1084/113/1047
f 1067/88/650 1066/86/649 1097/112/647
f 1067/88/650 1097/112/647 1098/114/648
f 1054/89/213 1053/87/1033 1084/113/1047
f 1054/89/213 1084/113/1047 1085/115/210
f 1068/90/1034 1067/88/650 1098/114/648
f 1068/90/1034 1098/114/648 1099/116/713
f 1055/91/291 1054/89/213 1085/115/210
f 1055/91/291 1085/115/210 1086/117/289
f 1042/93/1035 1508/118/966 1073/119/1048
f 1069/94/716 1068/90/1034 1099/116/713
f 1069/94/716 1099/116/713 1100/120/714
f 1056/95/292 1055/91/291 1086/117/289
f 1056/95/292 1086/117/289 1087/121/290
f 1043/96/934 1042/93/1035 1073/119/1048
f 1043/96/934 1073/119/1048 1074/122/1049
f 1070/97/1036 1069/94/716 1100/120/714
f 1070/97/1036 1100/120/714 1101/123/1050
f 1057/65/373 1056/95/292 1087/121/290
f 1057/65/373 1087/121/290 1088/124/370
f 1044/67/1025 1043/96/934 1074/122/1049
f 1044/67/1025 1074/122/1049 1075/125/1051
f 1071/69/1026 1070/97/1036 1101/123/1050
f 1071/69/1026 1101/123/1050 1102/126/1052
f 1058/66/1024 1057/65/373 1088/124/370
f 1058/66/1024 1088/124/370 1089/127/369
f 1045/68/868 1044/67/1025 1075/125/1051
f 1045/68/868 1075/125/1051 1076/128/866
f 1072/70/1027 1071/69/1026 1102/126/1052
f 1072/70/1027 1102/126/1052 1103/129/1053
f 1059/71/1028 1058/66/1024 1089/127/369
f 1059/71/1028 1089/127/369 1090/98/1037
f 1046/72/867 1045/68/868 1076/128/866
f 1046/72/867 1076/128/866 1077/100/1039
f 1507/130/829 1072/70/1027 1103/129/1053
f 1093/104/1043 1092/102/1041 1123/131/1054
f 1093/104/1043 1123/131/1054 1124/132/1055
f 1080/105/45 1079/103/1042 1110/133/1056
f 1080/105/45 1110/133/1056 1111/134/42
f 1094/106/516 1093/104/1043 1124/132/1055
f 1094/106/516 1124/132/1055 1125/135/514
f 1081/107/1044 1080/105/45 1111/134/42
f 1081/107/1044 1111/134/42 1112/136/126
f 1095/108/581 1094/106/516 1125/135/514
f 1095/108/581 1125/135/514 1126/137/579
f 1082/109/1045 1081/107/1044 1112/136/126
f 1082/109/1045 1112/136/126 1113/138/127
f 1096/110/582 1095/108/581 1126/137/579
f 1096/110/582 1126/137/579 1127/139/580
f 1083/111/1046 1082/109/1045 1113/138/127
f 1083/111/1046 1113/138/127 1114/140/206
f 1097/112/647 1096/110/582 1127/139/580
f 1097/112/647 1127/139/580 1128/141/645
f 1084/113/1047 1083/111/1046 1114/140/206
f 1084/113/1047 1114/140/206 1115/142/205
f 1098/114/648 1097/112/647 1128/141/645
f 1098/114/648 1128/141/645 1129/143/1057
f 1085/115/210 1084/113/1047 1115/142/205
f 1085/115/210 1115/142/205 1116/144/1058
f 1099/116/713 1098/114/648 1129/143/1057
f 1099/116/713 1129/143/1057 1130/145/1059
f 1086/117/289 1085/115/210 1116/144/1058
f 1086/117/289 1116/144/1058 1117/146/287
f 1073/119/1048 1508/147/966 1104/148/1060
f 1100/120/714 1099/116/713 1130/145/1059
f 1100/120/714 1130/145/1059 1131/149/1061
f 1087/121/290 1086/117/289 1117/146/287
f 1087/121/290 1117/146/287 1118/150/288
f 1074/122/1049 1073/119/1048 1104/148/1060
f 1074/122/1049 1104/148/1060 1105/151/1062
f 1101/123/1050 1100/120/714 1131/149/1061
f 1101/123/1050 1131/149/1061 1132/152/791
f 1088/124/370 1087/121/290 1118/150/288
f 1088/124/370 1118/150/288 1119/153/367
f 1075/125/1051 1074/122/1049 1105/151/1062
f 1075/125/1051 1105/151/1062 1106/154/1063
f 1102/126/1052 1101/123/1050 1132/152/791
f 1102/126/1052 1132/152/791 1133/155/1064
f 1089/127/369 1088/124/370 1119/153/367
f 1089/127/369 1119/153/367 1120/156/366
f 1076/128/866 1075/125/1051 1106/154/1063
f 1076/128/866 1106/154/1063 1107/157/1065
f 1103/129/1053 1102/126/1052 1133/155/1064
f 1103/129/1053 1133/155/1064 1134/158/792
f 1090/98/1037 1089/127/369 1120/156/366
f 1090/98/1037 1120/156/366 1121/159/368
f 1077/100/1039 1076/128/866 1107/157/1065
f 1077/100/1039 1107/157/1065 1108/160/863
f 1507/161/829 1103/129/1053 1134/158/792
f 1091/99/1038 1090/98/1037 1121/159/368
f 1091/99/1038 1121/159/368 1122/162/447
f 1078/101/1040 1077/100/1039 1108/160/863
f 1078/101/1040 1108/160/863 1109/163/1066
f 1092/102/1041 1091/99/1038 1122/162/447
f 1092/102/1041 1122/162/447 1123/131/1054
f 1079/103/1042 1078/101/1040 1109/163/1066
f 1079/103/1042 1109/163/1066 1110/133/1056
f 1126/137/579 1125/135/514 1156/164/512
f 1126/137/579 1156/164/512 1157/165/1067
f 1113/138/127 1112/136/126 1143/166/1068
f 1113/138/127 1143/166/1068 1144/167/1069
f 1127/139/580 1126/137/579 1157/165/1067
f 1127/139/580 1157/165/1067 1158/168/1070
f 1114/140/206 1113/138/127 1144/167/1069
f 1114/140/206 1144/167/1069 1145/169/203
f 1128/141/645 1127/139/580 1158/168/1070
f 1128/141/645 1158/168/1070 1159/170/1071
f 1115/142/205 1114/140/206 1145/169/203
f 1115/142/205 1145/169/203 1146/171/1072
f 1129/143/1057 1128/141/645 1159/170/1071
f 1129/143/1057 1159/170/1071 1160/172/1073
f 1116/144/1058 1115/142/205 1146/171/1072
f 1116/144/1058 1146/171/1072 1147/173/204
f 1130/145/1059 1129/143/1057 1160/172/1073
f 1130/145/1059 1160/172/1073 1161/174/709
f 1117/146/287 1116/144/1058 1147/173/204
f 1117/146/287 1147/173/204 1148/175/285
f 1104/148/1060 1508/176/966 1135/177/1074
f 1131/149/1061 1130/145/1059 1161/174/709
f 1131/149/1061 1161/174/709 1162/178/1075
f 1118/150/288 1117/146/287 1148/175/285
f 1118/150/288 1148/175/285 1149/179/286
f 1105/151/1062 1104/148/1060 1135/177/1074
f 1105/151/1062 1135/177/1074 1136/180/928
f 1132/152/791 1131/149/1061 1162/178/1075
f 1132/152/791 1162/178/1075 1163/181/788
f 1119/153/367 1118/150/288 1149/179/286
f 1119/153/367 1149/179/286 1150/182/364
f 1106/154/1063 1105/151/1062 1136/180/928
f 1106/154/1063 1136/180/928 1137/183/927
f 1133/155/1064 1132/152/791 1163/181/788
f 1133/155/1064 1163/181/788 1164/184/1076
f 1120/156/366 1119/153/367 1150/182/364
f 1120/156/366 1150/182/364 1151/185/1077
f 1107/157/1065 1106/154/1063 1137/183/927
f 1107/157/1065 1137/183/927 1138/186/862
f 1134/158/792 1133/155/1064 1164/184/1076
f 1134/158/792 1164/184/1076 1165/187/1078
f 1121/159/368 1120/156/366 1151/185/1077
f 1121/159/368 1151/185/1077 1152/188/365
f 1108/160/863 1107/157/1065 1138/186/862
f 1108/160/863 1138/186/862 1139/189/861
f 1507/190/829 1134/158/792 1165/187/1078
f 1122/162/447 1121/159/368 1152/188/365
f 1122/162/447 1152/188/365 1153/191/445
f 1109/163/1066 1108/160/863 1139/189/861
f 1109/163/1066 1139/189/861 1140/192/1079
f 1123/131/1054 1122/162/447 1153/191/445
f 1123/131/1054 1153/191/445 1154/193/1080
f 1110/133/1056 1109/163/1066 1140/192/1079
f 1110/133/1056 1140/192/1079 1141/194/1081
f 1124/132/1055 1123/131/1054 1154/193/1080
f 1124/132/1055 1154/193/1080 1155/195/1082
f 1111/134/42 1110/133/1056 1141/194/1081
f 1111/134/42 1141/194/1081 1142/196/39
f 1125/135/514 1124/132/1055 1155/195/1082
f 1125/135/514 1155/195/1082 1156/164/512
f 1112/136/126 1111/134/42 1142/196/39
f 1112/136/126 1142/196/39 1143/166/1068
f 1159/170/1071 1158/168/1070 1189/197/576
f 1159/170/1071 1189/197/576 1190/198/641
f 1146/171/1072 1145/169/203 1176/199/1083
f 1146/171/1072 1176/199/1083 1177/200/199
f 1160/172/1073 1159/170/1071 1190/198/641
f 1160/172/1073 1190/198/641 1191/201/642
f 1147/173/204 1146/171/1072 1177/200/199
f 1147/173/204 1177/200/199 1178/202/1084
f 1161/174/709 1160/172/1073 1191/201/642
f 1161/174/709 1191/201/642 1192/203/707
f 1148/175/285 1147/173/204 1178/202/1084
f 1148/175/285 1178/202/1084 1179/204/1085
f 1135/177/1074 1508/205/966 1166/206/1086
f 1162/178/1075 1161/174/709 1192/203/707
f 1162/178/1075 1192/203/707 1193/207/1087
f 1149/179/286 1148/175/285 1179/204/1085
f 1149/179/286 1179/204/1085 1180/208/284
f 1136/180/928 1135/177/1074 1166/206/1086
f 1136/180/928 1166/206/1086 1167/209/1088
f 1163/181/788 1162/178/1075 1193/207/1087
f 1163/181/788 1193/207/1087 1194/210/1089
f 1150/182/364 1149/179/286 1180/208/284
f 1150/182/364 1180/208/284 1181/211/1090
f 1137/183/927 1136/180/928 1167/209/1088
f 1137/183/927 1167/209/1088 1168/212/1091
f 1164/184/1076 1163/181/788 1194/210/1089
f 1164/184/1076 1194/210/1089 1195/213/1092
f 1151/185/1077 1150/182/364 1181/211/1090
f 1151/185/1077 1181/211/1090 1182/214/1093
f 1138/186/862 1137/183/927 1168/212/1091
f 1138/186/862 1168/212/1091 1169/215/1094
f 1165/187/1078 1164/184/1076 1195/213/1092
f 1165/187/1078 1195/213/1092 1196/216/1095
f 1152/188/365 1151/185/1077 1182/214/1093
f 1152/188/365 1182/214/1093 1183/217/362
f 1139/189/861 1138/186/862 1169/215/1094
f 1139/189/861 1169/215/1094 1170/218/859
f 1507/219/829 1165/187/1078 1196/216/1095
f 1153/191/445 1152/188/365 1183/217/362
f 1153/191/445 1183/217/362 1184/220/443
f 1140/192/1079 1139/189/861 1170/218/859
f 1140/192/1079 1170/218/859 1171/221/35
f 1154/193/1080 1153/191/445 1184/220/443
f 1154/193/1080 1184/220/443 1185/222/1096
f 1141/194/1081 1140/192/1079 1171/221/35
f 1141/194/1081 1171/221/35 1172/223/1097
f 1155/195/1082 1154/193/1080 1185/222/1096
f 1155/195/1082 1185/222/1096 1186/224/1098
f 1142/196/39 1141/194/1081 1172/223/1097
f 1142/196/39 1172/223/1097 1173/225/36
f 1156/164/512 1155/195/1082 1186/224/1098
f 1156/164/512 1186/224/1098 1187/226/1099
f 1143/166/1068 1142/196/39 1173/225/36
f 1143/166/1068 1173/225/36 1174/227/122
f 1157/165/1067 1156/164/512 1187/226/1099
f 1157/165/1067 1187/226/1099 1188/228/575
f 1144/167/1069 1143/166/1068 1174/227/122
f 1144/167/1069 1174/227/122 1175/229/1100
f 1158/168/1070 1157/165/1067 1188/228/575
f 1158/168/1070 1188/228/575 1189/197/576
f 1145/169/203 1144/167/1069 1175/229/1100
f 1145/169/203 1175/229/1100 1176/199/1083
f 1192/203/707 1191/201/642 1222/230/1101
f 1192/203/707 1222/230/1101 1223/231/705
f 1179/204/1085 1178/202/1084 1209/232/1102
f 1179/204/1085 1209/232/1102 1210/233/1103
f 1166/206/1086 1508/234/966 1197/235/1104
f 1193/207/1087 1192/203/707 1223/231/705
f 1193/207/1087 1223/231/705 1224/236/1105
f 1180/208/284 1179/204/1085 1210/233/1103
f 1180/208/284 1210/233/1103 1211/237/1106
f 1167/209/1088 1166/206/1086 1197/235/1104
f 1167/209/1088 1197/235/1104 1198/238/1107
f 1194/210/1089 1193/207/1087 1224/236/1105
f 1194/210/1089 1224/236/1105 1225/239/1108
f 1181/211/1090 1180/208/284 1211/237/1106
f 1181/211/1090 1211/237/1106 1212/240/358
f 1168/212/1091 1167/209/1088 1198/238/1107
f 1168/212/1091 1198/238/1107 1199/241/1109
f 1195/213/1092 1194/210/1089 1225/239/1108
f 1195/213/1092 1225/239/1108 1226/242/1110
f 1182/214/1093 1181/211/1090 1212/240/358
f 1182/214/1093 1212/240/358 1213/243/357
f 1169/215/1094 1168/212/1091 1199/241/1109
f 1169/215/1094 1199/241/1109 1200/244/1111
f 1196/216/1095 1195/213/1092 1226/242/1110
f 1196/216/1095 1226/242/1110 1227/245/1112
f 1183/217/362 1182/214/1093 1213/243/357
f 1183/217/362 1213/243/357 1214/246/359
f 1170/218/859 1169/215/1094 1200/244/1111
f 1170/218/859 1200/244/1111 1201/247/857
f 1507/248/829 1196/216/1095 1227/245/1112
f 1184/220/443 1183/217/362 1214/246/359
f 1184/220/443 1214/246/359 1215/249/441
f 1171/221/35 1170/218/859 1201/247/857
f 1171/221/35 1201/247/857 1202/250/32
f 1185/222/1096 1184/220/443 1215/249/441
f 1185/222/1096 1215/249/441 1216/251/1113
f 1172/223/1097 1171/221/35 1202/250/32
f 1172/223/1097 1202/250/32 1203/252/1114
f 1186/224/1098 1185/222/1096 1216/251/1113
f 1186/224/1098 1216/251/1113 1217/253/507
f 1173/225/36 1172/223/1097 1203/252/1114
f 1173/225/36 1203/252/1114 1204/254/1115
f 1187/226/1099 1186/224/1098 1217/253/507
f 1187/226/1099 1217/253/507 1218/255/508
f 1174/227/122 1173/225/36 1204/254/1115
f 1174/227/122 1204/254/1115 1205/256/1116
f 1188/228/575 1187/226/1099 1218/255/508
f 1188/228/575 1218/255/508 1219/257/1117
f 1175/229/1100 1174/227/122 1205/256/1116
f 1175/229/1100 1205/256/1116 1206/258/1118
f 1189/197/576 1188/228/575 1219/257/1117
f 1189/197/576 1219/257/1117 1220/259/1119
f 1176/199/1083 1175/229/1100 1206/258/1118
f 1176/199/1083 1206/258/1118 1207/260/1120
f 1190/198/641 1189/197/576 1220/259/1119
f 1190/198/641 1220/259/1119 1221/261/639
f 1177/200/199 1176/199/1083 1207/260/1120
f 1177/200/199 1207/260/1120 1208/262/196
f 1191/201/642 1190/198/641 1221/261/639
f 1191/201/642 1221/261/639 1222/230/1101
f 1178/202/1084 1177/200/199 1208/262/196
f 1178/202/1084 1208/262/196 1209/232/1102
f 1198/238/1107 1197/235/1104 1228/263/1121
f 1198/238/1107 1228/263/1121 1229/264/1122
f 1225/239/1108 1224/236/1105 1255/265/1123
f 1225/239/1108 1255/265/1123 1256/266/779
f 1212/240/358 1211/237/1106 1242/267/280
f 1212/240/358 1242/267/280 1243/268/355
f 1199/241/1109 1198/238/1107 1229/264/1122
f 1199/241/1109 1229/264/1122 1230/269/1124
f 1226/242/1110 1225/239/1108 1256/266/779
f 1226/242/1110 1256/266/779 1257/270/778
f 1213/243/357 1212/240/358 1243/268/355
f 1213/243/357 1243/268/355 1244/271/1125
f 1200/244/1111 1199/241/1109 1230/269/1124
f 1200/244/1111 1230/269/1124 1231/272/856
f 1227/245/1112 1226/242/1110 1257/270/778
f 1227/245/1112 1257/270/778 1258/273/1126
f 1214/246/359 1213/243/357 1244/271/1125
f 1214/246/359 1244/271/1125 1245/274/356
f 1201/247/857 1200/244/1111 1231/272/856
f 1201/247/857 1231/272/856 1232/275/855
f 1507/276/829 1227/245/1112 1258/273/1126
f 1215/249/441 1214/246/359 1245/274/356
f 1215/249/441 1245/274/356 1246/277/439
f 1202/250/32 1201/247/857 1232/275/855
f 1202/250/32 1232/275/855 1233/278/29
f 1216/251/1113 1215/249/441 1246/277/439
f 1216/251/1113 1246/277/439 1247/279/1127
f 1203/252/1114 1202/250/32 1233/278/29
f 1203/252/1114 1233/278/29 1234/280/28
f 1217/253/507 1216/251/1113 1247/279/1127
f 1217/253/507 1247/279/1127 1248/281/505
f 1204/254/1115 1203/252/1114 1234/280/28
f 1204/254/1115 1234/280/28 1235/282/1128
f 1218/255/508 1217/253/507 1248/281/505
f 1218/255/508 1248/281/505 1249/283/506
f 1205/256/1116 1204/254/1115 1235/282/1128
f 1205/256/1116 1235/282/1128 1236/284/1129
f 1219/257/1117 1218/255/508 1249/283/506
f 1219/257/1117 1249/283/506 1250/285/1130
f 1206/258/1118 1205/256/1116 1236/284/1129
f 1206/258/1118 1236/284/1129 1237/286/1131
f 1220/259/1119 1219/257/1117 1250/285/1130
f 1220/259/1119 1250/285/1130 1251/287/572
f 1207/260/1120 1206/258/1118 1237/286/1131
f 1207/260/1120 1237/286/1131 1238/288/194
f 1221/261/639 1220/259/1119 1251/287/572
f 1221/261/639 1251/287/572 1252/289/637
f 1208/262/196 1207/260/1120 1238/288/194
f 1208/262/196 1238/288/194 1239/290/193
f 1222/230/1101 1221/261/639 1252/289/637
f 1222/230/1101 1252/289/637 1253/291/1132
f 1209/232/1102 1208/262/196 1239/290/193
f 1209/232/1102 1239/290/193 1240/292/195
f 1223/231/705 1222/230/1101 1253/291/1132
f 1223/231/705 1253/291/1132 1254/293/703
f 1210/233/1103 1209/232/1102 1240/292/195
f 1210/233/1103 1240/292/195 1241/294/279
f 1197/235/1104 1508/295/966 1228/263/1121
f 1224/236/1105 1223/231/705 1254/293/703
f 1224/236/1105 1254/293/703 1255/265/1123
f 1211/237/1106 1210/233/1103 1241/294/279
f 1211/237/1106 1241/294/279 1242/267/280
f 1231/272/856 1230/269/1124 1261/296/1133
f 1231/272/856 1261/296/1133 1262/297/1134
f 1258/273/1126 1257/270/778 1288/298/1135
f 1258/273/1126 1288/298/1135 1289/299/1136
f 1245/274/356 1244/271/1125 1275/300/351
f 1245/274/356 1275/300/351 1276/301/353
f 1232/275/855 1231/272/856 1262/297/1134
f 1232/275/855 1262/297/1134 1263/302/853
f 1507/303/829 1258/273/1126 1289/299/1136
f 1246/277/439 1245/274/356 1276/301/353
f 1246/277/439 1276/301/353 1277/304/437
f 1233/278/29 1232/275/855 1263/302/853
f 1233/278/29 1263/302/853 1264/305/26
f 1247/279/1127 1246/277/439 1277/304/437
f 1247/279/1127 1277/304/437 1278/306/438
f 1234/280/28 1233/278/29 1264/305/26
f 1234/280/28 1264/305/26 1265/307/1137
f 1248/281/505 1247/279/1127 1278/306/438
f 1248/281/505 1278/306/438 1279/308/503
f 1235/282/1128 1234/280/28 1265/307/1137
f 1235/282/1128 1265/307/1137 1266/309/27
f 1249/283/506 1248/281/505 1279/308/503
f 1249/283/506 1279/308/503 1280/310/504
f 1236/284/1129 1235/282/1128 1266/309/27
f 1236/284/1129 1266/309/27 1267/311/116
f 1250/285/1130 1249/283/506 1280/310/504
f 1250/285/1130 1280/310/504 1281/312/569
f 1237/286/1131 1236/284/1129 1267/311/116
f 1237/286/1131 1267/311/116 1268/313/1138
f 1251/287/572 1250/285/1130 1281/312/569
f 1251/287/572 1281/312/569 1282/314/1139
f 1238/288/194 1237/286/1131 1268/313/1138
f 1238/288/194 1268/313/1138 1269/315/1140
f 1252/289/637 1251/287/572 1282/314/1139
f 1252/289/637 1282/314/1139 1283/316/635
f 1239/290/193 1238/288/194 1269/315/1140
f 1239/290/193 1269/315/1140 1270/317/190
f 1253/291/1132 1252/289/637 1283/316/635
f 1253/291/1132 1283/316/635 1284/318/636
f 1240/292/195 1239/290/193 1270/317/190
f 1240/292/195 1270/317/190 1271/319/1141
f 1254/293/703 1253/291/1132 1284/318/636
f 1254/293/703 1284/318/636 1285/320/701
f 1241/294/279 1240/292/195 1271/319/1141
f 1241/294/279 1271/319/1141 1272/321/1142
f 1228/263/1121 1508/322/966 1259/323/1143
f 1255/265/1123 1254/293/703 1285/320/701
f 1255/265/1123 1285/320/701 1286/324/702
f 1242/267/280 1241/294/279 1272/321/1142
f 1242/267/280 1272/321/1142 1273/325/1144
f 1229/264/1122 1228/263/1121 1259/323/1143
f 1229/264/1122 1259/323/1143 1260/326/1145
f 1256/266/779 1255/265/1123 1286/324/702
f 1256/266/779 1286/324/702 1287/327/1146
f 1243/268/355 1242/267/280 1273/325/1144
f 1243/268/355 1273/325/1144 1274/328/352
f 1230/269/1124 1229/264/1122 1260/326/1145
f 1230/269/1124 1260/326/1145 1261/296/1133
f 1257/270/778 1256/266/779 1287/327/1146
f 1257/270/778 1287/327/1146 1288/298/1135
f 1244/271/1125 1243/268/355 1274/328/352
f 1244/271/1125 1274/328/352 1275/300/351
f 1264/305/26 1263/302/853 1294/329/851
f 1264/305/26 1294/329/851 1295/330/23
f 1278/306/438 1277/304/437 1308/331/435
f 1278/306/438 1308/331/435 1309/332/1147
f 1265/307/1137 1264/305/26 1295/330/23
f 1265/307/1137 1295/330/23 1296/333/1148
f 1279/308/503 1278/306/438 1309/332/1147
f 1279/308/503 1309/332/1147 1310/334/1149
f 1266/309/27 1265/307/1137 1296/333/1148
f 1266/309/27 1296/333/1148 1297/335/24
f 1280/310/504 1279/308/503 1310/334/1149
f 1280/310/504 1310/334/1149 1311/336/1150
f 1267/311/116 1266/309/27 1297/335/24
f 1267/311/116 1297/335/24 1298/337/114
f 1281/312/569 1280/310/504 1311/336/1150
f 1281/312/569 1311/336/1150 1312/338/567
f 1268/313/1138 1267/311/116 1298/337/114
f 1268/313/1138 1298/337/114 1299/339/1151
f 1282/314/1139 1281/312/569 1312/338/567
f 1282/314/1139 1312/338/567 1313/340/568
f 1269/315/1140 1268/313/1138 1299/339/1151
f 1269/315/1140 1299/339/1151 1300/341/1152
f 1283/316/635 1282/314/1139 1313/340/568
f 1283/316/635 1313/340/568 1314/342/633
f 1270/317/190 1269/315/1140 1300/341/1152
f 1270/317/190 1300/341/1152 1301/343/187
f 1284/318/636 1283/316/635 1314/342/633
f 1284/318/636 1314/342/633 1315/344/1153
f 1271/319/1141 1270/317/190 1301/343/187
f 1271/319/1141 1301/343/187 1302/345/1154
f 1285/320/701 1284/318/636 1315/344/1153
f 1285/320/701 1315/344/1153 1316/346/699
f 1272/321/1142 1271/319/1141 1302/345/1154
f 1272/321/1142 1302/345/1154 1303/347/1155
f 1259/323/1143 1508/348/966 1290/349/1156
f 1286/324/702 1285/320/701 1316/346/699
f 1286/324/702 1316/346/699 1317/350/1157
f 1273/325/1144 1272/321/1142 1303/347/1155
f 1273/325/1144 1303/347/1155 1304/351/276
f 1260/326/1145 1259/323/1143 1290/349/1156
f 1260/326/1145 1290/349/1156 1291/352/1158
f 1287/327/1146 1286/324/702 1317/350/1157
f 1287/327/1146 1317/350/1157 1318/353/1159
f 1274/328/352 1273/325/1144 1304/351/276
f 1274/328/352 1304/351/276 1305/354/1160
f 1261/296/1133 1260/326/1145 1291/352/1158
f 1261/296/1133 1291/352/1158 1292/355/1161
f 1288/298/1135 1287/327/1146 1318/353/1159
f 1288/298/1135 1318/353/1159 1319/356/1162
f 1275/300/351 1274/328/352 1305/354/1160
f 1275/300/351 1305/354/1160 1306/357/1163
f 1262/297/1134 1261/296/1133 1292/355/1161
f 1262/297/1134 1292/355/1161 1293/358/852
f 1289/299/1136 1288/298/1135 1319/356/1162
f 1289/299/1136 1319/356/1162 1320/359/1164
f 1276/301/353 1275/300/351 1306/357/1163
f 1276/301/353 1306/357/1163 1307/360/350
f 1263/302/853 1262/297/1134 1293/358/852
f 1263/302/853 1293/358/852 1294/329/851
f 1507/361/829 1289/299/1136 1320/359/1164
f 1277/304/437 1276/301/353 1307/360/350
f 1277/304/437 1307/360/350 1308/331/435
f 1297/335/24 1296/333/1148 1327/362/19
f 1297/335/24 1327/362/19 1328/363/21
f 1311/336/1150 1310/334/1149 1341/364/1165
f 1311/336/1150 1341/364/1165 1342/365/1166
f 1298/337/114 1297/335/24 1328/363/21
f 1298/337/114 1328/363/21 1329/366/1167
f 1312/338/567 1311/336/1150 1342/365/1166
f 1312/338/567 1342/365/1166 1343/367/565
f 1299/339/1151 1298/337/114 1329/366/1167
f 1299/339/1151 1329/366/1167 1330/368/1168
f 1313/340/568 1312/338/567 1343/367/565
f 1313/340/568 1343/367/565 1344/369/566
f 1300/341/1152 1299/339/1151 1330/368/1168
f 1300/341/1152 1330/368/1168 1331/370/1169
f 1314/342/633 1313/340/568 1344/369/566
f 1314/342/633 1344/369/566 1345/371/1170
f 1301/343/187 1300/341/1152 1331/370/1169
f 1301/343/187 1331/370/1169 1332/372/184
f 1315/344/1153 1314/342/633 1345/371/1170
f 1315/344/1153 1345/371/1170 1346/373/1171
f 1302/345/1154 1301/343/187 1332/372/184
f 1302/345/1154 1332/372/184 1333/374/186
f 1316/346/699 1315/344/1153 1346/373/1171
f 1316/346/699 1346/373/1171 1347/375/1172
f 1303/347/1155 1302/345/1154 1333/374/186
f 1303/347/1155 1333/374/186 1334/376/273
f 1290/349/1156 1508/377/966 1321/378/991
f 1317/350/1157 1316/346/699 1347/375/1172
f 1317/350/1157 1347/375/1172 1348/379/1173
f 1304/351/276 1303/347/1155 1334/376/273
f 1304/351/276 1334/376/273 1335/380/274
f 1291/352/1158 1290/349/1156 1321/378/991
f 1291/352/1158 1321/378/991 1322/381/916
f 1318/353/1159 1317/350/1157 1348/379/1173
f 1318/353/1159 1348/379/1173 1349/382/1174
f 1305/354/1160 1304/351/276 1335/380/274
f 1305/354/1160 1335/380/274 1336/383/1175
f 1292/355/1161 1291/352/1158 1322/381/916
f 1292/355/1161 1322/381/916 1323/384/915
f 1319/356/1162 1318/353/1159 1349/382/1174
f 1319/356/1162 1349/382/1174 1350/385/1176
f 1306/357/1163 1305/354/1160 1336/383/1175
f 1306/357/1163 1336/383/1175 1337/386/345
f 1293/358/852 1292/355/1161 1323/384/915
f 1293/358/852 1323/384/915 1324/387/1177
f 1320/359/1164 1319/356/1162 1350/385/1176
f 1320/359/1164 1350/385/1176 1351/388/1178
f 1307/360/350 1306/357/1163 1337/386/345
f 1307/360/350 1337/386/345 1338/389/347
f 1294/329/851 1293/358/852 1324/387/1177
f 1294/329/851 1324/387/1177 1325/390/849
f 1507/391/829 1320/359/1164 1351/388/1178
f 1308/331/435 1307/360/350 1338/389/347
f 1308/331/435 1338/389/347 1339/392/433
f 1295/330/23 1294/329/851 1325/390/849
f 1295/330/23 1325/390/849 1326/393/1179
f 1309/332/1147 1308/331/435 1339/392/433
f 1309/332/1147 1339/392/433 1340/394/1180
f 1296/333/1148 1295/330/23 1326/393/1179
f 1296/333/1148 1326/393/1179 1327/362/19
f 1310/334/1149 1309/332/1147 1340/394/1180
f 1310/334/1149 1340/394/1180 1341/364/1165
f 1330/368/1168 1329/366/1167 1360/395/110
f 1330/368/1168 1360/395/110 1361/396/111
f 1344/369/566 1343/367/565 1374/397/563
f 1344/369/566 1374/397/563 1375/398/564
f 1331/370/1169 1330/368/1168 1361/396/111
f 1331/370/1169 1361/396/111 1362/399/182
f 1345/371/1170 1344/369/566 1375/398/564
f 1345/371/1170 1375/398/564 1376/400/629
f 1332/372/184 1331/370/1169 1362/399/182
f 1332/372/184 1362/399/182 1363/401/181
f 1346/373/1171 1345/371/1170 1376/400/629
f 1346/373/1171 1376/400/629 1377/402/630
f 1333/374/186 1332/372/184 1363/401/181
f 1333/374/186 1363/401/181 1364/403/1181
f 1347/375/1172 1346/373/1171 1377/402/630
f 1347/375/1172 1377/402/630 1378/404/1182
f 1334/376/273 1333/374/186 1364/403/1181
f 1334/376/273 1364/403/1181 1365/405/1183
f 1321/378/991 1508/406/966 1352/407/1184
f 1348/379/1173 1347/375/1172 1378/404/1182
f 1348/379/1173 1378/404/1182 1379/408/1185
f 1335/380/274 1334/376/273 1365/405/1183
f 1335/380/274 1365/405/1183 1366/409/272
f 1322/381/916 1321/378/991 1352/407/1184
f 1322/381/916 1352/407/1184 1353/410/1186
f 1349/382/1174 1348/379/1173 1379/408/1185
f 1349/382/1174 1379/408/1185 1380/411/1187
f 1336/383/1175 1335/380/274 1366/409/272
f 1336/383/1175 1366/409/272 1367/412/343
f 1323/384/915 1322/381/916 1353/410/1186
f 1323/384/915 1353/410/1186 1354/413/1188
f 1350/385/1176 1349/382/1174 1380/411/1187
f 1350/385/1176 1380/411/1187 1381/414/1189
f 1337/386/345 1336/383/1175 1367/412/343
f 1337/386/345 1367/412/343 1368/415/342
f 1324/387/1177 1323/384/915 1354/413/1188
f 1324/387/1177 1354/413/1188 1355/416/1190
f 1351/388/1178 1350/385/1176 1381/414/1189
f 1351/388/1178 1381/414/1189 1382/417/768
f 1338/389/347 1337/386/345 1368/415/342
f 1338/389/347 1368/415/342 1369/418/344
f 1325/390/849 1324/387/1177 1355/416/1190
f 1325/390/849 1355/416/1190 1356/419/847
f 1507/420/829 1351/388/1178 1382/417/768
f 1339/392/433 1338/389/347 1369/418/344
f 1339/392/433 1369/418/344 1370/421/431
f 1326/393/1179 1325/390/849 1356/419/847
f 1326/393/1179 1356/419/847 1357/422/1191
f 1340/394/1180 1339/392/433 1370/421/431
f 1340/394/1180 1370/421/431 1371/423/432
f 1327/362/19 1326/393/1179 1357/422/1191
f 1327/362/19 1357/422/1191 1358/424/16
f 1341/364/1165 1340/394/1180 1371/423/432
f 1341/364/1165 1371/423/432 1372/425/1192
f 1328/363/21 1327/362/19 1358/424/16
f 1328/363/21 1358/424/16 1359/426/18
f 1342/365/1166 1341/364/1165 1372/425/1192
f 1342/365/1166 1372/425/1192 1373/427/498
f 1329/366/1167 1328/363/21 1359/426/18
f 1329/366/1167 1359/426/18 1360/395/110
f 1343/367/565 1342/365/1166 1373/427/498
f 1343/367/565 1373/427/498 1374/397/563
f 1363/401/181 1362/399/182 1393/428/1193
f 1363/401/181 1393/428/1193 1394/429/178
f 1377/402/630 1376/400/629 1407/430/627
f 1377/402/630 1407/430/627 1408/431/628
f 1364/403/1181 1363/401/181 1394/429/178
f 1364/403/1181 1394/429/178 1395/432/180
f 1378/404/1182 1377/402/630 1408/431/628
f 1378/404/1182 1408/431/628 1409/433/693
f 1365/405/1183 1364/403/1181 1395/432/180
f 1365/405/1183 1395/432/180 1396/434/269
f 1352/407/1184 1508/435/966 1383/436/1194
f 1379/408/1185 1378/404/1182 1409/433/693
f 1379/408/1185 1409/433/693 1410/437/1195
f 1366/409/272 1365/405/1183 1396/434/269
f 1366/409/272 1396/434/269 1397/438/270
f 1353/410/1186 1352/407/1184 1383/436/1194
f 1353/410/1186 1383/436/1194 1384/439/912
f 1380/411/1187 1379/408/1185 1410/437/1195
f 1380/411/1187 1410/437/1195 1411/440/1196
f 1367/412/343 1366/409/272 1397/438/270
f 1367/412/343 1397/438/270 1398/441/340
f 1354/413/1188 1353/410/1186 1384/439/912
f 1354/413/1188 1384/439/912 1385/442/1197
f 1381/414/1189 1380/411/1187 1411/440/1196
f 1381/414/1189 1411/440/1196 1412/443/1198
f 1368/415/342 1367/412/343 1398/441/340
f 1368/415/342 1398/441/340 1399/444/339
f 1355/416/1190 1354/413/1188 1385/442/1197
f 1355/416/1190 1385/442/1197 1386/445/1199
f 1382/417/768 1381/414/1189 1412/443/1198
f 1382/417/768 1412/443/1198 1413/446/1200
f 1369/418/344 1368/415/342 1399/444/339
f 1369/418/344 1399/444/339 1400/447/341
f 1356/419/847 1355/416/1190 1386/445/1199
f 1356/419/847 1386/445/1199 1387/448/1201
f 1507/449/829 1382/417/768 1413/446/1200
f 1370/421/431 1369/418/344 1400/447/341
f 1370/421/431 1400/447/341 1401/450/429
f 1357/422/1191 1356/419/847 1387/448/1201
f 1357/422/1191 1387/448/1201 1388/451/14
f 1371/423/432 1370/421/431 1401/450/429
f 1371/423/432 1401/450/429 1402/452/1202
f 1358/424/16 1357/422/1191 1388/451/14
f 1358/424/16 1388/451/14 1389/453/13
f 1372/425/1192 1371/423/432 1402/452/1202
f 1372/425/1192 1402/452/1202 1403/454/1203
f 1359/426/18 1358/424/16 1389/453/13
f 1359/426/18 1389/453/13 1390/455/1204
f 1373/427/498 1372/425/1192 1403/454/1203
f 1373/427/498 1403/454/1203 1404/456/1205
f 1360/395/110 1359/426/18 1390/455/1204
f 1360/395/110 1390/455/1204 1391/457/108
f 1374/397/563 1373/427/498 1404/456/1205
f 1374/397/563 1404/456/1205 1405/458/561
f 1361/396/111 1360/395/110 1391/457/108
f 1361/396/111 1391/457/108 1392/459/109
f 1375/398/564 1374/397/563 1405/458/561
f 1375/398/564 1405/458/561 1406/460/562
f 1362/399/182 1361/396/111 1392/459/109
f 1362/399/182 1392/459/109 1393/428/1193
f 1376/400/629 1375/398/564 1406/460/562
f 1376/400/629 1406/460/562 1407/430/627
f 1396/434/269 1395/432/180 1426/461/177
f 1396/434/269 1426/461/177 1427/462/267
f 1383/436/1194 1508/463/966 1414/464/994
f 1410/437/1195 1409/433/693 1440/465/1206
f 1410/437/1195 1440/465/1206 1441/466/692
f 1397/438/270 1396/434/269 1427/462/267
f 1397/438/270 1427/462/267 1428/467/1207
f 1384/439/912 1383/436/1194 1414/464/994
f 1384/439/912 1414/464/994 1415/468/1208
f 1411/440/1196 1410/437/1195 1441/466/692
f 1411/440/1196 1441/466/692 1442/469/761
f 1398/441/340 1397/438/270 1428/467/1207
f 1398/441/340 1428/467/1207 1429/470/337
f 1385/442/1197 1384/439/912 1415/468/1208
f 1385/442/1197 1415/468/1208 1416/471/1209
f 1412/443/1198 1411/440/1196 1442/469/761
f 1412/443/1198 1442/469/761 1443/472/1210
f 1399/444/339 1398/441/340 1429/470/337
f 1399/444/339 1429/470/337 1430/473/1211
f 1386/445/1199 1385/442/1197 1416/471/1209
f 1386/445/1199 1416/471/1209 1417/474/844
f 1413/446/1200 1412/443/1198 1443/472/1210
f 1413/446/1200 1443/472/1210 1444/475/1212
f 1400/447/341 1399/444/339 1430/473/1211
f 1400/447/341 1430/473/1211 1431/476/1213
f 1387/448/1201 1386/445/1199 1417/474/844
f 1387/448/1201 1417/474/844 1418/477/843
f 1507/478/829 1413/446/1200 1444/475/1212
f 1401/450/429 1400/447/341 1431/476/1213
f 1401/450/429 1431/476/1213 1432/479/1214
f 1388/451/14 1387/448/1201 1418/477/843
f 1388/451/14 1418/477/843 1419/480/1215
f 1402/452/1202 1401/450/429 1432/479/1214
f 1402/452/1202 1432/479/1214 1433/481/428
f 1389/453/13 1388/451/14 1419/480/1215
f 1389/453/13 1419/480/1215 1420/482/10
f 1403/454/1203 1402/452/1202 1433/481/428
f 1403/454/1203 1433/481/428 1434/483/493
f 1390/455/1204 1389/453/13 1420/482/10
f 1390/455/1204 1420/482/10 1421/484/12
f 1404/456/1205 1403/454/1203 1434/483/493
f 1404/456/1205 1434/483/493 1435/485/494
f 1391/457/108 1390/455/1204 1421/484/12
f 1391/457/108 1421/484/12 1422/486/1216
f 1405/458/561 1404/456/1205 1435/485/494
f 1405/458/561 1435/485/494 1436/487/1217
f 1392/459/109 1391/457/108 1422/486/1216
f 1392/459/109 1422/486/1216 1423/488/107
f 1406/460/562 1405/458/561 1436/487/1217
f 1406/460/562 1436/487/1217 1437/489/560
f 1393/428/1193 1392/459/109 1423/488/107
f 1393/428/1193 1423/488/107 1424/490/1218
f 1407/430/627 1406/460/562 1437/489/560
f 1407/430/627 1437/489/560 1438/491/625
f 1394/429/178 1393/428/1193 1424/490/1218
f 1394/429/178 1424/490/1218 1425/492/1219
f 1408/431/628 1407/430/627 1438/491/625
f 1408/431/628 1438/491/625 1439/493/626
f 1395/432/180 1394/429/178 1425/492/1219
f 1395/432/180 1425/492/1219 1426/461/177
f 1409/433/693 1408/431/628 1439/493/626
f 1409/433/693 1439/493/626 1440/465/1206
f 1429/470/337 1428/467/1207 1459/494/266
f 1429/470/337 1459/494/266 1460/495/332
f 1416/471/1209 1415/468/1208 1446/496/908
f 1416/471/1209 1446/496/908 1447/497/1220
f 1443/472/1210 1442/469/761 1473/498/1221
f 1443/472/1210 1473/498/1221 1474/499/1222
f 1430/473/1211 1429/470/337 1460/495/332
f 1430/473/1211 1460/495/332 1461/500/1223
f 1417/474/844 1416/471/1209 1447/497/1220
f 1417/474/844 1447/497/1220 1448/501/842
f 1444/475/1212 1443/472/1210 1474/499/1222
f 1444/475/1212 1474/499/1222 1475/502/1224
f 1431/476/1213 1430/473/1211 1461/500/1223
f 1431/476/1213 1461/500/1223 1462/503/1225
f 1418/477/843 1417/474/844 1448/501/842
f 1418/477/843 1448/501/842 1449/504/1226
f 1507/505/829 1444/475/1212 1475/502/1224
f 1432/479/1214 1431/476/1213 1462/503/1225
f 1432/479/1214 1462/503/1225 1463/506/426
f 1419/480/1215 1418/477/843 1449/504/1226
f 1419/480/1215 1449/504/1226 1450/507/1227
f 1433/481/428 1432/479/1214 1463/506/426
f 1433/481/428 1463/506/426 1464/508/425
f 1420/482/10 1419/480/1215 1450/507/1227
f 1420/482/10 1450/507/1227 1451/509/7
f 1434/483/493 1433/481/428 1464/508/425
f 1434/483/493 1464/508/425 1465/510/492
f 1421/484/12 1420/482/10 1451/509/7
f 1421/484/12 1451/509/7 1452/511/9
f 1435/485/494 1434/483/493 1465/510/492
f 1435/485/494 1465/510/492 1466/512/491
f 1422/486/1216 1421/484/12 1452/511/9
f 1422/486/1216 1452/511/9 1453/513/1228
f 1436/487/1217 1435/485/494 1466/512/491
f 1436/487/1217 1466/512/491 1467/514/1229
f 1423/488/107 1422/486/1216 1453/513/1228
f 1423/488/107 1453/513/1228 1454/515/105
f 1437/489/560 1436/487/1217 1467/514/1229
f 1437/489/560 1467/514/1229 1468/516/1230
f 1424/490/1218 1423/488/107 1454/515/105
f 1424/490/1218 1454/515/105 1455/517/170
f 1438/491/625 1437/489/560 1468/516/1230
f 1438/491/625 1468/516/1230 1469/518/1231
f 1425/492/1219 1424/490/1218 1455/517/170
f 1425/492/1219 1455/517/170 1456/519/1232
f 1439/493/626 1438/491/625 1469/518/1231
f 1439/493/626 1469/518/1231 1470/520/1233
f 1426/461/177 1425/492/1219 1456/519/1232
f 1426/461/177 1456/519/1232 1457/521/172
f 1440/465/1206 1439/493/626 1470/520/1233
f 1440/465/1206 1470/520/1233 1471/522/1234
f 1427/462/267 1426/461/177 1457/521/172
f 1427/462/267 1457/521/172 1458/523/265
f 1414/464/994 1508/524/966 1445/525/1235
f 1441/466/692 1440/465/1206 1471/522/1234
f 1441/466/692 1471/522/1234 1472/526/690
f 1428/467/1207 1427/462/267 1458/523/265
f 1428/467/1207 1458/523/265 1459/494/266
f 1415/468/1208 1414/464/994 1445/525/1235
f 1415/468/1208 1445/525/1235 1446/496/908
f 1442/469/761 1441/466/692 1472/526/690
f 1442/469/761 1472/526/690 1473/498/1221
f 1462/503/1225 1461/500/1223 1492/527/330
f 1462/503/1225 1492/527/330 1493/528/334
f 1449/504/1226 1448/501/842 1479/529/840
f 1449/504/1226 1479/529/840 1480/530/837
f 1507/531/829 1475/502/1224 1506/532/1236
f 1463/506/426 1462/503/1225 1493/528/334
f 1463/506/426 1493/528/334 1494/533/421
f 1450/507/1227 1449/504/1226 1480/530/837
f 1450/507/1227 1480/530/837 1481/534/1237
f 1464/508/425 1463/506/426 1494/533/421
f 1464/508/425 1494/533/421 1495/535/424
f 1451/509/7 1450/507/1227 1481/534/1237
f 1451/509/7 1481/534/1237 1482/536/2
f 1465/510/492 1464/508/425 1495/535/424
f 1465/510/492 1495/535/424 1496/537/489
f 1452/511/9 1451/509/7 1482/536/2
f 1452/511/9 1482/536/2 1483/538/1238
f 1466/512/491 1465/510/492 1496/537/489
f 1466/512/491 1496/537/489 1497/539/490
f 1453/513/1228 1452/511/9 1483/538/1238
f 1453/513/1228 1483/538/1238 1484/540/1239
f 1467/514/1229 1466/512/491 1497/539/490
f 1467/514/1229 1497/539/490 1498/541/1240
f 1454/515/105 1453/513/1228 1484/540/1239
f 1454/515/105 1484/540/1239 1485/542/103
f 1468/516/1230 1467/514/1229 1498/541/1240
f 1468/516/1230 1498/541/1240 1499/543/1241
f 1455/517/170 1454/515/105 1485/542/103
f 1455/517/170 1485/542/103 1486/544/168
f 1469/518/1231 1468/516/1230 1499/543/1241
f 1469/518/1231 1499/543/1241 1500/545/621
f 1456/519/1232 1455/517/170 1486/544/168
f 1456/519/1232 1486/544/168 1487/546/169
f 1470/520/1233 1469/518/1231 1500/545/621
f 1470/520/1233 1500/545/621 1501/547/1242
f 1457/521/172 1456/519/1232 1487/546/169
f 1457/521/172 1487/546/169 1488/548/173
f 1471/522/1234 1470/520/1233 1501/547/1242
f 1471/522/1234 1501/547/1242 1502/549/1243
f 1458/523/265 1457/521/172 1488/548/173
f 1458/523/265 1488/548/173 1489/550/261
f 1445/525/1235 1508/551/966 1476/552/1244
f 1472/526/690 1471/522/1234 1502/549/1243
f 1472/526/690 1502/549/1243 1503/553/688
f 1459/494/266 1458/523/265 1489/550/261
f 1459/494/266 1489/550/261 1490/554/264
f 1446/496/908 1445/525/1235 1476/552/1244
f 1446/496/908 1476/552/1244 1477/555/1245
f 1473/498/1221 1472/526/690 1503/553/688
f 1473/498/1221 1503/553/688 1504/556/753
f 1460/495/332 1459/494/266 1490/554/264
f 1460/495/332 1490/554/264 1491/557/329
f 1447/497/1220 1446/496/908 1477/555/1245
f 1447/497/1220 1477/555/1245 1478/558/1246
f 1474/499/1222 1473/498/1221 1504/556/753
f 1474/499/1222 1504/556/753 1505/559/1247
f 1461/500/1223 1460/495/332 1491/557/329
f 1461/500/1223 1491/557/329 1492/527/330
f 1448/501/842 1447/497/1220 1478/558/1246
f 1448/501/842 1478/558/1246 1479/529/840
f 1475/502/1224 1474/499/1222 1505/559/1247
f 1475/502/1224 1505/559/1247 1506/532/1236
f 1495/535/424 1494/533/421 1527/560/420
f 1495/535/424 1527/560/420 1528/561/422
f 1482/536/2 1481/534/1237 1514/562/1248
f 1482/536/2 1514/562/1248 1515/563/1249
f 1496/537/489 1495/535/424 1528/561/422
f 1496/537/489 1528/561/422 1529/564/485
f 1483/538/1238 1482/536/2 1515/563/1249
f 1483/538/1238 1515/563/1249 1516/565/1250
f 1497/539/490 1496/537/489 1529/564/485
f 1497/539/490 1529/564/485 1530/566/488
f 1484/540/1239 1483/538/1238 1516/565/1250
f 1484/540/1239 1516/565/1250 1517/567/1251
f 1498/541/1240 1497/539/490 1530/566/488
f 1498/541/1240 1530/566/488 1531/568/1252
f 1485/542/103 1484/540/1239 1517/567/1251
f 1485/542/103 1517/567/1251 1518/569/1253
f 1499/543/1241 1498/541/1240 1531/568/1252
f 1499/543/1241 1531/568/1252 1532/570/554
f 1486/544/168 1485/542/103 1518/569/1253
f 1486/544/168 1518/569/1253 1519/571/164
f 1500/545/621 1499/543/1241 1532/570/554
f 1500/545/621 1532/570/554 1533/572/619
f 1487/546/169 1486/544/168 1519/571/164
f 1487/546/169 1519/571/164 1520/573/167
f 1501/547/1242 1500/545/621 1533/572/619
f 1501/547/1242 1533/572/619 1534/574/620
f 1488/548/173 1487/546/169 1520/573/167
f 1488/548/173 1520/573/167 1521/575/174
f 1502/549/1243 1501/547/1242 1534/574/620
f 1502/549/1243 1534/574/620 1535/576/685
f 1489/550/261 1488/548/173 1521/575/174
f 1489/550/261 1521/575/174 1522/577/1254
f 1476/552/1244 1508/578/966 1509/579/1255
f 1503/553/688 1502/549/1243 1535/576/685
f 1503/553/688 1535/576/685 1536/580/686
f 1490/554/264 1489/550/261 1522/577/1254
f 1490/554/264 1522/577/1254 1523/581/1256
f 1477/555/1245 1476/552/1244 1509/579/1255
f 1477/555/1245 1509/579/1255 1510/582/904
f 1504/556/753 1503/553/688 1536/580/686
f 1504/556/753 1536/580/686 1537/583/1257
f 1491/557/329 1490/554/264 1523/581/1256
f 1491/557/329 1523/581/1256 1524/584/325
f 1478/558/1246 1477/555/1245 1510/582/904
f 1478/558/1246 1510/582/904 1511/585/901
f 1505/559/1247 1504/556/753 1537/583/1257
f 1505/559/1247 1537/583/1257 1538/586/1258
f 1492/527/330 1491/557/329 1524/584/325
f 1492/527/330 1524/584/325 1525/587/328
f 1479/529/840 1478/558/1246 1511/585/901
f 1479/529/840 1511/585/901 1512/588/1259
f 1506/532/1236 1505/559/1247 1538/586/1258
f 1506/532/1236 1538/586/1258 1539/589/1260
f 1493/528/334 1492/527/330 1525/587/328
f 1493/528/334 1525/587/328 1526/590/335
f 1480/530/837 1479/529/840 1512/588/1259
f 1480/530/837 1512/588/1259 1513/591/836
f 1507/592/829 1506/532/1236 1539/589/1260
f 1494/533/421 1493/528/334 1526/590/335
f 1494/533/421 1526/590/335 1527/560/420
f 1481/534/1237 1480/530/837 1513/591/836
f 1481/534/1237 1513/591/836 1514/562/1248
f 1530/566/488 1529/564/485 1560/593/484
f 1530/566/488 1560/593/484 1561/594/1261
f 1517/567/1251 1516/565/1250 1547/595/96
f 1517/567/1251 1547/595/96 1548/596/97
f 1531/568/1252 1530/566/488 1561/594/1261
f 1531/568/1252 1561/594/1261 1562/597/549
f 1518/569/1253 1517/567/1251 1548/596/97
f 1518/569/1253 1548/596/97 1549/598/1262
f 1532/570/554 1531/568/1252 1562/597/549
f 1532/570/554 1562/597/549 1563/599/1263
f 1519/571/164 1518/569/1253 1549/598/1262
f 1519/571/164 1549/598/1262 1550/600/163
f 1533/572/619 1532/570/554 1563/599/1263
f 1533/572/619 1563/599/1263 1564/601/1264
f 1520/573/167 1519/571/164 1550/600/163
f 1520/573/167 1550/600/163 1551/602/165
f 1534/574/620 1533/572/619 1564/601/1264
f 1534/574/620 1564/601/1264 1565/603/1265
f 1521/575/174 1520/573/167 1551/602/165
f 1521/575/174 1551/602/165 1552/604/1266
f 1535/576/685 1534/574/620 1565/603/1265
f 1535/576/685 1565/603/1265 1566/605/683
f 1522/577/1254 1521/575/174 1552/604/1266
f 1522/577/1254 1552/604/1266 1553/606/1267
f 1509/579/1255 1508/607/966 1540/608/1268
f 1536/580/686 1535/576/685 1566/605/683
f 1536/580/686 1566/605/683 1567/609/684
f 1523/581/1256 1522/577/1254 1553/606/1267
f 1523/581/1256 1553/606/1267 1554/610/1269
f 1510/582/904 1509/579/1255 1540/608/1268
f 1510/582/904 1540/608/1268 1541/611/1270
f 1537/583/1257 1536/580/686 1567/609/684
f 1537/583/1257 1567/609/684 1568/612/749
f 1524/584/325 1523/581/1256 1554/610/1269
f 1524/584/325 1554/610/1269 1555/613/324
f 1511/585/901 1510/582/904 1541/611/1270
f 1511/585/901 1541/611/1270 1542/614/900
f 1538/586/1258 1537/583/1257 1568/612/749
f 1538/586/1258 1568/612/749 1569/615/1271
f 1525/587/328 1524/584/325 1555/613/324
f 1525/587/328 1555/613/324 1556/616/1272
f 1512/588/1259 1511/585/901 1542/614/900
f 1512/588/1259 1542/614/900 1543/617/1273
f 1539/589/1260 1538/586/1258 1569/615/1271
f 1539/589/1260 1569/615/1271 1570/618/830
f 1526/590/335 1525/587/328 1556/616/1272
f 1526/590/335 1556/616/1272 1557/619/416
f 1513/591/836 1512/588/1259 1543/617/1273
f 1513/591/836 1543/617/1273 1544/620/1274
f 1507/621/829 1539/589/1260 1570/618/830
f 1527/560/420 1526/590/335 1557/619/416
f 1527/560/420 1557/619/416 1558/622/419
f 1514/562/1248 1513/591/836 1544/620/1274
f 1514/562/1248 1544/620/1274 1545/623/95
f 1528/561/422 1527/560/420 1558/622/419
f 1528/561/422 1558/622/419 1559/624/1275
f 1515/563/1249 1514/562/1248 1545/623/95
f 1515/563/1249 1545/623/95 1546/625/1276
f 1529/564/485 1528/561/422 1559/624/1275
f 1529/564/485 1559/624/1275 1560/593/484
f 1516/565/1250 1515/563/1249 1546/625/1276
f 1516/565/1250 1546/625/1276 1547/595/96
f 1563/599/1263 1562/597/549 1593/626/548
f 1563/599/1263 1593/626/548 1594/627/1277
f 1550/600/163 1549/598/1262 1580/628/1278
f 1550/600/163 1580/628/1278 1581/629/161
f 1564/601/1264 1563/599/1263 1594/627/1277
f 1564/601/1264 1594/627/1277 1595/630/613
f 1551/602/165 1550/600/163 1581/629/161
f 1551/602/165 1581/629/161 1582/631/166
f 1565/603/1265 1564/601/1264 1595/630/613
f 1565/603/1265 1595/630/613 1596/632/1279
f 1552/604/1266 1551/602/165 1582/631/166
f 1552/604/1266 1582/631/166 1583/633/255
f 1566/605/683 1565/603/1265 1596/632/1279
f 1566/605/683 1596/632/1279 1597/634/1280
f 1553/606/1267 1552/604/1266 1583/633/255
f 1553/606/1267 1583/633/255 1584/635/257
f 1540/608/1268 1508/636/966 1571/637/1281
f 1567/609/684 1566/605/683 1597/634/1280
f 1567/609/684 1597/634/1280 1598/638/1282
f 1554/610/1269 1553/606/1267 1584/635/257
f 1554/610/1269 1584/635/257 1585/639/1283
f 1541/611/1270 1540/608/1268 1571/637/1281
f 1541/611/1270 1571/637/1281 1572/640/1284
f 1568/612/749 1567/609/684 1598/638/1282
f 1568/612/749 1598/638/1282 1599/641/747
f 1555/613/324 1554/610/1269 1585/639/1283
f 1555/613/324 1585/639/1283 1586/642/323
f 1542/614/900 1541/611/1270 1572/640/1284
f 1542/614/900 1572/640/1284 1573/643/898
f 1569/615/1271 1568/612/749 1599/641/747
f 1569/615/1271 1599/641/747 1600/644/748
f 1556/616/1272 1555/613/324 1586/642/323
f 1556/616/1272 1586/642/323 1587/645/327
f 1543/617/1273 1542/614/900 1573/643/898
f 1543/617/1273 1573/643/898 1574/646/1285
f 1570/618/830 1569/615/1271 1600/644/748
f 1570/618/830 1600/644/748 1601/647/831
f 1557/619/416 1556/616/1272 1587/645/327
f 1557/619/416 1587/645/327 1588/648/415
f 1544/620/1274 1543/617/1273 1574/646/1285
f 1544/620/1274 1574/646/1285 1575/649/1286
f 1507/650/829 1570/618/830 1601/647/831
f 1558/622/419 1557/619/416 1588/648/415
f 1558/622/419 1588/648/415 1589/651/417
f 1545/623/95 1544/620/1274 1575/649/1286
f 1545/623/95 1575/649/1286 1576/652/92
f 1559/624/1275 1558/622/419 1589/651/417
f 1559/624/1275 1589/651/417 1590/653/1287
f 1546/625/1276 1545/623/95 1576/652/92
f 1546/625/1276 1576/652/92 1577/654/91
f 1560/593/484 1559/624/1275 1590/653/1287
f 1560/593/484 1590/653/1287 1591/655/483
f 1547/595/96 1546/625/1276 1577/654/91
f 1547/595/96 1577/654/91 1578/656/93
f 1561/594/1261 1560/593/484 1591/655/483
f 1561/594/1261 1591/655/483 1592/657/487
f 1548/596/97 1547/595/96 1578/656/93
f 1548/596/97 1578/656/93 1579/658/98
f 1562/597/549 1561/594/1261 1592/657/487
f 1562/597/549 1592/657/487 1593/626/548
f 1549/598/1262 1548/596/97 1579/658/98
f 1549/598/1262 1579/658/98 1580/628/1278
f 1596/632/1279 1595/630/613 1626/659/1288
f 1596/632/1279 1626/659/1288 1627/660/1289
f 1583/633/255 1582/631/166 1613/661/253
f 1583/633/255 1613/661/253 1614/662/254
f 1597/634/1280 1596/632/1279 1627/660/1289
f 1597/634/1280 1627/660/1289 1628/663/677
f 1584/635/257 1583/633/255 1614/662/254
f 1584/635/257 1614/662/254 1615/664/258
f 1571/637/1281 1508/665/966 1602/666/1290
f 1598/638/1282 1597/634/1280 1628/663/677
f 1598/638/1282 1628/663/677 1629/667/1291
f 1585/639/1283 1584/635/257 1615/664/258
f 1585/639/1283 1615/664/258 1616/668/319
f 1572/640/1284 1571/637/1281 1602/666/1290
f 1572/640/1284 1602/666/1290 1603/669/1292
f 1599/641/747 1598/638/1282 1629/667/1291
f 1599/641/747 1629/667/1291 1630/670/1293
f 1586/642/323 1585/639/1283 1616/668/319
f 1586/642/323 1616/668/319 1617/671/321
f 1573/643/898 1572/640/1284 1603/669/1292
f 1573/643/898 1603/669/1292 1604/672/1294
f 1600/644/748 1599/641/747 1630/670/1293
f 1600/644/748 1630/670/1293 1631/673/746
f 1587/645/327 1586/642/323 1617/671/321
f 1587/645/327 1617/671/321 1618/674/413
f 1574/646/1285 1573/643/898 1604/672/1294
f 1574/646/1285 1604/672/1294 1605/675/896
f 1601/647/831 1600/644/748 1631/673/746
f 1601/647/831 1631/673/746 1632/676/1295
f 1588/648/415 1587/645/327 1618/674/413
f 1588/648/415 1618/674/413 1619/677/1296
f 1575/649/1286 1574/646/1285 1605/675/896
f 1575/649/1286 1605/675/896 1606/678/895
f 1507/679/829 1601/647/831 1632/676/1295
f 1589/651/417 1588/648/415 1619/677/1296
f 1589/651/417 1619/677/1296 1620/680/1297
f 1576/652/92 1575/649/1286 1606/678/895
f 1576/652/92 1606/678/895 1607/681/89
f 1590/653/1287 1589/651/417 1620/680/1297
f 1590/653/1287 1620/680/1297 1621/682/479
f 1577/654/91 1576/652/92 1607/681/89
f 1577/654/91 1607/681/89 1608/683/88
f 1591/655/483 1590/653/1287 1621/682/479
f 1591/655/483 1621/682/479 1622/684/1298
f 1578/656/93 1577/654/91 1608/683/88
f 1578/656/93 1608/683/88 1609/685/90
f 1592/657/487 1591/655/483 1622/684/1298
f 1592/657/487 1622/684/1298 1623/686/544
f 1579/658/98 1578/656/93 1609/685/90
f 1579/658/98 1609/685/90 1610/687/158
f 1593/626/548 1592/657/487 1623/686/544
f 1593/626/548 1623/686/544 1624/688/1299
f 1580/628/1278 1579/658/98 1610/687/158
f 1580/628/1278 1610/687/158 1611/689/159
f 1594/627/1277 1593/626/548 1624/688/1299
f 1594/627/1277 1624/688/1299 1625/690/551
f 1581/629/161 1580/628/1278 1611/689/159
f 1581/629/161 1611/689/159 1612/691/162
f 1595/630/613 1594/627/1277 1625/690/551
f 1595/630/613 1625/690/551 1626/659/1288
f 1582/631/166 1581/629/161 1612/691/162
f 1582/631/166 1612/691/162 1613/661/253
f 1629/667/1291 1628/663/677 1659/692/676
f 1629/667/1291 1659/692/676 1660/693/678
f 1616/668/319 1615/664/258 1646/694/317
f 1616/668/319 1646/694/317 1647/695/1300
f 1603/669/1292 1602/666/1290 1633/696/963
f 1603/669/1292 1633/696/963 1634/697/1301
f 1630/670/1293 1629/667/1291 1660/693/678
f 1630/670/1293 1660/693/678 1661/698/1302
f 1617/671/321 1616/668/319 1647/695/1300
f 1617/671/321 1647/695/1300 1648/699/1303
f 1604/672/1294 1603/669/1292 1634/697/1301
f 1604/672/1294 1634/697/1301 1635/700/1304
f 1631/673/746 1630/670/1293 1661/698/1302
f 1631/673/746 1661/698/1302 1662/701/744
f 1618/674/413 1617/671/321 1648/699/1303
f 1618/674/413 1648/699/1303 1649/702/411
f 1605/675/896 1604/672/1294 1635/700/1304
f 1605/675/896 1635/700/1304 1636/703/1305
f 1632/676/1295 1631/673/746 1662/701/744
f 1632/676/1295 1662/701/744 1663/704/1306
f 1619/677/1296 1618/674/413 1649/702/411
f 1619/677/1296 1649/702/411 1650/705/412
f 1606/678/895 1605/675/896 1636/703/1305
f 1606/678/895 1636/703/1305 1637/706/1307
f 1507/707/829 1632/676/1295 1663/704/1306
f 1620/680/1297 1619/677/1296 1650/705/412
f 1620/680/1297 1650/705/412 1651/708/1308
f 1607/681/89 1606/678/895 1637/706/1307
f 1607/681/89 1637/706/1307 1638/709/1309
f 1621/682/479 1620/680/1297 1651/708/1308
f 1621/682/479 1651/708/1308 1652/710/478
f 1608/683/88 1607/681/89 1638/709/1309
f 1608/683/88 1638/709/1309 1639/711/1310
f 1622/684/1298 1621/682/479 1652/710/478
f 1622/684/1298 1652/710/478 1653/712/482
f 1609/685/90 1608/683/88 1639/711/1310
f 1609/685/90 1639/711/1310 1640/713/87
f 1623/686/544 1622/684/1298 1653/712/482
f 1623/686/544 1653/712/482 1654/714/1311
f 1610/687/158 1609/685/90 1640/713/87
f 1610/687/158 1640/713/87 1641/715/1312
f 1624/688/1299 1623/686/544 1654/714/1311
f 1624/688/1299 1654/714/1311 1655/716/1313
f 1611/689/159 1610/687/158 1641/715/1312
f 1611/689/159 1641/715/1312 1642/717/1314
f 1625/690/551 1624/688/1299 1655/716/1313
f 1625/690/551 1655/716/1313 1656/718/608
f 1612/691/162 1611/689/159 1642/717/1314
f 1612/691/162 1642/717/1314 1643/719/1315
f 1626/659/1288 1625/690/551 1656/718/608
f 1626/659/1288 1656/718/608 1657/720/1316
f 1613/661/253 1612/691/162 1643/719/1315
f 1613/661/253 1643/719/1315 1644/721/1317
f 1627/660/1289 1626/659/1288 1657/720/1316
f 1627/660/1289 1657/720/1316 1658/722/615
f 1614/662/254 1613/661/253 1644/721/1317
f 1614/662/254 1644/721/1317 1645/723/1318
f 1628/663/677 1627/660/1289 1658/722/615
f 1628/663/677 1658/722/615 1659/692/676
f 1615/664/258 1614/662/254 1645/723/1318
f 1615/664/258 1645/723/1318 1646/694/317
f 1602/666/1290 1508/724/966 1633/696/963
f 1662/701/744 1661/698/1302 1692/725/740
f 1662/701/744 1692/725/740 1693/726/1319
f 1649/702/411 1648/699/1303 1679/727/1320
f 1649/702/411 1679/727/1320 1680/728/408
f 1636/703/1305 1635/700/1304 1666/729/957
f 1636/703/1305 1666/729/957 1667/730/892
f 1663/704/1306 1662/701/744 1693/726/1319
f 1663/704/1306 1693/726/1319 1694/731/828
f 1650/705/412 1649/702/411 1680/728/408
f 1650/705/412 1680/728/408 1681/732/1321
f 1637/706/1307 1636/703/1305 1667/730/892
f 1637/706/1307 1667/730/892 1668/733/891
f 1507/734/829 1663/704/1306 1694/731/828
f 1651/708/1308 1650/705/412 1681/732/1321
f 1651/708/1308 1681/732/1321 1682/735/1322
f 1638/709/1309 1637/706/1307 1668/733/891
f 1638/709/1309 1668/733/891 1669/736/83
f 1652/710/478 1651/708/1308 1682/735/1322
f 1652/710/478 1682/735/1322 1683/737/476
f 1639/711/1310 1638/709/1309 1669/736/83
f 1639/711/1310 1669/736/83 1670/738/1323
f 1653/712/482 1652/710/478 1683/737/476
f 1653/712/482 1683/737/476 1684/739/1324
f 1640/713/87 1639/711/1310 1670/738/1323
f 1640/713/87 1670/738/1323 1671/740/84
f 1654/714/1311 1653/712/482 1684/739/1324
f 1654/714/1311 1684/739/1324 1685/741/1325
f 1641/715/1312 1640/713/87 1671/740/84
f 1641/715/1312 1671/740/84 1672/742/154
f 1655/716/1313 1654/714/1311 1685/741/1325
f 1655/716/1313 1685/741/1325 1686/743/546
f 1642/717/1314 1641/715/1312 1672/742/154
f 1642/717/1314 1672/742/154 1673/744/1326
f 1656/718/608 1655/716/1313 1686/743/546
f 1656/718/608 1686/743/546 1687/745/1327
f 1643/719/1315 1642/717/1314 1673/744/1326
f 1643/719/1315 1673/744/1326 1674/746/1328
f 1657/720/1316 1656/718/608 1687/745/1327
f 1657/720/1316 1687/745/1327 1688/747/1329
f 1644/721/1317 1643/719/1315 1674/746/1328
f 1644/721/1317 1674/746/1328 1675/748/1330
f 1658/722/615 1657/720/1316 1688/747/1329
f 1658/722/615 1688/747/1329 1689/749/672
f 1645/723/1318 1644/721/1317 1675/748/1330
f 1645/723/1318 1675/748/1330 1676/750/1331
f 1659/692/676 1658/722/615 1689/749/672
f 1659/692/676 1689/749/672 1690/751/675
f 1646/694/317 1645/723/1318 1676/750/1331
f 1646/694/317 1676/750/1331 1677/752/315
f 1633/696/963 1508/753/966 1664/754/1332
f 1660/693/678 1659/692/676 1690/751/675
f 1660/693/678 1690/751/675 1691/755/679
f 1647/695/1300 1646/694/317 1677/752/315
f 1647/695/1300 1677/752/315 1678/756/1333
f 1634/697/1301 1633/696/963 1664/754/1332
f 1634/697/1301 1664/754/1332 1665/757/958
f 1661/698/1302 1660/693/678 1691/755/679
f 1661/698/1302 1691/755/679 1692/725/740
f 1648/699/1303 1647/695/1300 1678/756/1333
f 1648/699/1303 1678/756/1333 1679/727/1320
f 1635/700/1304 1634/697/1301 1665/757/958
f 1635/700/1304 1665/757/958 1666/729/957
f 1507/758/829 1694/731/828 1725/759/827
f 1682/735/1322 1681/732/1321 1712/760/1334
f 1682/735/1322 1712/760/1334 1713/761/1335
f 1669/736/83 1668/733/891 1699/762/889
f 1669/736/83 1699/762/889 1700/763/80
f 1683/737/476 1682/735/1322 1713/761/1335
f 1683/737/476 1713/761/1335 1714/764/474
f 1670/738/1323 1669/736/83 1700/763/80
f 1670/738/1323 1700/763/80 1701/765/1336
f 1684/739/1324 1683/737/476 1714/764/474
f 1684/739/1324 1714/764/474 1715/766/1337
f 1671/740/84 1670/738/1323 1701/765/1336
f 1671/740/84 1701/765/1336 1702/767/1338
f 1685/741/1325 1684/739/1324 1715/766/1337
f 1685/741/1325 1715/766/1337 1716/768/1339
f 1672/742/154 1671/740/84 1702/767/1338
f 1672/742/154 1702/767/1338 1703/769/1340
f 1686/743/546 1685/741/1325 1716/768/1339
f 1686/743/546 1716/768/1339 1717/770/1341
f 1673/744/1326 1672/742/154 1703/769/1340
f 1673/744/1326 1703/769/1340 1704/771/153
f 1687/745/1327 1686/743/546 1717/770/1341
f 1687/745/1327 1717/770/1341 1718/772/606
f 1674/746/1328 1673/744/1326 1704/771/153
f 1674/746/1328 1704/771/153 1705/773/245
f 1688/747/1329 1687/745/1327 1718/772/606
f 1688/747/1329 1718/772/606 1719/774/1342
f 1675/748/1330 1674/746/1328 1705/773/245
f 1675/748/1330 1705/773/245 1706/775/244
f 1689/749/672 1688/747/1329 1719/774/1342
f 1689/749/672 1719/774/1342 1720/776/671
f 1676/750/1331 1675/748/1330 1706/775/244
f 1676/750/1331 1706/775/244 1707/777/1343
f 1690/751/675 1689/749/672 1720/776/671
f 1690/751/675 1720/776/671 1721/778/1344
f 1677/752/315 1676/750/1331 1707/777/1343
f 1677/752/315 1707/777/1343 1708/779/313
f 1664/754/1332 1508/780/966 1695/781/1345
f 1691/755/679 1690/751/675 1721/778/1344
f 1691/755/679 1721/778/1344 1722/782/1346
f 1678/756/1333 1677/752/315 1708/779/313
f 1678/756/1333 1708/779/313 1709/783/314
f 1665/757/958 1664/754/1332 1695/781/1345
f 1665/757/958 1695/781/1345 1696/784/956
f 1692/725/740 1691/755/679 1722/782/1346
f 1692/725/740 1722/782/1346 1723/785/1347
f 1679/727/1320 1678/756/1333 1709/783/314
f 1679/727/1320 1709/783/314 1710/786/406
f 1666/729/957 1665/757/958 1696/784/956
f 1666/729/957 1696/784/956 1697/787/1348
f 1693/726/1319 1692/725/740 1723/785/1347
f 1693/726/1319 1723/785/1347 1724/788/1349
f 1680/728/408 1679/727/1320 1710/786/406
f 1680/728/408 1710/786/406 1711/789/1350
f 1667/730/892 1666/729/957 1697/787/1348
f 1667/730/892 1697/787/1348 1698/790/890
f 1694/731/828 1693/726/1319 1724/788/1349
f 1694/731/828 1724/788/1349 1725/759/827
f 1681/732/1321 1680/728/408 1711/789/1350
f 1681/732/1321 1711/789/1350 1712/760/1334
f 1668/733/891 1667/730/892 1698/790/890
f 1668/733/891 1698/790/890 1699/762/889
f 1715/766/1337 1714/764/474 1745/791/1351
f 1715/766/1337 1745/791/1351 1746/792/537
f 1702/767/1338 1701/765/1336 1732/793/1352
f 1702/767/1338 1732/793/1352 1733/794/1353
f 1716/768/1339 1715/766/1337 1746/792/537
f 1716/768/1339 1746/792/537 1747/795/538
f 1703/769/1340 1702/767/1338 1733/794/1353
f 1703/769/1340 1733/794/1353 1734/796/1354
f 1717/770/1341 1716/768/1339 1747/795/538
f 1717/770/1341 1747/795/538 1748/797/1355
f 1704/771/153 1703/769/1340 1734/796/1354
f 1704/771/153 1734/796/1354 1735/798/151
f 1718/772/606 1717/770/1341 1748/797/1355
f 1718/772/606 1748/797/1355 1749/799/604
f 1705/773/245 1704/771/153 1735/798/151
f 1705/773/245 1735/798/151 1736/800/242
f 1719/774/1342 1718/772/606 1749/799/604
f 1719/774/1342 1749/799/604 1750/801/669
f 1706/775/244 1705/773/245 1736/800/242
f 1706/775/244 1736/800/242 1737/802/241
f 1720/776/671 1719/774/1342 1750/801/669
f 1720/776/671 1750/801/669 1751/803/670
f 1707/777/1343 1706/775/244 1737/802/241
f 1707/777/1343 1737/802/241 1738/804/243
f 1721/778/1344 1720/776/671 1751/803/670
f 1721/778/1344 1751/803/670 1752/805/1356
f 1708/779/313 1707/777/1343 1738/804/243
f 1708/779/313 1738/804/243 1739/806/311
f 1695/781/1345 1508/807/966 1726/808/1357
f 1722/782/1346 1721/778/1344 1752/805/1356
f 1722/782/1346 1752/805/1356 1753/809/735
f 1709/783/314 1708/779/313 1739/806/311
f 1709/783/314 1739/806/311 1740/810/312
f 1696/784/956 1695/781/1345 1726/808/1357
f 1696/784/956 1726/808/1357 1727/811/1358
f 1723/785/1347 1722/782/1346 1753/809/735
f 1723/785/1347 1753/809/735 1754/812/1359
f 1710/786/406 1709/783/314 1740/810/312
f 1710/786/406 1740/810/312 1741/813/403
f 1697/787/1348 1696/784/956 1727/811/1358
f 1697/787/1348 1727/811/1358 1728/814/953
f 1724/788/1349 1723/785/1347 1754/812/1359
f 1724/788/1349 1754/812/1359 1755/815/1360
f 1711/789/1350 1710/786/406 1741/813/403
f 1711/789/1350 1741/813/403 1742/816/402
f 1698/790/890 1697/787/1348 1728/814/953
f 1698/790/890 1728/814/953 1729/817/1361
f 1725/759/827 1724/788/1349 1755/815/1360
f 1725/759/827 1755/815/1360 1756/818/1362
f 1712/760/1334 1711/789/1350 1742/816/402
f 1712/760/1334 1742/816/402 1743/819/404
f 1699/762/889 1698/790/890 1729/817/1361
f 1699/762/889 1729/817/1361 1730/820/887
f 1507/821/829 1725/759/827 1756/818/1362
f 1713/761/1335 1712/760/1334 1743/819/404
f 1713/761/1335 1743/819/404 1744/822/1363
f 1700/763/80 1699/762/889 1730/820/887
f 1700/763/80 1730/820/887 1731/823/1364
f 1714/764/474 1713/761/1335 1744/822/1363
f 1714/764/474 1744/822/1363 1745/791/1351
f 1701/765/1336 1700/763/80 1731/823/1364
f 1701/765/1336 1731/823/1364 1732/793/1352
f 1748/824/1355 1747/825/538 1778/826/1365
f 1748/824/1355 1778/826/1365 1779/827/1366
f 1735/828/151 1734/829/1354 1765/830/1367
f 1735/828/151 1765/830/1367 1766/831/149
f 1749/832/604 1748/824/1355 1779/827/1366
f 1749/832/604 1779/827/1366 1780/833/1368
f 1736/834/242 1735/828/151 1766/831/149
f 1736/834/242 1766/831/149 1767/835/239
f 1750/836/669 1749/832/604 1780/833/1368
f 1750/836/669 1780/833/1368 1781/837/1369
f 1737/838/241 1736/834/242 1767/835/239
f 1737/838/241 1767/835/239 1768/839/238
f 1751/840/670 1750/836/669 1781/837/1369
f 1751/840/670 1781/837/1369 1782/841/668
f 1738/842/243 1737/838/241 1768/839/238
f 1738/842/243 1768/839/238 1769/843/240
f 1752/844/1356 1751/840/670 1782/841/668
f 1752/844/1356 1782/841/668 1783/845/1370
f 1739/846/311 1738/842/243 1769/843/240
f 1739/846/311 1769/843/240 1770/847/309
f 1726/848/1357 1508/849/966 1757/850/1371
f 1753/851/735 1752/844/1356 1783/845/1370
f 1753/851/735 1783/845/1370 1784/852/1372
f 1740/853/312 1739/846/311 1770/847/309
f 1740/853/312 1770/847/309 1771/854/310
f 1727/855/1358 1726/848/1357 1757/850/1371
f 1727/855/1358 1757/850/1371 1758/856/1373
f 1754/857/1359 1753/851/735 1784/852/1372
f 1754/857/1359 1784/852/1372 1785/858/1374
f 1741/859/403 1740/853/312 1771/854/310
f 1741/859/403 1771/854/310 1772/860/400
f 1728/861/953 1727/855/1358 1758/856/1373
f 1728/861/953 1758/856/1373 1759/862/1375
f 1755/863/1360 1754/857/1359 1785/858/1374
f 1755/863/1360 1785/858/1374 1786/864/1376
f 1742/865/402 1741/859/403 1772/860/400
f 1742/865/402 1772/860/400 1773/866/1377
f 1729/867/1361 1728/861/953 1759/862/1375
f 1729/867/1361 1759/862/1375 1760/868/886
f 1756/869/1362 1755/863/1360 1786/864/1376
f 1756/869/1362 1786/864/1376 1787/870/1378
f 1743/871/404 1742/865/402 1773/866/1377
f 1743/871/404 1773/866/1377 1774/872/401
f 1730/873/887 1729/867/1361 1760/868/886
f 1730/873/887 1760/868/886 1761/874/885
f 1507/875/829 1756/869/1362 1787/870/1378
f 1744/876/1363 1743/871/404 1774/872/401
f 1744/876/1363 1774/872/401 1775/877/469
f 1731/878/1364 1730/873/887 1761/874/885
f 1731/878/1364 1761/874/885 1762/879/1379
f 1745/880/1351 1744/876/1363 1775/877/469
f 1745/880/1351 1775/877/469 1776/881/470
f 1732/882/1352 1731/878/1364 1762/879/1379
f 1732/882/1352 1762/879/1379 1763/883/1380
f 1746/884/537 1745/880/1351 1776/881/470
f 1746/884/537 1776/881/470 1777/885/1381
f 1733/886/1353 1732/882/1352 1763/883/1380
f 1733/886/1353 1763/883/1380 1764/887/1382
f 1747/825/538 1746/884/537 1777/885/1381
f 1747/825/538 1777/885/1381 1778/826/1365
f 1734/829/1354 1733/886/1353 1764/887/1382
f 1734/829/1354 1764/887/1382 1765/830/1367
f 1781/837/1369 1780/833/1368 1811/888/1383
f 1781/837/1369 1811/888/1383 1812/889/1384
f 1768/839/238 1767/835/239 1798/890/1385
f 1768/839/238 1798/890/1385 1799/891/1386
f 1782/841/668 1781/837/1369 1812/889/1384
f 1782/841/668 1812/889/1384 1813/892/666
f 1769/843/240 1768/839/238 1799/891/1386
f 1769/843/240 1799/891/1386 1800/893/237
f 1783/845/1370 1782/841/668 1813/892/666
f 1783/845/1370 1813/892/666 1814/894/731
f 1770/847/309 1769/843/240 1800/893/237
f 1770/847/309 1800/893/237 1801/895/307
f 1757/850/1371 1508/896/966 1788/897/1387
f 1784/852/1372 1783/845/1370 1814/894/731
f 1784/852/1372 1814/894/731 1815/898/732
f 1771/854/310 1770/847/309 1801/895/307
f 1771/854/310 1801/895/307 1802/899/308
f 1758/856/1373 1757/850/1371 1788/897/1387
f 1758/856/1373 1788/897/1387 1789/900/950
f 1785/858/1374 1784/852/1372 1815/898/732
f 1785/858/1374 1815/898/732 1816/901/1388
f 1772/860/400 1771/854/310 1802/899/308
f 1772/860/400 1802/899/308 1803/902/1389
f 1759/862/1375 1758/856/1373 1789/900/950
f 1759/862/1375 1789/900/950 1790/903/949
f 1786/864/1376 1785/858/1374 1816/901/1388
f 1786/864/1376 1816/901/1388 1817/904/1390
f 1773/866/1377 1772/860/400 1803/902/1389
f 1773/866/1377 1803/902/1389 1804/905/396
f 1760/868/886 1759/862/1375 1790/903/949
f 1760/868/886 1790/903/949 1791/906/884
f 1787/870/1378 1786/864/1376 1817/904/1390
f 1787/870/1378 1817/904/1390 1818/907/822
f 1774/872/401 1773/866/1377 1804/905/396
f 1774/872/401 1804/905/396 1805/908/1391
f 1761/874/885 1760/868/886 1791/906/884
f 1761/874/885 1791/906/884 1792/909/883
f 1507/910/829 1787/870/1378 1818/907/822
f 1775/877/469 1774/872/401 1805/908/1391
f 1775/877/469 1805/908/1391 1806/911/1392
f 1762/879/1379 1761/874/885 1792/909/883
f 1762/879/1379 1792/909/883 1793/912/71
f 1776/881/470 1775/877/469 1806/911/1392
f 1776/881/470 1806/911/1392 1807/913/468
f 1763/883/1380 1762/879/1379 1793/912/71
f 1763/883/1380 1793/912/71 1794/914/1393
f 1777/885/1381 1776/881/470 1807/913/468
f 1777/885/1381 1807/913/468 1808/915/1394
f 1764/887/1382 1763/883/1380 1794/914/1393
f 1764/887/1382 1794/914/1393 1795/916/72
f 1778/826/1365 1777/885/1381 1808/915/1394
f 1778/826/1365 1808/915/1394 1809/917/1395
f 1765/830/1367 1764/887/1382 1795/916/72
f 1765/830/1367 1795/916/72 1796/918/146
f 1779/827/1366 1778/826/1365 1809/917/1395
f 1779/827/1366 1809/917/1395 1810/919/599
f 1766/831/149 1765/830/1367 1796/918/146
f 1766/831/149 1796/918/146 1797/920/1396
f 1780/833/1368 1779/827/1366 1810/919/599
f 1780/833/1368 1810/919/599 1811/888/1383
f 1767/835/239 1766/831/149 1797/920/1396
f 1767/835/239 1797/920/1396 1798/890/1385
f 1806/911/1392 1805/908/1391 1836/921/395
f 1806/911/1392 1836/921/395 1837/922/465
f 1793/912/71 1792/909/883 1823/923/881
f 1793/912/71 1823/923/881 1824/924/1397
f 1807/913/468 1806/911/1392 1837/922/465
f 1807/913/468 1837/922/465 1838/925/466
f 1794/914/1393 1793/912/71 1824/924/1397
f 1794/914/1393 1824/924/1397 1825/926/1398
f 1808/915/1394 1807/913/468 1838/925/466
f 1808/915/1394 1838/925/466 1839/927/531
f 1795/916/72 1794/914/1393 1825/926/1398
f 1795/916/72 1825/926/1398 1826/928/69
f 1809/917/1395 1808/915/1394 1839/927/531
f 1809/917/1395 1839/927/531 1840/929/532
f 1796/918/146 1795/916/72 1826/928/69
f 1796/918/146 1826/928/69 1827/930/1399
f 1810/919/599 1809/917/1395 1840/929/532
f 1810/919/599 1840/929/532 1841/931/1400
f 1797/920/1396 1796/918/146 1827/930/1399
f 1797/920/1396 1827/930/1399 1828/932/145
f 1811/888/1383 1810/919/599 1841/931/1400
f 1811/888/1383 1841/931/1400 1842/933/598
f 1798/890/1385 1797/920/1396 1828/932/145
f 1798/890/1385 1828/932/145 1829/934/1401
f 1812/889/1384 1811/888/1383 1842/933/598
f 1812/889/1384 1842/933/598 1843/935/1402
f 1799/891/1386 1798/890/1385 1829/934/1401
f 1799/891/1386 1829/934/1401 1830/936/232
f 1813/892/666 1812/889/1384 1843/935/1402
f 1813/892/666 1843/935/1402 1844/937/1403
f 1800/893/237 1799/891/1386 1830/936/232
f 1800/893/237 1830/936/232 1831/938/234
f 1814/894/731 1813/892/666 1844/937/1403
f 1814/894/731 1844/937/1403 1845/939/729
f 1801/895/307 1800/893/237 1831/938/234
f 1801/895/307 1831/938/234 1832/940/1404
f 1788/897/1387 1508/941/966 1819/942/1405
f 1815/898/732 1814/894/731 1845/939/729
f 1815/898/732 1845/939/729 1846/943/730
f 1802/899/308 1801/895/307 1832/940/1404
f 1802/899/308 1832/940/1404 1833/944/306
f 1789/900/950 1788/897/1387 1819/942/1405
f 1789/900/950 1819/942/1405 1820/945/1406
f 1816/901/1388 1815/898/732 1846/943/730
f 1816/901/1388 1846/943/730 1847/946/1407
f 1803/902/1389 1802/899/308 1833/944/306
f 1803/902/1389 1833/944/306 1834/947/394
f 1790/903/949 1789/900/950 1820/945/1406
f 1790/903/949 1820/945/1406 1821/948/947
f 1817/904/1390 1816/901/1388 1847/946/1407
f 1817/904/1390 1847/946/1407 1848/949/817
f 1804/905/396 1803/902/1389 1834/947/394
f 1804/905/396 1834/947/394 1835/950/393
f 1791/906/884 1790/903/949 1821/948/947
f 1791/906/884 1821/948/947 1822/951/1408
f 1818/907/822 1817/904/1390 1848/949/817
f 1818/907/822 1848/949/817 1849/952/819
f 1805/908/1391 1804/905/396 1835/950/393
f 1805/908/1391 1835/950/393 1836/921/395
f 1792/909/883 1791/906/884 1822/951/1408
f 1792/909/883 1822/951/1408 1823/923/881
f 1507/953/829 1818/907/822 1849/952/819
f 1839/927/531 1838/925/466 1869/954/464
f 1839/927/531 1869/954/464 1870/955/1409
f 1826/928/69 1825/926/1398 1856/956/64
f 1826/928/69 1856/956/64 1857/957/66
f 1840/929/532 1839/927/531 1870/955/1409
f 1840/929/532 1870/955/1409 1871/958/530
f 1827/930/1399 1826/928/69 1857/957/66
f 1827/930/1399 1857/957/66 1858/959/1410
f 1841/931/1400 1840/929/532 1871/958/530
f 1841/931/1400 1871/958/530 1872/960/1411
f 1828/932/145 1827/930/1399 1858/959/1410
f 1828/932/145 1858/959/1410 1859/961/143
f 1842/933/598 1841/931/1400 1872/960/1411
f 1842/933/598 1872/960/1411 1873/962/596
f 1829/934/1401 1828/932/145 1859/961/143
f 1829/934/1401 1859/961/143 1860/963/230
f 1843/935/1402 1842/933/598 1873/962/596
f 1843/935/1402 1873/962/596 1874/964/1412
f 1830/936/232 1829/934/1401 1860/963/230
f 1830/936/232 1860/963/230 1861/965/229
f 1844/937/1403 1843/935/1402 1874/964/1412
f 1844/937/1403 1874/964/1412 1875/966/1413
f 1831/938/234 1830/936/232 1861/965/229
f 1831/938/234 1861/965/229 1862/967/231
f 1845/939/729 1844/937/1403 1875/966/1413
f 1845/939/729 1875/966/1413 1876/968/1414
f 1832/940/1404 1831/938/234 1862/967/231
f 1832/940/1404 1862/967/231 1863/969/303
f 1819/942/1405 1508/970/966 1850/971/1415
f 1846/943/730 1845/939/729 1876/968/1414
f 1846/943/730 1876/968/1414 1877/972/1416
f 1833/944/306 1832/940/1404 1863/969/303
f 1833/944/306 1863/969/303 1864/973/304
f 1820/945/1406 1819/942/1405 1850/971/1415
f 1820/945/1406 1850/971/1415 1851/974/1417
f 1847/946/1407 1846/943/730 1877/972/1416
f 1847/946/1407 1877/972/1416 1878/975/1418
f 1834/947/394 1833/944/306 1864/973/304
f 1834/947/394 1864/973/304 1865/976/391
f 1821/948/947 1820/945/1406 1851/974/1417
f 1821/948/947 1851/974/1417 1852/977/1419
f 1848/949/817 1847/946/1407 1878/975/1418
f 1848/949/817 1878/975/1418 1879/978/814
f 1835/950/393 1834/947/394 1865/976/391
f 1835/950/393 1865/976/391 1866/979/390
f 1822/951/1408 1821/948/947 1852/977/1419
f 1822/951/1408 1852/977/1419 1853/980/880
f 1849/952/819 1848/949/817 1879/978/814
f 1849/952/819 1879/978/814 1880/981/1420
f 1836/921/395 1835/950/393 1866/979/390
f 1836/921/395 1866/979/390 1867/982/392
f 1823/923/881 1822/951/1408 1853/980/880
f 1823/923/881 1853/980/880 1854/983/879
f 1507/984/829 1849/952/819 1880/981/1420
f 1837/922/465 1836/921/395 1867/982/392
f 1837/922/465 1867/982/392 1868/985/1421
f 1824/924/1397 1823/923/881 1854/983/879
f 1824/924/1397 1854/983/879 1855/986/1422
f 1838/925/466 1837/922/465 1868/985/1421
f 1838/925/466 1868/985/1421 1869/954/464
f 1825/926/1398 1824/924/1397 1855/986/1422
f 1825/926/1398 1855/986/1422 1856/956/64
f 1872/960/1411 1871/958/530 1902/987/1423
f 1872/960/1411 1902/987/1423 1903/988/593
f 1859/961/143 1858/959/1410 1889/989/1424
f 1859/961/143 1889/989/1424 1890/990/141
f 1873/962/596 1872/960/1411 1903/988/593
f 1873/962/596 1903/988/593 1904/991/1425
f 1860/963/230 1859/961/143 1890/990/141
f 1860/963/230 1890/990/141 1891/992/1426
f 1874/964/1412 1873/962/596 1904/991/1425
f 1874/964/1412 1904/991/1425 1905/993/659
f 1861/965/229 1860/963/230 1891/992/1426
f 1861/965/229 1891/992/1426 1892/994/1427
f 1875/966/1413 1874/964/1412 1905/993/659
f 1875/966/1413 1905/993/659 1906/995/660
f 1862/967/231 1861/965/229 1892/994/1427
f 1862/967/231 1892/994/1427 1893/996/1428
f 1876/968/1414 1875/966/1413 1906/995/660
f 1876/968/1414 1906/995/660 1907/997/1429
f 1863/969/303 1862/967/231 1893/996/1428
f 1863/969/303 1893/996/1428 1894/998/301
f 1850/971/1415 1508/999/966 1881/1000/1430
f 1877/972/1416 1876/968/1414 1907/997/1429
f 1877/972/1416 1907/997/1429 1908/1001/1431
f 1864/973/304 1863/969/303 1894/998/301
f 1864/973/304 1894/998/301 1895/1002/302
f 1851/974/1417 1850/971/1415 1881/1000/1430
f 1851/974/1417 1881/1000/1430 1882/1003/1432
f 1878/975/1418 1877/972/1416 1908/1001/1431
f 1878/975/1418 1908/1001/1431 1909/1004/1433
f 1865/976/391 1864/973/304 1895/1002/302
f 1865/976/391 1895/1002/302 1896/1005/388
f 1852/977/1419 1851/974/1417 1882/1003/1432
f 1852/977/1419 1882/1003/1432 1883/1006/943
f 1879/978/814 1878/975/1418 1909/1004/1433
f 1879/978/814 1909/1004/1433 1910/1007/811
f 1866/979/390 1865/976/391 1896/1005/388
f 1866/979/390 1896/1005/388 1897/1008/387
f 1853/980/880 1852/977/1419 1883/1006/943
f 1853/980/880 1883/1006/943 1884/1009/1434
f 1880/981/1420 1879/978/814 1910/1007/811
f 1880/981/1420 1910/1007/811 1911/1010/813
f 1867/982/392 1866/979/390 1897/1008/387
f 1867/982/392 1897/1008/387 1898/1011/389
f 1854/983/879 1853/980/880 1884/1009/1434
f 1854/983/879 1884/1009/1434 1885/1012/877
f 1507/1013/829 1880/981/1420 1911/1010/813
f 1868/985/1421 1867/982/392 1898/1011/389
f 1868/985/1421 1898/1011/389 1899/1014/461
f 1855/986/1422 1854/983/879 1885/1012/877
f 1855/986/1422 1885/1012/877 1886/1015/62
f 1869/954/464 1868/985/1421 1899/1014/461
f 1869/954/464 1899/1014/461 1900/1016/462
f 1856/956/64 1855/986/1422 1886/1015/62
f 1856/956/64 1886/1015/62 1887/1017/61
f 1870/955/1409 1869/954/464 1900/1016/462
f 1870/955/1409 1900/1016/462 1901/1018/527
f 1857/957/66 1856/956/64 1887/1017/61
f 1857/957/66 1887/1017/61 1888/1019/63
f 1871/958/530 1870/955/1409 1901/1018/527
f 1871/958/530 1901/1018/527 1902/987/1423
f 1858/959/1410 1857/957/66 1888/1019/63
f 1858/959/1410 1888/1019/63 1889/989/1424
f 1905/993/659 1904/991/1425 1935/1020/592
f 1905/993/659 1935/1020/592 1936/1021/657
f 1892/994/1427 1891/992/1426 1922/1022/224
f 1892/994/1427 1922/1022/224 1923/1023/223
f 1906/995/660 1905/993/659 1936/1021/657
f 1906/995/660 1936/1021/657 1937/1024/1435
f 1893/996/1428 1892/994/1427 1923/1023/223
f 1893/996/1428 1923/1023/223 1924/1025/1436
f 1907/997/1429 1906/995/660 1937/1024/1435
f 1907/997/1429 1937/1024/1435 1938/1026/1437
f 1894/998/301 1893/996/1428 1924/1025/1436
f 1894/998/301 1924/1025/1436 1925/1027/299
f 1881/1000/1430 1508/1028/966 1912/1029/1438
f 1908/1001/1431 1907/997/1429 1938/1026/1437
f 1908/1001/1431 1938/1026/1437 1939/1030/724
f 1895/1002/302 1894/998/301 1925/1027/299
f 1895/1002/302 1925/1027/299 1926/1031/1439
f 1882/1003/1432 1881/1000/1430 1912/1029/1438
f 1882/1003/1432 1912/1029/1438 1913/1032/1440
f 1909/1004/1433 1908/1001/1431 1939/1030/724
f 1909/1004/1433 1939/1030/724 1940/1033/809
f 1896/1005/388 1895/1002/302 1926/1031/1439
f 1896/1005/388 1926/1031/1439 1927/1034/385
f 1883/1006/943 1882/1003/1432 1913/1032/1440
f 1883/1006/943 1913/1032/1440 1914/1035/941
f 1910/1007/811 1909/1004/1433 1940/1033/809
f 1910/1007/811 1940/1033/809 1941/1036/1441
f 1897/1008/387 1896/1005/388 1927/1034/385
f 1897/1008/387 1927/1034/385 1928/1037/1442
f 1884/1009/1434 1883/1006/943 1914/1035/941
f 1884/1009/1434 1914/1035/941 1915/1038/1443
f 1911/1010/813 1910/1007/811 1941/1036/1441
f 1911/1010/813 1941/1036/1441 1942/1039/810
f 1898/1011/389 1897/1008/387 1928/1037/1442
f 1898/1011/389 1928/1037/1442 1929/1040/386
f 1885/1012/877 1884/1009/1434 1915/1038/1443
f 1885/1012/877 1915/1038/1443 1916/1041/1444
f 1507/1042/829 1911/1010/813 1942/1039/810
f 1899/1014/461 1898/1011/389 1929/1040/386
f 1899/1014/461 1929/1040/386 1930/1043/459
f 1886/1015/62 1885/1012/877 1916/1041/1444
f 1886/1015/62 1916/1041/1444 1917/1044/59
f 1900/1016/462 1899/1014/461 1930/1043/459
f 1900/1016/462 1930/1043/459 1931/1045/1445
f 1887/1017/61 1886/1015/62 1917/1044/59
f 1887/1017/61 1917/1044/59 1918/1046/58
f 1901/1018/527 1900/1016/462 1931/1045/1445
f 1901/1018/527 1931/1045/1445 1932/1047/1446
f 1888/1019/63 1887/1017/61 1918/1046/58
f 1888/1019/63 1918/1046/58 1919/1048/60
f 1902/987/1423 1901/1018/527 1932/1047/1446
f 1902/987/1423 1932/1047/1446 1933/1049/526
f 1889/989/1424 1888/1019/63 1919/1048/60
f 1889/989/1424 1919/1048/60 1920/1050/138
f 1903/988/593 1902/987/1423 1933/1049/526
f 1903/988/593 1933/1049/526 1934/1051/591
f 1890/990/141 1889/989/1424 1920/1050/138
f 1890/990/141 1920/1050/138 1921/1052/139
f 1904/991/1425 1903/988/593 1934/1051/591
f 1904/991/1425 1934/1051/591 1935/1020/592
f 1891/992/1426 1890/990/141 1921/1052/139
f 1891/992/1426 1921/1052/139 1922/1022/224
f 1938/1026/1437 1937/1024/1435 1968/1053/656
f 1938/1026/1437 1968/1053/656 1969/1054/1447
f 1925/1027/299 1924/1025/1436 1955/1055/222
f 1925/1027/299 1955/1055/222 1956/1056/1448
f 1912/1029/1438 1508/1057/966 1943/1058/1449
f 1939/1030/724 1938/1026/1437 1969/1054/1447
f 1939/1030/724 1969/1054/1447 1970/1059/722
f 1926/1031/1439 1925/1027/299 1956/1056/1448
f 1926/1031/1439 1956/1056/1448 1957/1060/1450
f 1913/1032/1440 1912/1029/1438 1943/1058/1449
f 1913/1032/1440 1943/1058/1449 1944/1061/940
f 1940/1033/809 1939/1030/724 1970/1059/722
f 1940/1033/809 1970/1059/722 1971/1062/1451
f 1927/1034/385 1926/1031/1439 1957/1060/1450
f 1927/1034/385 1957/1060/1450 1958/1063/382
f 1914/1035/941 1913/1032/1440 1944/1061/940
f 1914/1035/941 1944/1061/940 1945/1064/939
f 1941/1036/1441 1940/1033/809 1971/1062/1451
f 1941/1036/1441 1971/1062/1451 1972/1065/1452
f 1928/1037/1442 1927/1034/385 1958/1063/382
f 1928/1037/1442 1958/1063/382 1959/1066/381
f 1915/1038/1443 1914/1035/941 1945/1064/939
f 1915/1038/1443 1945/1064/939 1946/1067/1453
f 1942/1039/810 1941/1036/1441 1972/1065/1452
f 1942/1039/810 1972/1065/1452 1973/1068/1454
f 1929/1040/386 1928/1037/1442 1959/1066/381
f 1929/1040/386 1959/1066/381 1960/1069/1455
f 1916/1041/1444 1915/1038/1443 1946/1067/1453
f 1916/1041/1444 1946/1067/1453 1947/1070/873
f 1507/1071/829 1942/1039/810 1973/1068/1454
f 1930/1043/459 1929/1040/386 1960/1069/1455
f 1930/1043/459 1960/1069/1455 1961/1072/1456
f 1917/1044/59 1916/1041/1444 1947/1070/873
f 1917/1044/59 1947/1070/873 1948/1073/1457
f 1931/1045/1445 1930/1043/459 1961/1072/1456
f 1931/1045/1445 1961/1072/1456 1962/1074/1458
f 1918/1046/58 1917/1044/59 1948/1073/1457
f 1918/1046/58 1948/1073/1457 1949/1075/1459
f 1932/1047/1446 1931/1045/1445 1962/1074/1458
f 1932/1047/1446 1962/1074/1458 1963/1076/523
f 1919/1048/60 1918/1046/58 1949/1075/1459
f 1919/1048/60 1949/1075/1459 1950/1077/1460
f 1933/1049/526 1932/1047/1446 1963/1076/523
f 1933/1049/526 1963/1076/523 1964/1078/524
f 1920/1050/138 1919/1048/60 1950/1077/1460
f 1920/1050/138 1950/1077/1460 1951/1079/136
f 1934/1051/591 1933/1049/526 1964/1078/524
f 1934/1051/591 1964/1078/524 1965/1080/589
f 1921/1052/139 1920/1050/138 1951/1079/136
f 1921/1052/139 1951/1079/136 1952/1081/1461
f 1935/1020/592 1934/1051/591 1965/1080/589
f 1935/1020/592 1965/1080/589 1966/1082/590
f 1922/1022/224 1921/1052/139 1952/1081/1461
f 1922/1022/224 1952/1081/1461 1953/1083/1462
f 1936/1021/657 1935/1020/592 1966/1082/590
f 1936/1021/657 1966/1082/590 1967/1084/655
f 1923/1023/223 1922/1022/224 1953/1083/1462
f 1923/1023/223 1953/1083/1462 1954/1085/220
f 1937/1024/1435 1936/1021/657 1967/1084/655
f 1937/1024/1435 1967/1084/655 1968/1053/656
f 1924/1025/1436 1923/1023/223 1954/1085/220
f 1924/1025/1436 1954/1085/220 1955/1055/222
f 1944/1061/940 1943/1058/1449 1974/29/1008
f 1944/1061/940 1974/29/1008 1975/36/1011
f 1971/1062/1451 1970/1059/722 1987/32/720
f 1971/1062/1451 1987/32/720 1988/38/803
f 1958/1063/382 1957/1060/1450 1000/34/296
f 1958/1063/382 1000/34/296 1983/40/379
f 1945/1064/939 1944/1061/940 1975/36/1011
f 1945/1064/939 1975/36/1011 1976/42/1013
f 1972/1065/1452 1971/1062/1451 1988/38/803
f 1972/1065/1452 1988/38/803 1009/44/802
f 1959/1066/381 1958/1063/382 1983/40/379
f 1959/1066/381 1983/40/379 1001/46/378
f 1946/1067/1453 1945/1064/939 1976/42/1013
f 1946/1067/1453 1976/42/1013 1977/48/872
f 1973/1068/1454 1972/1065/1452 1009/44/802
f 1973/1068/1454 1009/44/802 1010/50/1017
f 1960/1069/1455 1959/1066/381 1001/46/378
f 1960/1069/1455 1001/46/378 1002/52/380
f 1947/1070/873 1946/1067/1453 1977/48/872
f 1947/1070/873 1977/48/872 1978/54/871
f 1507/1086/829 1973/1068/1454 1010/50/1017
f 1961/1072/1456 1960/1069/1455 1002/52/380
f 1961/1072/1456 1002/52/380 1984/57/1021
f 1948/1073/1457 1947/1070/873 1978/54/871
f 1948/1073/1457 1978/54/871 1979/59/53
f 1962/1074/1458 1961/1072/1456 1984/57/1021
f 1962/1074/1458 1984/57/1021 1985/61/456
f 1949/1075/1459 1948/1073/1457 1979/59/53
f 1949/1075/1459 1979/59/53 995/63/52
f 1963/1076/523 1962/1074/1458 1985/61/456
f 1963/1076/523 1985/61/456 1003/2/521
f 1950/1077/1460 1949/1075/1459 995/63/52
f 1950/1077/1460 995/63/52 1980/6/54
f 1964/1078/524 1963/1076/523 1003/2/521
f 1964/1078/524 1003/2/521 1004/1/995
f 1951/1079/136 1950/1077/1460 1980/6/54
f 1951/1079/136 1980/6/54 996/5/997
f 1965/1080/589 1964/1078/524 1004/1/995
f 1965/1080/589 1004/1/995 1005/9/998
f 1952/1081/1461 1951/1079/136 996/5/997
f 1952/1081/1461 996/5/997 1981/11/135
f 1966/1082/590 1965/1080/589 1005/9/998
f 1966/1082/590 1005/9/998 1986/13/588
f 1953/1083/1462 1952/1081/1461 1981/11/135
f 1953/1083/1462 1981/11/135 1982/15/218
f 1967/1084/655 1966/1082/590 1986/13/588
f 1967/1084/655 1986/13/588 1006/17/653
f 1954/1085/220 1953/1083/1462 1982/15/218
f 1954/1085/220 1982/15/218 997/19/217
f 1968/1053/656 1967/1084/655 1006/17/653
f 1968/1053/656 1006/17/653 1007/21/1003
f 1955/1055/222 1954/1085/220 997/19/217
f 1955/1055/222 997/19/217 998/23/219
f 1969/1054/1447 1968/1053/656 1007/21/1003
f 1969/1054/1447 1007/21/1003 1008/25/1005
f 1956/1056/1448 1955/1055/222 998/23/219
f 1956/1056/1448 998/23/219 999/27/295
f 1943/1058/1449 1508/1087/966 1974/29/1008
f 1970/1059/722 1969/1054/1447 1008/25/1005
f 1970/1059/722 1008/25/1005 1987/32/720
f 1957/1060/1450 1956/1056/1448 999/27/295
f 1957/1060/1450 999/27/295 1000/34/296
f 1992/5436/1463 1989/5437/1464 1990/5438/1465
f 1992/5436/1463 1990/5438/1465 2084/5439/1466
f 1989/5437/1464 1991/5440/1467 2822/5441/1468
f 1989/5437/1464 2822/5441/1468 1990/5438/1465
f 1993/5442/1469 1994/5443/1470 1991/5440/1467
f 1993/5442/1469 1991/5440/1467 1989/5437/1464
f 1995/5444/1471 1993/5442/1469 1989/5437/1464
f 1995/5444/1471 1989/5437/1464 1992/5436/1463
f 1996/5445/1472 1997/5446/1473 1994/5443/1470
f 1996/5445/1472 1994/5443/1470 1993/5442/1469
f 1998/5447/1474 1996/5445/1472 1993/5442/1469
f 1998/5447/1474 1993/5442/1469 1995/5444/1471
f 1999/5448/1475 2000/5449/1476 1997/5446/1473
f 1999/5448/1475 1997/5446/1473 1996/5445/1472
f 2001/5450/1477 1999/5448/1475 1996/5445/1472
f 2001/5450/1477 1996/5445/1472 1998/5447/1474
f 2002/5451/1478 2003/5452/1479 2000/5449/1476
f 2002/5451/1478 2000/5449/1476 1999/5448/1475
f 2004/5453/1480 2002/5451/1478 1999/5448/1475
f 2004/5453/1480 1999/5448/1475 2001/5450/1477
f 2005/5454/1481 2006/5455/1482 2003/5452/1479
f 2005/5454/1481 2003/5452/1479 2002/5451/1478
f 2007/5456/1483 2005/5454/1481 2002/5451/1478
f 2007/5456/1483 2002/5451/1478 2004/5453/1480
f 2008/5457/1484 2009/5458/1485 2006/5455/1482
f 2008/5457/1484 2006/5455/1482 2005/5454/1481
f 2010/5459/1486 2008/5457/1484 2005/5454/1481
f 2010/5459/1486 2005/5454/1481 2007/5456/1483
f 2011/5460/1487 2012/5461/1488 2009/5458/1485
f 2011/5460/1487 2009/5458/1485 2008/5457/1484
f 2013/5462/1489 2011/5460/1487 2008/5457/1484
f 2013/5462/1489 2008/5457/1484 2010/5459/1486
f 2014/5463/1490 2015/5464/1491 2012/5461/1488
f 2014/5463/1490 2012/5461/1488 2011/5460/1487
f 2016/5465/1492 2014/5463/1490 2011/5460/1487
f 2016/5465/1492 2011/5460/1487 2013/5462/1489
f 2017/5466/1493 2018/5467/1494 2015/5468/1491
f 2017/5466/1493 2015/5468/1491 2014/5469/1490
f 2019/5470/1495 2017/5466/1493 2014/5469/1490
f 2019/5470/1495 2014/5469/1490 2016/5471/1492
f 2020/5472/1496 2021/5473/1497 2018/5467/1494
f 2020/5472/1496 2018/5467/1494 2017/5466/1493
f 2022/5474/1498 2020/5472/1496 2017/5466/1493
f 2022/5474/1498 2017/5466/1493 2019/5470/1495
f 2023/5475/1499 2024/5476/1500 2021/5473/1497
f 2023/5475/1499 2021/5473/1497 2020/5472/1496
f 2025/5477/1501 2023/5475/1499 2020/5472/1496
f 2025/5477/1501 2020/5472/1496 2022/5474/1498
f 2026/5478/1502 2027/5479/1503 2024/5476/1500
f 2026/5478/1502 2024/5476/1500 2023/5475/1499
f 2028/5480/1504 2026/5478/1502 2023/5475/1499
f 2028/5480/1504 2023/5475/1499 2025/5477/1501
f 2029/5481/1505 2030/5482/1506 2027/5479/1503
f 2029/5481/1505 2027/5479/1503 2026/5478/1502
f 2031/5483/1507 2029/5481/1505 2026/5478/1502
f 2031/5483/1507 2026/5478/1502 2028/5480/1504
f 2032/5484/1508 2033/5485/1509 2030/5482/1506
f 2032/5484/1508 2030/5482/1506 2029/5481/1505
f 2034/5486/1510 2032/5484/1508 2029/5481/1505
f 2034/5486/1510 2029/5481/1505 2031/5483/1507
f 2035/5487/1511 2036/5488/1512 2033/5485/1509
f 2035/5487/1511 2033/5485/1509 2032/5484/1508
f 2037/5489/1513 2035/5487/1511 2032/5484/1508
f 2037/5489/1513 2032/5484/1508 2034/5486/1510
f 2038/5490/1514 2039/5491/1515 2036/5488/1512
f 2038/5490/1514 2036/5488/1512 2035/5487/1511
f 2040/5492/1516 2038/5490/1514 2035/5487/1511
f 2040/5492/1516 2035/5487/1511 2037/5489/1513
f 2041/5493/1517 2042/5494/1518 2039/5491/1515
f 2041/5493/1517 2039/5491/1515 2038/5490/1514
f 2043/5495/1519 2041/5493/1517 2038/5490/1514
f 2043/5495/1519 2038/5490/1514 2040/5492/1516
f 2044/5496/1520 2045/5497/1521 2042/5494/1518
f 2044/5496/1520 2042/5494/1518 2041/5493/1517
f 2046/5498/1522 2044/5496/1520 2041/5493/1517
f 2046/5498/1522 2041/5493/1517 2043/5495/1519
f 2047/5499/1523 2048/5500/1524 2045/5497/1521
f 2047/5499/1523 2045/5497/1521 2044/5496/1520
f 2049/5501/1525 2047/5499/1523 2044/5496/1520
f 2049/5501/1525 2044/5496/1520 2046/5498/1522
f 2050/5502/1526 2051/5503/1527 2048/5500/1524
f 2050/5502/1526 2048/5500/1524 2047/5499/1523
f 2052/5504/1528 2050/5502/1526 2047/5499/1523
f 2052/5504/1528 2047/5499/1523 2049/5501/1525
f 2053/5505/1529 2054/5506/1530 2051/5503/1527
f 2053/5505/1529 2051/5503/1527 2050/5502/1526
f 2055/5507/1531 2053/5505/1529 2050/5502/1526
f 2055/5507/1531 2050/5502/1526 2052/5504/1528
f 2056/5508/1532 2057/5509/1533 2054/5506/1530
f 2056/5508/1532 2054/5506/1530 2053/5505/1529
f 2058/5510/1534 2056/5508/1532 2053/5505/1529
f 2058/5510/1534 2053/5505/1529 2055/5507/1531
f 2059/5511/1535 2060/5512/1536 2057/5509/1533
f 2059/5511/1535 2057/5509/1533 2056/5508/1532
f 2061/5513/1537 2059/5511/1535 2056/5508/1532
f 2061/5513/1537 2056/5508/1532 2058/5510/1534
f 2062/5514/1538 2063/5515/1539 2060/5512/1536
f 2062/5514/1538 2060/5512/1536 2059/5511/1535
f 2064/5516/1540 2062/5514/1538 2059/5511/1535
f 2064/5516/1540 2059/5511/1535 2061/5513/1537
f 2065/5517/1541 2066/5518/1542 2063/5515/1539
f 2065/5517/1541 2063/5515/1539 2062/5514/1538
f 2067/5519/1543 2065/5517/1541 2062/5514/1538
f 2067/5519/1543 2062/5514/1538 2064/5516/1540
f 2068/5520/1544 2069/5521/1545 2066/5518/1542
f 2068/5520/1544 2066/5518/1542 2065/5517/1541
f 2070/5522/1546 2068/5520/1544 2065/5517/1541
f 2070/5522/1546 2065/5517/1541 2067/5519/1543
f 2071/5523/1547 2072/5524/1548 2069/5521/1545
f 2071/5523/1547 2069/5521/1545 2068/5520/1544
f 2073/5525/1549 2071/5523/1547 2068/5520/1544
f 2073/5525/1549 2068/5520/1544 2070/5522/1546
f 2074/5526/1550 2075/5527/1551 2072/5524/1548
f 2074/5526/1550 2072/5524/1548 2071/5523/1547
f 2076/5528/1552 2074/5526/1550 2071/5523/1547
f 2076/5528/1552 2071/5523/1547 2073/5525/1549
f 2077/5529/1553 2078/5530/1554 2075/5527/1551
f 2077/5529/1553 2075/5527/1551 2074/5526/1550
f 2079/5531/1555 2077/5529/1553 2074/5526/1550
f 2079/5531/1555 2074/5526/1550 2076/5528/1552
f 2080/5532/1556 2081/5533/1557 2078/5530/1554
f 2080/5532/1556 2078/5530/1554 2077/5529/1553
f 2082/5534/1558 2080/5532/1556 2077/5529/1553
f 2082/5534/1558 2077/5529/1553 2079/5531/1555
f 1990/5438/1465 2822/5441/1468 2081/5533/1557
f 1990/5438/1465 2081/5533/1557 2080/5532/1556
f 2084/5439/1466 1990/5438/1465 2080/5532/1556
f 2084/5439/1466 2080/5532/1556 2082/5534/1558
f 2083/5535/1559 2082/5534/1558 2079/5531/1555
f 2083/5535/1559 2079/5531/1555 2145/5536/1560
f 2085/5537/1561 2084/5439/1466 2082/5534/1558
f 2085/5537/1561 2082/5534/1558 2083/5535/1559
f 2087/5538/1562 1992/5436/1463 2084/5439/1466
f 2087/5538/1562 2084/5439/1466 2085/5537/1561
f 2086/5539/1563 2085/5537/1561 2083/5535/1559
f 2086/5539/1563 2083/5535/1559 2148/5540/1564
f 2088/5541/1565 2087/5538/1562 2085/5537/1561
f 2088/5541/1565 2085/5537/1561 2086/5539/1563
f 2089/5542/1566 1995/5444/1471 1992/5436/1463
f 2089/5542/1566 1992/5436/1463 2087/5538/1562
f 2090/5543/1567 2089/5542/1566 2087/5538/1562
f 2090/5543/1567 2087/5538/1562 2088/5541/1565
f 2091/5544/1568 1998/5447/1474 1995/5444/1471
f 2091/5544/1568 1995/5444/1471 2089/5542/1566
f 2092/5545/1569 2091/5544/1568 2089/5542/1566
f 2092/5545/1569 2089/5542/1566 2090/5543/1567
f 2093/5546/1570 2001/5450/1477 1998/5447/1474
f 2093/5546/1570 1998/5447/1474 2091/5544/1568
f 2094/5547/1571 2093/5546/1570 2091/5544/1568
f 2094/5547/1571 2091/5544/1568 2092/5545/1569
f 2095/5548/1572 2004/5453/1480 2001/5450/1477
f 2095/5548/1572 2001/5450/1477 2093/5546/1570
f 2096/5549/1573 2095/5548/1572 2093/5546/1570
f 2096/5549/1573 2093/5546/1570 2094/5547/1571
f 2097/5550/1574 2007/5456/1483 2004/5453/1480
f 2097/5550/1574 2004/5453/1480 2095/5548/1572
f 2098/5551/1575 2097/5550/1574 2095/5548/1572
f 2098/5551/1575 2095/5548/1572 2096/5549/1573
f 2099/5552/1576 2010/5459/1486 2007/5456/1483
f 2099/5552/1576 2007/5456/1483 2097/5550/1574
f 2100/5553/1577 2099/5552/1576 2097/5550/1574
f 2100/5553/1577 2097/5550/1574 2098/5551/1575
f 2101/5554/1578 2013/5462/1489 2010/5459/1486
f 2101/5554/1578 2010/5459/1486 2099/5552/1576
f 2102/5555/1579 2101/5554/1578 2099/5552/1576
f 2102/5555/1579 2099/5552/1576 2100/5553/1577
f 2103/5556/1580 2016/5465/1492 2013/5462/1489
f 2103/5556/1580 2013/5462/1489 2101/5554/1578
f 2104/5557/1581 2103/5556/1580 2101/5554/1578
f 2104/5557/1581 2101/5554/1578 2102/5555/1579
f 2105/5558/1582 2019/5470/1495 2016/5471/1492
f 2105/5558/1582 2016/5471/1492 2103/5559/1580
f 2106/5560/1583 2105/5558/1582 2103/5559/1580
f 2106/5560/1583 2103/5559/1580 2104/5561/1581
f 2107/5562/1584 2022/5474/1498 2019/5470/1495
f 2107/5562/1584 2019/5470/1495 2105/5558/1582
f 2108/5563/1585 2107/5562/1584 2105/5558/1582
f 2108/5563/1585 2105/5558/1582 2106/5560/1583
f 2109/5564/1586 2025/5477/1501 2022/5474/1498
f 2109/5564/1586 2022/5474/1498 2107/5562/1584
f 2110/5565/1587 2109/5564/1586 2107/5562/1584
f 2110/5565/1587 2107/5562/1584 2108/5563/1585
f 2111/5566/1588 2028/5480/1504 2025/5477/1501
f 2111/5566/1588 2025/5477/1501 2109/5564/1586
f 2112/5567/1589 2111/5566/1588 2109/5564/1586
f 2112/5567/1589 2109/5564/1586 2110/5565/1587
f 2113/5568/1590 2031/5483/1507 2028/5480/1504
f 2113/5568/1590 2028/5480/1504 2111/5566/1588
f 2114/5569/1591 2113/5568/1590 2111/5566/1588
f 2114/5569/1591 2111/5566/1588 2112/5567/1589
f 2115/5570/1592 2034/5486/1510 2031/5483/1507
f 2115/5570/1592 2031/5483/1507 2113/5568/1590
f 2116/5571/1593 2115/5570/1592 2113/5568/1590
f 2116/5571/1593 2113/5568/1590 2114/5569/1591
f 2117/5572/1594 2037/5489/1513 2034/5486/1510
f 2117/5572/1594 2034/5486/1510 2115/5570/1592
f 2118/5573/1595 2117/5572/1594 2115/5570/1592
f 2118/5573/1595 2115/5570/1592 2116/5571/1593
f 2119/5574/1596 2040/5492/1516 2037/5489/1513
f 2119/5574/1596 2037/5489/1513 2117/5572/1594
f 2120/5575/1597 2119/5574/1596 2117/5572/1594
f 2120/5575/1597 2117/5572/1594 2118/5573/1595
f 2121/5576/1598 2043/5495/1519 2040/5492/1516
f 2121/5576/1598 2040/5492/1516 2119/5574/1596
f 2122/5577/1599 2121/5576/1598 2119/5574/1596
f 2122/5577/1599 2119/5574/1596 2120/5575/1597
f 2123/5578/1600 2046/5498/1522 2043/5495/1519
f 2123/5578/1600 2043/5495/1519 2121/5576/1598
f 2124/5579/1601 2123/5578/1600 2121/5576/1598
f 2124/5579/1601 2121/5576/1598 2122/5577/1599
f 2125/5580/1602 2049/5501/1525 2046/5498/1522
f 2125/5580/1602 2046/5498/1522 2123/5578/1600
f 2126/5581/1603 2125/5580/1602 2123/5578/1600
f 2126/5581/1603 2123/5578/1600 2124/5579/1601
f 2127/5582/1604 2052/5504/1528 2049/5501/1525
f 2127/5582/1604 2049/5501/1525 2125/5580/1602
f 2128/5583/1605 2127/5582/1604 2125/5580/1602
f 2128/5583/1605 2125/5580/1602 2126/5581/1603
f 2129/5584/1606 2055/5507/1531 2052/5504/1528
f 2129/5584/1606 2052/5504/1528 2127/5582/1604
f 2130/5585/1607 2129/5584/1606 2127/5582/1604
f 2130/5585/1607 2127/5582/1604 2128/5583/1605
f 2131/5586/1608 2058/5510/1534 2055/5507/1531
f 2131/5586/1608 2055/5507/1531 2129/5584/1606
f 2132/5587/1609 2131/5586/1608 2129/5584/1606
f 2132/5587/1609 2129/5584/1606 2130/5585/1607
f 2133/5588/1610 2061/5513/1537 2058/5510/1534
f 2133/5588/1610 2058/5510/1534 2131/5586/1608
f 2134/5589/1611 2133/5588/1610 2131/5586/1608
f 2134/5589/1611 2131/5586/1608 2132/5587/1609
f 2135/5590/1612 2064/5516/1540 2061/5513/1537
f 2135/5590/1612 2061/5513/1537 2133/5588/1610
f 2136/5591/1613 2135/5590/1612 2133/5588/1610
f 2136/5591/1613 2133/5588/1610 2134/5589/1611
f 2137/5592/1614 2067/5519/1543 2064/5516/1540
f 2137/5592/1614 2064/5516/1540 2135/5590/1612
f 2138/5593/1615 2137/5592/1614 2135/5590/1612
f 2138/5593/1615 2135/5590/1612 2136/5591/1613
f 2139/5594/1616 2070/5522/1546 2067/5519/1543
f 2139/5594/1616 2067/5519/1543 2137/5592/1614
f 2140/5595/1617 2139/5594/1616 2137/5592/1614
f 2140/5595/1617 2137/5592/1614 2138/5593/1615
f 2141/5596/1618 2073/5525/1549 2070/5522/1546
f 2141/5596/1618 2070/5522/1546 2139/5594/1616
f 2142/5597/1619 2141/5596/1618 2139/5594/1616
f 2142/5597/1619 2139/5594/1616 2140/5595/1617
f 2143/5598/1620 2076/5528/1552 2073/5525/1549
f 2143/5598/1620 2073/5525/1549 2141/5596/1618
f 2144/5599/1621 2143/5598/1620 2141/5596/1618
f 2144/5599/1621 2141/5596/1618 2142/5597/1619
f 2145/5536/1560 2079/5531/1555 2076/5528/1552
f 2145/5536/1560 2076/5528/1552 2143/5598/1620
f 2146/5600/1622 2145/5536/1560 2143/5598/1620
f 2146/5600/1622 2143/5598/1620 2144/5599/1621
f 2148/5540/1564 2083/5535/1559 2145/5536/1560
f 2148/5540/1564 2145/5536/1560 2146/5600/1622
f 2147/5601/1623 2146/5600/1622 2144/5599/1621
f 2147/5601/1623 2144/5599/1621 2238/5602/1624
f 2149/5603/1625 2148/5540/1564 2146/5600/1622
f 2149/5603/1625 2146/5600/1622 2147/5601/1623
f 2151/5604/1626 2086/5539/1563 2148/5540/1564
f 2151/5604/1626 2148/5540/1564 2149/5603/1625
f 2150/5605/1627 2149/5603/1625 2147/5601/1623
f 2150/5605/1627 2147/5601/1623 2240/5606/1628
f 2152/5607/1629 2151/5604/1626 2149/5603/1625
f 2152/5607/1629 2149/5603/1625 2150/5605/1627
f 2153/5608/1630 2088/5541/1565 2086/5539/1563
f 2153/5608/1630 2086/5539/1563 2151/5604/1626
f 2155/5609/1631 2153/5608/1630 2151/5604/1626
f 2155/5609/1631 2151/5604/1626 2152/5607/1629
f 2154/5610/1632 2090/5543/1567 2088/5541/1565
f 2154/5610/1632 2088/5541/1565 2153/5608/1630
f 2157/5611/1633 2154/5610/1632 2153/5608/1630
f 2157/5611/1633 2153/5608/1630 2155/5609/1631
f 2158/5612/1634 2157/5611/1633 2155/5609/1631
f 2158/5612/1634 2155/5609/1631 2156/5613/1635
f 2156/5613/1635 2155/5609/1631 2152/5607/1629
f 2156/5613/1635 2152/5607/1629 2245/5614/1636
f 2159/5615/1637 2160/5616/1638 2154/5610/1632
f 2159/5615/1637 2154/5610/1632 2157/5611/1633
f 2161/5617/1639 2159/5615/1637 2157/5611/1633
f 2161/5617/1639 2157/5611/1633 2158/5612/1634
f 2162/5618/1640 2163/5619/1641 2160/5616/1638
f 2162/5618/1640 2160/5616/1638 2159/5615/1637
f 2164/5620/1642 2162/5618/1640 2159/5615/1637
f 2164/5620/1642 2159/5615/1637 2161/5617/1639
f 2165/5621/1643 2166/5622/1644 2163/5619/1641
f 2165/5621/1643 2163/5619/1641 2162/5618/1640
f 2167/5623/1645 2165/5621/1643 2162/5618/1640
f 2167/5623/1645 2162/5618/1640 2164/5620/1642
f 2168/5624/1646 2169/5625/1647 2166/5622/1644
f 2168/5624/1646 2166/5622/1644 2165/5621/1643
f 2170/5626/1648 2168/5624/1646 2165/5621/1643
f 2170/5626/1648 2165/5621/1643 2167/5623/1645
f 2171/5627/1649 2172/5628/1650 2169/5625/1647
f 2171/5627/1649 2169/5625/1647 2168/5624/1646
f 2173/5629/1651 2171/5627/1649 2168/5624/1646
f 2173/5629/1651 2168/5624/1646 2170/5626/1648
f 2174/5630/1652 2175/5631/1653 2172/5628/1650
f 2174/5630/1652 2172/5628/1650 2171/5627/1649
f 2176/5632/1654 2174/5630/1652 2171/5627/1649
f 2176/5632/1654 2171/5627/1649 2173/5629/1651
f 2177/5633/1655 2178/5634/1656 2175/5631/1653
f 2177/5633/1655 2175/5631/1653 2174/5630/1652
f 2179/5635/1657 2177/5633/1655 2174/5630/1652
f 2179/5635/1657 2174/5630/1652 2176/5632/1654
f 2180/5636/1658 2181/5637/1659 2178/5638/1656
f 2180/5636/1658 2178/5638/1656 2177/5639/1655
f 2182/5640/1660 2180/5636/1658 2177/5639/1655
f 2182/5640/1660 2177/5639/1655 2179/5641/1657
f 2183/5642/1661 2184/5643/1662 2181/5637/1659
f 2183/5642/1661 2181/5637/1659 2180/5636/1658
f 2185/5644/1663 2183/5642/1661 2180/5636/1658
f 2185/5644/1663 2180/5636/1658 2182/5640/1660
f 2186/5645/1664 2187/5646/1665 2184/5643/1662
f 2186/5645/1664 2184/5643/1662 2183/5642/1661
f 2188/5647/1666 2186/5645/1664 2183/5642/1661
f 2188/5647/1666 2183/5642/1661 2185/5644/1663
f 2189/5648/1667 2190/5649/1668 2187/5646/1665
f 2189/5648/1667 2187/5646/1665 2186/5645/1664
f 2191/5650/1669 2189/5648/1667 2186/5645/1664
f 2191/5650/1669 2186/5645/1664 2188/5647/1666
f 2192/5651/1670 2193/5652/1671 2190/5649/1668
f 2192/5651/1670 2190/5649/1668 2189/5648/1667
f 2194/5653/1672 2192/5651/1670 2189/5648/1667
f 2194/5653/1672 2189/5648/1667 2191/5650/1669
f 2195/5654/1673 2196/5655/1674 2193/5652/1671
f 2195/5654/1673 2193/5652/1671 2192/5651/1670
f 2197/5656/1675 2195/5654/1673 2192/5651/1670
f 2197/5656/1675 2192/5651/1670 2194/5653/1672
f 2198/5657/1676 2199/5658/1677 2196/5655/1674
f 2198/5657/1676 2196/5655/1674 2195/5654/1673
f 2200/5659/1678 2198/5657/1676 2195/5654/1673
f 2200/5659/1678 2195/5654/1673 2197/5656/1675
f 2201/5660/1679 2202/5661/1680 2199/5658/1677
f 2201/5660/1679 2199/5658/1677 2198/5657/1676
f 2203/5662/1681 2201/5660/1679 2198/5657/1676
f 2203/5662/1681 2198/5657/1676 2200/5659/1678
f 2204/5663/1682 2205/5664/1683 2202/5661/1680
f 2204/5663/1682 2202/5661/1680 2201/5660/1679
f 2206/5665/1684 2204/5663/1682 2201/5660/1679
f 2206/5665/1684 2201/5660/1679 2203/5662/1681
f 2207/5666/1685 2208/5667/1686 2205/5664/1683
f 2207/5666/1685 2205/5664/1683 2204/5663/1682
f 2209/5668/1687 2207/5666/1685 2204/5663/1682
f 2209/5668/1687 2204/5663/1682 2206/5665/1684
f 2210/5669/1688 2211/5670/1689 2208/5667/1686
f 2210/5669/1688 2208/5667/1686 2207/5666/1685
f 2212/5671/1690 2210/5669/1688 2207/5666/1685
f 2212/5671/1690 2207/5666/1685 2209/5668/1687
f 2213/5672/1691 2214/5673/1692 2211/5670/1689
f 2213/5672/1691 2211/5670/1689 2210/5669/1688
f 2215/5674/1693 2213/5672/1691 2210/5669/1688
f 2215/5674/1693 2210/5669/1688 2212/5671/1690
f 2216/5675/1694 2217/5676/1695 2214/5673/1692
f 2216/5675/1694 2214/5673/1692 2213/5672/1691
f 2218/5677/1696 2216/5675/1694 2213/5672/1691
f 2218/5677/1696 2213/5672/1691 2215/5674/1693
f 2219/5678/1697 2220/5679/1698 2217/5676/1695
f 2219/5678/1697 2217/5676/1695 2216/5675/1694
f 2221/5680/1699 2219/5678/1697 2216/5675/1694
f 2221/5680/1699 2216/5675/1694 2218/5677/1696
f 2222/5681/1700 2223/5682/1701 2220/5679/1698
f 2222/5681/1700 2220/5679/1698 2219/5678/1697
f 2224/5683/1702 2222/5681/1700 2219/5678/1697
f 2224/5683/1702 2219/5678/1697 2221/5680/1699
f 2225/5684/1703 2226/5685/1704 2223/5682/1701
f 2225/5684/1703 2223/5682/1701 2222/5681/1700
f 2227/5686/1705 2225/5684/1703 2222/5681/1700
f 2227/5686/1705 2222/5681/1700 2224/5683/1702
f 2228/5687/1706 2229/5688/1707 2226/5685/1704
f 2228/5687/1706 2226/5685/1704 2225/5684/1703
f 2230/5689/1708 2228/5687/1706 2225/5684/1703
f 2230/5689/1708 2225/5684/1703 2227/5686/1705
f 2231/5690/1709 2232/5691/1710 2229/5688/1707
f 2231/5690/1709 2229/5688/1707 2228/5687/1706
f 2233/5692/1711 2231/5690/1709 2228/5687/1706
f 2233/5692/1711 2228/5687/1706 2230/5689/1708
f 2234/5693/1712 2235/5694/1713 2232/5691/1710
f 2234/5693/1712 2232/5691/1710 2231/5690/1709
f 2236/5695/1714 2234/5693/1712 2231/5690/1709
f 2236/5695/1714 2231/5690/1709 2233/5692/1711
f 2237/5696/1715 2238/5602/1624 2235/5694/1713
f 2237/5696/1715 2235/5694/1713 2234/5693/1712
f 2239/5697/1716 2237/5696/1715 2234/5693/1712
f 2239/5697/1716 2234/5693/1712 2236/5695/1714
f 2240/5606/1628 2147/5601/1623 2238/5602/1624
f 2240/5606/1628 2238/5602/1624 2237/5696/1715
f 2241/5698/1717 2240/5606/1628 2237/5696/1715
f 2241/5698/1717 2237/5696/1715 2239/5697/1716
f 2243/5699/1718 2150/5605/1627 2240/5606/1628
f 2243/5699/1718 2240/5606/1628 2241/5698/1717
f 2242/5700/1719 2241/5698/1717 2239/5697/1716
f 2242/5700/1719 2239/5697/1716 2304/5701/1720
f 2244/5702/1721 2243/5699/1718 2241/5698/1717
f 2244/5702/1721 2241/5698/1717 2242/5700/1719
f 2245/5614/1636 2152/5607/1629 2150/5605/1627
f 2245/5614/1636 2150/5605/1627 2243/5699/1718
f 2246/5703/1722 2245/5614/1636 2243/5699/1718
f 2246/5703/1722 2243/5699/1718 2244/5702/1721
f 2248/5704/1723 2156/5613/1635 2245/5614/1636
f 2248/5704/1723 2245/5614/1636 2246/5703/1722
f 2247/5705/1724 2246/5703/1722 2244/5702/1721
f 2247/5705/1724 2244/5702/1721 2309/5706/1725
f 2249/5707/1726 2248/5704/1723 2246/5703/1722
f 2249/5707/1726 2246/5703/1722 2247/5705/1724
f 2250/5708/1727 2158/5612/1634 2156/5613/1635
f 2250/5708/1727 2156/5613/1635 2248/5704/1723
f 2251/5709/1728 2250/5708/1727 2248/5704/1723
f 2251/5709/1728 2248/5704/1723 2249/5707/1726
f 2252/5710/1729 2161/5617/1639 2158/5612/1634
f 2252/5710/1729 2158/5612/1634 2250/5708/1727
f 2253/5711/1730 2252/5710/1729 2250/5708/1727
f 2253/5711/1730 2250/5708/1727 2251/5709/1728
f 2254/5712/1731 2164/5620/1642 2161/5617/1639
f 2254/5712/1731 2161/5617/1639 2252/5710/1729
f 2255/5713/1732 2254/5712/1731 2252/5710/1729
f 2255/5713/1732 2252/5710/1729 2253/5711/1730
f 2256/5714/1733 2167/5623/1645 2164/5620/1642
f 2256/5714/1733 2164/5620/1642 2254/5712/1731
f 2257/5715/1734 2256/5714/1733 2254/5712/1731
f 2257/5715/1734 2254/5712/1731 2255/5713/1732
f 2258/5716/1735 2170/5626/1648 2167/5623/1645
f 2258/5716/1735 2167/5623/1645 2256/5714/1733
f 2259/5717/1736 2258/5716/1735 2256/5714/1733
f 2259/5717/1736 2256/5714/1733 2257/5715/1734
f 2260/5718/1737 2173/5629/1651 2170/5626/1648
f 2260/5718/1737 2170/5626/1648 2258/5716/1735
f 2261/5719/1738 2260/5718/1737 2258/5716/1735
f 2261/5719/1738 2258/5716/1735 2259/5717/1736
f 2262/5720/1739 2176/5632/1654 2173/5629/1651
f 2262/5720/1739 2173/5629/1651 2260/5718/1737
f 2263/5721/1740 2262/5720/1739 2260/5718/1737
f 2263/5721/1740 2260/5718/1737 2261/5719/1738
f 2264/5722/1741 2179/5635/1657 2176/5632/1654
f 2264/5722/1741 2176/5632/1654 2262/5720/1739
f 2265/5723/1742 2264/5722/1741 2262/5720/1739
f 2265/5723/1742 2262/5720/1739 2263/5721/1740
f 2266/5724/1743 2182/5640/1660 2179/5641/1657
f 2266/5724/1743 2179/5641/1657 2264/5725/1741
f 2267/5726/1744 2266/5724/1743 2264/5725/1741
f 2267/5726/1744 2264/5725/1741 2265/5727/1742
f 2268/5728/1745 2185/5644/1663 2182/5640/1660
f 2268/5728/1745 2182/5640/1660 2266/5724/1743
f 2269/5729/1746 2268/5728/1745 2266/5724/1743
f 2269/5729/1746 2266/5724/1743 2267/5726/1744
f 2270/5730/1747 2188/5647/1666 2185/5644/1663
f 2270/5730/1747 2185/5644/1663 2268/5728/1745
f 2271/5731/1748 2270/5730/1747 2268/5728/1745
f 2271/5731/1748 2268/5728/1745 2269/5729/1746
f 2272/5732/1749 2191/5650/1669 2188/5647/1666
f 2272/5732/1749 2188/5647/1666 2270/5730/1747
f 2273/5733/1750 2272/5732/1749 2270/5730/1747
f 2273/5733/1750 2270/5730/1747 2271/5731/1748
f 2274/5734/1751 2194/5653/1672 2191/5650/1669
f 2274/5734/1751 2191/5650/1669 2272/5732/1749
f 2275/5735/1752 2274/5734/1751 2272/5732/1749
f 2275/5735/1752 2272/5732/1749 2273/5733/1750
f 2276/5736/1753 2197/5656/1675 2194/5653/1672
f 2276/5736/1753 2194/5653/1672 2274/5734/1751
f 2277/5737/1754 2276/5736/1753 2274/5734/1751
f 2277/5737/1754 2274/5734/1751 2275/5735/1752
f 2278/5738/1755 2200/5659/1678 2197/5656/1675
f 2278/5738/1755 2197/5656/1675 2276/5736/1753
f 2279/5739/1756 2278/5738/1755 2276/5736/1753
f 2279/5739/1756 2276/5736/1753 2277/5737/1754
f 2280/5740/1757 2203/5662/1681 2200/5659/1678
f 2280/5740/1757 2200/5659/1678 2278/5738/1755
f 2281/5741/1758 2280/5740/1757 2278/5738/1755
f 2281/5741/1758 2278/5738/1755 2279/5739/1756
f 2282/5742/1759 2206/5665/1684 2203/5662/1681
f 2282/5742/1759 2203/5662/1681 2280/5740/1757
f 2283/5743/1760 2282/5742/1759 2280/5740/1757
f 2283/5743/1760 2280/5740/1757 2281/5741/1758
f 2284/5744/1761 2209/5668/1687 2206/5665/1684
f 2284/5744/1761 2206/5665/1684 2282/5742/1759
f 2285/5745/1762 2284/5744/1761 2282/5742/1759
f 2285/5745/1762 2282/5742/1759 2283/5743/1760
f 2286/5746/1763 2212/5671/1690 2209/5668/1687
f 2286/5746/1763 2209/5668/1687 2284/5744/1761
f 2287/5747/1764 2286/5746/1763 2284/5744/1761
f 2287/5747/1764 2284/5744/1761 2285/5745/1762
f 2288/5748/1765 2215/5674/1693 2212/5671/1690
f 2288/5748/1765 2212/5671/1690 2286/5746/1763
f 2289/5749/1766 2288/5748/1765 2286/5746/1763
f 2289/5749/1766 2286/5746/1763 2287/5747/1764
f 2290/5750/1767 2218/5677/1696 2215/5674/1693
f 2290/5750/1767 2215/5674/1693 2288/5748/1765
f 2291/5751/1768 2290/5750/1767 2288/5748/1765
f 2291/5751/1768 2288/5748/1765 2289/5749/1766
f 2292/5752/1769 2221/5680/1699 2218/5677/1696
f 2292/5752/1769 2218/5677/1696 2290/5750/1767
f 2293/5753/1770 2292/5752/1769 2290/5750/1767
f 2293/5753/1770 2290/5750/1767 2291/5751/1768
f 2294/5754/1771 2224/5683/1702 2221/5680/1699
f 2294/5754/1771 2221/5680/1699 2292/5752/1769
f 2295/5755/1772 2294/5754/1771 2292/5752/1769
f 2295/5755/1772 2292/5752/1769 2293/5753/1770
f 2296/5756/1773 2227/5686/1705 2224/5683/1702
f 2296/5756/1773 2224/5683/1702 2294/5754/1771
f 2297/5757/1774 2296/5756/1773 2294/5754/1771
f 2297/5757/1774 2294/5754/1771 2295/5755/1772
f 2298/5758/1775 2230/5689/1708 2227/5686/1705
f 2298/5758/1775 2227/5686/1705 2296/5756/1773
f 2299/5759/1776 2298/5758/1775 2296/5756/1773
f 2299/5759/1776 2296/5756/1773 2297/5757/1774
f 2300/5760/1777 2233/5692/1711 2230/5689/1708
f 2300/5760/1777 2230/5689/1708 2298/5758/1775
f 2301/5761/1778 2300/5760/1777 2298/5758/1775
f 2301/5761/1778 2298/5758/1775 2299/5759/1776
f 2302/5762/1779 2236/5695/1714 2233/5692/1711
f 2302/5762/1779 2233/5692/1711 2300/5760/1777
f 2303/5763/1780 2302/5762/1779 2300/5760/1777
f 2303/5763/1780 2300/5760/1777 2301/5761/1778
f 2304/5701/1720 2239/5697/1716 2236/5695/1714
f 2304/5701/1720 2236/5695/1714 2302/5762/1779
f 2305/5764/1781 2304/5701/1720 2302/5762/1779
f 2305/5764/1781 2302/5762/1779 2303/5763/1780
f 2307/5765/1782 2242/5700/1719 2304/5701/1720
f 2307/5765/1782 2304/5701/1720 2305/5764/1781
f 2306/5766/1783 2305/5764/1781 2303/5763/1780
f 2306/5766/1783 2303/5763/1780 2396/5767/1784
f 2308/5768/1785 2307/5765/1782 2305/5764/1781
f 2308/5768/1785 2305/5764/1781 2306/5766/1783
f 2309/5706/1725 2244/5702/1721 2242/5700/1719
f 2309/5706/1725 2242/5700/1719 2307/5765/1782
f 2310/5769/1786 2309/5706/1725 2307/5765/1782
f 2310/5769/1786 2307/5765/1782 2308/5768/1785
f 2312/5770/1787 2247/5705/1724 2309/5706/1725
f 2312/5770/1787 2309/5706/1725 2310/5769/1786
f 2311/5771/1788 2310/5769/1786 2308/5768/1785
f 2311/5771/1788 2308/5768/1785 2400/5772/1789
f 2313/5773/1790 2312/5770/1787 2310/5769/1786
f 2313/5773/1790 2310/5769/1786 2311/5771/1788
f 2314/5774/1791 2249/5707/1726 2247/5705/1724
f 2314/5774/1791 2247/5705/1724 2312/5770/1787
f 2316/5775/1792 2314/5774/1791 2312/5770/1787
f 2316/5775/1792 2312/5770/1787 2313/5773/1790
f 2318/5776/1793 2315/5777/1794 2314/5774/1791
f 2318/5776/1793 2314/5774/1791 2316/5775/1792
f 2315/5777/1794 2251/5709/1728 2249/5707/1726
f 2315/5777/1794 2249/5707/1726 2314/5774/1791
f 2319/5778/1795 2318/5776/1793 2316/5775/1792
f 2319/5778/1795 2316/5775/1792 2317/5779/1796
f 2317/5779/1796 2316/5775/1792 2313/5773/1790
f 2317/5779/1796 2313/5773/1790 2405/5780/1797
f 2320/5781/1798 2321/5782/1799 2315/5777/1794
f 2320/5781/1798 2315/5777/1794 2318/5776/1793
f 2322/5783/1800 2320/5781/1798 2318/5776/1793
f 2322/5783/1800 2318/5776/1793 2319/5778/1795
f 2323/5784/1801 2324/5785/1802 2321/5782/1799
f 2323/5784/1801 2321/5782/1799 2320/5781/1798
f 2325/5786/1803 2323/5784/1801 2320/5781/1798
f 2325/5786/1803 2320/5781/1798 2322/5783/1800
f 2326/5787/1804 2327/5788/1805 2324/5785/1802
f 2326/5787/1804 2324/5785/1802 2323/5784/1801
f 2328/5789/1806 2326/5787/1804 2323/5784/1801
f 2328/5789/1806 2323/5784/1801 2325/5786/1803
f 2329/5790/1807 2330/5791/1808 2327/5788/1805
f 2329/5790/1807 2327/5788/1805 2326/5787/1804
f 2331/5792/1809 2329/5790/1807 2326/5787/1804
f 2331/5792/1809 2326/5787/1804 2328/5789/1806
f 2332/5793/1810 2333/5794/1811 2330/5791/1808
f 2332/5793/1810 2330/5791/1808 2329/5790/1807
f 2334/5795/1812 2332/5793/1810 2329/5790/1807
f 2334/5795/1812 2329/5790/1807 2331/5792/1809
f 2335/5796/1813 2336/5797/1814 2333/5794/1811
f 2335/5796/1813 2333/5794/1811 2332/5793/1810
f 2337/5798/1815 2335/5796/1813 2332/5793/1810
f 2337/5798/1815 2332/5793/1810 2334/5795/1812
f 2338/5799/1816 2339/5800/1817 2336/5797/1814
f 2338/5799/1816 2336/5797/1814 2335/5796/1813
f 2340/5801/1818 2338/5799/1816 2335/5796/1813
f 2340/5801/1818 2335/5796/1813 2337/5798/1815
f 2341/5802/1819 2342/5803/1820 2339/5804/1817
f 2341/5802/1819 2339/5804/1817 2338/5805/1816
f 2343/5806/1821 2341/5802/1819 2338/5805/1816
f 2343/5806/1821 2338/5805/1816 2340/5807/1818
f 2344/5808/1822 2345/5809/1823 2342/5803/1820
f 2344/5808/1822 2342/5803/1820 2341/5802/1819
f 2346/5810/1824 2344/5808/1822 2341/5802/1819
f 2346/5810/1824 2341/5802/1819 2343/5806/1821
f 2347/5811/1825 2348/5812/1826 2345/5809/1823
f 2347/5811/1825 2345/5809/1823 2344/5808/1822
f 2349/5813/1827 2347/5811/1825 2344/5808/1822
f 2349/5813/1827 2344/5808/1822 2346/5810/1824
f 2350/5814/1828 2351/5815/1829 2348/5812/1826
f 2350/5814/1828 2348/5812/1826 2347/5811/1825
f 2352/5816/1830 2350/5814/1828 2347/5811/1825
f 2352/5816/1830 2347/5811/1825 2349/5813/1827
f 2353/5817/1831 2354/5818/1832 2351/5815/1829
f 2353/5817/1831 2351/5815/1829 2350/5814/1828
f 2355/5819/1833 2353/5817/1831 2350/5814/1828
f 2355/5819/1833 2350/5814/1828 2352/5816/1830
f 2356/5820/1834 2357/5821/1835 2354/5818/1832
f 2356/5820/1834 2354/5818/1832 2353/5817/1831
f 2358/5822/1836 2356/5820/1834 2353/5817/1831
f 2358/5822/1836 2353/5817/1831 2355/5819/1833
f 2359/5823/1837 2360/5824/1838 2357/5821/1835
f 2359/5823/1837 2357/5821/1835 2356/5820/1834
f 2361/5825/1839 2359/5823/1837 2356/5820/1834
f 2361/5825/1839 2356/5820/1834 2358/5822/1836
f 2362/5826/1840 2363/5827/1841 2360/5824/1838
f 2362/5826/1840 2360/5824/1838 2359/5823/1837
f 2364/5828/1842 2362/5826/1840 2359/5823/1837
f 2364/5828/1842 2359/5823/1837 2361/5825/1839
f 2365/5829/1843 2366/5830/1844 2363/5827/1841
f 2365/5829/1843 2363/5827/1841 2362/5826/1840
f 2367/5831/1845 2365/5829/1843 2362/5826/1840
f 2367/5831/1845 2362/5826/1840 2364/5828/1842
f 2368/5832/1846 2369/5833/1847 2366/5830/1844
f 2368/5832/1846 2366/5830/1844 2365/5829/1843
f 2370/5834/1848 2368/5832/1846 2365/5829/1843
f 2370/5834/1848 2365/5829/1843 2367/5831/1845
f 2371/5835/1849 2372/5836/1850 2369/5833/1847
f 2371/5835/1849 2369/5833/1847 2368/5832/1846
f 2373/5837/1851 2371/5835/1849 2368/5832/1846
f 2373/5837/1851 2368/5832/1846 2370/5834/1848
f 2374/5838/1852 2375/5839/1853 2372/5836/1850
f 2374/5838/1852 2372/5836/1850 2371/5835/1849
f 2376/5840/1854 2374/5838/1852 2371/5835/1849
f 2376/5840/1854 2371/5835/1849 2373/5837/1851
f 2377/5841/1855 2378/5842/1856 2375/5839/1853
f 2377/5841/1855 2375/5839/1853 2374/5838/1852
f 2379/5843/1857 2377/5841/1855 2374/5838/1852
f 2379/5843/1857 2374/5838/1852 2376/5840/1854
f 2380/5844/1858 2381/5845/1859 2378/5842/1856
f 2380/5844/1858 2378/5842/1856 2377/5841/1855
f 2382/5846/1860 2380/5844/1858 2377/5841/1855
f 2382/5846/1860 2377/5841/1855 2379/5843/1857
f 2383/5847/1861 2384/5848/1862 2381/5845/1859
f 2383/5847/1861 2381/5845/1859 2380/5844/1858
f 2385/5849/1863 2383/5847/1861 2380/5844/1858
f 2385/5849/1863 2380/5844/1858 2382/5846/1860
f 2386/5850/1864 2387/5851/1865 2384/5848/1862
f 2386/5850/1864 2384/5848/1862 2383/5847/1861
f 2388/5852/1866 2386/5850/1864 2383/5847/1861
f 2388/5852/1866 2383/5847/1861 2385/5849/1863
f 2389/5853/1867 2390/5854/1868 2387/5851/1865
f 2389/5853/1867 2387/5851/1865 2386/5850/1864
f 2391/5855/1869 2389/5853/1867 2386/5850/1864
f 2391/5855/1869 2386/5850/1864 2388/5852/1866
f 2392/5856/1870 2393/5857/1871 2390/5854/1868
f 2392/5856/1870 2390/5854/1868 2389/5853/1867
f 2394/5858/1872 2392/5856/1870 2389/5853/1867
f 2394/5858/1872 2389/5853/1867 2391/5855/1869
f 2395/5859/1873 2396/5767/1784 2393/5857/1871
f 2395/5859/1873 2393/5857/1871 2392/5856/1870
f 2397/5860/1874 2395/5859/1873 2392/5856/1870
f 2397/5860/1874 2392/5856/1870 2394/5858/1872
f 2398/5861/1875 2306/5766/1783 2396/5767/1784
f 2398/5861/1875 2396/5767/1784 2395/5859/1873
f 2399/5862/1876 2398/5861/1875 2395/5859/1873
f 2399/5862/1876 2395/5859/1873 2397/5860/1874
f 2400/5772/1789 2308/5768/1785 2306/5766/1783
f 2400/5772/1789 2306/5766/1783 2398/5861/1875
f 2401/5863/1877 2400/5772/1789 2398/5861/1875
f 2401/5863/1877 2398/5861/1875 2399/5862/1876
f 2403/5864/1878 2311/5771/1788 2400/5772/1789
f 2403/5864/1878 2400/5772/1789 2401/5863/1877
f 2402/5865/1879 2401/5863/1877 2399/5862/1876
f 2402/5865/1879 2399/5862/1876 2464/5866/1880
f 2404/5867/1881 2403/5864/1878 2401/5863/1877
f 2404/5867/1881 2401/5863/1877 2402/5865/1879
f 2405/5780/1797 2313/5773/1790 2311/5771/1788
f 2405/5780/1797 2311/5771/1788 2403/5864/1878
f 2406/5868/1882 2405/5780/1797 2403/5864/1878
f 2406/5868/1882 2403/5864/1878 2404/5867/1881
f 2408/5869/1883 2317/5779/1796 2405/5780/1797
f 2408/5869/1883 2405/5780/1797 2406/5868/1882
f 2407/5870/1884 2406/5868/1882 2404/5867/1881
f 2407/5870/1884 2404/5867/1881 2469/5871/1885
f 2409/5872/1886 2408/5869/1883 2406/5868/1882
f 2409/5872/1886 2406/5868/1882 2407/5870/1884
f 2411/5873/1887 2410/5874/1888 2408/5869/1883
f 2411/5873/1887 2408/5869/1883 2409/5872/1886
f 2410/5874/1888 2319/5778/1795 2317/5779/1796
f 2410/5874/1888 2317/5779/1796 2408/5869/1883
f 2412/5875/1889 2322/5783/1800 2319/5778/1795
f 2412/5875/1889 2319/5778/1795 2410/5874/1888
f 2413/5876/1890 2412/5875/1889 2410/5874/1888
f 2413/5876/1890 2410/5874/1888 2411/5873/1887
f 2414/5877/1891 2325/5786/1803 2322/5783/1800
f 2414/5877/1891 2322/5783/1800 2412/5875/1889
f 2415/5878/1892 2414/5877/1891 2412/5875/1889
f 2415/5878/1892 2412/5875/1889 2413/5876/1890
f 2416/5879/1893 2328/5789/1806 2325/5786/1803
f 2416/5879/1893 2325/5786/1803 2414/5877/1891
f 2417/5880/1894 2416/5879/1893 2414/5877/1891
f 2417/5880/1894 2414/5877/1891 2415/5878/1892
f 2418/5881/1895 2331/5792/1809 2328/5789/1806
f 2418/5881/1895 2328/5789/1806 2416/5879/1893
f 2419/5882/1896 2418/5881/1895 2416/5879/1893
f 2419/5882/1896 2416/5879/1893 2417/5880/1894
f 2420/5883/1897 2334/5795/1812 2331/5792/1809
f 2420/5883/1897 2331/5792/1809 2418/5881/1895
f 2421/5884/1898 2420/5883/1897 2418/5881/1895
f 2421/5884/1898 2418/5881/1895 2419/5882/1896
f 2422/5885/1899 2337/5798/1815 2334/5795/1812
f 2422/5885/1899 2334/5795/1812 2420/5883/1897
f 2423/5886/1900 2422/5885/1899 2420/5883/1897
f 2423/5886/1900 2420/5883/1897 2421/5884/1898
f 2424/5887/1901 2340/5801/1818 2337/5798/1815
f 2424/5887/1901 2337/5798/1815 2422/5885/1899
f 2425/5888/1902 2424/5887/1901 2422/5885/1899
f 2425/5888/1902 2422/5885/1899 2423/5886/1900
f 2426/5889/1903 2343/5806/1821 2340/5807/1818
f 2426/5889/1903 2340/5807/1818 2424/5890/1901
f 2427/5891/1904 2426/5889/1903 2424/5890/1901
f 2427/5891/1904 2424/5890/1901 2425/5892/1902
f 2428/5893/1905 2346/5810/1824 2343/5806/1821
f 2428/5893/1905 2343/5806/1821 2426/5889/1903
f 2429/5894/1906 2428/5893/1905 2426/5889/1903
f 2429/5894/1906 2426/5889/1903 2427/5891/1904
f 2430/5895/1907 2349/5813/1827 2346/5810/1824
f 2430/5895/1907 2346/5810/1824 2428/5893/1905
f 2431/5896/1908 2430/5895/1907 2428/5893/1905
f 2431/5896/1908 2428/5893/1905 2429/5894/1906
f 2432/5897/1909 2352/5816/1830 2349/5813/1827
f 2432/5897/1909 2349/5813/1827 2430/5895/1907
f 2433/5898/1910 2432/5897/1909 2430/5895/1907
f 2433/5898/1910 2430/5895/1907 2431/5896/1908
f 2434/5899/1911 2355/5819/1833 2352/5816/1830
f 2434/5899/1911 2352/5816/1830 2432/5897/1909
f 2435/5900/1912 2434/5899/1911 2432/5897/1909
f 2435/5900/1912 2432/5897/1909 2433/5898/1910
f 2436/5901/1913 2358/5822/1836 2355/5819/1833
f 2436/5901/1913 2355/5819/1833 2434/5899/1911
f 2437/5902/1914 2436/5901/1913 2434/5899/1911
f 2437/5902/1914 2434/5899/1911 2435/5900/1912
f 2438/5903/1915 2361/5825/1839 2358/5822/1836
f 2438/5903/1915 2358/5822/1836 2436/5901/1913
f 2439/5904/1916 2438/5903/1915 2436/5901/1913
f 2439/5904/1916 2436/5901/1913 2437/5902/1914
f 2440/5905/1917 2364/5828/1842 2361/5825/1839
f 2440/5905/1917 2361/5825/1839 2438/5903/1915
f 2441/5906/1918 2440/5905/1917 2438/5903/1915
f 2441/5906/1918 2438/5903/1915 2439/5904/1916
f 2442/5907/1919 2367/5831/1845 2364/5828/1842
f 2442/5907/1919 2364/5828/1842 2440/5905/1917
f 2443/5908/1920 2442/5907/1919 2440/5905/1917
f 2443/5908/1920 2440/5905/1917 2441/5906/1918
f 2444/5909/1921 2370/5834/1848 2367/5831/1845
f 2444/5909/1921 2367/5831/1845 2442/5907/1919
f 2445/5910/1922 2444/5909/1921 2442/5907/1919
f 2445/5910/1922 2442/5907/1919 2443/5908/1920
f 2446/5911/1923 2373/5837/1851 2370/5834/1848
f 2446/5911/1923 2370/5834/1848 2444/5909/1921
f 2447/5912/1924 2446/5911/1923 2444/5909/1921
f 2447/5912/1924 2444/5909/1921 2445/5910/1922
f 2448/5913/1925 2376/5840/1854 2373/5837/1851
f 2448/5913/1925 2373/5837/1851 2446/5911/1923
f 2449/5914/1926 2448/5913/1925 2446/5911/1923
f 2449/5914/1926 2446/5911/1923 2447/5912/1924
f 2450/5915/1927 2379/5843/1857 2376/5840/1854
f 2450/5915/1927 2376/5840/1854 2448/5913/1925
f 2451/5916/1928 2450/5915/1927 2448/5913/1925
f 2451/5916/1928 2448/5913/1925 2449/5914/1926
f 2452/5917/1929 2382/5846/1860 2379/5843/1857
f 2452/5917/1929 2379/5843/1857 2450/5915/1927
f 2453/5918/1930 2452/5917/1929 2450/5915/1927
f 2453/5918/1930 2450/5915/1927 2451/5916/1928
f 2454/5919/1931 2385/5849/1863 2382/5846/1860
f 2454/5919/1931 2382/5846/1860 2452/5917/1929
f 2455/5920/1932 2454/5919/1931 2452/5917/1929
f 2455/5920/1932 2452/5917/1929 2453/5918/1930
f 2456/5921/1933 2388/5852/1866 2385/5849/1863
f 2456/5921/1933 2385/5849/1863 2454/5919/1931
f 2457/5922/1934 2456/5921/1933 2454/5919/1931
f 2457/5922/1934 2454/5919/1931 2455/5920/1932
f 2458/5923/1935 2391/5855/1869 2388/5852/1866
f 2458/5923/1935 2388/5852/1866 2456/5921/1933
f 2459/5924/1936 2458/5923/1935 2456/5921/1933
f 2459/5924/1936 2456/5921/1933 2457/5922/1934
f 2460/5925/1937 2394/5858/1872 2391/5855/1869
f 2460/5925/1937 2391/5855/1869 2458/5923/1935
f 2461/5926/1938 2460/5925/1937 2458/5923/1935
f 2461/5926/1938 2458/5923/1935 2459/5924/1936
f 2462/5927/1939 2397/5860/1874 2394/5858/1872
f 2462/5927/1939 2394/5858/1872 2460/5925/1937
f 2463/5928/1940 2462/5927/1939 2460/5925/1937
f 2463/5928/1940 2460/5925/1937 2461/5926/1938
f 2464/5866/1880 2399/5862/1876 2397/5860/1874
f 2464/5866/1880 2397/5860/1874 2462/5927/1939
f 2465/5929/1941 2464/5866/1880 2462/5927/1939
f 2465/5929/1941 2462/5927/1939 2463/5928/1940
f 2467/5930/1942 2402/5865/1879 2464/5866/1880
f 2467/5930/1942 2464/5866/1880 2465/5929/1941
f 2466/5931/1943 2465/5929/1941 2463/5928/1940
f 2466/5931/1943 2463/5928/1940 2528/5932/1944
f 2468/5933/1945 2467/5930/1942 2465/5929/1941
f 2468/5933/1945 2465/5929/1941 2466/5931/1943
f 2469/5871/1885 2404/5867/1881 2402/5865/1879
f 2469/5871/1885 2402/5865/1879 2467/5930/1942
f 2470/5934/1946 2469/5871/1885 2467/5930/1942
f 2470/5934/1946 2467/5930/1942 2468/5933/1945
f 2472/5935/1947 2407/5870/1884 2469/5871/1885
f 2472/5935/1947 2469/5871/1885 2470/5934/1946
f 2471/5936/1948 2470/5934/1946 2468/5933/1945
f 2471/5936/1948 2468/5933/1945 2533/5937/1949
f 2473/5938/1950 2472/5935/1947 2470/5934/1946
f 2473/5938/1950 2470/5934/1946 2471/5936/1948
f 2474/5939/1951 2409/5872/1886 2407/5870/1884
f 2474/5939/1951 2407/5870/1884 2472/5935/1947
f 2475/5940/1952 2474/5939/1951 2472/5935/1947
f 2475/5940/1952 2472/5935/1947 2473/5938/1950
f 2477/5941/1953 2476/5942/1954 2474/5939/1951
f 2477/5941/1953 2474/5939/1951 2475/5940/1952
f 2476/5942/1954 2411/5873/1887 2409/5872/1886
f 2476/5942/1954 2409/5872/1886 2474/5939/1951
f 2478/5943/1955 2413/5876/1890 2411/5873/1887
f 2478/5943/1955 2411/5873/1887 2476/5942/1954
f 2479/5944/1956 2478/5943/1955 2476/5942/1954
f 2479/5944/1956 2476/5942/1954 2477/5941/1953
f 2480/5945/1957 2415/5878/1892 2413/5876/1890
f 2480/5945/1957 2413/5876/1890 2478/5943/1955
f 2481/5946/1958 2480/5945/1957 2478/5943/1955
f 2481/5946/1958 2478/5943/1955 2479/5944/1956
f 2482/5947/1959 2417/5880/1894 2415/5878/1892
f 2482/5947/1959 2415/5878/1892 2480/5945/1957
f 2483/5948/1960 2482/5947/1959 2480/5945/1957
f 2483/5948/1960 2480/5945/1957 2481/5946/1958
f 2484/5949/1961 2419/5882/1896 2417/5880/1894
f 2484/5949/1961 2417/5880/1894 2482/5947/1959
f 2485/5950/1962 2484/5949/1961 2482/5947/1959
f 2485/5950/1962 2482/5947/1959 2483/5948/1960
f 2486/5951/1963 2421/5884/1898 2419/5882/1896
f 2486/5951/1963 2419/5882/1896 2484/5949/1961
f 2487/5952/1964 2486/5951/1963 2484/5949/1961
f 2487/5952/1964 2484/5949/1961 2485/5950/1962
f 2488/5953/1965 2423/5886/1900 2421/5884/1898
f 2488/5953/1965 2421/5884/1898 2486/5951/1963
f 2489/5954/1966 2488/5953/1965 2486/5951/1963
f 2489/5954/1966 2486/5951/1963 2487/5952/1964
f 2490/5955/1967 2425/5888/1902 2423/5886/1900
f 2490/5955/1967 2423/5886/1900 2488/5953/1965
f 2491/5956/1968 2490/5955/1967 2488/5953/1965
f 2491/5956/1968 2488/5953/1965 2489/5954/1966
f 2492/5957/1969 2427/5891/1904 2425/5892/1902
f 2492/5957/1969 2425/5892/1902 2490/5958/1967
f 2493/5959/1970 2492/5957/1969 2490/5958/1967
f 2493/5959/1970 2490/5958/1967 2491/5960/1968
f 2494/5961/1971 2429/5894/1906 2427/5891/1904
f 2494/5961/1971 2427/5891/1904 2492/5957/1969
f 2495/5962/1972 2494/5961/1971 2492/5957/1969
f 2495/5962/1972 2492/5957/1969 2493/5959/1970
f 2496/5963/1973 2431/5896/1908 2429/5894/1906
f 2496/5963/1973 2429/5894/1906 2494/5961/1971
f 2497/5964/1974 2496/5963/1973 2494/5961/1971
f 2497/5964/1974 2494/5961/1971 2495/5962/1972
f 2498/5965/1975 2433/5898/1910 2431/5896/1908
f 2498/5965/1975 2431/5896/1908 2496/5963/1973
f 2499/5966/1976 2498/5965/1975 2496/5963/1973
f 2499/5966/1976 2496/5963/1973 2497/5964/1974
f 2500/5967/1977 2435/5900/1912 2433/5898/1910
f 2500/5967/1977 2433/5898/1910 2498/5965/1975
f 2501/5968/1978 2500/5967/1977 2498/5965/1975
f 2501/5968/1978 2498/5965/1975 2499/5966/1976
f 2502/5969/1979 2437/5902/1914 2435/5900/1912
f 2502/5969/1979 2435/5900/1912 2500/5967/1977
f 2503/5970/1980 2502/5969/1979 2500/5967/1977
f 2503/5970/1980 2500/5967/1977 2501/5968/1978
f 2504/5971/1981 2439/5904/1916 2437/5902/1914
f 2504/5971/1981 2437/5902/1914 2502/5969/1979
f 2505/5972/1982 2504/5971/1981 2502/5969/1979
f 2505/5972/1982 2502/5969/1979 2503/5970/1980
f 2506/5973/1983 2441/5906/1918 2439/5904/1916
f 2506/5973/1983 2439/5904/1916 2504/5971/1981
f 2507/5974/1984 2506/5973/1983 2504/5971/1981
f 2507/5974/1984 2504/5971/1981 2505/5972/1982
f 2508/5975/1985 2443/5908/1920 2441/5906/1918
f 2508/5975/1985 2441/5906/1918 2506/5973/1983
f 2509/5976/1986 2508/5975/1985 2506/5973/1983
f 2509/5976/1986 2506/5973/1983 2507/5974/1984
f 2510/5977/1987 2445/5910/1922 2443/5908/1920
f 2510/5977/1987 2443/5908/1920 2508/5975/1985
f 2511/5978/1988 2510/5977/1987 2508/5975/1985
f 2511/5978/1988 2508/5975/1985 2509/5976/1986
f 2512/5979/1989 2447/5912/1924 2445/5910/1922
f 2512/5979/1989 2445/5910/1922 2510/5977/1987
f 2513/5980/1990 2512/5979/1989 2510/5977/1987
f 2513/5980/1990 2510/5977/1987 2511/5978/1988
f 2514/5981/1991 2449/5914/1926 2447/5912/1924
f 2514/5981/1991 2447/5912/1924 2512/5979/1989
f 2515/5982/1992 2514/5981/1991 2512/5979/1989
f 2515/5982/1992 2512/5979/1989 2513/5980/1990
f 2516/5983/1993 2451/5916/1928 2449/5914/1926
f 2516/5983/1993 2449/5914/1926 2514/5981/1991
f 2517/5984/1994 2516/5983/1993 2514/5981/1991
f 2517/5984/1994 2514/5981/1991 2515/5982/1992
f 2518/5985/1995 2453/5918/1930 2451/5916/1928
f 2518/5985/1995 2451/5916/1928 2516/5983/1993
f 2519/5986/1996 2518/5985/1995 2516/5983/1993
f 2519/5986/1996 2516/5983/1993 2517/5984/1994
f 2520/5987/1997 2455/5920/1932 2453/5918/1930
f 2520/5987/1997 2453/5918/1930 2518/5985/1995
f 2521/5988/1998 2520/5987/1997 2518/5985/1995
f 2521/5988/1998 2518/5985/1995 2519/5986/1996
f 2522/5989/1999 2457/5922/1934 2455/5920/1932
f 2522/5989/1999 2455/5920/1932 2520/5987/1997
f 2523/5990/2000 2522/5989/1999 2520/5987/1997
f 2523/5990/2000 2520/5987/1997 2521/5988/1998
f 2524/5991/2001 2459/5924/1936 2457/5922/1934
f 2524/5991/2001 2457/5922/1934 2522/5989/1999
f 2525/5992/2002 2524/5991/2001 2522/5989/1999
f 2525/5992/2002 2522/5989/1999 2523/5990/2000
f 2526/5993/2003 2461/5926/1938 2459/5924/1936
f 2526/5993/2003 2459/5924/1936 2524/5991/2001
f 2527/5994/2004 2526/5993/2003 2524/5991/2001
f 2527/5994/2004 2524/5991/2001 2525/5992/2002
f 2528/5932/1944 2463/5928/1940 2461/5926/1938
f 2528/5932/1944 2461/5926/1938 2526/5993/2003
f 2529/5995/2005 2528/5932/1944 2526/5993/2003
f 2529/5995/2005 2526/5993/2003 2527/5994/2004
f 2531/5996/2006 2466/5931/1943 2528/5932/1944
f 2531/5996/2006 2528/5932/1944 2529/5995/2005
f 2530/5997/2007 2529/5995/2005 2527/5994/2004
f 2530/5997/2007 2527/5994/2004 2592/5998/2008
f 2532/5999/2009 2531/5996/2006 2529/5995/2005
f 2532/5999/2009 2529/5995/2005 2530/5997/2007
f 2533/5937/1949 2468/5933/1945 2466/5931/1943
f 2533/5937/1949 2466/5931/1943 2531/5996/2006
f 2534/6000/2010 2533/5937/1949 2531/5996/2006
f 2534/6000/2010 2531/5996/2006 2532/5999/2009
f 2536/6001/2011 2471/5936/1948 2533/5937/1949
f 2536/6001/2011 2533/5937/1949 2534/6000/2010
f 2535/6002/2012 2534/6000/2010 2532/5999/2009
f 2535/6002/2012 2532/5999/2009 2597/6003/2013
f 2537/6004/2014 2536/6001/2011 2534/6000/2010
f 2537/6004/2014 2534/6000/2010 2535/6002/2012
f 2538/6005/2015 2473/5938/1950 2471/5936/1948
f 2538/6005/2015 2471/5936/1948 2536/6001/2011
f 2539/6006/2016 2538/6005/2015 2536/6001/2011
f 2539/6006/2016 2536/6001/2011 2537/6004/2014
f 2540/6007/2017 2475/5940/1952 2473/5938/1950
f 2540/6007/2017 2473/5938/1950 2538/6005/2015
f 2541/6008/2018 2540/6007/2017 2538/6005/2015
f 2541/6008/2018 2538/6005/2015 2539/6006/2016
f 2542/6009/2019 2477/5941/1953 2475/5940/1952
f 2542/6009/2019 2475/5940/1952 2540/6007/2017
f 2543/6010/2020 2542/6009/2019 2540/6007/2017
f 2543/6010/2020 2540/6007/2017 2541/6008/2018
f 2544/6011/2021 2479/5944/1956 2477/5941/1953
f 2544/6011/2021 2477/5941/1953 2542/6009/2019
f 2545/6012/2022 2544/6011/2021 2542/6009/2019
f 2545/6012/2022 2542/6009/2019 2543/6010/2020
f 2546/6013/2023 2481/5946/1958 2479/5944/1956
f 2546/6013/2023 2479/5944/1956 2544/6011/2021
f 2547/6014/2024 2546/6013/2023 2544/6011/2021
f 2547/6014/2024 2544/6011/2021 2545/6012/2022
f 2548/6015/2025 2483/5948/1960 2481/5946/1958
f 2548/6015/2025 2481/5946/1958 2546/6013/2023
f 2549/6016/2026 2548/6015/2025 2546/6013/2023
f 2549/6016/2026 2546/6013/2023 2547/6014/2024
f 2550/6017/2027 2485/5950/1962 2483/5948/1960
f 2550/6017/2027 2483/5948/1960 2548/6015/2025
f 2551/6018/2028 2550/6017/2027 2548/6015/2025
f 2551/6018/2028 2548/6015/2025 2549/6016/2026
f 2552/6019/2029 2487/5952/1964 2485/5950/1962
f 2552/6019/2029 2485/5950/1962 2550/6017/2027
f 2553/6020/2030 2552/6019/2029 2550/6017/2027
f 2553/6020/2030 2550/6017/2027 2551/6018/2028
f 2554/6021/2031 2489/5954/1966 2487/5952/1964
f 2554/6021/2031 2487/5952/1964 2552/6019/2029
f 2555/6022/2032 2554/6021/2031 2552/6019/2029
f 2555/6022/2032 2552/6019/2029 2553/6020/2030
f 2556/6023/2033 2491/5956/1968 2489/5954/1966
f 2556/6023/2033 2489/5954/1966 2554/6021/2031
f 2557/6024/2034 2556/6023/2033 2554/6021/2031
f 2557/6024/2034 2554/6021/2031 2555/6022/2032
f 2558/6025/2035 2493/5959/1970 2491/5960/1968
f 2558/6025/2035 2491/5960/1968 2556/6026/2033
f 2559/6027/2036 2558/6025/2035 2556/6026/2033
f 2559/6027/2036 2556/6026/2033 2557/6028/2034
f 2560/6029/2037 2495/5962/1972 2493/5959/1970
f 2560/6029/2037 2493/5959/1970 2558/6025/2035
f 2561/6030/2038 2560/6029/2037 2558/6025/2035
f 2561/6030/2038 2558/6025/2035 2559/6027/2036
f 2562/6031/2039 2497/5964/1974 2495/5962/1972
f 2562/6031/2039 2495/5962/1972 2560/6029/2037
f 2563/6032/2040 2562/6031/2039 2560/6029/2037
f 2563/6032/2040 2560/6029/2037 2561/6030/2038
f 2564/6033/2041 2499/5966/1976 2497/5964/1974
f 2564/6033/2041 2497/5964/1974 2562/6031/2039
f 2565/6034/2042 2564/6033/2041 2562/6031/2039
f 2565/6034/2042 2562/6031/2039 2563/6032/2040
f 2566/6035/2043 2501/5968/1978 2499/5966/1976
f 2566/6035/2043 2499/5966/1976 2564/6033/2041
f 2567/6036/2044 2566/6035/2043 2564/6033/2041
f 2567/6036/2044 2564/6033/2041 2565/6034/2042
f 2568/6037/2045 2503/5970/1980 2501/5968/1978
f 2568/6037/2045 2501/5968/1978 2566/6035/2043
f 2569/6038/2046 2568/6037/2045 2566/6035/2043
f 2569/6038/2046 2566/6035/2043 2567/6036/2044
f 2570/6039/2047 2505/5972/1982 2503/5970/1980
f 2570/6039/2047 2503/5970/1980 2568/6037/2045
f 2571/6040/2048 2570/6039/2047 2568/6037/2045
f 2571/6040/2048 2568/6037/2045 2569/6038/2046
f 2572/6041/2049 2507/5974/1984 2505/5972/1982
f 2572/6041/2049 2505/5972/1982 2570/6039/2047
f 2573/6042/2050 2572/6041/2049 2570/6039/2047
f 2573/6042/2050 2570/6039/2047 2571/6040/2048
f 2574/6043/2051 2509/5976/1986 2507/5974/1984
f 2574/6043/2051 2507/5974/1984 2572/6041/2049
f 2575/6044/2052 2574/6043/2051 2572/6041/2049
f 2575/6044/2052 2572/6041/2049 2573/6042/2050
f 2576/6045/2053 2511/5978/1988 2509/5976/1986
f 2576/6045/2053 2509/5976/1986 2574/6043/2051
f 2577/6046/2054 2576/6045/2053 2574/6043/2051
f 2577/6046/2054 2574/6043/2051 2575/6044/2052
f 2578/6047/2055 2513/5980/1990 2511/5978/1988
f 2578/6047/2055 2511/5978/1988 2576/6045/2053
f 2579/6048/2056 2578/6047/2055 2576/6045/2053
f 2579/6048/2056 2576/6045/2053 2577/6046/2054
f 2580/6049/2057 2515/5982/1992 2513/5980/1990
f 2580/6049/2057 2513/5980/1990 2578/6047/2055
f 2581/6050/2058 2580/6049/2057 2578/6047/2055
f 2581/6050/2058 2578/6047/2055 2579/6048/2056
f 2582/6051/2059 2517/5984/1994 2515/5982/1992
f 2582/6051/2059 2515/5982/1992 2580/6049/2057
f 2583/6052/2060 2582/6051/2059 2580/6049/2057
f 2583/6052/2060 2580/6049/2057 2581/6050/2058
f 2584/6053/2061 2519/5986/1996 2517/5984/1994
f 2584/6053/2061 2517/5984/1994 2582/6051/2059
f 2585/6054/2062 2584/6053/2061 2582/6051/2059
f 2585/6054/2062 2582/6051/2059 2583/6052/2060
f 2586/6055/2063 2521/5988/1998 2519/5986/1996
f 2586/6055/2063 2519/5986/1996 2584/6053/2061
f 2587/6056/2064 2586/6055/2063 2584/6053/2061
f 2587/6056/2064 2584/6053/2061 2585/6054/2062
f 2588/6057/2065 2523/5990/2000 2521/5988/1998
f 2588/6057/2065 2521/5988/1998 2586/6055/2063
f 2589/6058/2066 2588/6057/2065 2586/6055/2063
f 2589/6058/2066 2586/6055/2063 2587/6056/2064
f 2590/6059/2067 2525/5992/2002 2523/5990/2000
f 2590/6059/2067 2523/5990/2000 2588/6057/2065
f 2591/6060/2068 2590/6059/2067 2588/6057/2065
f 2591/6060/2068 2588/6057/2065 2589/6058/2066
f 2592/5998/2008 2527/5994/2004 2525/5992/2002
f 2592/5998/2008 2525/5992/2002 2590/6059/2067
f 2593/6061/2069 2592/5998/2008 2590/6059/2067
f 2593/6061/2069 2590/6059/2067 2591/6060/2068
f 2595/6062/2070 2530/5997/2007 2592/5998/2008
f 2595/6062/2070 2592/5998/2008 2593/6061/2069
f 2594/6063/2071 2593/6061/2069 2591/6060/2068
f 2594/6063/2071 2591/6060/2068 2656/6064/2072
f 2596/6065/2073 2595/6062/2070 2593/6061/2069
f 2596/6065/2073 2593/6061/2069 2594/6063/2071
f 2597/6003/2013 2532/5999/2009 2530/5997/2007
f 2597/6003/2013 2530/5997/2007 2595/6062/2070
f 2598/6066/2074 2597/6003/2013 2595/6062/2070
f 2598/6066/2074 2595/6062/2070 2596/6065/2073
f 2600/6067/2075 2535/6002/2012 2597/6003/2013
f 2600/6067/2075 2597/6003/2013 2598/6066/2074
f 2599/6068/2076 2598/6066/2074 2596/6065/2073
f 2599/6068/2076 2596/6065/2073 2661/6069/2077
f 2601/6070/2078 2600/6067/2075 2598/6066/2074
f 2601/6070/2078 2598/6066/2074 2599/6068/2076
f 2602/6071/2079 2537/6004/2014 2535/6002/2012
f 2602/6071/2079 2535/6002/2012 2600/6067/2075
f 2603/6072/2080 2602/6071/2079 2600/6067/2075
f 2603/6072/2080 2600/6067/2075 2601/6070/2078
f 2604/6073/2081 2539/6006/2016 2537/6004/2014
f 2604/6073/2081 2537/6004/2014 2602/6071/2079
f 2605/6074/2082 2604/6073/2081 2602/6071/2079
f 2605/6074/2082 2602/6071/2079 2603/6072/2080
f 2606/6075/2083 2541/6008/2018 2539/6006/2016
f 2606/6075/2083 2539/6006/2016 2604/6073/2081
f 2607/6076/2084 2606/6075/2083 2604/6073/2081
f 2607/6076/2084 2604/6073/2081 2605/6074/2082
f 2609/6077/2085 2608/6078/2086 2606/6075/2083
f 2609/6077/2085 2606/6075/2083 2607/6076/2084
f 2608/6078/2086 2543/6010/2020 2541/6008/2018
f 2608/6078/2086 2541/6008/2018 2606/6075/2083
f 2610/6079/2087 2545/6012/2022 2543/6010/2020
f 2610/6079/2087 2543/6010/2020 2608/6078/2086
f 2611/6080/2088 2610/6079/2087 2608/6078/2086
f 2611/6080/2088 2608/6078/2086 2609/6077/2085
f 2612/6081/2089 2547/6014/2024 2545/6012/2022
f 2612/6081/2089 2545/6012/2022 2610/6079/2087
f 2613/6082/2090 2612/6081/2089 2610/6079/2087
f 2613/6082/2090 2610/6079/2087 2611/6080/2088
f 2614/6083/2091 2549/6016/2026 2547/6014/2024
f 2614/6083/2091 2547/6014/2024 2612/6081/2089
f 2615/6084/2092 2614/6083/2091 2612/6081/2089
f 2615/6084/2092 2612/6081/2089 2613/6082/2090
f 2616/6085/2093 2551/6018/2028 2549/6016/2026
f 2616/6085/2093 2549/6016/2026 2614/6083/2091
f 2617/6086/2094 2616/6085/2093 2614/6083/2091
f 2617/6086/2094 2614/6083/2091 2615/6084/2092
f 2618/6087/2095 2553/6020/2030 2551/6018/2028
f 2618/6087/2095 2551/6018/2028 2616/6085/2093
f 2619/6088/2096 2618/6087/2095 2616/6085/2093
f 2619/6088/2096 2616/6085/2093 2617/6086/2094
f 2620/6089/2097 2555/6022/2032 2553/6020/2030
f 2620/6089/2097 2553/6020/2030 2618/6087/2095
f 2621/6090/2098 2620/6089/2097 2618/6087/2095
f 2621/6090/2098 2618/6087/2095 2619/6088/2096
f 2622/6091/2099 2557/6024/2034 2555/6022/2032
f 2622/6091/2099 2555/6022/2032 2620/6089/2097
f 2623/6092/2100 2622/6091/2099 2620/6089/2097
f 2623/6092/2100 2620/6089/2097 2621/6090/2098
f 2624/6093/2101 2559/6027/2036 2557/6028/2034
f 2624/6093/2101 2557/6028/2034 2622/6094/2099
f 2625/6095/2102 2624/6093/2101 2622/6094/2099
f 2625/6095/2102 2622/6094/2099 2623/6096/2100
f 2626/6097/2103 2561/6030/2038 2559/6027/2036
f 2626/6097/2103 2559/6027/2036 2624/6093/2101
f 2627/6098/2104 2626/6097/2103 2624/6093/2101
f 2627/6098/2104 2624/6093/2101 2625/6095/2102
f 2628/6099/2105 2563/6032/2040 2561/6030/2038
f 2628/6099/2105 2561/6030/2038 2626/6097/2103
f 2629/6100/2106 2628/6099/2105 2626/6097/2103
f 2629/6100/2106 2626/6097/2103 2627/6098/2104
f 2630/6101/2107 2565/6034/2042 2563/6032/2040
f 2630/6101/2107 2563/6032/2040 2628/6099/2105
f 2631/6102/2108 2630/6101/2107 2628/6099/2105
f 2631/6102/2108 2628/6099/2105 2629/6100/2106
f 2632/6103/2109 2567/6036/2044 2565/6034/2042
f 2632/6103/2109 2565/6034/2042 2630/6101/2107
f 2633/6104/2110 2632/6103/2109 2630/6101/2107
f 2633/6104/2110 2630/6101/2107 2631/6102/2108
f 2634/6105/2111 2569/6038/2046 2567/6036/2044
f 2634/6105/2111 2567/6036/2044 2632/6103/2109
f 2635/6106/2112 2634/6105/2111 2632/6103/2109
f 2635/6106/2112 2632/6103/2109 2633/6104/2110
f 2636/6107/2113 2571/6040/2048 2569/6038/2046
f 2636/6107/2113 2569/6038/2046 2634/6105/2111
f 2637/6108/2114 2636/6107/2113 2634/6105/2111
f 2637/6108/2114 2634/6105/2111 2635/6106/2112
f 2638/6109/2115 2573/6042/2050 2571/6040/2048
f 2638/6109/2115 2571/6040/2048 2636/6107/2113
f 2639/6110/2116 2638/6109/2115 2636/6107/2113
f 2639/6110/2116 2636/6107/2113 2637/6108/2114
f 2640/6111/2117 2575/6044/2052 2573/6042/2050
f 2640/6111/2117 2573/6042/2050 2638/6109/2115
f 2641/6112/2118 2640/6111/2117 2638/6109/2115
f 2641/6112/2118 2638/6109/2115 2639/6110/2116
f 2642/6113/2119 2577/6046/2054 2575/6044/2052
f 2642/6113/2119 2575/6044/2052 2640/6111/2117
f 2643/6114/2120 2642/6113/2119 2640/6111/2117
f 2643/6114/2120 2640/6111/2117 2641/6112/2118
f 2644/6115/2121 2579/6048/2056 2577/6046/2054
f 2644/6115/2121 2577/6046/2054 2642/6113/2119
f 2645/6116/2122 2644/6115/2121 2642/6113/2119
f 2645/6116/2122 2642/6113/2119 2643/6114/2120
f 2646/6117/2123 2581/6050/2058 2579/6048/2056
f 2646/6117/2123 2579/6048/2056 2644/6115/2121
f 2647/6118/2124 2646/6117/2123 2644/6115/2121
f 2647/6118/2124 2644/6115/2121 2645/6116/2122
f 2648/6119/2125 2583/6052/2060 2581/6050/2058
f 2648/6119/2125 2581/6050/2058 2646/6117/2123
f 2649/6120/2126 2648/6119/2125 2646/6117/2123
f 2649/6120/2126 2646/6117/2123 2647/6118/2124
f 2650/6121/2127 2585/6054/2062 2583/6052/2060
f 2650/6121/2127 2583/6052/2060 2648/6119/2125
f 2651/6122/2128 2650/6121/2127 2648/6119/2125
f 2651/6122/2128 2648/6119/2125 2649/6120/2126
f 2652/6123/2129 2587/6056/2064 2585/6054/2062
f 2652/6123/2129 2585/6054/2062 2650/6121/2127
f 2653/6124/2130 2652/6123/2129 2650/6121/2127
f 2653/6124/2130 2650/6121/2127 2651/6122/2128
f 2654/6125/2131 2589/6058/2066 2587/6056/2064
f 2654/6125/2131 2587/6056/2064 2652/6123/2129
f 2655/6126/2132 2654/6125/2131 2652/6123/2129
f 2655/6126/2132 2652/6123/2129 2653/6124/2130
f 2656/6064/2072 2591/6060/2068 2589/6058/2066
f 2656/6064/2072 2589/6058/2066 2654/6125/2131
f 2657/6127/2133 2656/6064/2072 2654/6125/2131
f 2657/6127/2133 2654/6125/2131 2655/6126/2132
f 2659/6128/2134 2594/6063/2071 2656/6064/2072
f 2659/6128/2134 2656/6064/2072 2657/6127/2133
f 2658/6129/2135 2657/6127/2133 2655/6126/2132
f 2658/6129/2135 2655/6126/2132 2720/6130/2136
f 2660/6131/2137 2659/6128/2134 2657/6127/2133
f 2660/6131/2137 2657/6127/2133 2658/6129/2135
f 2661/6069/2077 2596/6065/2073 2594/6063/2071
f 2661/6069/2077 2594/6063/2071 2659/6128/2134
f 2662/6132/2138 2661/6069/2077 2659/6128/2134
f 2662/6132/2138 2659/6128/2134 2660/6131/2137
f 2664/6133/2139 2599/6068/2076 2661/6069/2077
f 2664/6133/2139 2661/6069/2077 2662/6132/2138
f 2663/6134/2140 2662/6132/2138 2660/6131/2137
f 2663/6134/2140 2660/6131/2137 2725/6135/2141
f 2665/6136/2142 2664/6133/2139 2662/6132/2138
f 2665/6136/2142 2662/6132/2138 2663/6134/2140
f 2666/6137/2143 2601/6070/2078 2599/6068/2076
f 2666/6137/2143 2599/6068/2076 2664/6133/2139
f 2667/6138/2144 2666/6137/2143 2664/6133/2139
f 2667/6138/2144 2664/6133/2139 2665/6136/2142
f 2668/6139/2145 2603/6072/2080 2601/6070/2078
f 2668/6139/2145 2601/6070/2078 2666/6137/2143
f 2669/6140/2146 2668/6139/2145 2666/6137/2143
f 2669/6140/2146 2666/6137/2143 2667/6138/2144
f 2670/6141/2147 2605/6074/2082 2603/6072/2080
f 2670/6141/2147 2603/6072/2080 2668/6139/2145
f 2671/6142/2148 2670/6141/2147 2668/6139/2145
f 2671/6142/2148 2668/6139/2145 2669/6140/2146
f 2672/6143/2149 2607/6076/2084 2605/6074/2082
f 2672/6143/2149 2605/6074/2082 2670/6141/2147
f 2673/6144/2150 2672/6143/2149 2670/6141/2147
f 2673/6144/2150 2670/6141/2147 2671/6142/2148
f 2674/6145/2151 2609/6077/2085 2607/6076/2084
f 2674/6145/2151 2607/6076/2084 2672/6143/2149
f 2675/6146/2152 2674/6145/2151 2672/6143/2149
f 2675/6146/2152 2672/6143/2149 2673/6144/2150
f 2676/6147/2153 2611/6080/2088 2609/6077/2085
f 2676/6147/2153 2609/6077/2085 2674/6145/2151
f 2677/6148/2154 2676/6147/2153 2674/6145/2151
f 2677/6148/2154 2674/6145/2151 2675/6146/2152
f 2678/6149/2155 2613/6082/2090 2611/6080/2088
f 2678/6149/2155 2611/6080/2088 2676/6147/2153
f 2679/6150/2156 2678/6149/2155 2676/6147/2153
f 2679/6150/2156 2676/6147/2153 2677/6148/2154
f 2680/6151/2157 2615/6084/2092 2613/6082/2090
f 2680/6151/2157 2613/6082/2090 2678/6149/2155
f 2681/6152/2158 2680/6151/2157 2678/6149/2155
f 2681/6152/2158 2678/6149/2155 2679/6150/2156
f 2682/6153/2159 2617/6086/2094 2615/6084/2092
f 2682/6153/2159 2615/6084/2092 2680/6151/2157
f 2683/6154/2160 2682/6153/2159 2680/6151/2157
f 2683/6154/2160 2680/6151/2157 2681/6152/2158
f 2684/6155/2161 2619/6088/2096 2617/6086/2094
f 2684/6155/2161 2617/6086/2094 2682/6153/2159
f 2685/6156/2162 2684/6155/2161 2682/6153/2159
f 2685/6156/2162 2682/6153/2159 2683/6154/2160
f 2686/6157/2163 2621/6090/2098 2619/6088/2096
f 2686/6157/2163 2619/6088/2096 2684/6155/2161
f 2687/6158/2164 2686/6157/2163 2684/6155/2161
f 2687/6158/2164 2684/6155/2161 2685/6156/2162
f 2688/6159/2165 2623/6092/2100 2621/6090/2098
f 2688/6159/2165 2621/6090/2098 2686/6157/2163
f 2689/6160/2166 2688/6159/2165 2686/6157/2163
f 2689/6160/2166 2686/6157/2163 2687/6158/2164
f 2690/6161/2167 2625/6095/2102 2623/6096/2100
f 2690/6161/2167 2623/6096/2100 2688/6162/2165
f 2691/6163/2168 2690/6161/2167 2688/6162/2165
f 2691/6163/2168 2688/6162/2165 2689/6164/2166
f 2692/6165/2169 2627/6098/2104 2625/6095/2102
f 2692/6165/2169 2625/6095/2102 2690/6161/2167
f 2693/6166/2170 2692/6165/2169 2690/6161/2167
f 2693/6166/2170 2690/6161/2167 2691/6163/2168
f 2694/6167/2171 2629/6100/2106 2627/6098/2104
f 2694/6167/2171 2627/6098/2104 2692/6165/2169
f 2695/6168/2172 2694/6167/2171 2692/6165/2169
f 2695/6168/2172 2692/6165/2169 2693/6166/2170
f 2696/6169/2173 2631/6102/2108 2629/6100/2106
f 2696/6169/2173 2629/6100/2106 2694/6167/2171
f 2697/6170/2174 2696/6169/2173 2694/6167/2171
f 2697/6170/2174 2694/6167/2171 2695/6168/2172
f 2698/6171/2175 2633/6104/2110 2631/6102/2108
f 2698/6171/2175 2631/6102/2108 2696/6169/2173
f 2699/6172/2176 2698/6171/2175 2696/6169/2173
f 2699/6172/2176 2696/6169/2173 2697/6170/2174
f 2700/6173/2177 2635/6106/2112 2633/6104/2110
f 2700/6173/2177 2633/6104/2110 2698/6171/2175
f 2701/6174/2178 2700/6173/2177 2698/6171/2175
f 2701/6174/2178 2698/6171/2175 2699/6172/2176
f 2702/6175/2179 2637/6108/2114 2635/6106/2112
f 2702/6175/2179 2635/6106/2112 2700/6173/2177
f 2703/6176/2180 2702/6175/2179 2700/6173/2177
f 2703/6176/2180 2700/6173/2177 2701/6174/2178
f 2704/6177/2181 2639/6110/2116 2637/6108/2114
f 2704/6177/2181 2637/6108/2114 2702/6175/2179
f 2705/6178/2182 2704/6177/2181 2702/6175/2179
f 2705/6178/2182 2702/6175/2179 2703/6176/2180
f 2706/6179/2183 2641/6112/2118 2639/6110/2116
f 2706/6179/2183 2639/6110/2116 2704/6177/2181
f 2707/6180/2184 2706/6179/2183 2704/6177/2181
f 2707/6180/2184 2704/6177/2181 2705/6178/2182
f 2708/6181/2185 2643/6114/2120 2641/6112/2118
f 2708/6181/2185 2641/6112/2118 2706/6179/2183
f 2709/6182/2186 2708/6181/2185 2706/6179/2183
f 2709/6182/2186 2706/6179/2183 2707/6180/2184
f 2710/6183/2187 2645/6116/2122 2643/6114/2120
f 2710/6183/2187 2643/6114/2120 2708/6181/2185
f 2711/6184/2188 2710/6183/2187 2708/6181/2185
f 2711/6184/2188 2708/6181/2185 2709/6182/2186
f 2712/6185/2189 2647/6118/2124 2645/6116/2122
f 2712/6185/2189 2645/6116/2122 2710/6183/2187
f 2713/6186/2190 2712/6185/2189 2710/6183/2187
f 2713/6186/2190 2710/6183/2187 2711/6184/2188
f 2714/6187/2191 2649/6120/2126 2647/6118/2124
f 2714/6187/2191 2647/6118/2124 2712/6185/2189
f 2715/6188/2192 2714/6187/2191 2712/6185/2189
f 2715/6188/2192 2712/6185/2189 2713/6186/2190
f 2716/6189/2193 2651/6122/2128 2649/6120/2126
f 2716/6189/2193 2649/6120/2126 2714/6187/2191
f 2717/6190/2194 2716/6189/2193 2714/6187/2191
f 2717/6190/2194 2714/6187/2191 2715/6188/2192
f 2718/6191/2195 2653/6124/2130 2651/6122/2128
f 2718/6191/2195 2651/6122/2128 2716/6189/2193
f 2719/6192/2196 2718/6191/2195 2716/6189/2193
f 2719/6192/2196 2716/6189/2193 2717/6190/2194
f 2720/6130/2136 2655/6126/2132 2653/6124/2130
f 2720/6130/2136 2653/6124/2130 2718/6191/2195
f 2721/6193/2197 2720/6130/2136 2718/6191/2195
f 2721/6193/2197 2718/6191/2195 2719/6192/2196
f 2723/6194/2198 2658/6129/2135 2720/6130/2136
f 2723/6194/2198 2720/6130/2136 2721/6193/2197
f 2722/6195/2199 2721/6193/2197 2719/6192/2196
f 2722/6195/2199 2719/6192/2196 2808/6196/2200
f 2724/6197/2201 2723/6194/2198 2721/6193/2197
f 2724/6197/2201 2721/6193/2197 2722/6195/2199
f 2725/6135/2141 2660/6131/2137 2658/6129/2135
f 2725/6135/2141 2658/6129/2135 2723/6194/2198
f 2726/6198/2202 2725/6135/2141 2723/6194/2198
f 2726/6198/2202 2723/6194/2198 2724/6197/2201
f 2728/6199/2203 2663/6134/2140 2725/6135/2141
f 2728/6199/2203 2725/6135/2141 2726/6198/2202
f 2727/6200/2204 2726/6198/2202 2724/6197/2201
f 2727/6200/2204 2724/6197/2201 2812/6201/2205
f 2729/6202/2206 2728/6199/2203 2726/6198/2202
f 2729/6202/2206 2726/6198/2202 2727/6200/2204
f 2730/6203/2207 2665/6136/2142 2663/6134/2140
f 2730/6203/2207 2663/6134/2140 2728/6199/2203
f 2731/6204/2208 2730/6203/2207 2728/6199/2203
f 2731/6204/2208 2728/6199/2203 2729/6202/2206
f 2732/6205/2209 2667/6138/2144 2665/6136/2142
f 2732/6205/2209 2665/6136/2142 2730/6203/2207
f 2733/6206/2210 2732/6205/2209 2730/6203/2207
f 2733/6206/2210 2730/6203/2207 2731/6204/2208
f 2734/6207/2211 2669/6140/2146 2667/6138/2144
f 2734/6207/2211 2667/6138/2144 2732/6205/2209
f 2735/6208/2212 2734/6207/2211 2732/6205/2209
f 2735/6208/2212 2732/6205/2209 2733/6206/2210
f 2736/6209/2213 2671/6142/2148 2669/6140/2146
f 2736/6209/2213 2669/6140/2146 2734/6207/2211
f 2737/6210/2214 2736/6209/2213 2734/6207/2211
f 2737/6210/2214 2734/6207/2211 2735/6208/2212
f 2738/6211/2215 2673/6144/2150 2671/6142/2148
f 2738/6211/2215 2671/6142/2148 2736/6209/2213
f 2740/6212/2216 2738/6211/2215 2736/6209/2213
f 2740/6212/2216 2736/6209/2213 2737/6210/2214
f 2739/6213/2217 2675/6146/2152 2673/6144/2150
f 2739/6213/2217 2673/6144/2150 2738/6211/2215
f 2742/6214/2218 2739/6213/2217 2738/6211/2215
f 2742/6214/2218 2738/6211/2215 2740/6212/2216
f 2743/6215/2219 2742/6214/2218 2740/6212/2216
f 2743/6215/2219 2740/6212/2216 2741/6216/2220
f 2741/6216/2220 2740/6212/2216 2737/6210/2214
f 2741/6216/2220 2737/6210/2214 2816/6217/2221
f 2744/6218/2222 2745/6219/2223 2739/6213/2217
f 2744/6218/2222 2739/6213/2217 2742/6214/2218
f 2746/6220/2224 2744/6218/2222 2742/6214/2218
f 2746/6220/2224 2742/6214/2218 2743/6215/2219
f 2747/6221/2225 2748/6222/2226 2745/6219/2223
f 2747/6221/2225 2745/6219/2223 2744/6218/2222
f 2749/6223/2227 2747/6221/2225 2744/6218/2222
f 2749/6223/2227 2744/6218/2222 2746/6220/2224
f 2750/6224/2228 2751/6225/2229 2748/6222/2226
f 2750/6224/2228 2748/6222/2226 2747/6221/2225
f 2752/6226/2230 2750/6224/2228 2747/6221/2225
f 2752/6226/2230 2747/6221/2225 2749/6223/2227
f 2753/6227/2231 2754/6228/2232 2751/6225/2229
f 2753/6227/2231 2751/6225/2229 2750/6224/2228
f 2755/6229/2233 2753/6227/2231 2750/6224/2228
f 2755/6229/2233 2750/6224/2228 2752/6226/2230
f 2756/6230/2234 2757/6231/2235 2754/6228/2232
f 2756/6230/2234 2754/6228/2232 2753/6227/2231
f 2758/6232/2236 2756/6230/2234 2753/6227/2231
f 2758/6232/2236 2753/6227/2231 2755/6229/2233
f 2759/6233/2237 2760/6234/2238 2757/6231/2235
f 2759/6233/2237 2757/6231/2235 2756/6230/2234
f 2761/6235/2239 2759/6233/2237 2756/6230/2234
f 2761/6235/2239 2756/6230/2234 2758/6232/2236
f 2762/6236/2240 2763/6237/2241 2760/6234/2238
f 2762/6236/2240 2760/6234/2238 2759/6233/2237
f 2764/6238/2242 2762/6236/2240 2759/6233/2237
f 2764/6238/2242 2759/6233/2237 2761/6235/2239
f 2765/6239/2243 2766/6240/2244 2763/6241/2241
f 2765/6239/2243 2763/6241/2241 2762/6242/2240
f 2767/6243/2245 2765/6239/2243 2762/6242/2240
f 2767/6243/2245 2762/6242/2240 2764/6244/2242
f 2768/6245/2246 2769/6246/2247 2766/6240/2244
f 2768/6245/2246 2766/6240/2244 2765/6239/2243
f 2770/6247/2248 2768/6245/2246 2765/6239/2243
f 2770/6247/2248 2765/6239/2243 2767/6243/2245
f 2771/6248/2249 2772/6249/2250 2769/6246/2247
f 2771/6248/2249 2769/6246/2247 2768/6245/2246
f 2773/6250/2251 2771/6248/2249 2768/6245/2246
f 2773/6250/2251 2768/6245/2246 2770/6247/2248
f 2774/6251/2252 2775/6252/2253 2772/6249/2250
f 2774/6251/2252 2772/6249/2250 2771/6248/2249
f 2776/6253/2254 2774/6251/2252 2771/6248/2249
f 2776/6253/2254 2771/6248/2249 2773/6250/2251
f 2777/6254/2255 2778/6255/2256 2775/6252/2253
f 2777/6254/2255 2775/6252/2253 2774/6251/2252
f 2779/6256/2257 2777/6254/2255 2774/6251/2252
f 2779/6256/2257 2774/6251/2252 2776/6253/2254
f 2780/6257/2258 2781/6258/2259 2778/6255/2256
f 2780/6257/2258 2778/6255/2256 2777/6254/2255
f 2782/6259/2260 2780/6257/2258 2777/6254/2255
f 2782/6259/2260 2777/6254/2255 2779/6256/2257
f 2783/6260/2261 2784/6261/2262 2781/6258/2259
f 2783/6260/2261 2781/6258/2259 2780/6257/2258
f 2785/6262/2263 2783/6260/2261 2780/6257/2258
f 2785/6262/2263 2780/6257/2258 2782/6259/2260
f 2786/6263/2264 2787/6264/2265 2784/6261/2262
f 2786/6263/2264 2784/6261/2262 2783/6260/2261
f 2788/6265/2266 2786/6263/2264 2783/6260/2261
f 2788/6265/2266 2783/6260/2261 2785/6262/2263
f 2789/6266/2267 2790/6267/2268 2787/6264/2265
f 2789/6266/2267 2787/6264/2265 2786/6263/2264
f 2791/6268/2269 2789/6266/2267 2786/6263/2264
f 2791/6268/2269 2786/6263/2264 2788/6265/2266
f 2792/6269/2270 2793/6270/2271 2790/6267/2268
f 2792/6269/2270 2790/6267/2268 2789/6266/2267
f 2794/6271/2272 2792/6269/2270 2789/6266/2267
f 2794/6271/2272 2789/6266/2267 2791/6268/2269
f 2795/6272/2273 2796/6273/2274 2793/6270/2271
f 2795/6272/2273 2793/6270/2271 2792/6269/2270
f 2797/6274/2275 2795/6272/2273 2792/6269/2270
f 2797/6274/2275 2792/6269/2270 2794/6271/2272
f 2798/6275/2276 2799/6276/2277 2796/6273/2274
f 2798/6275/2276 2796/6273/2274 2795/6272/2273
f 2800/6277/2278 2798/6275/2276 2795/6272/2273
f 2800/6277/2278 2795/6272/2273 2797/6274/2275
f 2801/6278/2279 2802/6279/2280 2799/6276/2277
f 2801/6278/2279 2799/6276/2277 2798/6275/2276
f 2803/6280/2281 2801/6278/2279 2798/6275/2276
f 2803/6280/2281 2798/6275/2276 2800/6277/2278
f 2804/6281/2282 2805/6282/2283 2802/6279/2280
f 2804/6281/2282 2802/6279/2280 2801/6278/2279
f 2806/6283/2284 2804/6281/2282 2801/6278/2279
f 2806/6283/2284 2801/6278/2279 2803/6280/2281
f 2807/6284/2285 2808/6196/2200 2805/6282/2283
f 2807/6284/2285 2805/6282/2283 2804/6281/2282
f 2809/6285/2286 2807/6284/2285 2804/6281/2282
f 2809/6285/2286 2804/6281/2282 2806/6283/2284
f 2810/6286/2287 2722/6195/2199 2808/6196/2200
f 2810/6286/2287 2808/6196/2200 2807/6284/2285
f 2811/6287/2288 2810/6286/2287 2807/6284/2285
f 2811/6287/2288 2807/6284/2285 2809/6285/2286
f 2812/6201/2205 2724/6197/2201 2722/6195/2199
f 2812/6201/2205 2722/6195/2199 2810/6286/2287
f 2813/6288/2289 2812/6201/2205 2810/6286/2287
f 2813/6288/2289 2810/6286/2287 2811/6287/2288
f 2814/6289/2290 2727/6200/2204 2812/6201/2205
f 2814/6289/2290 2812/6201/2205 2813/6288/2289
f 2815/6290/829 2814/6289/2290 2813/6288/2289
f 2815/6291/829 2813/6288/2289 2811/6287/2288
f 2815/6292/829 2788/6265/2266 2785/6262/2263
f 2815/6293/829 2791/6268/2269 2788/6265/2266
f 2815/6294/829 2743/6215/2219 2741/6216/2220
f 2815/6295/829 2741/6216/2220 2816/6217/2221
f 2815/6296/829 2816/6217/2221 2817/6297/2291
f 2815/6298/829 2817/6297/2291 2818/6299/2292
f 2815/6300/829 2818/6299/2292 2819/6301/2293
f 2815/6302/829 2819/6301/2293 2820/6303/2294
f 2815/6304/829 2820/6303/2294 2814/6289/2290
f 2815/6305/829 2811/6287/2288 2809/6285/2286
f 2815/6306/829 2809/6285/2286 2806/6283/2284
f 2815/6307/829 2806/6283/2284 2803/6280/2281
f 2815/6308/829 2803/6280/2281 2800/6277/2278
f 2815/6309/829 2800/6277/2278 2797/6274/2275
f 2815/6310/829 2797/6274/2275 2794/6271/2272
f 2815/6311/829 2794/6271/2272 2791/6268/2269
f 2815/6312/829 2785/6262/2263 2782/6259/2260
f 2815/6313/829 2782/6259/2260 2779/6256/2257
f 2815/6314/829 2779/6256/2257 2776/6253/2254
f 2815/6315/829 2776/6253/2254 2773/6250/2251
f 2815/6316/829 2773/6250/2251 2770/6247/2248
f 2815/6317/829 2770/6247/2248 2767/6243/2245
f 2815/6318/829 2767/6243/2245 2764/6244/2242
f 2815/6319/829 2764/6238/2242 2761/6235/2239
f 2815/6320/829 2761/6235/2239 2758/6232/2236
f 2815/6321/829 2758/6232/2236 2755/6229/2233
f 2815/6322/829 2755/6229/2233 2752/6226/2230
f 2815/6323/829 2752/6226/2230 2749/6223/2227
f 2815/6324/829 2749/6223/2227 2746/6220/2224
f 2815/6325/829 2746/6220/2224 2743/6215/2219
f 2820/6303/2294 2729/6202/2206 2727/6200/2204
f 2820/6303/2294 2727/6200/2204 2814/6289/2290
f 2819/6301/2293 2731/6204/2208 2729/6202/2206
f 2819/6301/2293 2729/6202/2206 2820/6303/2294
f 2818/6299/2292 2733/6206/2210 2731/6204/2208
f 2818/6299/2292 2731/6204/2208 2819/6301/2293
f 2817/6297/2291 2735/6208/2212 2733/6206/2210
f 2817/6297/2291 2733/6206/2210 2818/6299/2292
f 2816/6217/2221 2737/6210/2214 2735/6208/2212
f 2816/6217/2221 2735/6208/2212 2817/6297/2291
f 2808/6196/2200 2719/6192/2196 2717/6190/2194
f 2808/6196/2200 2717/6190/2194 2805/6282/2283
f 2805/6282/2283 2717/6190/2194 2715/6188/2192
f 2805/6282/2283 2715/6188/2192 2802/6279/2280
f 2802/6279/2280 2715/6188/2192 2713/6186/2190
f 2802/6279/2280 2713/6186/2190 2799/6276/2277
f 2799/6276/2277 2713/6186/2190 2711/6184/2188
f 2799/6276/2277 2711/6184/2188 2796/6273/2274
f 2796/6273/2274 2711/6184/2188 2709/6182/2186
f 2796/6273/2274 2709/6182/2186 2793/6270/2271
f 2793/6270/2271 2709/6182/2186 2707/6180/2184
f 2793/6270/2271 2707/6180/2184 2790/6267/2268
f 2790/6267/2268 2707/6180/2184 2705/6178/2182
f 2790/6267/2268 2705/6178/2182 2787/6264/2265
f 2787/6264/2265 2705/6178/2182 2703/6176/2180
f 2787/6264/2265 2703/6176/2180 2784/6261/2262
f 2784/6261/2262 2703/6176/2180 2701/6174/2178
f 2784/6261/2262 2701/6174/2178 2781/6258/2259
f 2781/6258/2259 2701/6174/2178 2699/6172/2176
f 2781/6258/2259 2699/6172/2176 2778/6255/2256
f 2778/6255/2256 2699/6172/2176 2697/6170/2174
f 2778/6255/2256 2697/6170/2174 2775/6252/2253
f 2775/6252/2253 2697/6170/2174 2695/6168/2172
f 2775/6252/2253 2695/6168/2172 2772/6249/2250
f 2772/6249/2250 2695/6168/2172 2693/6166/2170
f 2772/6249/2250 2693/6166/2170 2769/6246/2247
f 2769/6246/2247 2693/6166/2170 2691/6163/2168
f 2769/6246/2247 2691/6163/2168 2766/6240/2244
f 2766/6240/2244 2691/6163/2168 2689/6164/2166
f 2766/6240/2244 2689/6164/2166 2763/6241/2241
f 2763/6237/2241 2689/6160/2166 2687/6158/2164
f 2763/6237/2241 2687/6158/2164 2760/6234/2238
f 2760/6234/2238 2687/6158/2164 2685/6156/2162
f 2760/6234/2238 2685/6156/2162 2757/6231/2235
f 2757/6231/2235 2685/6156/2162 2683/6154/2160
f 2757/6231/2235 2683/6154/2160 2754/6228/2232
f 2754/6228/2232 2683/6154/2160 2681/6152/2158
f 2754/6228/2232 2681/6152/2158 2751/6225/2229
f 2751/6225/2229 2681/6152/2158 2679/6150/2156
f 2751/6225/2229 2679/6150/2156 2748/6222/2226
f 2748/6222/2226 2679/6150/2156 2677/6148/2154
f 2748/6222/2226 2677/6148/2154 2745/6219/2223
f 2745/6219/2223 2677/6148/2154 2675/6146/2152
f 2745/6219/2223 2675/6146/2152 2739/6213/2217
f 2396/5767/1784 2303/5763/1780 2301/5761/1778
f 2396/5767/1784 2301/5761/1778 2393/5857/1871
f 2393/5857/1871 2301/5761/1778 2299/5759/1776
f 2393/5857/1871 2299/5759/1776 2390/5854/1868
f 2390/5854/1868 2299/5759/1776 2297/5757/1774
f 2390/5854/1868 2297/5757/1774 2387/5851/1865
f 2387/5851/1865 2297/5757/1774 2295/5755/1772
f 2387/5851/1865 2295/5755/1772 2384/5848/1862
f 2384/5848/1862 2295/5755/1772 2293/5753/1770
f 2384/5848/1862 2293/5753/1770 2381/5845/1859
f 2381/5845/1859 2293/5753/1770 2291/5751/1768
f 2381/5845/1859 2291/5751/1768 2378/5842/1856
f 2378/5842/1856 2291/5751/1768 2289/5749/1766
f 2378/5842/1856 2289/5749/1766 2375/5839/1853
f 2375/5839/1853 2289/5749/1766 2287/5747/1764
f 2375/5839/1853 2287/5747/1764 2372/5836/1850
f 2372/5836/1850 2287/5747/1764 2285/5745/1762
f 2372/5836/1850 2285/5745/1762 2369/5833/1847
f 2369/5833/1847 2285/5745/1762 2283/5743/1760
f 2369/5833/1847 2283/5743/1760 2366/5830/1844
f 2366/5830/1844 2283/5743/1760 2281/5741/1758
f 2366/5830/1844 2281/5741/1758 2363/5827/1841
f 2363/5827/1841 2281/5741/1758 2279/5739/1756
f 2363/5827/1841 2279/5739/1756 2360/5824/1838
f 2360/5824/1838 2279/5739/1756 2277/5737/1754
f 2360/5824/1838 2277/5737/1754 2357/5821/1835
f 2357/5821/1835 2277/5737/1754 2275/5735/1752
f 2357/5821/1835 2275/5735/1752 2354/5818/1832
f 2354/5818/1832 2275/5735/1752 2273/5733/1750
f 2354/5818/1832 2273/5733/1750 2351/5815/1829
f 2351/5815/1829 2273/5733/1750 2271/5731/1748
f 2351/5815/1829 2271/5731/1748 2348/5812/1826
f 2348/5812/1826 2271/5731/1748 2269/5729/1746
f 2348/5812/1826 2269/5729/1746 2345/5809/1823
f 2345/5809/1823 2269/5729/1746 2267/5726/1744
f 2345/5809/1823 2267/5726/1744 2342/5803/1820
f 2342/5803/1820 2267/5726/1744 2265/5727/1742
f 2342/5803/1820 2265/5727/1742 2339/5804/1817
f 2339/5800/1817 2265/5723/1742 2263/5721/1740
f 2339/5800/1817 2263/5721/1740 2336/5797/1814
f 2336/5797/1814 2263/5721/1740 2261/5719/1738
f 2336/5797/1814 2261/5719/1738 2333/5794/1811
f 2333/5794/1811 2261/5719/1738 2259/5717/1736
f 2333/5794/1811 2259/5717/1736 2330/5791/1808
f 2330/5791/1808 2259/5717/1736 2257/5715/1734
f 2330/5791/1808 2257/5715/1734 2327/5788/1805
f 2327/5788/1805 2257/5715/1734 2255/5713/1732
f 2327/5788/1805 2255/5713/1732 2324/5785/1802
f 2324/5785/1802 2255/5713/1732 2253/5711/1730
f 2324/5785/1802 2253/5711/1730 2321/5782/1799
f 2321/5782/1799 2253/5711/1730 2251/5709/1728
f 2321/5782/1799 2251/5709/1728 2315/5777/1794
f 2238/5602/1624 2144/5599/1621 2142/5597/1619
f 2238/5602/1624 2142/5597/1619 2235/5694/1713
f 2235/5694/1713 2142/5597/1619 2140/5595/1617
f 2235/5694/1713 2140/5595/1617 2232/5691/1710
f 2232/5691/1710 2140/5595/1617 2138/5593/1615
f 2232/5691/1710 2138/5593/1615 2229/5688/1707
f 2229/5688/1707 2138/5593/1615 2136/5591/1613
f 2229/5688/1707 2136/5591/1613 2226/5685/1704
f 2226/5685/1704 2136/5591/1613 2134/5589/1611
f 2226/5685/1704 2134/5589/1611 2223/5682/1701
f 2223/5682/1701 2134/5589/1611 2132/5587/1609
f 2223/5682/1701 2132/5587/1609 2220/5679/1698
f 2220/5679/1698 2132/5587/1609 2130/5585/1607
f 2220/5679/1698 2130/5585/1607 2217/5676/1695
f 2217/5676/1695 2130/5585/1607 2128/5583/1605
f 2217/5676/1695 2128/5583/1605 2214/5673/1692
f 2214/5673/1692 2128/5583/1605 2126/5581/1603
f 2214/5673/1692 2126/5581/1603 2211/5670/1689
f 2211/5670/1689 2126/5581/1603 2124/5579/1601
f 2211/5670/1689 2124/5579/1601 2208/5667/1686
f 2208/5667/1686 2124/5579/1601 2122/5577/1599
f 2208/5667/1686 2122/5577/1599 2205/5664/1683
f 2205/5664/1683 2122/5577/1599 2120/5575/1597
f 2205/5664/1683 2120/5575/1597 2202/5661/1680
f 2202/5661/1680 2120/5575/1597 2118/5573/1595
f 2202/5661/1680 2118/5573/1595 2199/5658/1677
f 2199/5658/1677 2118/5573/1595 2116/5571/1593
f 2199/5658/1677 2116/5571/1593 2196/5655/1674
f 2196/5655/1674 2116/5571/1593 2114/5569/1591
f 2196/5655/1674 2114/5569/1591 2193/5652/1671
f 2193/5652/1671 2114/5569/1591 2112/5567/1589
f 2193/5652/1671 2112/5567/1589 2190/5649/1668
f 2190/5649/1668 2112/5567/1589 2110/5565/1587
f 2190/5649/1668 2110/5565/1587 2187/5646/1665
f 2187/5646/1665 2110/5565/1587 2108/5563/1585
f 2187/5646/1665 2108/5563/1585 2184/5643/1662
f 2184/5643/1662 2108/5563/1585 2106/5560/1583
f 2184/5643/1662 2106/5560/1583 2181/5637/1659
f 2181/5637/1659 2106/5560/1583 2104/5561/1581
f 2181/5637/1659 2104/5561/1581 2178/5638/1656
f 2178/5634/1656 2104/5557/1581 2102/5555/1579
f 2178/5634/1656 2102/5555/1579 2175/5631/1653
f 2175/5631/1653 2102/5555/1579 2100/5553/1577
f 2175/5631/1653 2100/5553/1577 2172/5628/1650
f 2172/5628/1650 2100/5553/1577 2098/5551/1575
f 2172/5628/1650 2098/5551/1575 2169/5625/1647
f 2169/5625/1647 2098/5551/1575 2096/5549/1573
f 2169/5625/1647 2096/5549/1573 2166/5622/1644
f 2166/5622/1644 2096/5549/1573 2094/5547/1571
f 2166/5622/1644 2094/5547/1571 2163/5619/1641
f 2163/5619/1641 2094/5547/1571 2092/5545/1569
f 2163/5619/1641 2092/5545/1569 2160/5616/1638
f 2160/5616/1638 2092/5545/1569 2090/5543/1567
f 2160/5616/1638 2090/5543/1567 2154/5610/1632
f 2081/5533/1557 2821/6326/2295 2883/6327/2296
f 2081/5533/1557 2883/6327/2296 2078/5530/1554
f 2822/5441/1468 2823/6328/2297 2821/6326/2295
f 2822/5441/1468 2821/6326/2295 2081/5533/1557
f 1991/5440/1467 2825/6329/2298 2823/6328/2297
f 1991/5440/1467 2823/6328/2297 2822/5441/1468
f 2823/6328/2297 2824/6330/2299 2886/6331/2300
f 2823/6328/2297 2886/6331/2300 2821/6326/2295
f 2825/6329/2298 2826/6332/2301 2824/6330/2299
f 2825/6329/2298 2824/6330/2299 2823/6328/2297
f 2827/6333/2302 2828/6334/2303 2826/6332/2301
f 2827/6333/2302 2826/6332/2301 2825/6329/2298
f 1994/5443/1470 2827/6333/2302 2825/6329/2298
f 1994/5443/1470 2825/6329/2298 1991/5440/1467
f 2829/6335/2304 2830/6336/2305 2828/6334/2303
f 2829/6335/2304 2828/6334/2303 2827/6333/2302
f 1997/5446/1473 2829/6335/2304 2827/6333/2302
f 1997/5446/1473 2827/6333/2302 1994/5443/1470
f 2831/6337/2306 2832/6338/2307 2830/6336/2305
f 2831/6337/2306 2830/6336/2305 2829/6335/2304
f 2000/5449/1476 2831/6337/2306 2829/6335/2304
f 2000/5449/1476 2829/6335/2304 1997/5446/1473
f 2833/6339/2308 2834/6340/2309 2832/6338/2307
f 2833/6339/2308 2832/6338/2307 2831/6337/2306
f 2003/5452/1479 2833/6339/2308 2831/6337/2306
f 2003/5452/1479 2831/6337/2306 2000/5449/1476
f 2835/6341/2310 2836/6342/2311 2834/6340/2309
f 2835/6341/2310 2834/6340/2309 2833/6339/2308
f 2006/5455/1482 2835/6341/2310 2833/6339/2308
f 2006/5455/1482 2833/6339/2308 2003/5452/1479
f 2837/6343/2312 2838/6344/2313 2836/6342/2311
f 2837/6343/2312 2836/6342/2311 2835/6341/2310
f 2009/5458/1485 2837/6343/2312 2835/6341/2310
f 2009/5458/1485 2835/6341/2310 2006/5455/1482
f 2839/6345/2314 2840/6346/2315 2838/6344/2313
f 2839/6345/2314 2838/6344/2313 2837/6343/2312
f 2012/5461/1488 2839/6345/2314 2837/6343/2312
f 2012/5461/1488 2837/6343/2312 2009/5458/1485
f 2841/6347/2316 2842/6348/2317 2840/6346/2315
f 2841/6347/2316 2840/6346/2315 2839/6345/2314
f 2015/5464/1491 2841/6347/2316 2839/6345/2314
f 2015/5464/1491 2839/6345/2314 2012/5461/1488
f 2843/6349/2318 2844/6350/2319 2842/6351/2317
f 2843/6349/2318 2842/6351/2317 2841/6352/2316
f 2018/5467/1494 2843/6349/2318 2841/6352/2316
f 2018/5467/1494 2841/6352/2316 2015/5468/1491
f 2845/6353/2320 2846/6354/2321 2844/6350/2319
f 2845/6353/2320 2844/6350/2319 2843/6349/2318
f 2021/5473/1497 2845/6353/2320 2843/6349/2318
f 2021/5473/1497 2843/6349/2318 2018/5467/1494
f 2847/6355/2322 2848/6356/2323 2846/6354/2321
f 2847/6355/2322 2846/6354/2321 2845/6353/2320
f 2024/5476/1500 2847/6355/2322 2845/6353/2320
f 2024/5476/1500 2845/6353/2320 2021/5473/1497
f 2849/6357/2324 2850/6358/2325 2848/6356/2323
f 2849/6357/2324 2848/6356/2323 2847/6355/2322
f 2027/5479/1503 2849/6357/2324 2847/6355/2322
f 2027/5479/1503 2847/6355/2322 2024/5476/1500
f 2851/6359/2326 2852/6360/2327 2850/6358/2325
f 2851/6359/2326 2850/6358/2325 2849/6357/2324
f 2030/5482/1506 2851/6359/2326 2849/6357/2324
f 2030/5482/1506 2849/6357/2324 2027/5479/1503
f 2853/6361/2328 2854/6362/2329 2852/6360/2327
f 2853/6361/2328 2852/6360/2327 2851/6359/2326
f 2033/5485/1509 2853/6361/2328 2851/6359/2326
f 2033/5485/1509 2851/6359/2326 2030/5482/1506
f 2855/6363/2330 2856/6364/2331 2854/6362/2329
f 2855/6363/2330 2854/6362/2329 2853/6361/2328
f 2036/5488/1512 2855/6363/2330 2853/6361/2328
f 2036/5488/1512 2853/6361/2328 2033/5485/1509
f 2857/6365/2332 2858/6366/2333 2856/6364/2331
f 2857/6365/2332 2856/6364/2331 2855/6363/2330
f 2039/5491/1515 2857/6365/2332 2855/6363/2330
f 2039/5491/1515 2855/6363/2330 2036/5488/1512
f 2859/6367/2334 2860/6368/2335 2858/6366/2333
f 2859/6367/2334 2858/6366/2333 2857/6365/2332
f 2042/5494/1518 2859/6367/2334 2857/6365/2332
f 2042/5494/1518 2857/6365/2332 2039/5491/1515
f 2861/6369/2336 2862/6370/2337 2860/6368/2335
f 2861/6369/2336 2860/6368/2335 2859/6367/2334
f 2045/5497/1521 2861/6369/2336 2859/6367/2334
f 2045/5497/1521 2859/6367/2334 2042/5494/1518
f 2863/6371/2338 2864/6372/2339 2862/6370/2337
f 2863/6371/2338 2862/6370/2337 2861/6369/2336
f 2048/5500/1524 2863/6371/2338 2861/6369/2336
f 2048/5500/1524 2861/6369/2336 2045/5497/1521
f 2865/6373/2340 2866/6374/2341 2864/6372/2339
f 2865/6373/2340 2864/6372/2339 2863/6371/2338
f 2051/5503/1527 2865/6373/2340 2863/6371/2338
f 2051/5503/1527 2863/6371/2338 2048/5500/1524
f 2867/6375/2342 2868/6376/2343 2866/6374/2341
f 2867/6375/2342 2866/6374/2341 2865/6373/2340
f 2054/5506/1530 2867/6375/2342 2865/6373/2340
f 2054/5506/1530 2865/6373/2340 2051/5503/1527
f 2869/6377/2344 2870/6378/2345 2868/6376/2343
f 2869/6377/2344 2868/6376/2343 2867/6375/2342
f 2057/5509/1533 2869/6377/2344 2867/6375/2342
f 2057/5509/1533 2867/6375/2342 2054/5506/1530
f 2871/6379/2346 2872/6380/2347 2870/6378/2345
f 2871/6379/2346 2870/6378/2345 2869/6377/2344
f 2060/5512/1536 2871/6379/2346 2869/6377/2344
f 2060/5512/1536 2869/6377/2344 2057/5509/1533
f 2873/6381/2348 2874/6382/2349 2872/6380/2347
f 2873/6381/2348 2872/6380/2347 2871/6379/2346
f 2063/5515/1539 2873/6381/2348 2871/6379/2346
f 2063/5515/1539 2871/6379/2346 2060/5512/1536
f 2875/6383/2350 2876/6384/2351 2874/6382/2349
f 2875/6383/2350 2874/6382/2349 2873/6381/2348
f 2066/5518/1542 2875/6383/2350 2873/6381/2348
f 2066/5518/1542 2873/6381/2348 2063/5515/1539
f 2877/6385/2352 2878/6386/2353 2876/6384/2351
f 2877/6385/2352 2876/6384/2351 2875/6383/2350
f 2069/5521/1545 2877/6385/2352 2875/6383/2350
f 2069/5521/1545 2875/6383/2350 2066/5518/1542
f 2879/6387/2354 2880/6388/2355 2878/6386/2353
f 2879/6387/2354 2878/6386/2353 2877/6385/2352
f 2072/5524/1548 2879/6387/2354 2877/6385/2352
f 2072/5524/1548 2877/6385/2352 2069/5521/1545
f 2881/6389/2356 2882/6390/2357 2880/6388/2355
f 2881/6389/2356 2880/6388/2355 2879/6387/2354
f 2075/5527/1551 2881/6389/2356 2879/6387/2354
f 2075/5527/1551 2879/6387/2354 2072/5524/1548
f 2883/6327/2296 2884/6391/2358 2882/6390/2357
f 2883/6327/2296 2882/6390/2357 2881/6389/2356
f 2078/5530/1554 2883/6327/2296 2881/6389/2356
f 2078/5530/1554 2881/6389/2356 2075/5527/1551
f 2821/6326/2295 2886/6331/2300 2884/6391/2358
f 2821/6326/2295 2884/6391/2358 2883/6327/2296
f 2884/6391/2358 2885/6392/2359 2947/6393/2360
f 2884/6391/2358 2947/6393/2360 2882/6390/2357
f 2886/6331/2300 2887/6394/2361 2885/6392/2359
f 2886/6331/2300 2885/6392/2359 2884/6391/2358
f 2824/6330/2299 2889/6395/2362 2887/6394/2361
f 2824/6330/2299 2887/6394/2361 2886/6331/2300
f 2887/6394/2361 2888/6396/2363 2950/6397/2364
f 2887/6394/2361 2950/6397/2364 2885/6392/2359
f 2889/6395/2362 2890/6398/2365 2888/6396/2363
f 2889/6395/2362 2888/6396/2363 2887/6394/2361
f 2891/6399/2366 2892/6400/2367 2890/6398/2365
f 2891/6399/2366 2890/6398/2365 2889/6395/2362
f 2826/6332/2301 2891/6399/2366 2889/6395/2362
f 2826/6332/2301 2889/6395/2362 2824/6330/2299
f 2893/6401/2368 2894/6402/2369 2892/6400/2367
f 2893/6401/2368 2892/6400/2367 2891/6399/2366
f 2828/6334/2303 2893/6401/2368 2891/6399/2366
f 2828/6334/2303 2891/6399/2366 2826/6332/2301
f 2895/6403/2370 2896/6404/2371 2894/6402/2369
f 2895/6403/2370 2894/6402/2369 2893/6401/2368
f 2830/6336/2305 2895/6403/2370 2893/6401/2368
f 2830/6336/2305 2893/6401/2368 2828/6334/2303
f 2897/6405/2372 2898/6406/2373 2896/6404/2371
f 2897/6405/2372 2896/6404/2371 2895/6403/2370
f 2832/6338/2307 2897/6405/2372 2895/6403/2370
f 2832/6338/2307 2895/6403/2370 2830/6336/2305
f 2899/6407/2374 2900/6408/2375 2898/6406/2373
f 2899/6407/2374 2898/6406/2373 2897/6405/2372
f 2834/6340/2309 2899/6407/2374 2897/6405/2372
f 2834/6340/2309 2897/6405/2372 2832/6338/2307
f 2901/6409/2376 2902/6410/2377 2900/6408/2375
f 2901/6409/2376 2900/6408/2375 2899/6407/2374
f 2836/6342/2311 2901/6409/2376 2899/6407/2374
f 2836/6342/2311 2899/6407/2374 2834/6340/2309
f 2903/6411/2378 2904/6412/2379 2902/6410/2377
f 2903/6411/2378 2902/6410/2377 2901/6409/2376
f 2838/6344/2313 2903/6411/2378 2901/6409/2376
f 2838/6344/2313 2901/6409/2376 2836/6342/2311
f 2905/6413/2380 2906/6414/2381 2904/6412/2379
f 2905/6413/2380 2904/6412/2379 2903/6411/2378
f 2840/6346/2315 2905/6413/2380 2903/6411/2378
f 2840/6346/2315 2903/6411/2378 2838/6344/2313
f 2907/6415/2382 2908/6416/2383 2906/6414/2381
f 2907/6415/2382 2906/6414/2381 2905/6413/2380
f 2842/6348/2317 2907/6415/2382 2905/6413/2380
f 2842/6348/2317 2905/6413/2380 2840/6346/2315
f 2909/6417/2384 2910/6418/2385 2908/6419/2383
f 2909/6417/2384 2908/6419/2383 2907/6420/2382
f 2844/6350/2319 2909/6417/2384 2907/6420/2382
f 2844/6350/2319 2907/6420/2382 2842/6351/2317
f 2911/6421/2386 2912/6422/2387 2910/6418/2385
f 2911/6421/2386 2910/6418/2385 2909/6417/2384
f 2846/6354/2321 2911/6421/2386 2909/6417/2384
f 2846/6354/2321 2909/6417/2384 2844/6350/2319
f 2913/6423/2388 2914/6424/2389 2912/6422/2387
f 2913/6423/2388 2912/6422/2387 2911/6421/2386
f 2848/6356/2323 2913/6423/2388 2911/6421/2386
f 2848/6356/2323 2911/6421/2386 2846/6354/2321
f 2915/6425/2390 2916/6426/2391 2914/6424/2389
f 2915/6425/2390 2914/6424/2389 2913/6423/2388
f 2850/6358/2325 2915/6425/2390 2913/6423/2388
f 2850/6358/2325 2913/6423/2388 2848/6356/2323
f 2917/6427/2392 2918/6428/2393 2916/6426/2391
f 2917/6427/2392 2916/6426/2391 2915/6425/2390
f 2852/6360/2327 2917/6427/2392 2915/6425/2390
f 2852/6360/2327 2915/6425/2390 2850/6358/2325
f 2919/6429/2394 2920/6430/2395 2918/6428/2393
f 2919/6429/2394 2918/6428/2393 2917/6427/2392
f 2854/6362/2329 2919/6429/2394 2917/6427/2392
f 2854/6362/2329 2917/6427/2392 2852/6360/2327
f 2921/6431/2396 2922/6432/2397 2920/6430/2395
f 2921/6431/2396 2920/6430/2395 2919/6429/2394
f 2856/6364/2331 2921/6431/2396 2919/6429/2394
f 2856/6364/2331 2919/6429/2394 2854/6362/2329
f 2923/6433/2398 2924/6434/2399 2922/6432/2397
f 2923/6433/2398 2922/6432/2397 2921/6431/2396
f 2858/6366/2333 2923/6433/2398 2921/6431/2396
f 2858/6366/2333 2921/6431/2396 2856/6364/2331
f 2925/6435/2400 2926/6436/2401 2924/6434/2399
f 2925/6435/2400 2924/6434/2399 2923/6433/2398
f 2860/6368/2335 2925/6435/2400 2923/6433/2398
f 2860/6368/2335 2923/6433/2398 2858/6366/2333
f 2927/6437/2402 2928/6438/2403 2926/6436/2401
f 2927/6437/2402 2926/6436/2401 2925/6435/2400
f 2862/6370/2337 2927/6437/2402 2925/6435/2400
f 2862/6370/2337 2925/6435/2400 2860/6368/2335
f 2929/6439/2404 2930/6440/2405 2928/6438/2403
f 2929/6439/2404 2928/6438/2403 2927/6437/2402
f 2864/6372/2339 2929/6439/2404 2927/6437/2402
f 2864/6372/2339 2927/6437/2402 2862/6370/2337
f 2931/6441/2406 2932/6442/2407 2930/6440/2405
f 2931/6441/2406 2930/6440/2405 2929/6439/2404
f 2866/6374/2341 2931/6441/2406 2929/6439/2404
f 2866/6374/2341 2929/6439/2404 2864/6372/2339
f 2933/6443/2408 2934/6444/2409 2932/6442/2407
f 2933/6443/2408 2932/6442/2407 2931/6441/2406
f 2868/6376/2343 2933/6443/2408 2931/6441/2406
f 2868/6376/2343 2931/6441/2406 2866/6374/2341
f 2935/6445/2410 2936/6446/2411 2934/6444/2409
f 2935/6445/2410 2934/6444/2409 2933/6443/2408
f 2870/6378/2345 2935/6445/2410 2933/6443/2408
f 2870/6378/2345 2933/6443/2408 2868/6376/2343
f 2937/6447/2412 2938/6448/2413 2936/6446/2411
f 2937/6447/2412 2936/6446/2411 2935/6445/2410
f 2872/6380/2347 2937/6447/2412 2935/6445/2410
f 2872/6380/2347 2935/6445/2410 2870/6378/2345
f 2939/6449/2414 2940/6450/2415 2938/6448/2413
f 2939/6449/2414 2938/6448/2413 2937/6447/2412
f 2874/6382/2349 2939/6449/2414 2937/6447/2412
f 2874/6382/2349 2937/6447/2412 2872/6380/2347
f 2941/6451/2416 2942/6452/2417 2940/6450/2415
f 2941/6451/2416 2940/6450/2415 2939/6449/2414
f 2876/6384/2351 2941/6451/2416 2939/6449/2414
f 2876/6384/2351 2939/6449/2414 2874/6382/2349
f 2943/6453/2418 2944/6454/2419 2942/6452/2417
f 2943/6453/2418 2942/6452/2417 2941/6451/2416
f 2878/6386/2353 2943/6453/2418 2941/6451/2416
f 2878/6386/2353 2941/6451/2416 2876/6384/2351
f 2945/6455/2420 2946/6456/2421 2944/6454/2419
f 2945/6455/2420 2944/6454/2419 2943/6453/2418
f 2880/6388/2355 2945/6455/2420 2943/6453/2418
f 2880/6388/2355 2943/6453/2418 2878/6386/2353
f 2947/6393/2360 2948/6457/2422 2946/6456/2421
f 2947/6393/2360 2946/6456/2421 2945/6455/2420
f 2882/6390/2357 2947/6393/2360 2945/6455/2420
f 2882/6390/2357 2945/6455/2420 2880/6388/2355
f 2885/6392/2359 2950/6397/2364 2948/6457/2422
f 2885/6392/2359 2948/6457/2422 2947/6393/2360
f 2948/6457/2422 2949/6458/2423 2957/6459/2424
f 2948/6457/2422 2957/6459/2424 2946/6456/2421
f 2950/6397/2364 2951/6460/2425 2949/6458/2423
f 2950/6397/2364 2949/6458/2423 2948/6457/2422
f 2888/6396/2363 2952/6461/2426 2951/6460/2425
f 2888/6396/2363 2951/6460/2425 2950/6397/2364
f 2952/6461/2426 2953/6462/966 2951/6460/2425
f 2951/6460/2425 2953/6463/966 2949/6458/2423
f 2954/6464/2427 2953/6465/966 2969/6466/2428
f 2968/6467/2429 2953/6468/966 2954/6464/2427
f 2982/6469/2430 2953/6470/966 2955/6471/2431
f 2955/6471/2431 2953/6472/966 2956/6473/2432
f 2956/6473/2432 2953/6474/966 2952/6461/2426
f 2949/6458/2423 2953/6475/966 2957/6459/2424
f 2957/6459/2424 2953/6476/966 2958/6477/2433
f 2958/6477/2433 2953/6478/966 2959/6479/2434
f 2959/6479/2434 2953/6480/966 2960/6481/2435
f 2960/6481/2435 2953/6482/966 2961/6483/2436
f 2961/6483/2436 2953/6484/966 2962/6485/2437
f 2962/6485/2437 2953/6486/966 2963/6487/2438
f 2963/6487/2438 2953/6488/966 2964/6489/2439
f 2964/6489/2439 2953/6490/966 2965/6491/2440
f 2965/6491/2440 2953/6492/966 2966/6493/2441
f 2966/6493/2441 2953/6494/966 2967/6495/2442
f 2967/6495/2442 2953/6496/966 2968/6467/2429
f 2969/6466/2428 2953/6497/966 2970/6498/2443
f 2970/6498/2443 2953/6499/966 2971/6500/2444
f 2971/6500/2444 2953/6501/966 2972/6502/2445
f 2972/6502/2445 2953/6503/966 2973/6504/2446
f 2973/6504/2446 2953/6505/966 2974/6506/2447
f 2974/6506/2447 2953/6507/966 2975/6508/2448
f 2975/6509/2448 2953/6510/966 2976/6511/2449
f 2976/6511/2449 2953/6512/966 2977/6513/2450
f 2977/6513/2450 2953/6514/966 2978/6515/2451
f 2978/6515/2451 2953/6516/966 2979/6517/2452
f 2979/6517/2452 2953/6518/966 2980/6519/2453
f 2980/6519/2453 2953/6520/966 2981/6521/2454
f 2981/6521/2454 2953/6522/966 2982/6469/2430
f 2894/6402/2369 2982/6469/2430 2955/6471/2431
f 2894/6402/2369 2955/6471/2431 2892/6400/2367
f 2896/6404/2371 2981/6521/2454 2982/6469/2430
f 2896/6404/2371 2982/6469/2430 2894/6402/2369
f 2898/6406/2373 2980/6519/2453 2981/6521/2454
f 2898/6406/2373 2981/6521/2454 2896/6404/2371
f 2900/6408/2375 2979/6517/2452 2980/6519/2453
f 2900/6408/2375 2980/6519/2453 2898/6406/2373
f 2902/6410/2377 2978/6515/2451 2979/6517/2452
f 2902/6410/2377 2979/6517/2452 2900/6408/2375
f 2904/6412/2379 2977/6513/2450 2978/6515/2451
f 2904/6412/2379 2978/6515/2451 2902/6410/2377
f 2906/6414/2381 2976/6511/2449 2977/6513/2450
f 2906/6414/2381 2977/6513/2450 2904/6412/2379
f 2908/6416/2383 2975/6509/2448 2976/6511/2449
f 2908/6416/2383 2976/6511/2449 2906/6414/2381
f 2910/6418/2385 2974/6506/2447 2975/6508/2448
f 2910/6418/2385 2975/6508/2448 2908/6419/2383
f 2912/6422/2387 2973/6504/2446 2974/6506/2447
f 2912/6422/2387 2974/6506/2447 2910/6418/2385
f 2914/6424/2389 2972/6502/2445 2973/6504/2446
f 2914/6424/2389 2973/6504/2446 2912/6422/2387
f 2916/6426/2391 2971/6500/2444 2972/6502/2445
f 2916/6426/2391 2972/6502/2445 2914/6424/2389
f 2918/6428/2393 2970/6498/2443 2971/6500/2444
f 2918/6428/2393 2971/6500/2444 2916/6426/2391
f 2920/6430/2395 2969/6466/2428 2970/6498/2443
f 2920/6430/2395 2970/6498/2443 2918/6428/2393
f 2922/6432/2397 2954/6464/2427 2969/6466/2428
f 2922/6432/2397 2969/6466/2428 2920/6430/2395
f 2924/6434/2399 2968/6467/2429 2954/6464/2427
f 2924/6434/2399 2954/6464/2427 2922/6432/2397
f 2926/6436/2401 2967/6495/2442 2968/6467/2429
f 2926/6436/2401 2968/6467/2429 2924/6434/2399
f 2928/6438/2403 2966/6493/2441 2967/6495/2442
f 2928/6438/2403 2967/6495/2442 2926/6436/2401
f 2930/6440/2405 2965/6491/2440 2966/6493/2441
f 2930/6440/2405 2966/6493/2441 2928/6438/2403
f 2932/6442/2407 2964/6489/2439 2965/6491/2440
f 2932/6442/2407 2965/6491/2440 2930/6440/2405
f 2934/6444/2409 2963/6487/2438 2964/6489/2439
f 2934/6444/2409 2964/6489/2439 2932/6442/2407
f 2936/6446/2411 2962/6485/2437 2963/6487/2438
f 2936/6446/2411 2963/6487/2438 2934/6444/2409
f 2938/6448/2413 2961/6483/2436 2962/6485/2437
f 2938/6448/2413 2962/6485/2437 2936/6446/2411
f 2940/6450/2415 2960/6481/2435 2961/6483/2436
f 2940/6450/2415 2961/6483/2436 2938/6448/2413
f 2942/6452/2417 2959/6479/2434 2960/6481/2435
f 2942/6452/2417 2960/6481/2435 2940/6450/2415
f 2944/6454/2419 2958/6477/2433 2959/6479/2434
f 2944/6454/2419 2959/6479/2434 2942/6452/2417
f 2946/6456/2421 2957/6459/2424 2958/6477/2433
f 2946/6456/2421 2958/6477/2433 2944/6454/2419
f 2890/6398/2365 2956/6473/2432 2952/6461/2426
f 2890/6398/2365 2952/6461/2426 2888/6396/2363
f 2892/6400/2367 2955/6471/2431 2956/6473/2432
f 2892/6400/2367 2956/6473/2432 2890/6398/2365
f 2986/4349/2455 2983/4350/2456 2984/4351/2457
f 2986/4349/2455 2984/4351/2457 3078/4352/2458
f 2983/4350/2456 2985/4353/2459 3816/4354/2460
f 2983/4350/2456 3816/4354/2460 2984/4351/2457
f 2987/4355/2461 2988/4356/2462 2985/4353/2459
f 2987/4355/2461 2985/4353/2459 2983/4350/2456
f 2989/4357/2463 2987/4355/2461 2983/4350/2456
f 2989/4357/2463 2983/4350/2456 2986/4349/2455
f 2990/4358/2464 2991/4359/2465 2988/4356/2462
f 2990/4358/2464 2988/4356/2462 2987/4355/2461
f 2992/4360/2466 2990/4358/2464 2987/4355/2461
f 2992/4360/2466 2987/4355/2461 2989/4357/2463
f 2993/4361/2467 2994/4362/2468 2991/4359/2465
f 2993/4361/2467 2991/4359/2465 2990/4358/2464
f 2995/4363/2469 2993/4361/2467 2990/4358/2464
f 2995/4363/2469 2990/4358/2464 2992/4360/2466
f 2996/4364/2470 2997/4365/2471 2994/4362/2468
f 2996/4364/2470 2994/4362/2468 2993/4361/2467
f 2998/4366/2472 2996/4364/2470 2993/4361/2467
f 2998/4366/2472 2993/4361/2467 2995/4363/2469
f 2999/4367/2473 3000/4368/2474 2997/4365/2471
f 2999/4367/2473 2997/4365/2471 2996/4364/2470
f 3001/4369/2475 2999/4367/2473 2996/4364/2470
f 3001/4369/2475 2996/4364/2470 2998/4366/2472
f 3002/4370/2476 3003/4371/2477 3000/4368/2474
f 3002/4370/2476 3000/4368/2474 2999/4367/2473
f 3004/4372/2478 3002/4370/2476 2999/4367/2473
f 3004/4372/2478 2999/4367/2473 3001/4369/2475
f 3005/4373/2479 3006/4374/2480 3003/4371/2477
f 3005/4373/2479 3003/4371/2477 3002/4370/2476
f 3007/4375/2481 3005/4373/2479 3002/4370/2476
f 3007/4375/2481 3002/4370/2476 3004/4372/2478
f 3008/4376/2482 3009/4377/2483 3006/4374/2480
f 3008/4376/2482 3006/4374/2480 3005/4373/2479
f 3010/4378/2484 3008/4376/2482 3005/4373/2479
f 3010/4378/2484 3005/4373/2479 3007/4375/2481
f 3011/4379/2485 3012/4380/2486 3009/4381/2483
f 3011/4379/2485 3009/4381/2483 3008/4382/2482
f 3013/4383/2487 3011/4379/2485 3008/4382/2482
f 3013/4383/2487 3008/4382/2482 3010/4384/2484
f 3014/4385/2488 3015/4386/2489 3012/4380/2486
f 3014/4385/2488 3012/4380/2486 3011/4379/2485
f 3016/4387/2490 3014/4385/2488 3011/4379/2485
f 3016/4387/2490 3011/4379/2485 3013/4383/2487
f 3017/4388/2491 3018/4389/2492 3015/4386/2489
f 3017/4388/2491 3015/4386/2489 3014/4385/2488
f 3019/4390/2493 3017/4388/2491 3014/4385/2488
f 3019/4390/2493 3014/4385/2488 3016/4387/2490
f 3020/4391/2494 3021/4392/2495 3018/4389/2492
f 3020/4391/2494 3018/4389/2492 3017/4388/2491
f 3022/4393/2496 3020/4391/2494 3017/4388/2491
f 3022/4393/2496 3017/4388/2491 3019/4390/2493
f 3023/4394/2497 3024/4395/2498 3021/4392/2495
f 3023/4394/2497 3021/4392/2495 3020/4391/2494
f 3025/4396/2499 3023/4394/2497 3020/4391/2494
f 3025/4396/2499 3020/4391/2494 3022/4393/2496
f 3026/4397/2500 3027/4398/2501 3024/4395/2498
f 3026/4397/2500 3024/4395/2498 3023/4394/2497
f 3028/4399/2502 3026/4397/2500 3023/4394/2497
f 3028/4399/2502 3023/4394/2497 3025/4396/2499
f 3029/4400/2503 3030/4401/2504 3027/4398/2501
f 3029/4400/2503 3027/4398/2501 3026/4397/2500
f 3031/4402/2505 3029/4400/2503 3026/4397/2500
f 3031/4402/2505 3026/4397/2500 3028/4399/2502
f 3032/4403/2506 3033/4404/2507 3030/4401/2504
f 3032/4403/2506 3030/4401/2504 3029/4400/2503
f 3034/4405/2508 3032/4403/2506 3029/4400/2503
f 3034/4405/2508 3029/4400/2503 3031/4402/2505
f 3035/4406/2509 3036/4407/2510 3033/4404/2507
f 3035/4406/2509 3033/4404/2507 3032/4403/2506
f 3037/4408/2511 3035/4406/2509 3032/4403/2506
f 3037/4408/2511 3032/4403/2506 3034/4405/2508
f 3038/4409/2512 3039/4410/2513 3036/4407/2510
f 3038/4409/2512 3036/4407/2510 3035/4406/2509
f 3040/4411/2514 3038/4409/2512 3035/4406/2509
f 3040/4411/2514 3035/4406/2509 3037/4408/2511
f 3041/4412/2515 3042/4413/2516 3039/4410/2513
f 3041/4412/2515 3039/4410/2513 3038/4409/2512
f 3043/4414/2517 3041/4412/2515 3038/4409/2512
f 3043/4414/2517 3038/4409/2512 3040/4411/2514
f 3044/4415/2518 3045/4416/2519 3042/4413/2516
f 3044/4415/2518 3042/4413/2516 3041/4412/2515
f 3046/4417/2520 3044/4415/2518 3041/4412/2515
f 3046/4417/2520 3041/4412/2515 3043/4414/2517
f 3047/4418/2521 3048/4419/2522 3045/4416/2519
f 3047/4418/2521 3045/4416/2519 3044/4415/2518
f 3049/4420/2523 3047/4418/2521 3044/4415/2518
f 3049/4420/2523 3044/4415/2518 3046/4417/2520
f 3050/4421/2524 3051/4422/2525 3048/4419/2522
f 3050/4421/2524 3048/4419/2522 3047/4418/2521
f 3052/4423/2526 3050/4421/2524 3047/4418/2521
f 3052/4423/2526 3047/4418/2521 3049/4420/2523
f 3053/4424/2527 3054/4425/2528 3051/4422/2525
f 3053/4424/2527 3051/4422/2525 3050/4421/2524
f 3055/4426/2529 3053/4424/2527 3050/4421/2524
f 3055/4426/2529 3050/4421/2524 3052/4423/2526
f 3056/4427/2530 3057/4428/2531 3054/4425/2528
f 3056/4427/2530 3054/4425/2528 3053/4424/2527
f 3058/4429/2532 3056/4427/2530 3053/4424/2527
f 3058/4429/2532 3053/4424/2527 3055/4426/2529
f 3059/4430/2533 3060/4431/2534 3057/4428/2531
f 3059/4430/2533 3057/4428/2531 3056/4427/2530
f 3061/4432/2535 3059/4430/2533 3056/4427/2530
f 3061/4432/2535 3056/4427/2530 3058/4429/2532
f 3062/4433/2536 3063/4434/2537 3060/4431/2534
f 3062/4433/2536 3060/4431/2534 3059/4430/2533
f 3064/4435/2538 3062/4433/2536 3059/4430/2533
f 3064/4435/2538 3059/4430/2533 3061/4432/2535
f 3065/4436/2539 3066/4437/2540 3063/4434/2537
f 3065/4436/2539 3063/4434/2537 3062/4433/2536
f 3067/4438/2541 3065/4436/2539 3062/4433/2536
f 3067/4438/2541 3062/4433/2536 3064/4435/2538
f 3068/4439/2542 3069/4440/2543 3066/4437/2540
f 3068/4439/2542 3066/4437/2540 3065/4436/2539
f 3070/4441/2544 3068/4439/2542 3065/4436/2539
f 3070/4441/2544 3065/4436/2539 3067/4438/2541
f 3071/4442/2545 3072/4443/2546 3069/4440/2543
f 3071/4442/2545 3069/4440/2543 3068/4439/2542
f 3073/4444/2547 3071/4442/2545 3068/4439/2542
f 3073/4444/2547 3068/4439/2542 3070/4441/2544
f 3074/4445/2548 3075/4446/2549 3072/4443/2546
f 3074/4445/2548 3072/4443/2546 3071/4442/2545
f 3076/4447/2550 3074/4445/2548 3071/4442/2545
f 3076/4447/2550 3071/4442/2545 3073/4444/2547
f 2984/4351/2457 3816/4354/2460 3075/4446/2549
f 2984/4351/2457 3075/4446/2549 3074/4445/2548
f 3078/4352/2458 2984/4351/2457 3074/4445/2548
f 3078/4352/2458 3074/4445/2548 3076/4447/2550
f 3077/4448/2551 3076/4447/2550 3073/4444/2547
f 3077/4448/2551 3073/4444/2547 3139/4449/2552
f 3079/4450/2553 3078/4352/2458 3076/4447/2550
f 3079/4450/2553 3076/4447/2550 3077/4448/2551
f 3081/4451/2554 2986/4349/2455 3078/4352/2458
f 3081/4451/2554 3078/4352/2458 3079/4450/2553
f 3080/4452/2555 3079/4450/2553 3077/4448/2551
f 3080/4452/2555 3077/4448/2551 3142/4453/2556
f 3082/4454/2557 3081/4451/2554 3079/4450/2553
f 3082/4454/2557 3079/4450/2553 3080/4452/2555
f 3083/4455/2558 2989/4357/2463 2986/4349/2455
f 3083/4455/2558 2986/4349/2455 3081/4451/2554
f 3084/4456/2559 3083/4455/2558 3081/4451/2554
f 3084/4456/2559 3081/4451/2554 3082/4454/2557
f 3085/4457/2560 2992/4360/2466 2989/4357/2463
f 3085/4457/2560 2989/4357/2463 3083/4455/2558
f 3086/4458/2561 3085/4457/2560 3083/4455/2558
f 3086/4458/2561 3083/4455/2558 3084/4456/2559
f 3087/4459/2562 2995/4363/2469 2992/4360/2466
f 3087/4459/2562 2992/4360/2466 3085/4457/2560
f 3088/4460/2563 3087/4459/2562 3085/4457/2560
f 3088/4460/2563 3085/4457/2560 3086/4458/2561
f 3089/4461/2564 2998/4366/2472 2995/4363/2469
f 3089/4461/2564 2995/4363/2469 3087/4459/2562
f 3090/4462/2565 3089/4461/2564 3087/4459/2562
f 3090/4462/2565 3087/4459/2562 3088/4460/2563
f 3091/4463/2566 3001/4369/2475 2998/4366/2472
f 3091/4463/2566 2998/4366/2472 3089/4461/2564
f 3092/4464/2567 3091/4463/2566 3089/4461/2564
f 3092/4464/2567 3089/4461/2564 3090/4462/2565
f 3093/4465/2568 3004/4372/2478 3001/4369/2475
f 3093/4465/2568 3001/4369/2475 3091/4463/2566
f 3094/4466/2569 3093/4465/2568 3091/4463/2566
f 3094/4466/2569 3091/4463/2566 3092/4464/2567
f 3095/4467/2570 3007/4375/2481 3004/4372/2478
f 3095/4467/2570 3004/4372/2478 3093/4465/2568
f 3096/4468/2571 3095/4467/2570 3093/4465/2568
f 3096/4468/2571 3093/4465/2568 3094/4466/2569
f 3097/4469/2572 3010/4378/2484 3007/4375/2481
f 3097/4469/2572 3007/4375/2481 3095/4467/2570
f 3098/4470/2573 3097/4469/2572 3095/4467/2570
f 3098/4470/2573 3095/4467/2570 3096/4468/2571
f 3099/4471/2574 3013/4383/2487 3010/4384/2484
f 3099/4471/2574 3010/4384/2484 3097/4472/2572
f 3100/4473/2575 3099/4471/2574 3097/4472/2572
f 3100/4473/2575 3097/4472/2572 3098/4474/2573
f 3101/4475/2576 3016/4387/2490 3013/4383/2487
f 3101/4475/2576 3013/4383/2487 3099/4471/2574
f 3102/4476/2577 3101/4475/2576 3099/4471/2574
f 3102/4476/2577 3099/4471/2574 3100/4473/2575
f 3103/4477/2578 3019/4390/2493 3016/4387/2490
f 3103/4477/2578 3016/4387/2490 3101/4475/2576
f 3104/4478/2579 3103/4477/2578 3101/4475/2576
f 3104/4478/2579 3101/4475/2576 3102/4476/2577
f 3105/4479/2580 3022/4393/2496 3019/4390/2493
f 3105/4479/2580 3019/4390/2493 3103/4477/2578
f 3106/4480/2581 3105/4479/2580 3103/4477/2578
f 3106/4480/2581 3103/4477/2578 3104/4478/2579
f 3107/4481/2582 3025/4396/2499 3022/4393/2496
f 3107/4481/2582 3022/4393/2496 3105/4479/2580
f 3108/4482/2583 3107/4481/2582 3105/4479/2580
f 3108/4482/2583 3105/4479/2580 3106/4480/2581
f 3109/4483/2584 3028/4399/2502 3025/4396/2499
f 3109/4483/2584 3025/4396/2499 3107/4481/2582
f 3110/4484/2585 3109/4483/2584 3107/4481/2582
f 3110/4484/2585 3107/4481/2582 3108/4482/2583
f 3111/4485/2586 3031/4402/2505 3028/4399/2502
f 3111/4485/2586 3028/4399/2502 3109/4483/2584
f 3112/4486/2587 3111/4485/2586 3109/4483/2584
f 3112/4486/2587 3109/4483/2584 3110/4484/2585
f 3113/4487/2588 3034/4405/2508 3031/4402/2505
f 3113/4487/2588 3031/4402/2505 3111/4485/2586
f 3114/4488/2589 3113/4487/2588 3111/4485/2586
f 3114/4488/2589 3111/4485/2586 3112/4486/2587
f 3115/4489/2590 3037/4408/2511 3034/4405/2508
f 3115/4489/2590 3034/4405/2508 3113/4487/2588
f 3116/4490/2591 3115/4489/2590 3113/4487/2588
f 3116/4490/2591 3113/4487/2588 3114/4488/2589
f 3117/4491/2592 3040/4411/2514 3037/4408/2511
f 3117/4491/2592 3037/4408/2511 3115/4489/2590
f 3118/4492/2593 3117/4491/2592 3115/4489/2590
f 3118/4492/2593 3115/4489/2590 3116/4490/2591
f 3119/4493/2594 3043/4414/2517 3040/4411/2514
f 3119/4493/2594 3040/4411/2514 3117/4491/2592
f 3120/4494/2595 3119/4493/2594 3117/4491/2592
f 3120/4494/2595 3117/4491/2592 3118/4492/2593
f 3121/4495/2596 3046/4417/2520 3043/4414/2517
f 3121/4495/2596 3043/4414/2517 3119/4493/2594
f 3122/4496/2597 3121/4495/2596 3119/4493/2594
f 3122/4496/2597 3119/4493/2594 3120/4494/2595
f 3123/4497/2598 3049/4420/2523 3046/4417/2520
f 3123/4497/2598 3046/4417/2520 3121/4495/2596
f 3124/4498/2599 3123/4497/2598 3121/4495/2596
f 3124/4498/2599 3121/4495/2596 3122/4496/2597
f 3125/4499/2600 3052/4423/2526 3049/4420/2523
f 3125/4499/2600 3049/4420/2523 3123/4497/2598
f 3126/4500/2601 3125/4499/2600 3123/4497/2598
f 3126/4500/2601 3123/4497/2598 3124/4498/2599
f 3127/4501/2602 3055/4426/2529 3052/4423/2526
f 3127/4501/2602 3052/4423/2526 3125/4499/2600
f 3128/4502/2603 3127/4501/2602 3125/4499/2600
f 3128/4502/2603 3125/4499/2600 3126/4500/2601
f 3129/4503/2604 3058/4429/2532 3055/4426/2529
f 3129/4503/2604 3055/4426/2529 3127/4501/2602
f 3130/4504/2605 3129/4503/2604 3127/4501/2602
f 3130/4504/2605 3127/4501/2602 3128/4502/2603
f 3131/4505/2606 3061/4432/2535 3058/4429/2532
f 3131/4505/2606 3058/4429/2532 3129/4503/2604
f 3132/4506/2607 3131/4505/2606 3129/4503/2604
f 3132/4506/2607 3129/4503/2604 3130/4504/2605
f 3133/4507/2608 3064/4435/2538 3061/4432/2535
f 3133/4507/2608 3061/4432/2535 3131/4505/2606
f 3134/4508/2609 3133/4507/2608 3131/4505/2606
f 3134/4508/2609 3131/4505/2606 3132/4506/2607
f 3135/4509/2610 3067/4438/2541 3064/4435/2538
f 3135/4509/2610 3064/4435/2538 3133/4507/2608
f 3136/4510/2611 3135/4509/2610 3133/4507/2608
f 3136/4510/2611 3133/4507/2608 3134/4508/2609
f 3137/4511/2612 3070/4441/2544 3067/4438/2541
f 3137/4511/2612 3067/4438/2541 3135/4509/2610
f 3138/4512/2613 3137/4511/2612 3135/4509/2610
f 3138/4512/2613 3135/4509/2610 3136/4510/2611
f 3139/4449/2552 3073/4444/2547 3070/4441/2544
f 3139/4449/2552 3070/4441/2544 3137/4511/2612
f 3140/4513/2614 3139/4449/2552 3137/4511/2612
f 3140/4513/2614 3137/4511/2612 3138/4512/2613
f 3142/4453/2556 3077/4448/2551 3139/4449/2552
f 3142/4453/2556 3139/4449/2552 3140/4513/2614
f 3141/4514/2615 3140/4513/2614 3138/4512/2613
f 3141/4514/2615 3138/4512/2613 3232/4515/2616
f 3143/4516/2617 3142/4453/2556 3140/4513/2614
f 3143/4516/2617 3140/4513/2614 3141/4514/2615
f 3145/4517/2618 3080/4452/2555 3142/4453/2556
f 3145/4517/2618 3142/4453/2556 3143/4516/2617
f 3144/4518/2619 3143/4516/2617 3141/4514/2615
f 3144/4518/2619 3141/4514/2615 3234/4519/2620
f 3146/4520/2621 3145/4517/2618 3143/4516/2617
f 3146/4520/2621 3143/4516/2617 3144/4518/2619
f 3147/4521/2622 3082/4454/2557 3080/4452/2555
f 3147/4521/2622 3080/4452/2555 3145/4517/2618
f 3149/4522/2623 3147/4521/2622 3145/4517/2618
f 3149/4522/2623 3145/4517/2618 3146/4520/2621
f 3148/4523/2624 3084/4456/2559 3082/4454/2557
f 3148/4523/2624 3082/4454/2557 3147/4521/2622
f 3151/4524/2625 3148/4523/2624 3147/4521/2622
f 3151/4524/2625 3147/4521/2622 3149/4522/2623
f 3152/4525/2626 3151/4524/2625 3149/4522/2623
f 3152/4525/2626 3149/4522/2623 3150/4526/2627
f 3150/4526/2627 3149/4522/2623 3146/4520/2621
f 3150/4526/2627 3146/4520/2621 3239/4527/2628
f 3153/4528/2629 3154/4529/2630 3148/4523/2624
f 3153/4528/2629 3148/4523/2624 3151/4524/2625
f 3155/4530/2631 3153/4528/2629 3151/4524/2625
f 3155/4530/2631 3151/4524/2625 3152/4525/2626
f 3156/4531/2632 3157/4532/2633 3154/4529/2630
f 3156/4531/2632 3154/4529/2630 3153/4528/2629
f 3158/4533/2634 3156/4531/2632 3153/4528/2629
f 3158/4533/2634 3153/4528/2629 3155/4530/2631
f 3159/4534/2635 3160/4535/2636 3157/4532/2633
f 3159/4534/2635 3157/4532/2633 3156/4531/2632
f 3161/4536/2637 3159/4534/2635 3156/4531/2632
f 3161/4536/2637 3156/4531/2632 3158/4533/2634
f 3162/4537/2638 3163/4538/2639 3160/4535/2636
f 3162/4537/2638 3160/4535/2636 3159/4534/2635
f 3164/4539/2640 3162/4537/2638 3159/4534/2635
f 3164/4539/2640 3159/4534/2635 3161/4536/2637
f 3165/4540/2641 3166/4541/2642 3163/4538/2639
f 3165/4540/2641 3163/4538/2639 3162/4537/2638
f 3167/4542/2643 3165/4540/2641 3162/4537/2638
f 3167/4542/2643 3162/4537/2638 3164/4539/2640
f 3168/4543/2644 3169/4544/2645 3166/4541/2642
f 3168/4543/2644 3166/4541/2642 3165/4540/2641
f 3170/4545/2646 3168/4543/2644 3165/4540/2641
f 3170/4545/2646 3165/4540/2641 3167/4542/2643
f 3171/4546/2647 3172/4547/2648 3169/4544/2645
f 3171/4546/2647 3169/4544/2645 3168/4543/2644
f 3173/4548/2649 3171/4546/2647 3168/4543/2644
f 3173/4548/2649 3168/4543/2644 3170/4545/2646
f 3174/4549/2650 3175/4550/2651 3172/4551/2648
f 3174/4549/2650 3172/4551/2648 3171/4552/2647
f 3176/4553/2652 3174/4549/2650 3171/4552/2647
f 3176/4553/2652 3171/4552/2647 3173/4554/2649
f 3177/4555/2653 3178/4556/2654 3175/4550/2651
f 3177/4555/2653 3175/4550/2651 3174/4549/2650
f 3179/4557/2655 3177/4555/2653 3174/4549/2650
f 3179/4557/2655 3174/4549/2650 3176/4553/2652
f 3180/4558/2656 3181/4559/2657 3178/4556/2654
f 3180/4558/2656 3178/4556/2654 3177/4555/2653
f 3182/4560/2658 3180/4558/2656 3177/4555/2653
f 3182/4560/2658 3177/4555/2653 3179/4557/2655
f 3183/4561/2659 3184/4562/2660 3181/4559/2657
f 3183/4561/2659 3181/4559/2657 3180/4558/2656
f 3185/4563/2661 3183/4561/2659 3180/4558/2656
f 3185/4563/2661 3180/4558/2656 3182/4560/2658
f 3186/4564/2662 3187/4565/2663 3184/4562/2660
f 3186/4564/2662 3184/4562/2660 3183/4561/2659
f 3188/4566/2664 3186/4564/2662 3183/4561/2659
f 3188/4566/2664 3183/4561/2659 3185/4563/2661
f 3189/4567/2665 3190/4568/2666 3187/4565/2663
f 3189/4567/2665 3187/4565/2663 3186/4564/2662
f 3191/4569/2667 3189/4567/2665 3186/4564/2662
f 3191/4569/2667 3186/4564/2662 3188/4566/2664
f 3192/4570/2668 3193/4571/2669 3190/4568/2666
f 3192/4570/2668 3190/4568/2666 3189/4567/2665
f 3194/4572/2670 3192/4570/2668 3189/4567/2665
f 3194/4572/2670 3189/4567/2665 3191/4569/2667
f 3195/4573/2671 3196/4574/2672 3193/4571/2669
f 3195/4573/2671 3193/4571/2669 3192/4570/2668
f 3197/4575/2673 3195/4573/2671 3192/4570/2668
f 3197/4575/2673 3192/4570/2668 3194/4572/2670
f 3198/4576/2674 3199/4577/2675 3196/4574/2672
f 3198/4576/2674 3196/4574/2672 3195/4573/2671
f 3200/4578/2676 3198/4576/2674 3195/4573/2671
f 3200/4578/2676 3195/4573/2671 3197/4575/2673
f 3201/4579/2677 3202/4580/2678 3199/4577/2675
f 3201/4579/2677 3199/4577/2675 3198/4576/2674
f 3203/4581/2679 3201/4579/2677 3198/4576/2674
f 3203/4581/2679 3198/4576/2674 3200/4578/2676
f 3204/4582/2680 3205/4583/2681 3202/4580/2678
f 3204/4582/2680 3202/4580/2678 3201/4579/2677
f 3206/4584/2682 3204/4582/2680 3201/4579/2677
f 3206/4584/2682 3201/4579/2677 3203/4581/2679
f 3207/4585/2683 3208/4586/2684 3205/4583/2681
f 3207/4585/2683 3205/4583/2681 3204/4582/2680
f 3209/4587/2685 3207/4585/2683 3204/4582/2680
f 3209/4587/2685 3204/4582/2680 3206/4584/2682
f 3210/4588/2686 3211/4589/2687 3208/4586/2684
f 3210/4588/2686 3208/4586/2684 3207/4585/2683
f 3212/4590/2688 3210/4588/2686 3207/4585/2683
f 3212/4590/2688 3207/4585/2683 3209/4587/2685
f 3213/4591/2689 3214/4592/2690 3211/4589/2687
f 3213/4591/2689 3211/4589/2687 3210/4588/2686
f 3215/4593/2691 3213/4591/2689 3210/4588/2686
f 3215/4593/2691 3210/4588/2686 3212/4590/2688
f 3216/4594/2692 3217/4595/2693 3214/4592/2690
f 3216/4594/2692 3214/4592/2690 3213/4591/2689
f 3218/4596/2694 3216/4594/2692 3213/4591/2689
f 3218/4596/2694 3213/4591/2689 3215/4593/2691
f 3219/4597/2695 3220/4598/2696 3217/4595/2693
f 3219/4597/2695 3217/4595/2693 3216/4594/2692
f 3221/4599/2697 3219/4597/2695 3216/4594/2692
f 3221/4599/2697 3216/4594/2692 3218/4596/2694
f 3222/4600/2698 3223/4601/2699 3220/4598/2696
f 3222/4600/2698 3220/4598/2696 3219/4597/2695
f 3224/4602/2700 3222/4600/2698 3219/4597/2695
f 3224/4602/2700 3219/4597/2695 3221/4599/2697
f 3225/4603/2701 3226/4604/2702 3223/4601/2699
f 3225/4603/2701 3223/4601/2699 3222/4600/2698
f 3227/4605/2703 3225/4603/2701 3222/4600/2698
f 3227/4605/2703 3222/4600/2698 3224/4602/2700
f 3228/4606/2704 3229/4607/2705 3226/4604/2702
f 3228/4606/2704 3226/4604/2702 3225/4603/2701
f 3230/4608/2706 3228/4606/2704 3225/4603/2701
f 3230/4608/2706 3225/4603/2701 3227/4605/2703
f 3231/4609/2707 3232/4515/2616 3229/4607/2705
f 3231/4609/2707 3229/4607/2705 3228/4606/2704
f 3233/4610/2708 3231/4609/2707 3228/4606/2704
f 3233/4610/2708 3228/4606/2704 3230/4608/2706
f 3234/4519/2620 3141/4514/2615 3232/4515/2616
f 3234/4519/2620 3232/4515/2616 3231/4609/2707
f 3235/4611/2709 3234/4519/2620 3231/4609/2707
f 3235/4611/2709 3231/4609/2707 3233/4610/2708
f 3237/4612/2710 3144/4518/2619 3234/4519/2620
f 3237/4612/2710 3234/4519/2620 3235/4611/2709
f 3236/4613/2711 3235/4611/2709 3233/4610/2708
f 3236/4613/2711 3233/4610/2708 3298/4614/2712
f 3238/4615/2713 3237/4612/2710 3235/4611/2709
f 3238/4615/2713 3235/4611/2709 3236/4613/2711
f 3239/4527/2628 3146/4520/2621 3144/4518/2619
f 3239/4527/2628 3144/4518/2619 3237/4612/2710
f 3240/4616/2714 3239/4527/2628 3237/4612/2710
f 3240/4616/2714 3237/4612/2710 3238/4615/2713
f 3242/4617/2715 3150/4526/2627 3239/4527/2628
f 3242/4617/2715 3239/4527/2628 3240/4616/2714
f 3241/4618/2716 3240/4616/2714 3238/4615/2713
f 3241/4618/2716 3238/4615/2713 3303/4619/2717
f 3243/4620/2718 3242/4617/2715 3240/4616/2714
f 3243/4620/2718 3240/4616/2714 3241/4618/2716
f 3244/4621/2719 3152/4525/2626 3150/4526/2627
f 3244/4621/2719 3150/4526/2627 3242/4617/2715
f 3245/4622/2720 3244/4621/2719 3242/4617/2715
f 3245/4622/2720 3242/4617/2715 3243/4620/2718
f 3246/4623/2721 3155/4530/2631 3152/4525/2626
f 3246/4623/2721 3152/4525/2626 3244/4621/2719
f 3247/4624/2722 3246/4623/2721 3244/4621/2719
f 3247/4624/2722 3244/4621/2719 3245/4622/2720
f 3248/4625/2723 3158/4533/2634 3155/4530/2631
f 3248/4625/2723 3155/4530/2631 3246/4623/2721
f 3249/4626/2724 3248/4625/2723 3246/4623/2721
f 3249/4626/2724 3246/4623/2721 3247/4624/2722
f 3250/4627/2725 3161/4536/2637 3158/4533/2634
f 3250/4627/2725 3158/4533/2634 3248/4625/2723
f 3251/4628/2726 3250/4627/2725 3248/4625/2723
f 3251/4628/2726 3248/4625/2723 3249/4626/2724
f 3252/4629/2727 3164/4539/2640 3161/4536/2637
f 3252/4629/2727 3161/4536/2637 3250/4627/2725
f 3253/4630/2728 3252/4629/2727 3250/4627/2725
f 3253/4630/2728 3250/4627/2725 3251/4628/2726
f 3254/4631/2729 3167/4542/2643 3164/4539/2640
f 3254/4631/2729 3164/4539/2640 3252/4629/2727
f 3255/4632/2730 3254/4631/2729 3252/4629/2727
f 3255/4632/2730 3252/4629/2727 3253/4630/2728
f 3256/4633/2731 3170/4545/2646 3167/4542/2643
f 3256/4633/2731 3167/4542/2643 3254/4631/2729
f 3257/4634/2732 3256/4633/2731 3254/4631/2729
f 3257/4634/2732 3254/4631/2729 3255/4632/2730
f 3258/4635/2733 3173/4548/2649 3170/4545/2646
f 3258/4635/2733 3170/4545/2646 3256/4633/2731
f 3259/4636/2734 3258/4635/2733 3256/4633/2731
f 3259/4636/2734 3256/4633/2731 3257/4634/2732
f 3260/4637/2735 3176/4553/2652 3173/4554/2649
f 3260/4637/2735 3173/4554/2649 3258/4638/2733
f 3261/4639/2736 3260/4637/2735 3258/4638/2733
f 3261/4639/2736 3258/4638/2733 3259/4640/2734
f 3262/4641/2737 3179/4557/2655 3176/4553/2652
f 3262/4641/2737 3176/4553/2652 3260/4637/2735
f 3263/4642/2738 3262/4641/2737 3260/4637/2735
f 3263/4642/2738 3260/4637/2735 3261/4639/2736
f 3264/4643/2739 3182/4560/2658 3179/4557/2655
f 3264/4643/2739 3179/4557/2655 3262/4641/2737
f 3265/4644/2740 3264/4643/2739 3262/4641/2737
f 3265/4644/2740 3262/4641/2737 3263/4642/2738
f 3266/4645/2741 3185/4563/2661 3182/4560/2658
f 3266/4645/2741 3182/4560/2658 3264/4643/2739
f 3267/4646/2742 3266/4645/2741 3264/4643/2739
f 3267/4646/2742 3264/4643/2739 3265/4644/2740
f 3268/4647/2743 3188/4566/2664 3185/4563/2661
f 3268/4647/2743 3185/4563/2661 3266/4645/2741
f 3269/4648/2744 3268/4647/2743 3266/4645/2741
f 3269/4648/2744 3266/4645/2741 3267/4646/2742
f 3270/4649/2745 3191/4569/2667 3188/4566/2664
f 3270/4649/2745 3188/4566/2664 3268/4647/2743
f 3271/4650/2746 3270/4649/2745 3268/4647/2743
f 3271/4650/2746 3268/4647/2743 3269/4648/2744
f 3272/4651/2747 3194/4572/2670 3191/4569/2667
f 3272/4651/2747 3191/4569/2667 3270/4649/2745
f 3273/4652/2748 3272/4651/2747 3270/4649/2745
f 3273/4652/2748 3270/4649/2745 3271/4650/2746
f 3274/4653/2749 3197/4575/2673 3194/4572/2670
f 3274/4653/2749 3194/4572/2670 3272/4651/2747
f 3275/4654/2750 3274/4653/2749 3272/4651/2747
f 3275/4654/2750 3272/4651/2747 3273/4652/2748
f 3276/4655/2751 3200/4578/2676 3197/4575/2673
f 3276/4655/2751 3197/4575/2673 3274/4653/2749
f 3277/4656/2752 3276/4655/2751 3274/4653/2749
f 3277/4656/2752 3274/4653/2749 3275/4654/2750
f 3278/4657/2753 3203/4581/2679 3200/4578/2676
f 3278/4657/2753 3200/4578/2676 3276/4655/2751
f 3279/4658/2754 3278/4657/2753 3276/4655/2751
f 3279/4658/2754 3276/4655/2751 3277/4656/2752
f 3280/4659/2755 3206/4584/2682 3203/4581/2679
f 3280/4659/2755 3203/4581/2679 3278/4657/2753
f 3281/4660/2756 3280/4659/2755 3278/4657/2753
f 3281/4660/2756 3278/4657/2753 3279/4658/2754
f 3282/4661/2757 3209/4587/2685 3206/4584/2682
f 3282/4661/2757 3206/4584/2682 3280/4659/2755
f 3283/4662/2758 3282/4661/2757 3280/4659/2755
f 3283/4662/2758 3280/4659/2755 3281/4660/2756
f 3284/4663/2759 3212/4590/2688 3209/4587/2685
f 3284/4663/2759 3209/4587/2685 3282/4661/2757
f 3285/4664/2760 3284/4663/2759 3282/4661/2757
f 3285/4664/2760 3282/4661/2757 3283/4662/2758
f 3286/4665/2761 3215/4593/2691 3212/4590/2688
f 3286/4665/2761 3212/4590/2688 3284/4663/2759
f 3287/4666/2762 3286/4665/2761 3284/4663/2759
f 3287/4666/2762 3284/4663/2759 3285/4664/2760
f 3288/4667/2763 3218/4596/2694 3215/4593/2691
f 3288/4667/2763 3215/4593/2691 3286/4665/2761
f 3289/4668/2764 3288/4667/2763 3286/4665/2761
f 3289/4668/2764 3286/4665/2761 3287/4666/2762
f 3290/4669/2765 3221/4599/2697 3218/4596/2694
f 3290/4669/2765 3218/4596/2694 3288/4667/2763
f 3291/4670/2766 3290/4669/2765 3288/4667/2763
f 3291/4670/2766 3288/4667/2763 3289/4668/2764
f 3292/4671/2767 3224/4602/2700 3221/4599/2697
f 3292/4671/2767 3221/4599/2697 3290/4669/2765
f 3293/4672/2768 3292/4671/2767 3290/4669/2765
f 3293/4672/2768 3290/4669/2765 3291/4670/2766
f 3294/4673/2769 3227/4605/2703 3224/4602/2700
f 3294/4673/2769 3224/4602/2700 3292/4671/2767
f 3295/4674/2770 3294/4673/2769 3292/4671/2767
f 3295/4674/2770 3292/4671/2767 3293/4672/2768
f 3296/4675/2771 3230/4608/2706 3227/4605/2703
f 3296/4675/2771 3227/4605/2703 3294/4673/2769
f 3297/4676/2772 3296/4675/2771 3294/4673/2769
f 3297/4676/2772 3294/4673/2769 3295/4674/2770
f 3298/4614/2712 3233/4610/2708 3230/4608/2706
f 3298/4614/2712 3230/4608/2706 3296/4675/2771
f 3299/4677/2773 3298/4614/2712 3296/4675/2771
f 3299/4677/2773 3296/4675/2771 3297/4676/2772
f 3301/4678/2774 3236/4613/2711 3298/4614/2712
f 3301/4678/2774 3298/4614/2712 3299/4677/2773
f 3300/4679/2775 3299/4677/2773 3297/4676/2772
f 3300/4679/2775 3297/4676/2772 3390/4680/2776
f 3302/4681/2777 3301/4678/2774 3299/4677/2773
f 3302/4681/2777 3299/4677/2773 3300/4679/2775
f 3303/4619/2717 3238/4615/2713 3236/4613/2711
f 3303/4619/2717 3236/4613/2711 3301/4678/2774
f 3304/4682/2778 3303/4619/2717 3301/4678/2774
f 3304/4682/2778 3301/4678/2774 3302/4681/2777
f 3306/4683/2779 3241/4618/2716 3303/4619/2717
f 3306/4683/2779 3303/4619/2717 3304/4682/2778
f 3305/4684/2780 3304/4682/2778 3302/4681/2777
f 3305/4684/2780 3302/4681/2777 3394/4685/2781
f 3307/4686/2782 3306/4683/2779 3304/4682/2778
f 3307/4686/2782 3304/4682/2778 3305/4684/2780
f 3308/4687/2783 3243/4620/2718 3241/4618/2716
f 3308/4687/2783 3241/4618/2716 3306/4683/2779
f 3310/4688/2784 3308/4687/2783 3306/4683/2779
f 3310/4688/2784 3306/4683/2779 3307/4686/2782
f 3312/4689/2785 3309/4690/2786 3308/4687/2783
f 3312/4689/2785 3308/4687/2783 3310/4688/2784
f 3309/4690/2786 3245/4622/2720 3243/4620/2718
f 3309/4690/2786 3243/4620/2718 3308/4687/2783
f 3313/4691/2787 3312/4689/2785 3310/4688/2784
f 3313/4691/2787 3310/4688/2784 3311/4692/2788
f 3311/4692/2788 3310/4688/2784 3307/4686/2782
f 3311/4692/2788 3307/4686/2782 3399/4693/2789
f 3314/4694/2790 3315/4695/2791 3309/4690/2786
f 3314/4694/2790 3309/4690/2786 3312/4689/2785
f 3316/4696/2792 3314/4694/2790 3312/4689/2785
f 3316/4696/2792 3312/4689/2785 3313/4691/2787
f 3317/4697/2793 3318/4698/2794 3315/4695/2791
f 3317/4697/2793 3315/4695/2791 3314/4694/2790
f 3319/4699/2795 3317/4697/2793 3314/4694/2790
f 3319/4699/2795 3314/4694/2790 3316/4696/2792
f 3320/4700/2796 3321/4701/2797 3318/4698/2794
f 3320/4700/2796 3318/4698/2794 3317/4697/2793
f 3322/4702/2798 3320/4700/2796 3317/4697/2793
f 3322/4702/2798 3317/4697/2793 3319/4699/2795
f 3323/4703/2799 3324/4704/2800 3321/4701/2797
f 3323/4703/2799 3321/4701/2797 3320/4700/2796
f 3325/4705/2801 3323/4703/2799 3320/4700/2796
f 3325/4705/2801 3320/4700/2796 3322/4702/2798
f 3326/4706/2802 3327/4707/2803 3324/4704/2800
f 3326/4706/2802 3324/4704/2800 3323/4703/2799
f 3328/4708/2804 3326/4706/2802 3323/4703/2799
f 3328/4708/2804 3323/4703/2799 3325/4705/2801
f 3329/4709/2805 3330/4710/2806 3327/4707/2803
f 3329/4709/2805 3327/4707/2803 3326/4706/2802
f 3331/4711/2807 3329/4709/2805 3326/4706/2802
f 3331/4711/2807 3326/4706/2802 3328/4708/2804
f 3332/4712/2808 3333/4713/2809 3330/4710/2806
f 3332/4712/2808 3330/4710/2806 3329/4709/2805
f 3334/4714/2810 3332/4712/2808 3329/4709/2805
f 3334/4714/2810 3329/4709/2805 3331/4711/2807
f 3335/4715/2811 3336/4716/2812 3333/4717/2809
f 3335/4715/2811 3333/4717/2809 3332/4718/2808
f 3337/4719/2813 3335/4715/2811 3332/4718/2808
f 3337/4719/2813 3332/4718/2808 3334/4720/2810
f 3338/4721/2814 3339/4722/2815 3336/4716/2812
f 3338/4721/2814 3336/4716/2812 3335/4715/2811
f 3340/4723/2816 3338/4721/2814 3335/4715/2811
f 3340/4723/2816 3335/4715/2811 3337/4719/2813
f 3341/4724/2817 3342/4725/2818 3339/4722/2815
f 3341/4724/2817 3339/4722/2815 3338/4721/2814
f 3343/4726/2819 3341/4724/2817 3338/4721/2814
f 3343/4726/2819 3338/4721/2814 3340/4723/2816
f 3344/4727/2820 3345/4728/2821 3342/4725/2818
f 3344/4727/2820 3342/4725/2818 3341/4724/2817
f 3346/4729/2822 3344/4727/2820 3341/4724/2817
f 3346/4729/2822 3341/4724/2817 3343/4726/2819
f 3347/4730/2823 3348/4731/2824 3345/4728/2821
f 3347/4730/2823 3345/4728/2821 3344/4727/2820
f 3349/4732/2825 3347/4730/2823 3344/4727/2820
f 3349/4732/2825 3344/4727/2820 3346/4729/2822
f 3350/4733/2826 3351/4734/2827 3348/4731/2824
f 3350/4733/2826 3348/4731/2824 3347/4730/2823
f 3352/4735/2828 3350/4733/2826 3347/4730/2823
f 3352/4735/2828 3347/4730/2823 3349/4732/2825
f 3353/4736/2829 3354/4737/2830 3351/4734/2827
f 3353/4736/2829 3351/4734/2827 3350/4733/2826
f 3355/4738/2831 3353/4736/2829 3350/4733/2826
f 3355/4738/2831 3350/4733/2826 3352/4735/2828
f 3356/4739/2832 3357/4740/2833 3354/4737/2830
f 3356/4739/2832 3354/4737/2830 3353/4736/2829
f 3358/4741/2834 3356/4739/2832 3353/4736/2829
f 3358/4741/2834 3353/4736/2829 3355/4738/2831
f 3359/4742/2835 3360/4743/2836 3357/4740/2833
f 3359/4742/2835 3357/4740/2833 3356/4739/2832
f 3361/4744/2837 3359/4742/2835 3356/4739/2832
f 3361/4744/2837 3356/4739/2832 3358/4741/2834
f 3362/4745/2838 3363/4746/2839 3360/4743/2836
f 3362/4745/2838 3360/4743/2836 3359/4742/2835
f 3364/4747/2840 3362/4745/2838 3359/4742/2835
f 3364/4747/2840 3359/4742/2835 3361/4744/2837
f 3365/4748/2841 3366/4749/2842 3363/4746/2839
f 3365/4748/2841 3363/4746/2839 3362/4745/2838
f 3367/4750/2843 3365/4748/2841 3362/4745/2838
f 3367/4750/2843 3362/4745/2838 3364/4747/2840
f 3368/4751/2844 3369/4752/2845 3366/4749/2842
f 3368/4751/2844 3366/4749/2842 3365/4748/2841
f 3370/4753/2846 3368/4751/2844 3365/4748/2841
f 3370/4753/2846 3365/4748/2841 3367/4750/2843
f 3371/4754/2847 3372/4755/2848 3369/4752/2845
f 3371/4754/2847 3369/4752/2845 3368/4751/2844
f 3373/4756/2849 3371/4754/2847 3368/4751/2844
f 3373/4756/2849 3368/4751/2844 3370/4753/2846
f 3374/4757/2850 3375/4758/2851 3372/4755/2848
f 3374/4757/2850 3372/4755/2848 3371/4754/2847
f 3376/4759/2852 3374/4757/2850 3371/4754/2847
f 3376/4759/2852 3371/4754/2847 3373/4756/2849
f 3377/4760/2853 3378/4761/2854 3375/4758/2851
f 3377/4760/2853 3375/4758/2851 3374/4757/2850
f 3379/4762/2855 3377/4760/2853 3374/4757/2850
f 3379/4762/2855 3374/4757/2850 3376/4759/2852
f 3380/4763/2856 3381/4764/2857 3378/4761/2854
f 3380/4763/2856 3378/4761/2854 3377/4760/2853
f 3382/4765/2858 3380/4763/2856 3377/4760/2853
f 3382/4765/2858 3377/4760/2853 3379/4762/2855
f 3383/4766/2859 3384/4767/2860 3381/4764/2857
f 3383/4766/2859 3381/4764/2857 3380/4763/2856
f 3385/4768/2861 3383/4766/2859 3380/4763/2856
f 3385/4768/2861 3380/4763/2856 3382/4765/2858
f 3386/4769/2862 3387/4770/2863 3384/4767/2860
f 3386/4769/2862 3384/4767/2860 3383/4766/2859
f 3388/4771/2864 3386/4769/2862 3383/4766/2859
f 3388/4771/2864 3383/4766/2859 3385/4768/2861
f 3389/4772/2865 3390/4680/2776 3387/4770/2863
f 3389/4772/2865 3387/4770/2863 3386/4769/2862
f 3391/4773/2866 3389/4772/2865 3386/4769/2862
f 3391/4773/2866 3386/4769/2862 3388/4771/2864
f 3392/4774/2867 3300/4679/2775 3390/4680/2776
f 3392/4774/2867 3390/4680/2776 3389/4772/2865
f 3393/4775/2868 3392/4774/2867 3389/4772/2865
f 3393/4775/2868 3389/4772/2865 3391/4773/2866
f 3394/4685/2781 3302/4681/2777 3300/4679/2775
f 3394/4685/2781 3300/4679/2775 3392/4774/2867
f 3395/4776/2869 3394/4685/2781 3392/4774/2867
f 3395/4776/2869 3392/4774/2867 3393/4775/2868
f 3397/4777/2870 3305/4684/2780 3394/4685/2781
f 3397/4777/2870 3394/4685/2781 3395/4776/2869
f 3396/4778/2871 3395/4776/2869 3393/4775/2868
f 3396/4778/2871 3393/4775/2868 3458/4779/2872
f 3398/4780/2873 3397/4777/2870 3395/4776/2869
f 3398/4780/2873 3395/4776/2869 3396/4778/2871
f 3399/4693/2789 3307/4686/2782 3305/4684/2780
f 3399/4693/2789 3305/4684/2780 3397/4777/2870
f 3400/4781/2874 3399/4693/2789 3397/4777/2870
f 3400/4781/2874 3397/4777/2870 3398/4780/2873
f 3402/4782/2875 3311/4692/2788 3399/4693/2789
f 3402/4782/2875 3399/4693/2789 3400/4781/2874
f 3401/4783/2876 3400/4781/2874 3398/4780/2873
f 3401/4783/2876 3398/4780/2873 3463/4784/2877
f 3403/4785/2878 3402/4782/2875 3400/4781/2874
f 3403/4785/2878 3400/4781/2874 3401/4783/2876
f 3405/4786/2879 3404/4787/2880 3402/4782/2875
f 3405/4786/2879 3402/4782/2875 3403/4785/2878
f 3404/4787/2880 3313/4691/2787 3311/4692/2788
f 3404/4787/2880 3311/4692/2788 3402/4782/2875
f 3406/4788/2881 3316/4696/2792 3313/4691/2787
f 3406/4788/2881 3313/4691/2787 3404/4787/2880
f 3407/4789/2882 3406/4788/2881 3404/4787/2880
f 3407/4789/2882 3404/4787/2880 3405/4786/2879
f 3408/4790/2883 3319/4699/2795 3316/4696/2792
f 3408/4790/2883 3316/4696/2792 3406/4788/2881
f 3409/4791/2884 3408/4790/2883 3406/4788/2881
f 3409/4791/2884 3406/4788/2881 3407/4789/2882
f 3410/4792/2885 3322/4702/2798 3319/4699/2795
f 3410/4792/2885 3319/4699/2795 3408/4790/2883
f 3411/4793/2886 3410/4792/2885 3408/4790/2883
f 3411/4793/2886 3408/4790/2883 3409/4791/2884
f 3412/4794/2887 3325/4705/2801 3322/4702/2798
f 3412/4794/2887 3322/4702/2798 3410/4792/2885
f 3413/4795/2888 3412/4794/2887 3410/4792/2885
f 3413/4795/2888 3410/4792/2885 3411/4793/2886
f 3414/4796/2889 3328/4708/2804 3325/4705/2801
f 3414/4796/2889 3325/4705/2801 3412/4794/2887
f 3415/4797/2890 3414/4796/2889 3412/4794/2887
f 3415/4797/2890 3412/4794/2887 3413/4795/2888
f 3416/4798/2891 3331/4711/2807 3328/4708/2804
f 3416/4798/2891 3328/4708/2804 3414/4796/2889
f 3417/4799/2892 3416/4798/2891 3414/4796/2889
f 3417/4799/2892 3414/4796/2889 3415/4797/2890
f 3418/4800/2893 3334/4714/2810 3331/4711/2807
f 3418/4800/2893 3331/4711/2807 3416/4798/2891
f 3419/4801/2894 3418/4800/2893 3416/4798/2891
f 3419/4801/2894 3416/4798/2891 3417/4799/2892
f 3420/4802/2895 3337/4719/2813 3334/4720/2810
f 3420/4802/2895 3334/4720/2810 3418/4803/2893
f 3421/4804/2896 3420/4802/2895 3418/4803/2893
f 3421/4804/2896 3418/4803/2893 3419/4805/2894
f 3422/4806/2897 3340/4723/2816 3337/4719/2813
f 3422/4806/2897 3337/4719/2813 3420/4802/2895
f 3423/4807/2898 3422/4806/2897 3420/4802/2895
f 3423/4807/2898 3420/4802/2895 3421/4804/2896
f 3424/4808/2899 3343/4726/2819 3340/4723/2816
f 3424/4808/2899 3340/4723/2816 3422/4806/2897
f 3425/4809/2900 3424/4808/2899 3422/4806/2897
f 3425/4809/2900 3422/4806/2897 3423/4807/2898
f 3426/4810/2901 3346/4729/2822 3343/4726/2819
f 3426/4810/2901 3343/4726/2819 3424/4808/2899
f 3427/4811/2902 3426/4810/2901 3424/4808/2899
f 3427/4811/2902 3424/4808/2899 3425/4809/2900
f 3428/4812/2903 3349/4732/2825 3346/4729/2822
f 3428/4812/2903 3346/4729/2822 3426/4810/2901
f 3429/4813/2904 3428/4812/2903 3426/4810/2901
f 3429/4813/2904 3426/4810/2901 3427/4811/2902
f 3430/4814/2905 3352/4735/2828 3349/4732/2825
f 3430/4814/2905 3349/4732/2825 3428/4812/2903
f 3431/4815/2906 3430/4814/2905 3428/4812/2903
f 3431/4815/2906 3428/4812/2903 3429/4813/2904
f 3432/4816/2907 3355/4738/2831 3352/4735/2828
f 3432/4816/2907 3352/4735/2828 3430/4814/2905
f 3433/4817/2908 3432/4816/2907 3430/4814/2905
f 3433/4817/2908 3430/4814/2905 3431/4815/2906
f 3434/4818/2909 3358/4741/2834 3355/4738/2831
f 3434/4818/2909 3355/4738/2831 3432/4816/2907
f 3435/4819/2910 3434/4818/2909 3432/4816/2907
f 3435/4819/2910 3432/4816/2907 3433/4817/2908
f 3436/4820/2911 3361/4744/2837 3358/4741/2834
f 3436/4820/2911 3358/4741/2834 3434/4818/2909
f 3437/4821/2912 3436/4820/2911 3434/4818/2909
f 3437/4821/2912 3434/4818/2909 3435/4819/2910
f 3438/4822/2913 3364/4747/2840 3361/4744/2837
f 3438/4822/2913 3361/4744/2837 3436/4820/2911
f 3439/4823/2914 3438/4822/2913 3436/4820/2911
f 3439/4823/2914 3436/4820/2911 3437/4821/2912
f 3440/4824/2915 3367/4750/2843 3364/4747/2840
f 3440/4824/2915 3364/4747/2840 3438/4822/2913
f 3441/4825/2916 3440/4824/2915 3438/4822/2913
f 3441/4825/2916 3438/4822/2913 3439/4823/2914
f 3442/4826/2917 3370/4753/2846 3367/4750/2843
f 3442/4826/2917 3367/4750/2843 3440/4824/2915
f 3443/4827/2918 3442/4826/2917 3440/4824/2915
f 3443/4827/2918 3440/4824/2915 3441/4825/2916
f 3444/4828/2919 3373/4756/2849 3370/4753/2846
f 3444/4828/2919 3370/4753/2846 3442/4826/2917
f 3445/4829/2920 3444/4828/2919 3442/4826/2917
f 3445/4829/2920 3442/4826/2917 3443/4827/2918
f 3446/4830/2921 3376/4759/2852 3373/4756/2849
f 3446/4830/2921 3373/4756/2849 3444/4828/2919
f 3447/4831/2922 3446/4830/2921 3444/4828/2919
f 3447/4831/2922 3444/4828/2919 3445/4829/2920
f 3448/4832/2923 3379/4762/2855 3376/4759/2852
f 3448/4832/2923 3376/4759/2852 3446/4830/2921
f 3449/4833/2924 3448/4832/2923 3446/4830/2921
f 3449/4833/2924 3446/4830/2921 3447/4831/2922
f 3450/4834/2925 3382/4765/2858 3379/4762/2855
f 3450/4834/2925 3379/4762/2855 3448/4832/2923
f 3451/4835/2926 3450/4834/2925 3448/4832/2923
f 3451/4835/2926 3448/4832/2923 3449/4833/2924
f 3452/4836/2927 3385/4768/2861 3382/4765/2858
f 3452/4836/2927 3382/4765/2858 3450/4834/2925
f 3453/4837/2928 3452/4836/2927 3450/4834/2925
f 3453/4837/2928 3450/4834/2925 3451/4835/2926
f 3454/4838/2929 3388/4771/2864 3385/4768/2861
f 3454/4838/2929 3385/4768/2861 3452/4836/2927
f 3455/4839/2930 3454/4838/2929 3452/4836/2927
f 3455/4839/2930 3452/4836/2927 3453/4837/2928
f 3456/4840/2931 3391/4773/2866 3388/4771/2864
f 3456/4840/2931 3388/4771/2864 3454/4838/2929
f 3457/4841/2932 3456/4840/2931 3454/4838/2929
f 3457/4841/2932 3454/4838/2929 3455/4839/2930
f 3458/4779/2872 3393/4775/2868 3391/4773/2866
f 3458/4779/2872 3391/4773/2866 3456/4840/2931
f 3459/4842/2933 3458/4779/2872 3456/4840/2931
f 3459/4842/2933 3456/4840/2931 3457/4841/2932
f 3461/4843/2934 3396/4778/2871 3458/4779/2872
f 3461/4843/2934 3458/4779/2872 3459/4842/2933
f 3460/4844/2935 3459/4842/2933 3457/4841/2932
f 3460/4844/2935 3457/4841/2932 3522/4845/2936
f 3462/4846/2937 3461/4843/2934 3459/4842/2933
f 3462/4846/2937 3459/4842/2933 3460/4844/2935
f 3463/4784/2877 3398/4780/2873 3396/4778/2871
f 3463/4784/2877 3396/4778/2871 3461/4843/2934
f 3464/4847/2938 3463/4784/2877 3461/4843/2934
f 3464/4847/2938 3461/4843/2934 3462/4846/2937
f 3466/4848/2939 3401/4783/2876 3463/4784/2877
f 3466/4848/2939 3463/4784/2877 3464/4847/2938
f 3465/4849/2940 3464/4847/2938 3462/4846/2937
f 3465/4849/2940 3462/4846/2937 3527/4850/2941
f 3467/4851/2942 3466/4848/2939 3464/4847/2938
f 3467/4851/2942 3464/4847/2938 3465/4849/2940
f 3468/4852/2943 3403/4785/2878 3401/4783/2876
f 3468/4852/2943 3401/4783/2876 3466/4848/2939
f 3469/4853/2944 3468/4852/2943 3466/4848/2939
f 3469/4853/2944 3466/4848/2939 3467/4851/2942
f 3471/4854/2945 3470/4855/2946 3468/4852/2943
f 3471/4854/2945 3468/4852/2943 3469/4853/2944
f 3470/4855/2946 3405/4786/2879 3403/4785/2878
f 3470/4855/2946 3403/4785/2878 3468/4852/2943
f 3472/4856/2947 3407/4789/2882 3405/4786/2879
f 3472/4856/2947 3405/4786/2879 3470/4855/2946
f 3473/4857/2948 3472/4856/2947 3470/4855/2946
f 3473/4857/2948 3470/4855/2946 3471/4854/2945
f 3474/4858/2949 3409/4791/2884 3407/4789/2882
f 3474/4858/2949 3407/4789/2882 3472/4856/2947
f 3475/4859/2950 3474/4858/2949 3472/4856/2947
f 3475/4859/2950 3472/4856/2947 3473/4857/2948
f 3476/4860/2951 3411/4793/2886 3409/4791/2884
f 3476/4860/2951 3409/4791/2884 3474/4858/2949
f 3477/4861/2952 3476/4860/2951 3474/4858/2949
f 3477/4861/2952 3474/4858/2949 3475/4859/2950
f 3478/4862/2953 3413/4795/2888 3411/4793/2886
f 3478/4862/2953 3411/4793/2886 3476/4860/2951
f 3479/4863/2954 3478/4862/2953 3476/4860/2951
f 3479/4863/2954 3476/4860/2951 3477/4861/2952
f 3480/4864/2955 3415/4797/2890 3413/4795/2888
f 3480/4864/2955 3413/4795/2888 3478/4862/2953
f 3481/4865/2956 3480/4864/2955 3478/4862/2953
f 3481/4865/2956 3478/4862/2953 3479/4863/2954
f 3482/4866/2957 3417/4799/2892 3415/4797/2890
f 3482/4866/2957 3415/4797/2890 3480/4864/2955
f 3483/4867/2958 3482/4866/2957 3480/4864/2955
f 3483/4867/2958 3480/4864/2955 3481/4865/2956
f 3484/4868/2959 3419/4801/2894 3417/4799/2892
f 3484/4868/2959 3417/4799/2892 3482/4866/2957
f 3485/4869/2960 3484/4868/2959 3482/4866/2957
f 3485/4869/2960 3482/4866/2957 3483/4867/2958
f 3486/4870/2961 3421/4804/2896 3419/4805/2894
f 3486/4870/2961 3419/4805/2894 3484/4871/2959
f 3487/4872/2962 3486/4870/2961 3484/4871/2959
f 3487/4872/2962 3484/4871/2959 3485/4873/2960
f 3488/4874/2963 3423/4807/2898 3421/4804/2896
f 3488/4874/2963 3421/4804/2896 3486/4870/2961
f 3489/4875/2964 3488/4874/2963 3486/4870/2961
f 3489/4875/2964 3486/4870/2961 3487/4872/2962
f 3490/4876/2965 3425/4809/2900 3423/4807/2898
f 3490/4876/2965 3423/4807/2898 3488/4874/2963
f 3491/4877/2966 3490/4876/2965 3488/4874/2963
f 3491/4877/2966 3488/4874/2963 3489/4875/2964
f 3492/4878/2967 3427/4811/2902 3425/4809/2900
f 3492/4878/2967 3425/4809/2900 3490/4876/2965
f 3493/4879/2968 3492/4878/2967 3490/4876/2965
f 3493/4879/2968 3490/4876/2965 3491/4877/2966
f 3494/4880/2969 3429/4813/2904 3427/4811/2902
f 3494/4880/2969 3427/4811/2902 3492/4878/2967
f 3495/4881/2970 3494/4880/2969 3492/4878/2967
f 3495/4881/2970 3492/4878/2967 3493/4879/2968
f 3496/4882/2971 3431/4815/2906 3429/4813/2904
f 3496/4882/2971 3429/4813/2904 3494/4880/2969
f 3497/4883/2972 3496/4882/2971 3494/4880/2969
f 3497/4883/2972 3494/4880/2969 3495/4881/2970
f 3498/4884/2973 3433/4817/2908 3431/4815/2906
f 3498/4884/2973 3431/4815/2906 3496/4882/2971
f 3499/4885/2974 3498/4884/2973 3496/4882/2971
f 3499/4885/2974 3496/4882/2971 3497/4883/2972
f 3500/4886/2975 3435/4819/2910 3433/4817/2908
f 3500/4886/2975 3433/4817/2908 3498/4884/2973
f 3501/4887/2976 3500/4886/2975 3498/4884/2973
f 3501/4887/2976 3498/4884/2973 3499/4885/2974
f 3502/4888/2977 3437/4821/2912 3435/4819/2910
f 3502/4888/2977 3435/4819/2910 3500/4886/2975
f 3503/4889/2978 3502/4888/2977 3500/4886/2975
f 3503/4889/2978 3500/4886/2975 3501/4887/2976
f 3504/4890/2979 3439/4823/2914 3437/4821/2912
f 3504/4890/2979 3437/4821/2912 3502/4888/2977
f 3505/4891/2980 3504/4890/2979 3502/4888/2977
f 3505/4891/2980 3502/4888/2977 3503/4889/2978
f 3506/4892/2981 3441/4825/2916 3439/4823/2914
f 3506/4892/2981 3439/4823/2914 3504/4890/2979
f 3507/4893/2982 3506/4892/2981 3504/4890/2979
f 3507/4893/2982 3504/4890/2979 3505/4891/2980
f 3508/4894/2983 3443/4827/2918 3441/4825/2916
f 3508/4894/2983 3441/4825/2916 3506/4892/2981
f 3509/4895/2984 3508/4894/2983 3506/4892/2981
f 3509/4895/2984 3506/4892/2981 3507/4893/2982
f 3510/4896/2985 3445/4829/2920 3443/4827/2918
f 3510/4896/2985 3443/4827/2918 3508/4894/2983
f 3511/4897/2986 3510/4896/2985 3508/4894/2983
f 3511/4897/2986 3508/4894/2983 3509/4895/2984
f 3512/4898/2987 3447/4831/2922 3445/4829/2920
f 3512/4898/2987 3445/4829/2920 3510/4896/2985
f 3513/4899/2988 3512/4898/2987 3510/4896/2985
f 3513/4899/2988 3510/4896/2985 3511/4897/2986
f 3514/4900/2989 3449/4833/2924 3447/4831/2922
f 3514/4900/2989 3447/4831/2922 3512/4898/2987
f 3515/4901/2990 3514/4900/2989 3512/4898/2987
f 3515/4901/2990 3512/4898/2987 3513/4899/2988
f 3516/4902/2991 3451/4835/2926 3449/4833/2924
f 3516/4902/2991 3449/4833/2924 3514/4900/2989
f 3517/4903/2992 3516/4902/2991 3514/4900/2989
f 3517/4903/2992 3514/4900/2989 3515/4901/2990
f 3518/4904/2993 3453/4837/2928 3451/4835/2926
f 3518/4904/2993 3451/4835/2926 3516/4902/2991
f 3519/4905/2994 3518/4904/2993 3516/4902/2991
f 3519/4905/2994 3516/4902/2991 3517/4903/2992
f 3520/4906/2995 3455/4839/2930 3453/4837/2928
f 3520/4906/2995 3453/4837/2928 3518/4904/2993
f 3521/4907/2996 3520/4906/2995 3518/4904/2993
f 3521/4907/2996 3518/4904/2993 3519/4905/2994
f 3522/4845/2936 3457/4841/2932 3455/4839/2930
f 3522/4845/2936 3455/4839/2930 3520/4906/2995
f 3523/4908/2997 3522/4845/2936 3520/4906/2995
f 3523/4908/2997 3520/4906/2995 3521/4907/2996
f 3525/4909/2998 3460/4844/2935 3522/4845/2936
f 3525/4909/2998 3522/4845/2936 3523/4908/2997
f 3524/4910/2999 3523/4908/2997 3521/4907/2996
f 3524/4910/2999 3521/4907/2996 3586/4911/3000
f 3526/4912/3001 3525/4909/2998 3523/4908/2997
f 3526/4912/3001 3523/4908/2997 3524/4910/2999
f 3527/4850/2941 3462/4846/2937 3460/4844/2935
f 3527/4850/2941 3460/4844/2935 3525/4909/2998
f 3528/4913/3002 3527/4850/2941 3525/4909/2998
f 3528/4913/3002 3525/4909/2998 3526/4912/3001
f 3530/4914/3003 3465/4849/2940 3527/4850/2941
f 3530/4914/3003 3527/4850/2941 3528/4913/3002
f 3529/4915/3004 3528/4913/3002 3526/4912/3001
f 3529/4915/3004 3526/4912/3001 3591/4916/3005
f 3531/4917/3006 3530/4914/3003 3528/4913/3002
f 3531/4917/3006 3528/4913/3002 3529/4915/3004
f 3532/4918/3007 3467/4851/2942 3465/4849/2940
f 3532/4918/3007 3465/4849/2940 3530/4914/3003
f 3533/4919/3008 3532/4918/3007 3530/4914/3003
f 3533/4919/3008 3530/4914/3003 3531/4917/3006
f 3534/4920/3009 3469/4853/2944 3467/4851/2942
f 3534/4920/3009 3467/4851/2942 3532/4918/3007
f 3535/4921/3010 3534/4920/3009 3532/4918/3007
f 3535/4921/3010 3532/4918/3007 3533/4919/3008
f 3536/4922/3011 3471/4854/2945 3469/4853/2944
f 3536/4922/3011 3469/4853/2944 3534/4920/3009
f 3537/4923/3012 3536/4922/3011 3534/4920/3009
f 3537/4923/3012 3534/4920/3009 3535/4921/3010
f 3538/4924/3013 3473/4857/2948 3471/4854/2945
f 3538/4924/3013 3471/4854/2945 3536/4922/3011
f 3539/4925/3014 3538/4924/3013 3536/4922/3011
f 3539/4925/3014 3536/4922/3011 3537/4923/3012
f 3540/4926/3015 3475/4859/2950 3473/4857/2948
f 3540/4926/3015 3473/4857/2948 3538/4924/3013
f 3541/4927/3016 3540/4926/3015 3538/4924/3013
f 3541/4927/3016 3538/4924/3013 3539/4925/3014
f 3542/4928/3017 3477/4861/2952 3475/4859/2950
f 3542/4928/3017 3475/4859/2950 3540/4926/3015
f 3543/4929/3018 3542/4928/3017 3540/4926/3015
f 3543/4929/3018 3540/4926/3015 3541/4927/3016
f 3544/4930/3019 3479/4863/2954 3477/4861/2952
f 3544/4930/3019 3477/4861/2952 3542/4928/3017
f 3545/4931/3020 3544/4930/3019 3542/4928/3017
f 3545/4931/3020 3542/4928/3017 3543/4929/3018
f 3546/4932/3021 3481/4865/2956 3479/4863/2954
f 3546/4932/3021 3479/4863/2954 3544/4930/3019
f 3547/4933/3022 3546/4932/3021 3544/4930/3019
f 3547/4933/3022 3544/4930/3019 3545/4931/3020
f 3548/4934/3023 3483/4867/2958 3481/4865/2956
f 3548/4934/3023 3481/4865/2956 3546/4932/3021
f 3549/4935/3024 3548/4934/3023 3546/4932/3021
f 3549/4935/3024 3546/4932/3021 3547/4933/3022
f 3550/4936/3025 3485/4869/2960 3483/4867/2958
f 3550/4936/3025 3483/4867/2958 3548/4934/3023
f 3551/4937/3026 3550/4936/3025 3548/4934/3023
f 3551/4937/3026 3548/4934/3023 3549/4935/3024
f 3552/4938/3027 3487/4872/2962 3485/4873/2960
f 3552/4938/3027 3485/4873/2960 3550/4939/3025
f 3553/4940/3028 3552/4938/3027 3550/4939/3025
f 3553/4940/3028 3550/4939/3025 3551/4941/3026
f 3554/4942/3029 3489/4875/2964 3487/4872/2962
f 3554/4942/3029 3487/4872/2962 3552/4938/3027
f 3555/4943/3030 3554/4942/3029 3552/4938/3027
f 3555/4943/3030 3552/4938/3027 3553/4940/3028
f 3556/4944/3031 3491/4877/2966 3489/4875/2964
f 3556/4944/3031 3489/4875/2964 3554/4942/3029
f 3557/4945/3032 3556/4944/3031 3554/4942/3029
f 3557/4945/3032 3554/4942/3029 3555/4943/3030
f 3558/4946/3033 3493/4879/2968 3491/4877/2966
f 3558/4946/3033 3491/4877/2966 3556/4944/3031
f 3559/4947/3034 3558/4946/3033 3556/4944/3031
f 3559/4947/3034 3556/4944/3031 3557/4945/3032
f 3560/4948/3035 3495/4881/2970 3493/4879/2968
f 3560/4948/3035 3493/4879/2968 3558/4946/3033
f 3561/4949/3036 3560/4948/3035 3558/4946/3033
f 3561/4949/3036 3558/4946/3033 3559/4947/3034
f 3562/4950/3037 3497/4883/2972 3495/4881/2970
f 3562/4950/3037 3495/4881/2970 3560/4948/3035
f 3563/4951/3038 3562/4950/3037 3560/4948/3035
f 3563/4951/3038 3560/4948/3035 3561/4949/3036
f 3564/4952/3039 3499/4885/2974 3497/4883/2972
f 3564/4952/3039 3497/4883/2972 3562/4950/3037
f 3565/4953/3040 3564/4952/3039 3562/4950/3037
f 3565/4953/3040 3562/4950/3037 3563/4951/3038
f 3566/4954/3041 3501/4887/2976 3499/4885/2974
f 3566/4954/3041 3499/4885/2974 3564/4952/3039
f 3567/4955/3042 3566/4954/3041 3564/4952/3039
f 3567/4955/3042 3564/4952/3039 3565/4953/3040
f 3568/4956/3043 3503/4889/2978 3501/4887/2976
f 3568/4956/3043 3501/4887/2976 3566/4954/3041
f 3569/4957/3044 3568/4956/3043 3566/4954/3041
f 3569/4957/3044 3566/4954/3041 3567/4955/3042
f 3570/4958/3045 3505/4891/2980 3503/4889/2978
f 3570/4958/3045 3503/4889/2978 3568/4956/3043
f 3571/4959/3046 3570/4958/3045 3568/4956/3043
f 3571/4959/3046 3568/4956/3043 3569/4957/3044
f 3572/4960/3047 3507/4893/2982 3505/4891/2980
f 3572/4960/3047 3505/4891/2980 3570/4958/3045
f 3573/4961/3048 3572/4960/3047 3570/4958/3045
f 3573/4961/3048 3570/4958/3045 3571/4959/3046
f 3574/4962/3049 3509/4895/2984 3507/4893/2982
f 3574/4962/3049 3507/4893/2982 3572/4960/3047
f 3575/4963/3050 3574/4962/3049 3572/4960/3047
f 3575/4963/3050 3572/4960/3047 3573/4961/3048
f 3576/4964/3051 3511/4897/2986 3509/4895/2984
f 3576/4964/3051 3509/4895/2984 3574/4962/3049
f 3577/4965/3052 3576/4964/3051 3574/4962/3049
f 3577/4965/3052 3574/4962/3049 3575/4963/3050
f 3578/4966/3053 3513/4899/2988 3511/4897/2986
f 3578/4966/3053 3511/4897/2986 3576/4964/3051
f 3579/4967/3054 3578/4966/3053 3576/4964/3051
f 3579/4967/3054 3576/4964/3051 3577/4965/3052
f 3580/4968/3055 3515/4901/2990 3513/4899/2988
f 3580/4968/3055 3513/4899/2988 3578/4966/3053
f 3581/4969/3056 3580/4968/3055 3578/4966/3053
f 3581/4969/3056 3578/4966/3053 3579/4967/3054
f 3582/4970/3057 3517/4903/2992 3515/4901/2990
f 3582/4970/3057 3515/4901/2990 3580/4968/3055
f 3583/4971/3058 3582/4970/3057 3580/4968/3055
f 3583/4971/3058 3580/4968/3055 3581/4969/3056
f 3584/4972/3059 3519/4905/2994 3517/4903/2992
f 3584/4972/3059 3517/4903/2992 3582/4970/3057
f 3585/4973/3060 3584/4972/3059 3582/4970/3057
f 3585/4973/3060 3582/4970/3057 3583/4971/3058
f 3586/4911/3000 3521/4907/2996 3519/4905/2994
f 3586/4911/3000 3519/4905/2994 3584/4972/3059
f 3587/4974/3061 3586/4911/3000 3584/4972/3059
f 3587/4974/3061 3584/4972/3059 3585/4973/3060
f 3589/4975/3062 3524/4910/2999 3586/4911/3000
f 3589/4975/3062 3586/4911/3000 3587/4974/3061
f 3588/4976/3063 3587/4974/3061 3585/4973/3060
f 3588/4976/3063 3585/4973/3060 3650/4977/3064
f 3590/4978/3065 3589/4975/3062 3587/4974/3061
f 3590/4978/3065 3587/4974/3061 3588/4976/3063
f 3591/4916/3005 3526/4912/3001 3524/4910/2999
f 3591/4916/3005 3524/4910/2999 3589/4975/3062
f 3592/4979/3066 3591/4916/3005 3589/4975/3062
f 3592/4979/3066 3589/4975/3062 3590/4978/3065
f 3594/4980/3067 3529/4915/3004 3591/4916/3005
f 3594/4980/3067 3591/4916/3005 3592/4979/3066
f 3593/4981/3068 3592/4979/3066 3590/4978/3065
f 3593/4981/3068 3590/4978/3065 3655/4982/3069
f 3595/4983/3070 3594/4980/3067 3592/4979/3066
f 3595/4983/3070 3592/4979/3066 3593/4981/3068
f 3596/4984/3071 3531/4917/3006 3529/4915/3004
f 3596/4984/3071 3529/4915/3004 3594/4980/3067
f 3597/4985/3072 3596/4984/3071 3594/4980/3067
f 3597/4985/3072 3594/4980/3067 3595/4983/3070
f 3598/4986/3073 3533/4919/3008 3531/4917/3006
f 3598/4986/3073 3531/4917/3006 3596/4984/3071
f 3599/4987/3074 3598/4986/3073 3596/4984/3071
f 3599/4987/3074 3596/4984/3071 3597/4985/3072
f 3600/4988/3075 3535/4921/3010 3533/4919/3008
f 3600/4988/3075 3533/4919/3008 3598/4986/3073
f 3601/4989/3076 3600/4988/3075 3598/4986/3073
f 3601/4989/3076 3598/4986/3073 3599/4987/3074
f 3603/4990/3077 3602/4991/3078 3600/4988/3075
f 3603/4990/3077 3600/4988/3075 3601/4989/3076
f 3602/4991/3078 3537/4923/3012 3535/4921/3010
f 3602/4991/3078 3535/4921/3010 3600/4988/3075
f 3604/4992/3079 3539/4925/3014 3537/4923/3012
f 3604/4992/3079 3537/4923/3012 3602/4991/3078
f 3605/4993/3080 3604/4992/3079 3602/4991/3078
f 3605/4993/3080 3602/4991/3078 3603/4990/3077
f 3606/4994/3081 3541/4927/3016 3539/4925/3014
f 3606/4994/3081 3539/4925/3014 3604/4992/3079
f 3607/4995/3082 3606/4994/3081 3604/4992/3079
f 3607/4995/3082 3604/4992/3079 3605/4993/3080
f 3608/4996/3083 3543/4929/3018 3541/4927/3016
f 3608/4996/3083 3541/4927/3016 3606/4994/3081
f 3609/4997/3084 3608/4996/3083 3606/4994/3081
f 3609/4997/3084 3606/4994/3081 3607/4995/3082
f 3610/4998/3085 3545/4931/3020 3543/4929/3018
f 3610/4998/3085 3543/4929/3018 3608/4996/3083
f 3611/4999/3086 3610/4998/3085 3608/4996/3083
f 3611/4999/3086 3608/4996/3083 3609/4997/3084
f 3612/5000/3087 3547/4933/3022 3545/4931/3020
f 3612/5000/3087 3545/4931/3020 3610/4998/3085
f 3613/5001/3088 3612/5000/3087 3610/4998/3085
f 3613/5001/3088 3610/4998/3085 3611/4999/3086
f 3614/5002/3089 3549/4935/3024 3547/4933/3022
f 3614/5002/3089 3547/4933/3022 3612/5000/3087
f 3615/5003/3090 3614/5002/3089 3612/5000/3087
f 3615/5003/3090 3612/5000/3087 3613/5001/3088
f 3616/5004/3091 3551/4937/3026 3549/4935/3024
f 3616/5004/3091 3549/4935/3024 3614/5002/3089
f 3617/5005/3092 3616/5004/3091 3614/5002/3089
f 3617/5005/3092 3614/5002/3089 3615/5003/3090
f 3618/5006/3093 3553/4940/3028 3551/4941/3026
f 3618/5006/3093 3551/4941/3026 3616/5007/3091
f 3619/5008/3094 3618/5006/3093 3616/5007/3091
f 3619/5008/3094 3616/5007/3091 3617/5009/3092
f 3620/5010/3095 3555/4943/3030 3553/4940/3028
f 3620/5010/3095 3553/4940/3028 3618/5006/3093
f 3621/5011/3096 3620/5010/3095 3618/5006/3093
f 3621/5011/3096 3618/5006/3093 3619/5008/3094
f 3622/5012/3097 3557/4945/3032 3555/4943/3030
f 3622/5012/3097 3555/4943/3030 3620/5010/3095
f 3623/5013/3098 3622/5012/3097 3620/5010/3095
f 3623/5013/3098 3620/5010/3095 3621/5011/3096
f 3624/5014/3099 3559/4947/3034 3557/4945/3032
f 3624/5014/3099 3557/4945/3032 3622/5012/3097
f 3625/5015/3100 3624/5014/3099 3622/5012/3097
f 3625/5015/3100 3622/5012/3097 3623/5013/3098
f 3626/5016/3101 3561/4949/3036 3559/4947/3034
f 3626/5016/3101 3559/4947/3034 3624/5014/3099
f 3627/5017/3102 3626/5016/3101 3624/5014/3099
f 3627/5017/3102 3624/5014/3099 3625/5015/3100
f 3628/5018/3103 3563/4951/3038 3561/4949/3036
f 3628/5018/3103 3561/4949/3036 3626/5016/3101
f 3629/5019/3104 3628/5018/3103 3626/5016/3101
f 3629/5019/3104 3626/5016/3101 3627/5017/3102
f 3630/5020/3105 3565/4953/3040 3563/4951/3038
f 3630/5020/3105 3563/4951/3038 3628/5018/3103
f 3631/5021/3106 3630/5020/3105 3628/5018/3103
f 3631/5021/3106 3628/5018/3103 3629/5019/3104
f 3632/5022/3107 3567/4955/3042 3565/4953/3040
f 3632/5022/3107 3565/4953/3040 3630/5020/3105
f 3633/5023/3108 3632/5022/3107 3630/5020/3105
f 3633/5023/3108 3630/5020/3105 3631/5021/3106
f 3634/5024/3109 3569/4957/3044 3567/4955/3042
f 3634/5024/3109 3567/4955/3042 3632/5022/3107
f 3635/5025/3110 3634/5024/3109 3632/5022/3107
f 3635/5025/3110 3632/5022/3107 3633/5023/3108
f 3636/5026/3111 3571/4959/3046 3569/4957/3044
f 3636/5026/3111 3569/4957/3044 3634/5024/3109
f 3637/5027/3112 3636/5026/3111 3634/5024/3109
f 3637/5027/3112 3634/5024/3109 3635/5025/3110
f 3638/5028/3113 3573/4961/3048 3571/4959/3046
f 3638/5028/3113 3571/4959/3046 3636/5026/3111
f 3639/5029/3114 3638/5028/3113 3636/5026/3111
f 3639/5029/3114 3636/5026/3111 3637/5027/3112
f 3640/5030/3115 3575/4963/3050 3573/4961/3048
f 3640/5030/3115 3573/4961/3048 3638/5028/3113
f 3641/5031/3116 3640/5030/3115 3638/5028/3113
f 3641/5031/3116 3638/5028/3113 3639/5029/3114
f 3642/5032/3117 3577/4965/3052 3575/4963/3050
f 3642/5032/3117 3575/4963/3050 3640/5030/3115
f 3643/5033/3118 3642/5032/3117 3640/5030/3115
f 3643/5033/3118 3640/5030/3115 3641/5031/3116
f 3644/5034/3119 3579/4967/3054 3577/4965/3052
f 3644/5034/3119 3577/4965/3052 3642/5032/3117
f 3645/5035/3120 3644/5034/3119 3642/5032/3117
f 3645/5035/3120 3642/5032/3117 3643/5033/3118
f 3646/5036/3121 3581/4969/3056 3579/4967/3054
f 3646/5036/3121 3579/4967/3054 3644/5034/3119
f 3647/5037/3122 3646/5036/3121 3644/5034/3119
f 3647/5037/3122 3644/5034/3119 3645/5035/3120
f 3648/5038/3123 3583/4971/3058 3581/4969/3056
f 3648/5038/3123 3581/4969/3056 3646/5036/3121
f 3649/5039/3124 3648/5038/3123 3646/5036/3121
f 3649/5039/3124 3646/5036/3121 3647/5037/3122
f 3650/4977/3064 3585/4973/3060 3583/4971/3058
f 3650/4977/3064 3583/4971/3058 3648/5038/3123
f 3651/5040/3125 3650/4977/3064 3648/5038/3123
f 3651/5040/3125 3648/5038/3123 3649/5039/3124
f 3653/5041/3126 3588/4976/3063 3650/4977/3064
f 3653/5041/3126 3650/4977/3064 3651/5040/3125
f 3652/5042/3127 3651/5040/3125 3649/5039/3124
f 3652/5042/3127 3649/5039/3124 3714/5043/3128
f 3654/5044/3129 3653/5041/3126 3651/5040/3125
f 3654/5044/3129 3651/5040/3125 3652/5042/3127
f 3655/4982/3069 3590/4978/3065 3588/4976/3063
f 3655/4982/3069 3588/4976/3063 3653/5041/3126
f 3656/5045/3130 3655/4982/3069 3653/5041/3126
f 3656/5045/3130 3653/5041/3126 3654/5044/3129
f 3658/5046/3131 3593/4981/3068 3655/4982/3069
f 3658/5046/3131 3655/4982/3069 3656/5045/3130
f 3657/5047/3132 3656/5045/3130 3654/5044/3129
f 3657/5047/3132 3654/5044/3129 3719/5048/3133
f 3659/5049/3134 3658/5046/3131 3656/5045/3130
f 3659/5049/3134 3656/5045/3130 3657/5047/3132
f 3660/5050/3135 3595/4983/3070 3593/4981/3068
f 3660/5050/3135 3593/4981/3068 3658/5046/3131
f 3661/5051/3136 3660/5050/3135 3658/5046/3131
f 3661/5051/3136 3658/5046/3131 3659/5049/3134
f 3662/5052/3137 3597/4985/3072 3595/4983/3070
f 3662/5052/3137 3595/4983/3070 3660/5050/3135
f 3663/5053/3138 3662/5052/3137 3660/5050/3135
f 3663/5053/3138 3660/5050/3135 3661/5051/3136
f 3664/5054/3139 3599/4987/3074 3597/4985/3072
f 3664/5054/3139 3597/4985/3072 3662/5052/3137
f 3665/5055/3140 3664/5054/3139 3662/5052/3137
f 3665/5055/3140 3662/5052/3137 3663/5053/3138
f 3666/5056/3141 3601/4989/3076 3599/4987/3074
f 3666/5056/3141 3599/4987/3074 3664/5054/3139
f 3667/5057/3142 3666/5056/3141 3664/5054/3139
f 3667/5057/3142 3664/5054/3139 3665/5055/3140
f 3668/5058/3143 3603/4990/3077 3601/4989/3076
f 3668/5058/3143 3601/4989/3076 3666/5056/3141
f 3669/5059/3144 3668/5058/3143 3666/5056/3141
f 3669/5059/3144 3666/5056/3141 3667/5057/3142
f 3670/5060/3145 3605/4993/3080 3603/4990/3077
f 3670/5060/3145 3603/4990/3077 3668/5058/3143
f 3671/5061/3146 3670/5060/3145 3668/5058/3143
f 3671/5061/3146 3668/5058/3143 3669/5059/3144
f 3672/5062/3147 3607/4995/3082 3605/4993/3080
f 3672/5062/3147 3605/4993/3080 3670/5060/3145
f 3673/5063/3148 3672/5062/3147 3670/5060/3145
f 3673/5063/3148 3670/5060/3145 3671/5061/3146
f 3674/5064/3149 3609/4997/3084 3607/4995/3082
f 3674/5064/3149 3607/4995/3082 3672/5062/3147
f 3675/5065/3150 3674/5064/3149 3672/5062/3147
f 3675/5065/3150 3672/5062/3147 3673/5063/3148
f 3676/5066/3151 3611/4999/3086 3609/4997/3084
f 3676/5066/3151 3609/4997/3084 3674/5064/3149
f 3677/5067/3152 3676/5066/3151 3674/5064/3149
f 3677/5067/3152 3674/5064/3149 3675/5065/3150
f 3678/5068/3153 3613/5001/3088 3611/4999/3086
f 3678/5068/3153 3611/4999/3086 3676/5066/3151
f 3679/5069/3154 3678/5068/3153 3676/5066/3151
f 3679/5069/3154 3676/5066/3151 3677/5067/3152
f 3680/5070/3155 3615/5003/3090 3613/5001/3088
f 3680/5070/3155 3613/5001/3088 3678/5068/3153
f 3681/5071/3156 3680/5070/3155 3678/5068/3153
f 3681/5071/3156 3678/5068/3153 3679/5069/3154
f 3682/5072/3157 3617/5005/3092 3615/5003/3090
f 3682/5072/3157 3615/5003/3090 3680/5070/3155
f 3683/5073/3158 3682/5072/3157 3680/5070/3155
f 3683/5073/3158 3680/5070/3155 3681/5071/3156
f 3684/5074/3159 3619/5008/3094 3617/5009/3092
f 3684/5074/3159 3617/5009/3092 3682/5075/3157
f 3685/5076/3160 3684/5074/3159 3682/5075/3157
f 3685/5076/3160 3682/5075/3157 3683/5077/3158
f 3686/5078/3161 3621/5011/3096 3619/5008/3094
f 3686/5078/3161 3619/5008/3094 3684/5074/3159
f 3687/5079/3162 3686/5078/3161 3684/5074/3159
f 3687/5079/3162 3684/5074/3159 3685/5076/3160
f 3688/5080/3163 3623/5013/3098 3621/5011/3096
f 3688/5080/3163 3621/5011/3096 3686/5078/3161
f 3689/5081/3164 3688/5080/3163 3686/5078/3161
f 3689/5081/3164 3686/5078/3161 3687/5079/3162
f 3690/5082/3165 3625/5015/3100 3623/5013/3098
f 3690/5082/3165 3623/5013/3098 3688/5080/3163
f 3691/5083/3166 3690/5082/3165 3688/5080/3163
f 3691/5083/3166 3688/5080/3163 3689/5081/3164
f 3692/5084/3167 3627/5017/3102 3625/5015/3100
f 3692/5084/3167 3625/5015/3100 3690/5082/3165
f 3693/5085/3168 3692/5084/3167 3690/5082/3165
f 3693/5085/3168 3690/5082/3165 3691/5083/3166
f 3694/5086/3169 3629/5019/3104 3627/5017/3102
f 3694/5086/3169 3627/5017/3102 3692/5084/3167
f 3695/5087/3170 3694/5086/3169 3692/5084/3167
f 3695/5087/3170 3692/5084/3167 3693/5085/3168
f 3696/5088/3171 3631/5021/3106 3629/5019/3104
f 3696/5088/3171 3629/5019/3104 3694/5086/3169
f 3697/5089/3172 3696/5088/3171 3694/5086/3169
f 3697/5089/3172 3694/5086/3169 3695/5087/3170
f 3698/5090/3173 3633/5023/3108 3631/5021/3106
f 3698/5090/3173 3631/5021/3106 3696/5088/3171
f 3699/5091/3174 3698/5090/3173 3696/5088/3171
f 3699/5091/3174 3696/5088/3171 3697/5089/3172
f 3700/5092/3175 3635/5025/3110 3633/5023/3108
f 3700/5092/3175 3633/5023/3108 3698/5090/3173
f 3701/5093/3176 3700/5092/3175 3698/5090/3173
f 3701/5093/3176 3698/5090/3173 3699/5091/3174
f 3702/5094/3177 3637/5027/3112 3635/5025/3110
f 3702/5094/3177 3635/5025/3110 3700/5092/3175
f 3703/5095/3178 3702/5094/3177 3700/5092/3175
f 3703/5095/3178 3700/5092/3175 3701/5093/3176
f 3704/5096/3179 3639/5029/3114 3637/5027/3112
f 3704/5096/3179 3637/5027/3112 3702/5094/3177
f 3705/5097/3180 3704/5096/3179 3702/5094/3177
f 3705/5097/3180 3702/5094/3177 3703/5095/3178
f 3706/5098/3181 3641/5031/3116 3639/5029/3114
f 3706/5098/3181 3639/5029/3114 3704/5096/3179
f 3707/5099/3182 3706/5098/3181 3704/5096/3179
f 3707/5099/3182 3704/5096/3179 3705/5097/3180
f 3708/5100/3183 3643/5033/3118 3641/5031/3116
f 3708/5100/3183 3641/5031/3116 3706/5098/3181
f 3709/5101/3184 3708/5100/3183 3706/5098/3181
f 3709/5101/3184 3706/5098/3181 3707/5099/3182
f 3710/5102/3185 3645/5035/3120 3643/5033/3118
f 3710/5102/3185 3643/5033/3118 3708/5100/3183
f 3711/5103/3186 3710/5102/3185 3708/5100/3183
f 3711/5103/3186 3708/5100/3183 3709/5101/3184
f 3712/5104/3187 3647/5037/3122 3645/5035/3120
f 3712/5104/3187 3645/5035/3120 3710/5102/3185
f 3713/5105/3188 3712/5104/3187 3710/5102/3185
f 3713/5105/3188 3710/5102/3185 3711/5103/3186
f 3714/5043/3128 3649/5039/3124 3647/5037/3122
f 3714/5043/3128 3647/5037/3122 3712/5104/3187
f 3715/5106/3189 3714/5043/3128 3712/5104/3187
f 3715/5106/3189 3712/5104/3187 3713/5105/3188
f 3717/5107/3190 3652/5042/3127 3714/5043/3128
f 3717/5107/3190 3714/5043/3128 3715/5106/3189
f 3716/5108/3191 3715/5106/3189 3713/5105/3188
f 3716/5108/3191 3713/5105/3188 3802/5109/3192
f 3718/5110/3193 3717/5107/3190 3715/5106/3189
f 3718/5110/3193 3715/5106/3189 3716/5108/3191
f 3719/5048/3133 3654/5044/3129 3652/5042/3127
f 3719/5048/3133 3652/5042/3127 3717/5107/3190
f 3720/5111/3194 3719/5048/3133 3717/5107/3190
f 3720/5111/3194 3717/5107/3190 3718/5110/3193
f 3722/5112/3195 3657/5047/3132 3719/5048/3133
f 3722/5112/3195 3719/5048/3133 3720/5111/3194
f 3721/5113/3196 3720/5111/3194 3718/5110/3193
f 3721/5113/3196 3718/5110/3193 3806/5114/3197
f 3723/5115/3198 3722/5112/3195 3720/5111/3194
f 3723/5115/3198 3720/5111/3194 3721/5113/3196
f 3724/5116/3199 3659/5049/3134 3657/5047/3132
f 3724/5116/3199 3657/5047/3132 3722/5112/3195
f 3725/5117/3200 3724/5116/3199 3722/5112/3195
f 3725/5117/3200 3722/5112/3195 3723/5115/3198
f 3726/5118/3201 3661/5051/3136 3659/5049/3134
f 3726/5118/3201 3659/5049/3134 3724/5116/3199
f 3727/5119/3202 3726/5118/3201 3724/5116/3199
f 3727/5119/3202 3724/5116/3199 3725/5117/3200
f 3728/5120/3203 3663/5053/3138 3661/5051/3136
f 3728/5120/3203 3661/5051/3136 3726/5118/3201
f 3729/5121/3204 3728/5120/3203 3726/5118/3201
f 3729/5121/3204 3726/5118/3201 3727/5119/3202
f 3730/5122/3205 3665/5055/3140 3663/5053/3138
f 3730/5122/3205 3663/5053/3138 3728/5120/3203
f 3731/5123/3206 3730/5122/3205 3728/5120/3203
f 3731/5123/3206 3728/5120/3203 3729/5121/3204
f 3732/5124/3207 3667/5057/3142 3665/5055/3140
f 3732/5124/3207 3665/5055/3140 3730/5122/3205
f 3734/5125/3208 3732/5124/3207 3730/5122/3205
f 3734/5125/3208 3730/5122/3205 3731/5123/3206
f 3733/5126/3209 3669/5059/3144 3667/5057/3142
f 3733/5126/3209 3667/5057/3142 3732/5124/3207
f 3736/5127/3210 3733/5126/3209 3732/5124/3207
f 3736/5127/3210 3732/5124/3207 3734/5125/3208
f 3737/5128/3211 3736/5127/3210 3734/5125/3208
f 3737/5128/3211 3734/5125/3208 3735/5129/3212
f 3735/5129/3212 3734/5125/3208 3731/5123/3206
f 3735/5129/3212 3731/5123/3206 3810/5130/3213
f 3738/5131/3214 3739/5132/3215 3733/5126/3209
f 3738/5131/3214 3733/5126/3209 3736/5127/3210
f 3740/5133/3216 3738/5131/3214 3736/5127/3210
f 3740/5133/3216 3736/5127/3210 3737/5128/3211
f 3741/5134/3217 3742/5135/3218 3739/5132/3215
f 3741/5134/3217 3739/5132/3215 3738/5131/3214
f 3743/5136/3219 3741/5134/3217 3738/5131/3214
f 3743/5136/3219 3738/5131/3214 3740/5133/3216
f 3744/5137/3220 3745/5138/3221 3742/5135/3218
f 3744/5137/3220 3742/5135/3218 3741/5134/3217
f 3746/5139/3222 3744/5137/3220 3741/5134/3217
f 3746/5139/3222 3741/5134/3217 3743/5136/3219
f 3747/5140/3223 3748/5141/3224 3745/5138/3221
f 3747/5140/3223 3745/5138/3221 3744/5137/3220
f 3749/5142/3225 3747/5140/3223 3744/5137/3220
f 3749/5142/3225 3744/5137/3220 3746/5139/3222
f 3750/5143/3226 3751/5144/3227 3748/5141/3224
f 3750/5143/3226 3748/5141/3224 3747/5140/3223
f 3752/5145/3228 3750/5143/3226 3747/5140/3223
f 3752/5145/3228 3747/5140/3223 3749/5142/3225
f 3753/5146/3229 3754/5147/3230 3751/5144/3227
f 3753/5146/3229 3751/5144/3227 3750/5143/3226
f 3755/5148/3231 3753/5146/3229 3750/5143/3226
f 3755/5148/3231 3750/5143/3226 3752/5145/3228
f 3756/5149/3232 3757/5150/3233 3754/5147/3230
f 3756/5149/3232 3754/5147/3230 3753/5146/3229
f 3758/5151/3234 3756/5149/3232 3753/5146/3229
f 3758/5151/3234 3753/5146/3229 3755/5148/3231
f 3759/5152/3235 3760/5153/3236 3757/5154/3233
f 3759/5152/3235 3757/5154/3233 3756/5155/3232
f 3761/5156/3237 3759/5152/3235 3756/5155/3232
f 3761/5156/3237 3756/5155/3232 3758/5157/3234
f 3762/5158/3238 3763/5159/3239 3760/5153/3236
f 3762/5158/3238 3760/5153/3236 3759/5152/3235
f 3764/5160/3240 3762/5158/3238 3759/5152/3235
f 3764/5160/3240 3759/5152/3235 3761/5156/3237
f 3765/5161/3241 3766/5162/3242 3763/5159/3239
f 3765/5161/3241 3763/5159/3239 3762/5158/3238
f 3767/5163/3243 3765/5161/3241 3762/5158/3238
f 3767/5163/3243 3762/5158/3238 3764/5160/3240
f 3768/5164/3244 3769/5165/3245 3766/5162/3242
f 3768/5164/3244 3766/5162/3242 3765/5161/3241
f 3770/5166/3246 3768/5164/3244 3765/5161/3241
f 3770/5166/3246 3765/5161/3241 3767/5163/3243
f 3771/5167/3247 3772/5168/3248 3769/5165/3245
f 3771/5167/3247 3769/5165/3245 3768/5164/3244
f 3773/5169/3249 3771/5167/3247 3768/5164/3244
f 3773/5169/3249 3768/5164/3244 3770/5166/3246
f 3774/5170/3250 3775/5171/3251 3772/5168/3248
f 3774/5170/3250 3772/5168/3248 3771/5167/3247
f 3776/5172/3252 3774/5170/3250 3771/5167/3247
f 3776/5172/3252 3771/5167/3247 3773/5169/3249
f 3777/5173/3253 3778/5174/3254 3775/5171/3251
f 3777/5173/3253 3775/5171/3251 3774/5170/3250
f 3779/5175/3255 3777/5173/3253 3774/5170/3250
f 3779/5175/3255 3774/5170/3250 3776/5172/3252
f 3780/5176/3256 3781/5177/3257 3778/5174/3254
f 3780/5176/3256 3778/5174/3254 3777/5173/3253
f 3782/5178/3258 3780/5176/3256 3777/5173/3253
f 3782/5178/3258 3777/5173/3253 3779/5175/3255
f 3783/5179/3259 3784/5180/3260 3781/5177/3257
f 3783/5179/3259 3781/5177/3257 3780/5176/3256
f 3785/5181/3261 3783/5179/3259 3780/5176/3256
f 3785/5181/3261 3780/5176/3256 3782/5178/3258
f 3786/5182/3262 3787/5183/3263 3784/5180/3260
f 3786/5182/3262 3784/5180/3260 3783/5179/3259
f 3788/5184/3264 3786/5182/3262 3783/5179/3259
f 3788/5184/3264 3783/5179/3259 3785/5181/3261
f 3789/5185/3265 3790/5186/3266 3787/5183/3263
f 3789/5185/3265 3787/5183/3263 3786/5182/3262
f 3791/5187/3267 3789/5185/3265 3786/5182/3262
f 3791/5187/3267 3786/5182/3262 3788/5184/3264
f 3792/5188/3268 3793/5189/3269 3790/5186/3266
f 3792/5188/3268 3790/5186/3266 3789/5185/3265
f 3794/5190/3270 3792/5188/3268 3789/5185/3265
f 3794/5190/3270 3789/5185/3265 3791/5187/3267
f 3795/5191/3271 3796/5192/3272 3793/5189/3269
f 3795/5191/3271 3793/5189/3269 3792/5188/3268
f 3797/5193/3273 3795/5191/3271 3792/5188/3268
f 3797/5193/3273 3792/5188/3268 3794/5190/3270
f 3798/5194/3274 3799/5195/3275 3796/5192/3272
f 3798/5194/3274 3796/5192/3272 3795/5191/3271
f 3800/5196/3276 3798/5194/3274 3795/5191/3271
f 3800/5196/3276 3795/5191/3271 3797/5193/3273
f 3801/5197/3277 3802/5109/3192 3799/5195/3275
f 3801/5197/3277 3799/5195/3275 3798/5194/3274
f 3803/5198/3278 3801/5197/3277 3798/5194/3274
f 3803/5198/3278 3798/5194/3274 3800/5196/3276
f 3804/5199/3279 3716/5108/3191 3802/5109/3192
f 3804/5199/3279 3802/5109/3192 3801/5197/3277
f 3805/5200/3280 3804/5199/3279 3801/5197/3277
f 3805/5200/3280 3801/5197/3277 3803/5198/3278
f 3806/5114/3197 3718/5110/3193 3716/5108/3191
f 3806/5114/3197 3716/5108/3191 3804/5199/3279
f 3807/5201/3281 3806/5114/3197 3804/5199/3279
f 3807/5201/3281 3804/5199/3279 3805/5200/3280
f 3808/5202/3282 3721/5113/3196 3806/5114/3197
f 3808/5202/3282 3806/5114/3197 3807/5201/3281
f 3809/5203/829 3808/5202/3282 3807/5201/3281
f 3809/5204/829 3807/5201/3281 3805/5200/3280
f 3809/5205/829 3782/5178/3258 3779/5175/3255
f 3809/5206/829 3785/5181/3261 3782/5178/3258
f 3809/5207/829 3737/5128/3211 3735/5129/3212
f 3809/5208/829 3735/5129/3212 3810/5130/3213
f 3809/5209/829 3810/5130/3213 3811/5210/3283
f 3809/5211/829 3811/5210/3283 3812/5212/3284
f 3809/5213/829 3812/5212/3284 3813/5214/3285
f 3809/5215/829 3813/5214/3285 3814/5216/3286
f 3809/5217/829 3814/5216/3286 3808/5202/3282
f 3809/5218/829 3805/5200/3280 3803/5198/3278
f 3809/5219/829 3803/5198/3278 3800/5196/3276
f 3809/5220/829 3800/5196/3276 3797/5193/3273
f 3809/5221/829 3797/5193/3273 3794/5190/3270
f 3809/5222/829 3794/5190/3270 3791/5187/3267
f 3809/5223/829 3791/5187/3267 3788/5184/3264
f 3809/5224/829 3788/5184/3264 3785/5181/3261
f 3809/5225/829 3779/5175/3255 3776/5172/3252
f 3809/5226/829 3776/5172/3252 3773/5169/3249
f 3809/5227/829 3773/5169/3249 3770/5166/3246
f 3809/5228/829 3770/5166/3246 3767/5163/3243
f 3809/5229/829 3767/5163/3243 3764/5160/3240
f 3809/5230/829 3764/5160/3240 3761/5156/3237
f 3809/5231/829 3761/5156/3237 3758/5157/3234
f 3809/5232/829 3758/5151/3234 3755/5148/3231
f 3809/5233/829 3755/5148/3231 3752/5145/3228
f 3809/5234/829 3752/5145/3228 3749/5142/3225
f 3809/5235/829 3749/5142/3225 3746/5139/3222
f 3809/5236/829 3746/5139/3222 3743/5136/3219
f 3809/5237/829 3743/5136/3219 3740/5133/3216
f 3809/5238/829 3740/5133/3216 3737/5128/3211
f 3814/5216/3286 3723/5115/3198 3721/5113/3196
f 3814/5216/3286 3721/5113/3196 3808/5202/3282
f 3813/5214/3285 3725/5117/3200 3723/5115/3198
f 3813/5214/3285 3723/5115/3198 3814/5216/3286
f 3812/5212/3284 3727/5119/3202 3725/5117/3200
f 3812/5212/3284 3725/5117/3200 3813/5214/3285
f 3811/5210/3283 3729/5121/3204 3727/5119/3202
f 3811/5210/3283 3727/5119/3202 3812/5212/3284
f 3810/5130/3213 3731/5123/3206 3729/5121/3204
f 3810/5130/3213 3729/5121/3204 3811/5210/3283
f 3802/5109/3192 3713/5105/3188 3711/5103/3186
f 3802/5109/3192 3711/5103/3186 3799/5195/3275
f 3799/5195/3275 3711/5103/3186 3709/5101/3184
f 3799/5195/3275 3709/5101/3184 3796/5192/3272
f 3796/5192/3272 3709/5101/3184 3707/5099/3182
f 3796/5192/3272 3707/5099/3182 3793/5189/3269
f 3793/5189/3269 3707/5099/3182 3705/5097/3180
f 3793/5189/3269 3705/5097/3180 3790/5186/3266
f 3790/5186/3266 3705/5097/3180 3703/5095/3178
f 3790/5186/3266 3703/5095/3178 3787/5183/3263
f 3787/5183/3263 3703/5095/3178 3701/5093/3176
f 3787/5183/3263 3701/5093/3176 3784/5180/3260
f 3784/5180/3260 3701/5093/3176 3699/5091/3174
f 3784/5180/3260 3699/5091/3174 3781/5177/3257
f 3781/5177/3257 3699/5091/3174 3697/5089/3172
f 3781/5177/3257 3697/5089/3172 3778/5174/3254
f 3778/5174/3254 3697/5089/3172 3695/5087/3170
f 3778/5174/3254 3695/5087/3170 3775/5171/3251
f 3775/5171/3251 3695/5087/3170 3693/5085/3168
f 3775/5171/3251 3693/5085/3168 3772/5168/3248
f 3772/5168/3248 3693/5085/3168 3691/5083/3166
f 3772/5168/3248 3691/5083/3166 3769/5165/3245
f 3769/5165/3245 3691/5083/3166 3689/5081/3164
f 3769/5165/3245 3689/5081/3164 3766/5162/3242
f 3766/5162/3242 3689/5081/3164 3687/5079/3162
f 3766/5162/3242 3687/5079/3162 3763/5159/3239
f 3763/5159/3239 3687/5079/3162 3685/5076/3160
f 3763/5159/3239 3685/5076/3160 3760/5153/3236
f 3760/5153/3236 3685/5076/3160 3683/5077/3158
f 3760/5153/3236 3683/5077/3158 3757/5154/3233
f 3757/5150/3233 3683/5073/3158 3681/5071/3156
f 3757/5150/3233 3681/5071/3156 3754/5147/3230
f 3754/5147/3230 3681/5071/3156 3679/5069/3154
f 3754/5147/3230 3679/5069/3154 3751/5144/3227
f 3751/5144/3227 3679/5069/3154 3677/5067/3152
f 3751/5144/3227 3677/5067/3152 3748/5141/3224
f 3748/5141/3224 3677/5067/3152 3675/5065/3150
f 3748/5141/3224 3675/5065/3150 3745/5138/3221
f 3745/5138/3221 3675/5065/3150 3673/5063/3148
f 3745/5138/3221 3673/5063/3148 3742/5135/3218
f 3742/5135/3218 3673/5063/3148 3671/5061/3146
f 3742/5135/3218 3671/5061/3146 3739/5132/3215
f 3739/5132/3215 3671/5061/3146 3669/5059/3144
f 3739/5132/3215 3669/5059/3144 3733/5126/3209
f 3390/4680/2776 3297/4676/2772 3295/4674/2770
f 3390/4680/2776 3295/4674/2770 3387/4770/2863
f 3387/4770/2863 3295/4674/2770 3293/4672/2768
f 3387/4770/2863 3293/4672/2768 3384/4767/2860
f 3384/4767/2860 3293/4672/2768 3291/4670/2766
f 3384/4767/2860 3291/4670/2766 3381/4764/2857
f 3381/4764/2857 3291/4670/2766 3289/4668/2764
f 3381/4764/2857 3289/4668/2764 3378/4761/2854
f 3378/4761/2854 3289/4668/2764 3287/4666/2762
f 3378/4761/2854 3287/4666/2762 3375/4758/2851
f 3375/4758/2851 3287/4666/2762 3285/4664/2760
f 3375/4758/2851 3285/4664/2760 3372/4755/2848
f 3372/4755/2848 3285/4664/2760 3283/4662/2758
f 3372/4755/2848 3283/4662/2758 3369/4752/2845
f 3369/4752/2845 3283/4662/2758 3281/4660/2756
f 3369/4752/2845 3281/4660/2756 3366/4749/2842
f 3366/4749/2842 3281/4660/2756 3279/4658/2754
f 3366/4749/2842 3279/4658/2754 3363/4746/2839
f 3363/4746/2839 3279/4658/2754 3277/4656/2752
f 3363/4746/2839 3277/4656/2752 3360/4743/2836
f 3360/4743/2836 3277/4656/2752 3275/4654/2750
f 3360/4743/2836 3275/4654/2750 3357/4740/2833
f 3357/4740/2833 3275/4654/2750 3273/4652/2748
f 3357/4740/2833 3273/4652/2748 3354/4737/2830
f 3354/4737/2830 3273/4652/2748 3271/4650/2746
f 3354/4737/2830 3271/4650/2746 3351/4734/2827
f 3351/4734/2827 3271/4650/2746 3269/4648/2744
f 3351/4734/2827 3269/4648/2744 3348/4731/2824
f 3348/4731/2824 3269/4648/2744 3267/4646/2742
f 3348/4731/2824 3267/4646/2742 3345/4728/2821
f 3345/4728/2821 3267/4646/2742 3265/4644/2740
f 3345/4728/2821 3265/4644/2740 3342/4725/2818
f 3342/4725/2818 3265/4644/2740 3263/4642/2738
f 3342/4725/2818 3263/4642/2738 3339/4722/2815
f 3339/4722/2815 3263/4642/2738 3261/4639/2736
f 3339/4722/2815 3261/4639/2736 3336/4716/2812
f 3336/4716/2812 3261/4639/2736 3259/4640/2734
f 3336/4716/2812 3259/4640/2734 3333/4717/2809
f 3333/4713/2809 3259/4636/2734 3257/4634/2732
f 3333/4713/2809 3257/4634/2732 3330/4710/2806
f 3330/4710/2806 3257/4634/2732 3255/4632/2730
f 3330/4710/2806 3255/4632/2730 3327/4707/2803
f 3327/4707/2803 3255/4632/2730 3253/4630/2728
f 3327/4707/2803 3253/4630/2728 3324/4704/2800
f 3324/4704/2800 3253/4630/2728 3251/4628/2726
f 3324/4704/2800 3251/4628/2726 3321/4701/2797
f 3321/4701/2797 3251/4628/2726 3249/4626/2724
f 3321/4701/2797 3249/4626/2724 3318/4698/2794
f 3318/4698/2794 3249/4626/2724 3247/4624/2722
f 3318/4698/2794 3247/4624/2722 3315/4695/2791
f 3315/4695/2791 3247/4624/2722 3245/4622/2720
f 3315/4695/2791 3245/4622/2720 3309/4690/2786
f 3232/4515/2616 3138/4512/2613 3136/4510/2611
f 3232/4515/2616 3136/4510/2611 3229/4607/2705
f 3229/4607/2705 3136/4510/2611 3134/4508/2609
f 3229/4607/2705 3134/4508/2609 3226/4604/2702
f 3226/4604/2702 3134/4508/2609 3132/4506/2607
f 3226/4604/2702 3132/4506/2607 3223/4601/2699
f 3223/4601/2699 3132/4506/2607 3130/4504/2605
f 3223/4601/2699 3130/4504/2605 3220/4598/2696
f 3220/4598/2696 3130/4504/2605 3128/4502/2603
f 3220/4598/2696 3128/4502/2603 3217/4595/2693
f 3217/4595/2693 3128/4502/2603 3126/4500/2601
f 3217/4595/2693 3126/4500/2601 3214/4592/2690
f 3214/4592/2690 3126/4500/2601 3124/4498/2599
f 3214/4592/2690 3124/4498/2599 3211/4589/2687
f 3211/4589/2687 3124/4498/2599 3122/4496/2597
f 3211/4589/2687 3122/4496/2597 3208/4586/2684
f 3208/4586/2684 3122/4496/2597 3120/4494/2595
f 3208/4586/2684 3120/4494/2595 3205/4583/2681
f 3205/4583/2681 3120/4494/2595 3118/4492/2593
f 3205/4583/2681 3118/4492/2593 3202/4580/2678
f 3202/4580/2678 3118/4492/2593 3116/4490/2591
f 3202/4580/2678 3116/4490/2591 3199/4577/2675
f 3199/4577/2675 3116/4490/2591 3114/4488/2589
f 3199/4577/2675 3114/4488/2589 3196/4574/2672
f 3196/4574/2672 3114/4488/2589 3112/4486/2587
f 3196/4574/2672 3112/4486/2587 3193/4571/2669
f 3193/4571/2669 3112/4486/2587 3110/4484/2585
f 3193/4571/2669 3110/4484/2585 3190/4568/2666
f 3190/4568/2666 3110/4484/2585 3108/4482/2583
f 3190/4568/2666 3108/4482/2583 3187/4565/2663
f 3187/4565/2663 3108/4482/2583 3106/4480/2581
f 3187/4565/2663 3106/4480/2581 3184/4562/2660
f 3184/4562/2660 3106/4480/2581 3104/4478/2579
f 3184/4562/2660 3104/4478/2579 3181/4559/2657
f 3181/4559/2657 3104/4478/2579 3102/4476/2577
f 3181/4559/2657 3102/4476/2577 3178/4556/2654
f 3178/4556/2654 3102/4476/2577 3100/4473/2575
f 3178/4556/2654 3100/4473/2575 3175/4550/2651
f 3175/4550/2651 3100/4473/2575 3098/4474/2573
f 3175/4550/2651 3098/4474/2573 3172/4551/2648
f 3172/4547/2648 3098/4470/2573 3096/4468/2571
f 3172/4547/2648 3096/4468/2571 3169/4544/2645
f 3169/4544/2645 3096/4468/2571 3094/4466/2569
f 3169/4544/2645 3094/4466/2569 3166/4541/2642
f 3166/4541/2642 3094/4466/2569 3092/4464/2567
f 3166/4541/2642 3092/4464/2567 3163/4538/2639
f 3163/4538/2639 3092/4464/2567 3090/4462/2565
f 3163/4538/2639 3090/4462/2565 3160/4535/2636
f 3160/4535/2636 3090/4462/2565 3088/4460/2563
f 3160/4535/2636 3088/4460/2563 3157/4532/2633
f 3157/4532/2633 3088/4460/2563 3086/4458/2561
f 3157/4532/2633 3086/4458/2561 3154/4529/2630
f 3154/4529/2630 3086/4458/2561 3084/4456/2559
f 3154/4529/2630 3084/4456/2559 3148/4523/2624
f 3075/4446/2549 3815/5239/3287 3877/5240/3288
f 3075/4446/2549 3877/5240/3288 3072/4443/2546
f 3816/4354/2460 3817/5241/3289 3815/5239/3287
f 3816/4354/2460 3815/5239/3287 3075/4446/2549
f 2985/4353/2459 3819/5242/3290 3817/5241/3289
f 2985/4353/2459 3817/5241/3289 3816/4354/2460
f 3817/5241/3289 3818/5243/3291 3880/5244/3292
f 3817/5241/3289 3880/5244/3292 3815/5239/3287
f 3819/5242/3290 3820/5245/3293 3818/5243/3291
f 3819/5242/3290 3818/5243/3291 3817/5241/3289
f 3821/5246/3294 3822/5247/3295 3820/5245/3293
f 3821/5246/3294 3820/5245/3293 3819/5242/3290
f 2988/4356/2462 3821/5246/3294 3819/5242/3290
f 2988/4356/2462 3819/5242/3290 2985/4353/2459
f 3823/5248/3296 3824/5249/3297 3822/5247/3295
f 3823/5248/3296 3822/5247/3295 3821/5246/3294
f 2991/4359/2465 3823/5248/3296 3821/5246/3294
f 2991/4359/2465 3821/5246/3294 2988/4356/2462
f 3825/5250/3298 3826/5251/3299 3824/5249/3297
f 3825/5250/3298 3824/5249/3297 3823/5248/3296
f 2994/4362/2468 3825/5250/3298 3823/5248/3296
f 2994/4362/2468 3823/5248/3296 2991/4359/2465
f 3827/5252/3300 3828/5253/3301 3826/5251/3299
f 3827/5252/3300 3826/5251/3299 3825/5250/3298
f 2997/4365/2471 3827/5252/3300 3825/5250/3298
f 2997/4365/2471 3825/5250/3298 2994/4362/2468
f 3829/5254/3302 3830/5255/3303 3828/5253/3301
f 3829/5254/3302 3828/5253/3301 3827/5252/3300
f 3000/4368/2474 3829/5254/3302 3827/5252/3300
f 3000/4368/2474 3827/5252/3300 2997/4365/2471
f 3831/5256/3304 3832/5257/3305 3830/5255/3303
f 3831/5256/3304 3830/5255/3303 3829/5254/3302
f 3003/4371/2477 3831/5256/3304 3829/5254/3302
f 3003/4371/2477 3829/5254/3302 3000/4368/2474
f 3833/5258/3306 3834/5259/3307 3832/5257/3305
f 3833/5258/3306 3832/5257/3305 3831/5256/3304
f 3006/4374/2480 3833/5258/3306 3831/5256/3304
f 3006/4374/2480 3831/5256/3304 3003/4371/2477
f 3835/5260/3308 3836/5261/3309 3834/5259/3307
f 3835/5260/3308 3834/5259/3307 3833/5258/3306
f 3009/4377/2483 3835/5260/3308 3833/5258/3306
f 3009/4377/2483 3833/5258/3306 3006/4374/2480
f 3837/5262/3310 3838/5263/3311 3836/5264/3309
f 3837/5262/3310 3836/5264/3309 3835/5265/3308
f 3012/4380/2486 3837/5262/3310 3835/5265/3308
f 3012/4380/2486 3835/5265/3308 3009/4381/2483
f 3839/5266/3312 3840/5267/3313 3838/5263/3311
f 3839/5266/3312 3838/5263/3311 3837/5262/3310
f 3015/4386/2489 3839/5266/3312 3837/5262/3310
f 3015/4386/2489 3837/5262/3310 3012/4380/2486
f 3841/5268/3314 3842/5269/3315 3840/5267/3313
f 3841/5268/3314 3840/5267/3313 3839/5266/3312
f 3018/4389/2492 3841/5268/3314 3839/5266/3312
f 3018/4389/2492 3839/5266/3312 3015/4386/2489
f 3843/5270/3316 3844/5271/3317 3842/5269/3315
f 3843/5270/3316 3842/5269/3315 3841/5268/3314
f 3021/4392/2495 3843/5270/3316 3841/5268/3314
f 3021/4392/2495 3841/5268/3314 3018/4389/2492
f 3845/5272/3318 3846/5273/3319 3844/5271/3317
f 3845/5272/3318 3844/5271/3317 3843/5270/3316
f 3024/4395/2498 3845/5272/3318 3843/5270/3316
f 3024/4395/2498 3843/5270/3316 3021/4392/2495
f 3847/5274/3320 3848/5275/3321 3846/5273/3319
f 3847/5274/3320 3846/5273/3319 3845/5272/3318
f 3027/4398/2501 3847/5274/3320 3845/5272/3318
f 3027/4398/2501 3845/5272/3318 3024/4395/2498
f 3849/5276/3322 3850/5277/3323 3848/5275/3321
f 3849/5276/3322 3848/5275/3321 3847/5274/3320
f 3030/4401/2504 3849/5276/3322 3847/5274/3320
f 3030/4401/2504 3847/5274/3320 3027/4398/2501
f 3851/5278/3324 3852/5279/3325 3850/5277/3323
f 3851/5278/3324 3850/5277/3323 3849/5276/3322
f 3033/4404/2507 3851/5278/3324 3849/5276/3322
f 3033/4404/2507 3849/5276/3322 3030/4401/2504
f 3853/5280/3326 3854/5281/3327 3852/5279/3325
f 3853/5280/3326 3852/5279/3325 3851/5278/3324
f 3036/4407/2510 3853/5280/3326 3851/5278/3324
f 3036/4407/2510 3851/5278/3324 3033/4404/2507
f 3855/5282/3328 3856/5283/3329 3854/5281/3327
f 3855/5282/3328 3854/5281/3327 3853/5280/3326
f 3039/4410/2513 3855/5282/3328 3853/5280/3326
f 3039/4410/2513 3853/5280/3326 3036/4407/2510
f 3857/5284/3330 3858/5285/3331 3856/5283/3329
f 3857/5284/3330 3856/5283/3329 3855/5282/3328
f 3042/4413/2516 3857/5284/3330 3855/5282/3328
f 3042/4413/2516 3855/5282/3328 3039/4410/2513
f 3859/5286/3332 3860/5287/3333 3858/5285/3331
f 3859/5286/3332 3858/5285/3331 3857/5284/3330
f 3045/4416/2519 3859/5286/3332 3857/5284/3330
f 3045/4416/2519 3857/5284/3330 3042/4413/2516
f 3861/5288/3334 3862/5289/3335 3860/5287/3333
f 3861/5288/3334 3860/5287/3333 3859/5286/3332
f 3048/4419/2522 3861/5288/3334 3859/5286/3332
f 3048/4419/2522 3859/5286/3332 3045/4416/2519
f 3863/5290/3336 3864/5291/3337 3862/5289/3335
f 3863/5290/3336 3862/5289/3335 3861/5288/3334
f 3051/4422/2525 3863/5290/3336 3861/5288/3334
f 3051/4422/2525 3861/5288/3334 3048/4419/2522
f 3865/5292/3338 3866/5293/3339 3864/5291/3337
f 3865/5292/3338 3864/5291/3337 3863/5290/3336
f 3054/4425/2528 3865/5292/3338 3863/5290/3336
f 3054/4425/2528 3863/5290/3336 3051/4422/2525
f 3867/5294/3340 3868/5295/3341 3866/5293/3339
f 3867/5294/3340 3866/5293/3339 3865/5292/3338
f 3057/4428/2531 3867/5294/3340 3865/5292/3338
f 3057/4428/2531 3865/5292/3338 3054/4425/2528
f 3869/5296/3342 3870/5297/3343 3868/5295/3341
f 3869/5296/3342 3868/5295/3341 3867/5294/3340
f 3060/4431/2534 3869/5296/3342 3867/5294/3340
f 3060/4431/2534 3867/5294/3340 3057/4428/2531
f 3871/5298/3344 3872/5299/3345 3870/5297/3343
f 3871/5298/3344 3870/5297/3343 3869/5296/3342
f 3063/4434/2537 3871/5298/3344 3869/5296/3342
f 3063/4434/2537 3869/5296/3342 3060/4431/2534
f 3873/5300/3346 3874/5301/3347 3872/5299/3345
f 3873/5300/3346 3872/5299/3345 3871/5298/3344
f 3066/4437/2540 3873/5300/3346 3871/5298/3344
f 3066/4437/2540 3871/5298/3344 3063/4434/2537
f 3875/5302/3348 3876/5303/3349 3874/5301/3347
f 3875/5302/3348 3874/5301/3347 3873/5300/3346
f 3069/4440/2543 3875/5302/3348 3873/5300/3346
f 3069/4440/2543 3873/5300/3346 3066/4437/2540
f 3877/5240/3288 3878/5304/3350 3876/5303/3349
f 3877/5240/3288 3876/5303/3349 3875/5302/3348
f 3072/4443/2546 3877/5240/3288 3875/5302/3348
f 3072/4443/2546 3875/5302/3348 3069/4440/2543
f 3815/5239/3287 3880/5244/3292 3878/5304/3350
f 3815/5239/3287 3878/5304/3350 3877/5240/3288
f 3878/5304/3350 3879/5305/3351 3941/5306/3352
f 3878/5304/3350 3941/5306/3352 3876/5303/3349
f 3880/5244/3292 3881/5307/3353 3879/5305/3351
f 3880/5244/3292 3879/5305/3351 3878/5304/3350
f 3818/5243/3291 3883/5308/3354 3881/5307/3353
f 3818/5243/3291 3881/5307/3353 3880/5244/3292
f 3881/5307/3353 3882/5309/3355 3944/5310/3356
f 3881/5307/3353 3944/5310/3356 3879/5305/3351
f 3883/5308/3354 3884/5311/3357 3882/5309/3355
f 3883/5308/3354 3882/5309/3355 3881/5307/3353
f 3885/5312/3358 3886/5313/3359 3884/5311/3357
f 3885/5312/3358 3884/5311/3357 3883/5308/3354
f 3820/5245/3293 3885/5312/3358 3883/5308/3354
f 3820/5245/3293 3883/5308/3354 3818/5243/3291
f 3887/5314/3360 3888/5315/3361 3886/5313/3359
f 3887/5314/3360 3886/5313/3359 3885/5312/3358
f 3822/5247/3295 3887/5314/3360 3885/5312/3358
f 3822/5247/3295 3885/5312/3358 3820/5245/3293
f 3889/5316/3362 3890/5317/3363 3888/5315/3361
f 3889/5316/3362 3888/5315/3361 3887/5314/3360
f 3824/5249/3297 3889/5316/3362 3887/5314/3360
f 3824/5249/3297 3887/5314/3360 3822/5247/3295
f 3891/5318/3364 3892/5319/3365 3890/5317/3363
f 3891/5318/3364 3890/5317/3363 3889/5316/3362
f 3826/5251/3299 3891/5318/3364 3889/5316/3362
f 3826/5251/3299 3889/5316/3362 3824/5249/3297
f 3893/5320/3366 3894/5321/3367 3892/5319/3365
f 3893/5320/3366 3892/5319/3365 3891/5318/3364
f 3828/5253/3301 3893/5320/3366 3891/5318/3364
f 3828/5253/3301 3891/5318/3364 3826/5251/3299
f 3895/5322/3368 3896/5323/3369 3894/5321/3367
f 3895/5322/3368 3894/5321/3367 3893/5320/3366
f 3830/5255/3303 3895/5322/3368 3893/5320/3366
f 3830/5255/3303 3893/5320/3366 3828/5253/3301
f 3897/5324/3370 3898/5325/3371 3896/5323/3369
f 3897/5324/3370 3896/5323/3369 3895/5322/3368
f 3832/5257/3305 3897/5324/3370 3895/5322/3368
f 3832/5257/3305 3895/5322/3368 3830/5255/3303
f 3899/5326/3372 3900/5327/3373 3898/5325/3371
f 3899/5326/3372 3898/5325/3371 3897/5324/3370
f 3834/5259/3307 3899/5326/3372 3897/5324/3370
f 3834/5259/3307 3897/5324/3370 3832/5257/3305
f 3901/5328/3374 3902/5329/3375 3900/5327/3373
f 3901/5328/3374 3900/5327/3373 3899/5326/3372
f 3836/5261/3309 3901/5328/3374 3899/5326/3372
f 3836/5261/3309 3899/5326/3372 3834/5259/3307
f 3903/5330/3376 3904/5331/3377 3902/5332/3375
f 3903/5330/3376 3902/5332/3375 3901/5333/3374
f 3838/5263/3311 3903/5330/3376 3901/5333/3374
f 3838/5263/3311 3901/5333/3374 3836/5264/3309
f 3905/5334/3378 3906/5335/3379 3904/5331/3377
f 3905/5334/3378 3904/5331/3377 3903/5330/3376
f 3840/5267/3313 3905/5334/3378 3903/5330/3376
f 3840/5267/3313 3903/5330/3376 3838/5263/3311
f 3907/5336/3380 3908/5337/3381 3906/5335/3379
f 3907/5336/3380 3906/5335/3379 3905/5334/3378
f 3842/5269/3315 3907/5336/3380 3905/5334/3378
f 3842/5269/3315 3905/5334/3378 3840/5267/3313
f 3909/5338/3382 3910/5339/3383 3908/5337/3381
f 3909/5338/3382 3908/5337/3381 3907/5336/3380
f 3844/5271/3317 3909/5338/3382 3907/5336/3380
f 3844/5271/3317 3907/5336/3380 3842/5269/3315
f 3911/5340/3384 3912/5341/3385 3910/5339/3383
f 3911/5340/3384 3910/5339/3383 3909/5338/3382
f 3846/5273/3319 3911/5340/3384 3909/5338/3382
f 3846/5273/3319 3909/5338/3382 3844/5271/3317
f 3913/5342/3386 3914/5343/3387 3912/5341/3385
f 3913/5342/3386 3912/5341/3385 3911/5340/3384
f 3848/5275/3321 3913/5342/3386 3911/5340/3384
f 3848/5275/3321 3911/5340/3384 3846/5273/3319
f 3915/5344/3388 3916/5345/3389 3914/5343/3387
f 3915/5344/3388 3914/5343/3387 3913/5342/3386
f 3850/5277/3323 3915/5344/3388 3913/5342/3386
f 3850/5277/3323 3913/5342/3386 3848/5275/3321
f 3917/5346/3390 3918/5347/3391 3916/5345/3389
f 3917/5346/3390 3916/5345/3389 3915/5344/3388
f 3852/5279/3325 3917/5346/3390 3915/5344/3388
f 3852/5279/3325 3915/5344/3388 3850/5277/3323
f 3919/5348/3392 3920/5349/3393 3918/5347/3391
f 3919/5348/3392 3918/5347/3391 3917/5346/3390
f 3854/5281/3327 3919/5348/3392 3917/5346/3390
f 3854/5281/3327 3917/5346/3390 3852/5279/3325
f 3921/5350/3394 3922/5351/3395 3920/5349/3393
f 3921/5350/3394 3920/5349/3393 3919/5348/3392
f 3856/5283/3329 3921/5350/3394 3919/5348/3392
f 3856/5283/3329 3919/5348/3392 3854/5281/3327
f 3923/5352/3396 3924/5353/3397 3922/5351/3395
f 3923/5352/3396 3922/5351/3395 3921/5350/3394
f 3858/5285/3331 3923/5352/3396 3921/5350/3394
f 3858/5285/3331 3921/5350/3394 3856/5283/3329
f 3925/5354/3398 3926/5355/3399 3924/5353/3397
f 3925/5354/3398 3924/5353/3397 3923/5352/3396
f 3860/5287/3333 3925/5354/3398 3923/5352/3396
f 3860/5287/3333 3923/5352/3396 3858/5285/3331
f 3927/5356/3400 3928/5357/3401 3926/5355/3399
f 3927/5356/3400 3926/5355/3399 3925/5354/3398
f 3862/5289/3335 3927/5356/3400 3925/5354/3398
f 3862/5289/3335 3925/5354/3398 3860/5287/3333
f 3929/5358/3402 3930/5359/3403 3928/5357/3401
f 3929/5358/3402 3928/5357/3401 3927/5356/3400
f 3864/5291/3337 3929/5358/3402 3927/5356/3400
f 3864/5291/3337 3927/5356/3400 3862/5289/3335
f 3931/5360/3404 3932/5361/3405 3930/5359/3403
f 3931/5360/3404 3930/5359/3403 3929/5358/3402
f 3866/5293/3339 3931/5360/3404 3929/5358/3402
f 3866/5293/3339 3929/5358/3402 3864/5291/3337
f 3933/5362/3406 3934/5363/3407 3932/5361/3405
f 3933/5362/3406 3932/5361/3405 3931/5360/3404
f 3868/5295/3341 3933/5362/3406 3931/5360/3404
f 3868/5295/3341 3931/5360/3404 3866/5293/3339
f 3935/5364/3408 3936/5365/3409 3934/5363/3407
f 3935/5364/3408 3934/5363/3407 3933/5362/3406
f 3870/5297/3343 3935/5364/3408 3933/5362/3406
f 3870/5297/3343 3933/5362/3406 3868/5295/3341
f 3937/5366/3410 3938/5367/3411 3936/5365/3409
f 3937/5366/3410 3936/5365/3409 3935/5364/3408
f 3872/5299/3345 3937/5366/3410 3935/5364/3408
f 3872/5299/3345 3935/5364/3408 3870/5297/3343
f 3939/5368/3412 3940/5369/3413 3938/5367/3411
f 3939/5368/3412 3938/5367/3411 3937/5366/3410
f 3874/5301/3347 3939/5368/3412 3937/5366/3410
f 3874/5301/3347 3937/5366/3410 3872/5299/3345
f 3941/5306/3352 3942/5370/3414 3940/5369/3413
f 3941/5306/3352 3940/5369/3413 3939/5368/3412
f 3876/5303/3349 3941/5306/3352 3939/5368/3412
f 3876/5303/3349 3939/5368/3412 3874/5301/3347
f 3879/5305/3351 3944/5310/3356 3942/5370/3414
f 3879/5305/3351 3942/5370/3414 3941/5306/3352
f 3942/5370/3414 3943/5371/3415 3951/5372/3416
f 3942/5370/3414 3951/5372/3416 3940/5369/3413
f 3944/5310/3356 3945/5373/3417 3943/5371/3415
f 3944/5310/3356 3943/5371/3415 3942/5370/3414
f 3882/5309/3355 3946/5374/3418 3945/5373/3417
f 3882/5309/3355 3945/5373/3417 3944/5310/3356
f 3946/5374/3418 3947/5375/966 3945/5373/3417
f 3945/5373/3417 3947/5376/966 3943/5371/3415
f 3948/5377/3419 3947/5378/966 3963/5379/3420
f 3962/5380/3421 3947/5381/966 3948/5377/3419
f 3976/5382/3422 3947/5383/966 3949/5384/3423
f 3949/5384/3423 3947/5385/966 3950/5386/3424
f 3950/5386/3424 3947/5387/966 3946/5374/3418
f 3943/5371/3415 3947/5388/966 3951/5372/3416
f 3951/5372/3416 3947/5389/966 3952/5390/3425
f 3952/5390/3425 3947/5391/966 3953/5392/3426
f 3953/5392/3426 3947/5393/966 3954/5394/3427
f 3954/5394/3427 3947/5395/966 3955/5396/3428
f 3955/5396/3428 3947/5397/966 3956/5398/3429
f 3956/5398/3429 3947/5399/966 3957/5400/3430
f 3957/5400/3430 3947/5401/966 3958/5402/3431
f 3958/5402/3431 3947/5403/966 3959/5404/3432
f 3959/5404/3432 3947/5405/966 3960/5406/3433
f 3960/5406/3433 3947/5407/966 3961/5408/3434
f 3961/5408/3434 3947/5409/966 3962/5380/3421
f 3963/5379/3420 3947/5410/966 3964/5411/3435
f 3964/5411/3435 3947/5412/966 3965/5413/3436
f 3965/5413/3436 3947/5414/966 3966/5415/3437
f 3966/5415/3437 3947/5416/966 3967/5417/3438
f 3967/5417/3438 3947/5418/966 3968/5419/3439
f 3968/5419/3439 3947/5420/966 3969/5421/3440
f 3969/5422/3440 3947/5423/966 3970/5424/3441
f 3970/5424/3441 3947/5425/966 3971/5426/3442
f 3971/5426/3442 3947/5427/966 3972/5428/3443
f 3972/5428/3443 3947/5429/966 3973/5430/3444
f 3973/5430/3444 3947/5431/966 3974/5432/3445
f 3974/5432/3445 3947/5433/966 3975/5434/3446
f 3975/5434/3446 3947/5435/966 3976/5382/3422
f 3888/5315/3361 3976/5382/3422 3949/5384/3423
f 3888/5315/3361 3949/5384/3423 3886/5313/3359
f 3890/5317/3363 3975/5434/3446 3976/5382/3422
f 3890/5317/3363 3976/5382/3422 3888/5315/3361
f 3892/5319/3365 3974/5432/3445 3975/5434/3446
f 3892/5319/3365 3975/5434/3446 3890/5317/3363
f 3894/5321/3367 3973/5430/3444 3974/5432/3445
f 3894/5321/3367 3974/5432/3445 3892/5319/3365
f 3896/5323/3369 3972/5428/3443 3973/5430/3444
f 3896/5323/3369 3973/5430/3444 3894/5321/3367
f 3898/5325/3371 3971/5426/3442 3972/5428/3443
f 3898/5325/3371 3972/5428/3443 3896/5323/3369
f 3900/5327/3373 3970/5424/3441 3971/5426/3442
f 3900/5327/3373 3971/5426/3442 3898/5325/3371
f 3902/5329/3375 3969/5422/3440 3970/5424/3441
f 3902/5329/3375 3970/5424/3441 3900/5327/3373
f 3904/5331/3377 3968/5419/3439 3969/5421/3440
f 3904/5331/3377 3969/5421/3440 3902/5332/3375
f 3906/5335/3379 3967/5417/3438 3968/5419/3439
f 3906/5335/3379 3968/5419/3439 3904/5331/3377
f 3908/5337/3381 3966/5415/3437 3967/5417/3438
f 3908/5337/3381 3967/5417/3438 3906/5335/3379
f 3910/5339/3383 3965/5413/3436 3966/5415/3437
f 3910/5339/3383 3966/5415/3437 3908/5337/3381
f 3912/5341/3385 3964/5411/3435 3965/5413/3436
f 3912/5341/3385 3965/5413/3436 3910/5339/3383
f 3914/5343/3387 3963/5379/3420 3964/5411/3435
f 3914/5343/3387 3964/5411/3435 3912/5341/3385
f 3916/5345/3389 3948/5377/3419 3963/5379/3420
f 3916/5345/3389 3963/5379/3420 3914/5343/3387
f 3918/5347/3391 3962/5380/3421 3948/5377/3419
f 3918/5347/3391 3948/5377/3419 3916/5345/3389
f 3920/5349/3393 3961/5408/3434 3962/5380/3421
f 3920/5349/3393 3962/5380/3421 3918/5347/3391
f 3922/5351/3395 3960/5406/3433 3961/5408/3434
f 3922/5351/3395 3961/5408/3434 3920/5349/3393
f 3924/5353/3397 3959/5404/3432 3960/5406/3433
f 3924/5353/3397 3960/5406/3433 3922/5351/3395
f 3926/5355/3399 3958/5402/3431 3959/5404/3432
f 3926/5355/3399 3959/5404/3432 3924/5353/3397
f 3928/5357/3401 3957/5400/3430 3958/5402/3431
f 3928/5357/3401 3958/5402/3431 3926/5355/3399
f 3930/5359/3403 3956/5398/3429 3957/5400/3430
f 3930/5359/3403 3957/5400/3430 3928/5357/3401
f 3932/5361/3405 3955/5396/3428 3956/5398/3429
f 3932/5361/3405 3956/5398/3429 3930/5359/3403
f 3934/5363/3407 3954/5394/3427 3955/5396/3428
f 3934/5363/3407 3955/5396/3428 3932/5361/3405
f 3936/5365/3409 3953/5392/3426 3954/5394/3427
f 3936/5365/3409 3954/5394/3427 3934/5363/3407
f 3938/5367/3411 3952/5390/3425 3953/5392/3426
f 3938/5367/3411 3953/5392/3426 3936/5365/3409
f 3940/5369/3413 3951/5372/3416 3952/5390/3425
f 3940/5369/3413 3952/5390/3425 3938/5367/3411
f 3884/5311/3357 3950/5386/3424 3946/5374/3418
f 3884/5311/3357 3946/5374/3418 3882/5309/3355
f 3886/5313/3359 3949/5384/3423 3950/5386/3424
f 3886/5313/3359 3950/5386/3424 3884/5311/3357
f 3980/2175/1516 3977/2176/3447 3978/2177/1511
f 3980/2175/1516 3978/2177/1511 4072/2178/3448
f 3977/2176/3447 3979/2179/3449 4810/2180/1512
f 3977/2176/3447 4810/2180/1512 3978/2177/1511
f 3981/2181/1517 3982/2182/3450 3979/2179/3449
f 3981/2181/1517 3979/2179/3449 3977/2176/3447
f 3983/2183/3451 3981/2181/1517 3977/2176/3447
f 3983/2183/3451 3977/2176/3447 3980/2175/1516
f 3984/2184/3452 3985/2185/1521 3982/2182/3450
f 3984/2184/3452 3982/2182/3450 3981/2181/1517
f 3986/2186/1522 3984/2184/3452 3981/2181/1517
f 3986/2186/1522 3981/2181/1517 3983/2183/3451
f 3987/2187/1523 3988/2188/1524 3985/2185/1521
f 3987/2187/1523 3985/2185/1521 3984/2184/3452
f 3989/2189/3453 3987/2187/1523 3984/2184/3452
f 3989/2189/3453 3984/2184/3452 3986/2186/1522
f 3990/2190/1526 3991/2191/3454 3988/2188/1524
f 3990/2190/1526 3988/2188/1524 3987/2187/1523
f 3992/2192/1528 3990/2190/1526 3987/2187/1523
f 3992/2192/1528 3987/2187/1523 3989/2189/3453
f 3993/2193/1529 3994/2194/3455 3991/2191/3454
f 3993/2193/1529 3991/2191/3454 3990/2190/1526
f 3995/2195/3456 3993/2193/1529 3990/2190/1526
f 3995/2195/3456 3990/2190/1526 3992/2192/1528
f 3996/2196/3457 3997/2197/3458 3994/2194/3455
f 3996/2196/3457 3994/2194/3455 3993/2193/1529
f 3998/2198/3459 3996/2196/3457 3993/2193/1529
f 3998/2198/3459 3993/2193/1529 3995/2195/3456
f 3999/2199/3460 4000/2200/3461 3997/2197/3458
f 3999/2199/3460 3997/2197/3458 3996/2196/3457
f 4001/2201/1537 3999/2199/3460 3996/2196/3457
f 4001/2201/1537 3996/2196/3457 3998/2198/3459
f 4002/2202/1538 4003/2203/1539 4000/2200/3461
f 4002/2202/1538 4000/2200/3461 3999/2199/3460
f 4004/2204/1540 4002/2202/1538 3999/2199/3460
f 4004/2204/1540 3999/2199/3460 4001/2201/1537
f 4005/2205/3462 4006/2206/1542 4003/2207/1539
f 4005/2205/3462 4003/2207/1539 4002/2208/1538
f 4007/2209/1543 4005/2205/3462 4002/2208/1538
f 4007/2209/1543 4002/2208/1538 4004/2210/1540
f 4008/2211/3463 4009/2212/1545 4006/2206/1542
f 4008/2211/3463 4006/2206/1542 4005/2205/3462
f 4010/2213/3464 4008/2211/3463 4005/2205/3462
f 4010/2213/3464 4005/2205/3462 4007/2209/1543
f 4011/2214/3465 4012/2215/1548 4009/2212/1545
f 4011/2214/3465 4009/2212/1545 4008/2211/3463
f 4013/2216/1549 4011/2214/3465 4008/2211/3463
f 4013/2216/1549 4008/2211/3463 4010/2213/3464
f 4014/2217/1550 4015/2218/1551 4012/2215/1548
f 4014/2217/1550 4012/2215/1548 4011/2214/3465
f 4016/2219/1552 4014/2217/1550 4011/2214/3465
f 4016/2219/1552 4011/2214/3465 4013/2216/1549
f 4017/2220/1553 4018/2221/1554 4015/2218/1551
f 4017/2220/1553 4015/2218/1551 4014/2217/1550
f 4019/2222/3466 4017/2220/1553 4014/2217/1550
f 4019/2222/3466 4014/2217/1550 4016/2219/1552
f 4020/2223/1556 4021/2224/3467 4018/2221/1554
f 4020/2223/1556 4018/2221/1554 4017/2220/1553
f 4022/2225/1558 4020/2223/1556 4017/2220/1553
f 4022/2225/1558 4017/2220/1553 4019/2222/3466
f 4023/2226/1465 4024/2227/1468 4021/2224/3467
f 4023/2226/1465 4021/2224/3467 4020/2223/1556
f 4025/2228/1466 4023/2226/1465 4020/2223/1556
f 4025/2228/1466 4020/2223/1556 4022/2225/1558
f 4026/2229/1464 4027/2230/3468 4024/2227/1468
f 4026/2229/1464 4024/2227/1468 4023/2226/1465
f 4028/2231/1463 4026/2229/1464 4023/2226/1465
f 4028/2231/1463 4023/2226/1465 4025/2228/1466
f 4029/2232/3469 4030/2233/1470 4027/2230/3468
f 4029/2232/3469 4027/2230/3468 4026/2229/1464
f 4031/2234/1471 4029/2232/3469 4026/2229/1464
f 4031/2234/1471 4026/2229/1464 4028/2231/1463
f 4032/2235/1472 4033/2236/1473 4030/2233/1470
f 4032/2235/1472 4030/2233/1470 4029/2232/3469
f 4034/2237/1474 4032/2235/1472 4029/2232/3469
f 4034/2237/1474 4029/2232/3469 4031/2234/1471
f 4035/2238/1475 4036/2239/3470 4033/2236/1473
f 4035/2238/1475 4033/2236/1473 4032/2235/1472
f 4037/2240/1477 4035/2238/1475 4032/2235/1472
f 4037/2240/1477 4032/2235/1472 4034/2237/1474
f 4038/2241/1478 4039/2242/3471 4036/2239/3470
f 4038/2241/1478 4036/2239/3470 4035/2238/1475
f 4040/2243/3472 4038/2241/1478 4035/2238/1475
f 4040/2243/3472 4035/2238/1475 4037/2240/1477
f 4041/2244/1481 4042/2245/3473 4039/2242/3471
f 4041/2244/1481 4039/2242/3471 4038/2241/1478
f 4043/2246/1483 4041/2244/1481 4038/2241/1478
f 4043/2246/1483 4038/2241/1478 4040/2243/3472
f 4044/2247/1484 4045/2248/1485 4042/2245/3473
f 4044/2247/1484 4042/2245/3473 4041/2244/1481
f 4046/2249/1486 4044/2247/1484 4041/2244/1481
f 4046/2249/1486 4041/2244/1481 4043/2246/1483
f 4047/2250/3474 4048/2251/1488 4045/2248/1485
f 4047/2250/3474 4045/2248/1485 4044/2247/1484
f 4049/2252/1489 4047/2250/3474 4044/2247/1484
f 4049/2252/1489 4044/2247/1484 4046/2249/1486
f 4050/2253/3475 4051/2254/1491 4048/2251/1488
f 4050/2253/3475 4048/2251/1488 4047/2250/3474
f 4052/2255/1492 4050/2253/3475 4047/2250/3474
f 4052/2255/1492 4047/2250/3474 4049/2252/1489
f 4053/2256/3476 4054/2257/1494 4051/2254/1491
f 4053/2256/3476 4051/2254/1491 4050/2253/3475
f 4055/2258/1495 4053/2256/3476 4050/2253/3475
f 4055/2258/1495 4050/2253/3475 4052/2255/1492
f 4056/2259/1496 4057/2260/3477 4054/2257/1494
f 4056/2259/1496 4054/2257/1494 4053/2256/3476
f 4058/2261/1498 4056/2259/1496 4053/2256/3476
f 4058/2261/1498 4053/2256/3476 4055/2258/1495
f 4059/2262/1499 4060/2263/1500 4057/2260/3477
f 4059/2262/1499 4057/2260/3477 4056/2259/1496
f 4061/2264/1501 4059/2262/1499 4056/2259/1496
f 4061/2264/1501 4056/2259/1496 4058/2261/1498
f 4062/2265/3478 4063/2266/1503 4060/2263/1500
f 4062/2265/3478 4060/2263/1500 4059/2262/1499
f 4064/2267/1504 4062/2265/3478 4059/2262/1499
f 4064/2267/1504 4059/2262/1499 4061/2264/1501
f 4065/2268/3479 4066/2269/1506 4063/2266/1503
f 4065/2268/3479 4063/2266/1503 4062/2265/3478
f 4067/2270/1507 4065/2268/3479 4062/2265/3478
f 4067/2270/1507 4062/2265/3478 4064/2267/1504
f 4068/2271/1508 4069/2272/3480 4066/2269/1506
f 4068/2271/1508 4066/2269/1506 4065/2268/3479
f 4070/2273/1510 4068/2271/1508 4065/2268/3479
f 4070/2273/1510 4065/2268/3479 4067/2270/1507
f 3978/2177/1511 4810/2180/1512 4069/2272/3480
f 3978/2177/1511 4069/2272/3480 4068/2271/1508
f 4072/2178/3448 3978/2177/1511 4068/2271/1508
f 4072/2178/3448 4068/2271/1508 4070/2273/1510
f 4071/2274/3481 4070/2273/1510 4067/2270/1507
f 4071/2274/3481 4067/2270/1507 4133/2275/1590
f 4073/2276/1594 4072/2178/3448 4070/2273/1510
f 4073/2276/1594 4070/2273/1510 4071/2274/3481
f 4075/2277/3482 3980/2175/1516 4072/2178/3448
f 4075/2277/3482 4072/2178/3448 4073/2276/1594
f 4074/2278/3483 4073/2276/1594 4071/2274/3481
f 4074/2278/3483 4071/2274/3481 4136/2279/1593
f 4076/2280/3484 4075/2277/3482 4073/2276/1594
f 4076/2280/3484 4073/2276/1594 4074/2278/3483
f 4077/2281/3485 3983/2183/3451 3980/2175/1516
f 4077/2281/3485 3980/2175/1516 4075/2277/3482
f 4078/2282/3486 4077/2281/3485 4075/2277/3482
f 4078/2282/3486 4075/2277/3482 4076/2280/3484
f 4079/2283/3487 3986/2186/1522 3983/2183/3451
f 4079/2283/3487 3983/2183/3451 4077/2281/3485
f 4080/2284/3488 4079/2283/3487 4077/2281/3485
f 4080/2284/3488 4077/2281/3485 4078/2282/3486
f 4081/2285/1602 3989/2189/3453 3986/2186/1522
f 4081/2285/1602 3986/2186/1522 4079/2283/3487
f 4082/2286/3489 4081/2285/1602 4079/2283/3487
f 4082/2286/3489 4079/2283/3487 4080/2284/3488
f 4083/2287/1604 3992/2192/1528 3989/2189/3453
f 4083/2287/1604 3989/2189/3453 4081/2285/1602
f 4084/2288/3490 4083/2287/1604 4081/2285/1602
f 4084/2288/3490 4081/2285/1602 4082/2286/3489
f 4085/2289/1606 3995/2195/3456 3992/2192/1528
f 4085/2289/1606 3992/2192/1528 4083/2287/1604
f 4086/2290/3491 4085/2289/1606 4083/2287/1604
f 4086/2290/3491 4083/2287/1604 4084/2288/3490
f 4087/2291/3492 3998/2198/3459 3995/2195/3456
f 4087/2291/3492 3995/2195/3456 4085/2289/1606
f 4088/2292/1609 4087/2291/3492 4085/2289/1606
f 4088/2292/1609 4085/2289/1606 4086/2290/3491
f 4089/2293/1610 4001/2201/1537 3998/2198/3459
f 4089/2293/1610 3998/2198/3459 4087/2291/3492
f 4090/2294/3493 4089/2293/1610 4087/2291/3492
f 4090/2294/3493 4087/2291/3492 4088/2292/1609
f 4091/2295/3494 4004/2204/1540 4001/2201/1537
f 4091/2295/3494 4001/2201/1537 4089/2293/1610
f 4092/2296/1613 4091/2295/3494 4089/2293/1610
f 4092/2296/1613 4089/2293/1610 4090/2294/3493
f 4093/2297/1614 4007/2209/1543 4004/2210/1540
f 4093/2297/1614 4004/2210/1540 4091/2298/3494
f 4094/2299/1615 4093/2297/1614 4091/2298/3494
f 4094/2299/1615 4091/2298/3494 4092/2300/1613
f 4095/2301/1616 4010/2213/3464 4007/2209/1543
f 4095/2301/1616 4007/2209/1543 4093/2297/1614
f 4096/2302/3495 4095/2301/1616 4093/2297/1614
f 4096/2302/3495 4093/2297/1614 4094/2299/1615
f 4097/2303/3496 4013/2216/1549 4010/2213/3464
f 4097/2303/3496 4010/2213/3464 4095/2301/1616
f 4098/2304/3497 4097/2303/3496 4095/2301/1616
f 4098/2304/3497 4095/2301/1616 4096/2302/3495
f 4099/2305/1620 4016/2219/1552 4013/2216/1549
f 4099/2305/1620 4013/2216/1549 4097/2303/3496
f 4100/2306/3498 4099/2305/1620 4097/2303/3496
f 4100/2306/3498 4097/2303/3496 4098/2304/3497
f 4101/2307/1560 4019/2222/3466 4016/2219/1552
f 4101/2307/1560 4016/2219/1552 4099/2305/1620
f 4102/2308/1622 4101/2307/1560 4099/2305/1620
f 4102/2308/1622 4099/2305/1620 4100/2306/3498
f 4103/2309/3499 4022/2225/1558 4019/2222/3466
f 4103/2309/3499 4019/2222/3466 4101/2307/1560
f 4104/2310/1564 4103/2309/3499 4101/2307/1560
f 4104/2310/1564 4101/2307/1560 4102/2308/1622
f 4105/2311/3500 4025/2228/1466 4022/2225/1558
f 4105/2311/3500 4022/2225/1558 4103/2309/3499
f 4106/2312/3501 4105/2311/3500 4103/2309/3499
f 4106/2312/3501 4103/2309/3499 4104/2310/1564
f 4107/2313/1562 4028/2231/1463 4025/2228/1466
f 4107/2313/1562 4025/2228/1466 4105/2311/3500
f 4108/2314/1565 4107/2313/1562 4105/2311/3500
f 4108/2314/1565 4105/2311/3500 4106/2312/3501
f 4109/2315/3502 4031/2234/1471 4028/2231/1463
f 4109/2315/3502 4028/2231/1463 4107/2313/1562
f 4110/2316/1567 4109/2315/3502 4107/2313/1562
f 4110/2316/1567 4107/2313/1562 4108/2314/1565
f 4111/2317/3503 4034/2237/1474 4031/2234/1471
f 4111/2317/3503 4031/2234/1471 4109/2315/3502
f 4112/2318/3504 4111/2317/3503 4109/2315/3502
f 4112/2318/3504 4109/2315/3502 4110/2316/1567
f 4113/2319/3505 4037/2240/1477 4034/2237/1474
f 4113/2319/3505 4034/2237/1474 4111/2317/3503
f 4114/2320/1571 4113/2319/3505 4111/2317/3503
f 4114/2320/1571 4111/2317/3503 4112/2318/3504
f 4115/2321/1572 4040/2243/3472 4037/2240/1477
f 4115/2321/1572 4037/2240/1477 4113/2319/3505
f 4116/2322/3506 4115/2321/1572 4113/2319/3505
f 4116/2322/3506 4113/2319/3505 4114/2320/1571
f 4117/2323/1574 4043/2246/1483 4040/2243/3472
f 4117/2323/1574 4040/2243/3472 4115/2321/1572
f 4118/2324/3507 4117/2323/1574 4115/2321/1572
f 4118/2324/3507 4115/2321/1572 4116/2322/3506
f 4119/2325/1576 4046/2249/1486 4043/2246/1483
f 4119/2325/1576 4043/2246/1483 4117/2323/1574
f 4120/2326/3508 4119/2325/1576 4117/2323/1574
f 4120/2326/3508 4117/2323/1574 4118/2324/3507
f 4121/2327/1578 4049/2252/1489 4046/2249/1486
f 4121/2327/1578 4046/2249/1486 4119/2325/1576
f 4122/2328/3509 4121/2327/1578 4119/2325/1576
f 4122/2328/3509 4119/2325/1576 4120/2326/3508
f 4123/2329/1580 4052/2255/1492 4049/2252/1489
f 4123/2329/1580 4049/2252/1489 4121/2327/1578
f 4124/2330/1581 4123/2329/1580 4121/2327/1578
f 4124/2330/1581 4121/2327/1578 4122/2328/3509
f 4125/2331/1582 4055/2258/1495 4052/2255/1492
f 4125/2331/1582 4052/2255/1492 4123/2329/1580
f 4126/2332/3510 4125/2331/1582 4123/2329/1580
f 4126/2332/3510 4123/2329/1580 4124/2330/1581
f 4127/2333/1584 4058/2261/1498 4055/2258/1495
f 4127/2333/1584 4055/2258/1495 4125/2331/1582
f 4128/2334/1585 4127/2333/1584 4125/2331/1582
f 4128/2334/1585 4125/2331/1582 4126/2332/3510
f 4129/2335/1586 4061/2264/1501 4058/2261/1498
f 4129/2335/1586 4058/2261/1498 4127/2333/1584
f 4130/2336/1587 4129/2335/1586 4127/2333/1584
f 4130/2336/1587 4127/2333/1584 4128/2334/1585
f 4131/2337/3511 4064/2267/1504 4061/2264/1501
f 4131/2337/3511 4061/2264/1501 4129/2335/1586
f 4132/2338/3512 4131/2337/3511 4129/2335/1586
f 4132/2338/3512 4129/2335/1586 4130/2336/1587
f 4133/2275/1590 4067/2270/1507 4064/2267/1504
f 4133/2275/1590 4064/2267/1504 4131/2337/3511
f 4134/2339/3513 4133/2275/1590 4131/2337/3511
f 4134/2339/3513 4131/2337/3511 4132/2338/3512
f 4136/2279/1593 4071/2274/3481 4133/2275/1590
f 4136/2279/1593 4133/2275/1590 4134/2339/3513
f 4135/2340/1671 4134/2339/3513 4132/2338/3512
f 4135/2340/1671 4132/2338/3512 4226/2341/1668
f 4137/2342/3514 4136/2279/1593 4134/2339/3513
f 4137/2342/3514 4134/2339/3513 4135/2340/1671
f 4139/2343/1677 4074/2278/3483 4136/2279/1593
f 4139/2343/1677 4136/2279/1593 4137/2342/3514
f 4138/2344/1673 4137/2342/3514 4135/2340/1671
f 4138/2344/1673 4135/2340/1671 4228/2345/3515
f 4140/2346/1676 4139/2343/1677 4137/2342/3514
f 4140/2346/1676 4137/2342/3514 4138/2344/1673
f 4141/2347/1680 4076/2280/3484 4074/2278/3483
f 4141/2347/1680 4074/2278/3483 4139/2343/1677
f 4143/2348/1679 4141/2347/1680 4139/2343/1677
f 4143/2348/1679 4139/2343/1677 4140/2346/1676
f 4142/2349/1683 4078/2282/3486 4076/2280/3484
f 4142/2349/1683 4076/2280/3484 4141/2347/1680
f 4145/2350/1682 4142/2349/1683 4141/2347/1680
f 4145/2350/1682 4141/2347/1680 4143/2348/1679
f 4146/2351/1684 4145/2350/1682 4143/2348/1679
f 4146/2351/1684 4143/2348/1679 4144/2352/1681
f 4144/2352/1681 4143/2348/1679 4140/2346/1676
f 4144/2352/1681 4140/2346/1676 4233/2353/1678
f 4147/2354/3516 4148/2355/3517 4142/2349/1683
f 4147/2354/3516 4142/2349/1683 4145/2350/1682
f 4149/2356/3518 4147/2354/3516 4145/2350/1682
f 4149/2356/3518 4145/2350/1682 4146/2351/1684
f 4150/2357/3519 4151/2358/3520 4148/2355/3517
f 4150/2357/3519 4148/2355/3517 4147/2354/3516
f 4152/2359/3521 4150/2357/3519 4147/2354/3516
f 4152/2359/3521 4147/2354/3516 4149/2356/3518
f 4153/2360/1691 4154/2361/1692 4151/2358/3520
f 4153/2360/1691 4151/2358/3520 4150/2357/3519
f 4155/2362/1693 4153/2360/1691 4150/2357/3519
f 4155/2362/1693 4150/2357/3519 4152/2359/3521
f 4156/2363/1694 4157/2364/3522 4154/2361/1692
f 4156/2363/1694 4154/2361/1692 4153/2360/1691
f 4158/2365/3523 4156/2363/1694 4153/2360/1691
f 4158/2365/3523 4153/2360/1691 4155/2362/1693
f 4159/2366/1697 4160/2367/3524 4157/2364/3522
f 4159/2366/1697 4157/2364/3522 4156/2363/1694
f 4161/2368/1699 4159/2366/1697 4156/2363/1694
f 4161/2368/1699 4156/2363/1694 4158/2365/3523
f 4162/2369/3525 4163/2370/1701 4160/2367/3524
f 4162/2369/3525 4160/2367/3524 4159/2366/1697
f 4164/2371/1702 4162/2369/3525 4159/2366/1697
f 4164/2371/1702 4159/2366/1697 4161/2368/1699
f 4165/2372/1703 4166/2373/3526 4163/2370/1701
f 4165/2372/1703 4163/2370/1701 4162/2369/3525
f 4167/2374/1705 4165/2372/1703 4162/2369/3525
f 4167/2374/1705 4162/2369/3525 4164/2371/1702
f 4168/2375/3527 4169/2376/1707 4166/2377/3526
f 4168/2375/3527 4166/2377/3526 4165/2378/1703
f 4170/2379/1708 4168/2375/3527 4165/2378/1703
f 4170/2379/1708 4165/2378/1703 4167/2380/1705
f 4171/2381/1709 4172/2382/3528 4169/2376/1707
f 4171/2381/1709 4169/2376/1707 4168/2375/3527
f 4173/2383/1711 4171/2381/1709 4168/2375/3527
f 4173/2383/1711 4168/2375/3527 4170/2379/1708
f 4174/2384/1712 4175/2385/1713 4172/2382/3528
f 4174/2384/1712 4172/2382/3528 4171/2381/1709
f 4176/2386/3529 4174/2384/1712 4171/2381/1709
f 4176/2386/3529 4171/2381/1709 4173/2383/1711
f 4177/2387/1715 4178/2388/1624 4175/2385/1713
f 4177/2387/1715 4175/2385/1713 4174/2384/1712
f 4179/2389/1716 4177/2387/1715 4174/2384/1712
f 4179/2389/1716 4174/2384/1712 4176/2386/3529
f 4180/2390/3530 4181/2391/3531 4178/2388/1624
f 4180/2390/3530 4178/2388/1624 4177/2387/1715
f 4182/2392/1717 4180/2390/3530 4177/2387/1715
f 4182/2392/1717 4177/2387/1715 4179/2389/1716
f 4183/2393/1627 4184/2394/3532 4181/2391/3531
f 4183/2393/1627 4181/2391/3531 4180/2390/3530
f 4185/2395/1718 4183/2393/1627 4180/2390/3530
f 4185/2395/1718 4180/2390/3530 4182/2392/1717
f 4186/2396/3533 4187/2397/3534 4184/2394/3532
f 4186/2396/3533 4184/2394/3532 4183/2393/1627
f 4188/2398/1636 4186/2396/3533 4183/2393/1627
f 4188/2398/1636 4183/2393/1627 4185/2395/1718
f 4189/2399/3535 4190/2400/1630 4187/2397/3534
f 4189/2399/3535 4187/2397/3534 4186/2396/3533
f 4191/2401/3536 4189/2399/3535 4186/2396/3533
f 4191/2401/3536 4186/2396/3533 4188/2398/1636
f 4192/2402/3537 4193/2403/3538 4190/2400/1630
f 4192/2402/3537 4190/2400/1630 4189/2399/3535
f 4194/2404/3539 4192/2402/3537 4189/2399/3535
f 4194/2404/3539 4189/2399/3535 4191/2401/3536
f 4195/2405/3540 4196/2406/1638 4193/2403/3538
f 4195/2405/3540 4193/2403/3538 4192/2402/3537
f 4197/2407/3541 4195/2405/3540 4192/2402/3537
f 4197/2407/3541 4192/2402/3537 4194/2404/3539
f 4198/2408/3542 4199/2409/3543 4196/2406/1638
f 4198/2408/3542 4196/2406/1638 4195/2405/3540
f 4200/2410/1642 4198/2408/3542 4195/2405/3540
f 4200/2410/1642 4195/2405/3540 4197/2407/3541
f 4201/2411/1643 4202/2412/1644 4199/2409/3543
f 4201/2411/1643 4199/2409/3543 4198/2408/3542
f 4203/2413/1645 4201/2411/1643 4198/2408/3542
f 4203/2413/1645 4198/2408/3542 4200/2410/1642
f 4204/2414/1646 4205/2415/3544 4202/2412/1644
f 4204/2414/1646 4202/2412/1644 4201/2411/1643
f 4206/2416/3545 4204/2414/1646 4201/2411/1643
f 4206/2416/3545 4201/2411/1643 4203/2413/1645
f 4207/2417/1649 4208/2418/3546 4205/2415/3544
f 4207/2417/1649 4205/2415/3544 4204/2414/1646
f 4209/2419/3547 4207/2417/1649 4204/2414/1646
f 4209/2419/3547 4204/2414/1646 4206/2416/3545
f 4210/2420/3548 4211/2421/3549 4208/2418/3546
f 4210/2420/3548 4208/2418/3546 4207/2417/1649
f 4212/2422/1654 4210/2420/3548 4207/2417/1649
f 4212/2422/1654 4207/2417/1649 4209/2419/3547
f 4213/2423/3550 4214/2424/3551 4211/2421/3549
f 4213/2423/3550 4211/2421/3549 4210/2420/3548
f 4215/2425/3552 4213/2423/3550 4210/2420/3548
f 4215/2425/3552 4210/2420/3548 4212/2422/1654
f 4216/2426/3553 4217/2427/3554 4214/2424/3551
f 4216/2426/3553 4214/2424/3551 4213/2423/3550
f 4218/2428/1660 4216/2426/3553 4213/2423/3550
f 4218/2428/1660 4213/2423/3550 4215/2425/3552
f 4219/2429/1661 4220/2430/3555 4217/2427/3554
f 4219/2429/1661 4217/2427/3554 4216/2426/3553
f 4221/2431/1663 4219/2429/1661 4216/2426/3553
f 4221/2431/1663 4216/2426/3553 4218/2428/1660
f 4222/2432/1664 4223/2433/1665 4220/2430/3555
f 4222/2432/1664 4220/2430/3555 4219/2429/1661
f 4224/2434/3556 4222/2432/1664 4219/2429/1661
f 4224/2434/3556 4219/2429/1661 4221/2431/1663
f 4225/2435/3557 4226/2341/1668 4223/2433/1665
f 4225/2435/3557 4223/2433/1665 4222/2432/1664
f 4227/2436/1669 4225/2435/3557 4222/2432/1664
f 4227/2436/1669 4222/2432/1664 4224/2434/3556
f 4228/2345/3515 4135/2340/1671 4226/2341/1668
f 4228/2345/3515 4226/2341/1668 4225/2435/3557
f 4229/2437/1672 4228/2345/3515 4225/2435/3557
f 4229/2437/1672 4225/2435/3557 4227/2436/1669
f 4231/2438/1675 4138/2344/1673 4228/2345/3515
f 4231/2438/1675 4228/2345/3515 4229/2437/1672
f 4230/2439/1751 4229/2437/1672 4227/2436/1669
f 4230/2439/1751 4227/2436/1669 4292/2440/1749
f 4232/2441/3558 4231/2438/1675 4229/2437/1672
f 4232/2441/3558 4229/2437/1672 4230/2439/1751
f 4233/2353/1678 4140/2346/1676 4138/2344/1673
f 4233/2353/1678 4138/2344/1673 4231/2438/1675
f 4234/2442/1755 4233/2353/1678 4231/2438/1675
f 4234/2442/1755 4231/2438/1675 4232/2441/3558
f 4236/2443/3559 4144/2352/1681 4233/2353/1678
f 4236/2443/3559 4233/2353/1678 4234/2442/1755
f 4235/2444/1756 4234/2442/1755 4232/2441/3558
f 4235/2444/1756 4232/2441/3558 4297/2445/3560
f 4237/2446/1758 4236/2443/3559 4234/2442/1755
f 4237/2446/1758 4234/2442/1755 4235/2444/1756
f 4238/2447/1759 4146/2351/1684 4144/2352/1681
f 4238/2447/1759 4144/2352/1681 4236/2443/3559
f 4239/2448/3561 4238/2447/1759 4236/2443/3559
f 4239/2448/3561 4236/2443/3559 4237/2446/1758
f 4240/2449/1761 4149/2356/3518 4146/2351/1684
f 4240/2449/1761 4146/2351/1684 4238/2447/1759
f 4241/2450/3562 4240/2449/1761 4238/2447/1759
f 4241/2450/3562 4238/2447/1759 4239/2448/3561
f 4242/2451/3563 4152/2359/3521 4149/2356/3518
f 4242/2451/3563 4149/2356/3518 4240/2449/1761
f 4243/2452/1764 4242/2451/3563 4240/2449/1761
f 4243/2452/1764 4240/2449/1761 4241/2450/3562
f 4244/2453/3564 4155/2362/1693 4152/2359/3521
f 4244/2453/3564 4152/2359/3521 4242/2451/3563
f 4245/2454/1766 4244/2453/3564 4242/2451/3563
f 4245/2454/1766 4242/2451/3563 4243/2452/1764
f 4246/2455/1767 4158/2365/3523 4155/2362/1693
f 4246/2455/1767 4155/2362/1693 4244/2453/3564
f 4247/2456/1768 4246/2455/1767 4244/2453/3564
f 4247/2456/1768 4244/2453/3564 4245/2454/1766
f 4248/2457/3565 4161/2368/1699 4158/2365/3523
f 4248/2457/3565 4158/2365/3523 4246/2455/1767
f 4249/2458/3566 4248/2457/3565 4246/2455/1767
f 4249/2458/3566 4246/2455/1767 4247/2456/1768
f 4250/2459/1771 4164/2371/1702 4161/2368/1699
f 4250/2459/1771 4161/2368/1699 4248/2457/3565
f 4251/2460/3567 4250/2459/1771 4248/2457/3565
f 4251/2460/3567 4248/2457/3565 4249/2458/3566
f 4252/2461/3568 4167/2374/1705 4164/2371/1702
f 4252/2461/3568 4164/2371/1702 4250/2459/1771
f 4253/2462/1774 4252/2461/3568 4250/2459/1771
f 4253/2462/1774 4250/2459/1771 4251/2460/3567
f 4254/2463/1775 4170/2379/1708 4167/2380/1705
f 4254/2463/1775 4167/2380/1705 4252/2464/3568
f 4255/2465/1776 4254/2463/1775 4252/2464/3568
f 4255/2465/1776 4252/2464/3568 4253/2466/1774
f 4256/2467/1777 4173/2383/1711 4170/2379/1708
f 4256/2467/1777 4170/2379/1708 4254/2463/1775
f 4257/2468/3569 4256/2467/1777 4254/2463/1775
f 4257/2468/3569 4254/2463/1775 4255/2465/1776
f 4258/2469/1779 4176/2386/3529 4173/2383/1711
f 4258/2469/1779 4173/2383/1711 4256/2467/1777
f 4259/2470/3570 4258/2469/1779 4256/2467/1777
f 4259/2470/3570 4256/2467/1777 4257/2468/3569
f 4260/2471/1720 4179/2389/1716 4176/2386/3529
f 4260/2471/1720 4176/2386/3529 4258/2469/1779
f 4261/2472/1781 4260/2471/1720 4258/2469/1779
f 4261/2472/1781 4258/2469/1779 4259/2470/3570
f 4262/2473/1719 4182/2392/1717 4179/2389/1716
f 4262/2473/1719 4179/2389/1716 4260/2471/1720
f 4263/2474/1782 4262/2473/1719 4260/2471/1720
f 4263/2474/1782 4260/2471/1720 4261/2472/1781
f 4264/2475/3571 4185/2395/1718 4182/2392/1717
f 4264/2475/3571 4182/2392/1717 4262/2473/1719
f 4265/2476/3572 4264/2475/3571 4262/2473/1719
f 4265/2476/3572 4262/2473/1719 4263/2474/1782
f 4266/2477/3573 4188/2398/1636 4185/2395/1718
f 4266/2477/3573 4185/2395/1718 4264/2475/3571
f 4267/2478/3574 4266/2477/3573 4264/2475/3571
f 4267/2478/3574 4264/2475/3571 4265/2476/3572
f 4268/2479/1723 4191/2401/3536 4188/2398/1636
f 4268/2479/1723 4188/2398/1636 4266/2477/3573
f 4269/2480/1726 4268/2479/1723 4266/2477/3573
f 4269/2480/1726 4266/2477/3573 4267/2478/3574
f 4270/2481/1727 4194/2404/3539 4191/2401/3536
f 4270/2481/1727 4191/2401/3536 4268/2479/1723
f 4271/2482/1728 4270/2481/1727 4268/2479/1723
f 4271/2482/1728 4268/2479/1723 4269/2480/1726
f 4272/2483/3575 4197/2407/3541 4194/2404/3539
f 4272/2483/3575 4194/2404/3539 4270/2481/1727
f 4273/2484/3576 4272/2483/3575 4270/2481/1727
f 4273/2484/3576 4270/2481/1727 4271/2482/1728
f 4274/2485/3577 4200/2410/1642 4197/2407/3541
f 4274/2485/3577 4197/2407/3541 4272/2483/3575
f 4275/2486/1732 4274/2485/3577 4272/2483/3575
f 4275/2486/1732 4272/2483/3575 4273/2484/3576
f 4276/2487/1733 4203/2413/1645 4200/2410/1642
f 4276/2487/1733 4200/2410/1642 4274/2485/3577
f 4277/2488/1734 4276/2487/1733 4274/2485/3577
f 4277/2488/1734 4274/2485/3577 4275/2486/1732
f 4278/2489/1735 4206/2416/3545 4203/2413/1645
f 4278/2489/1735 4203/2413/1645 4276/2487/1733
f 4279/2490/1736 4278/2489/1735 4276/2487/1733
f 4279/2490/1736 4276/2487/1733 4277/2488/1734
f 4280/2491/3578 4209/2419/3547 4206/2416/3545
f 4280/2491/3578 4206/2416/3545 4278/2489/1735
f 4281/2492/3579 4280/2491/3578 4278/2489/1735
f 4281/2492/3579 4278/2489/1735 4279/2490/1736
f 4282/2493/3580 4212/2422/1654 4209/2419/3547
f 4282/2493/3580 4209/2419/3547 4280/2491/3578
f 4283/2494/1740 4282/2493/3580 4280/2491/3578
f 4283/2494/1740 4280/2491/3578 4281/2492/3579
f 4284/2495/3581 4215/2425/3552 4212/2422/1654
f 4284/2495/3581 4212/2422/1654 4282/2493/3580
f 4285/2496/1742 4284/2495/3581 4282/2493/3580
f 4285/2496/1742 4282/2493/3580 4283/2494/1740
f 4286/2497/1743 4218/2428/1660 4215/2425/3552
f 4286/2497/1743 4215/2425/3552 4284/2495/3581
f 4287/2498/1744 4286/2497/1743 4284/2495/3581
f 4287/2498/1744 4284/2495/3581 4285/2496/1742
f 4288/2499/3582 4221/2431/1663 4218/2428/1660
f 4288/2499/3582 4218/2428/1660 4286/2497/1743
f 4289/2500/3583 4288/2499/3582 4286/2497/1743
f 4289/2500/3583 4286/2497/1743 4287/2498/1744
f 4290/2501/1747 4224/2434/3556 4221/2431/1663
f 4290/2501/1747 4221/2431/1663 4288/2499/3582
f 4291/2502/3584 4290/2501/1747 4288/2499/3582
f 4291/2502/3584 4288/2499/3582 4289/2500/3583
f 4292/2440/1749 4227/2436/1669 4224/2434/3556
f 4292/2440/1749 4224/2434/3556 4290/2501/1747
f 4293/2503/1750 4292/2440/1749 4290/2501/1747
f 4293/2503/1750 4290/2501/1747 4291/2502/3584
f 4295/2504/1752 4230/2439/1751 4292/2440/1749
f 4295/2504/1752 4292/2440/1749 4293/2503/1750
f 4294/2505/1829 4293/2503/1750 4291/2502/3584
f 4294/2505/1829 4291/2502/3584 4384/2506/1826
f 4296/2507/1832 4295/2504/1752 4293/2503/1750
f 4296/2507/1832 4293/2503/1750 4294/2505/1829
f 4297/2445/3560 4232/2441/3558 4230/2439/1751
f 4297/2445/3560 4230/2439/1751 4295/2504/1752
f 4298/2508/3585 4297/2445/3560 4295/2504/1752
f 4298/2508/3585 4295/2504/1752 4296/2507/1832
f 4300/2509/3586 4235/2444/1756 4297/2445/3560
f 4300/2509/3586 4297/2445/3560 4298/2508/3585
f 4299/2510/1834 4298/2508/3585 4296/2507/1832
f 4299/2510/1834 4296/2507/1832 4388/2511/1831
f 4301/2512/3587 4300/2509/3586 4298/2508/3585
f 4301/2512/3587 4298/2508/3585 4299/2510/1834
f 4302/2513/1841 4237/2446/1758 4235/2444/1756
f 4302/2513/1841 4235/2444/1756 4300/2509/3586
f 4304/2514/1840 4302/2513/1841 4300/2509/3586
f 4304/2514/1840 4300/2509/3586 4301/2512/3587
f 4306/2515/1843 4303/2516/3588 4302/2513/1841
f 4306/2515/1843 4302/2513/1841 4304/2514/1840
f 4303/2516/3588 4239/2448/3561 4237/2446/1758
f 4303/2516/3588 4237/2446/1758 4302/2513/1841
f 4307/2517/3589 4306/2515/1843 4304/2514/1840
f 4307/2517/3589 4304/2514/1840 4305/2518/3590
f 4305/2518/3590 4304/2514/1840 4301/2512/3587
f 4305/2518/3590 4301/2512/3587 4393/2519/3591
f 4308/2520/3592 4309/2521/1847 4303/2516/3588
f 4308/2520/3592 4303/2516/3588 4306/2515/1843
f 4310/2522/1848 4308/2520/3592 4306/2515/1843
f 4310/2522/1848 4306/2515/1843 4307/2517/3589
f 4311/2523/1849 4312/2524/3593 4309/2521/1847
f 4311/2523/1849 4309/2521/1847 4308/2520/3592
f 4313/2525/3594 4311/2523/1849 4308/2520/3592
f 4313/2525/3594 4308/2520/3592 4310/2522/1848
f 4314/2526/1852 4315/2527/1853 4312/2524/3593
f 4314/2526/1852 4312/2524/3593 4311/2523/1849
f 4316/2528/3595 4314/2526/1852 4311/2523/1849
f 4316/2528/3595 4311/2523/1849 4313/2525/3594
f 4317/2529/1855 4318/2530/1856 4315/2527/1853
f 4317/2529/1855 4315/2527/1853 4314/2526/1852
f 4319/2531/1857 4317/2529/1855 4314/2526/1852
f 4319/2531/1857 4314/2526/1852 4316/2528/3595
f 4320/2532/1858 4321/2533/3596 4318/2530/1856
f 4320/2532/1858 4318/2530/1856 4317/2529/1855
f 4322/2534/1860 4320/2532/1858 4317/2529/1855
f 4322/2534/1860 4317/2529/1855 4319/2531/1857
f 4323/2535/1861 4324/2536/3597 4321/2533/3596
f 4323/2535/1861 4321/2533/3596 4320/2532/1858
f 4325/2537/1863 4323/2535/1861 4320/2532/1858
f 4325/2537/1863 4320/2532/1858 4322/2534/1860
f 4326/2538/3598 4327/2539/1865 4324/2536/3597
f 4326/2538/3598 4324/2536/3597 4323/2535/1861
f 4328/2540/3599 4326/2538/3598 4323/2535/1861
f 4328/2540/3599 4323/2535/1861 4325/2537/1863
f 4329/2541/1867 4330/2542/1868 4327/2543/1865
f 4329/2541/1867 4327/2543/1865 4326/2544/3598
f 4331/2545/1869 4329/2541/1867 4326/2544/3598
f 4331/2545/1869 4326/2544/3598 4328/2546/3599
f 4332/2547/3600 4333/2548/1871 4330/2542/1868
f 4332/2547/3600 4330/2542/1868 4329/2541/1867
f 4334/2549/1872 4332/2547/3600 4329/2541/1867
f 4334/2549/1872 4329/2541/1867 4331/2545/1869
f 4335/2550/1873 4336/2551/1784 4333/2548/1871
f 4335/2550/1873 4333/2548/1871 4332/2547/3600
f 4337/2552/1874 4335/2550/1873 4332/2547/3600
f 4337/2552/1874 4332/2547/3600 4334/2549/1872
f 4338/2553/1875 4339/2554/1783 4336/2551/1784
f 4338/2553/1875 4336/2551/1784 4335/2550/1873
f 4340/2555/1876 4338/2553/1875 4335/2550/1873
f 4340/2555/1876 4335/2550/1873 4337/2552/1874
f 4341/2556/1789 4342/2557/1785 4339/2554/1783
f 4341/2556/1789 4339/2554/1783 4338/2553/1875
f 4343/2558/1877 4341/2556/1789 4338/2553/1875
f 4343/2558/1877 4338/2553/1875 4340/2555/1876
f 4344/2559/3601 4345/2560/1786 4342/2557/1785
f 4344/2559/3601 4342/2557/1785 4341/2556/1789
f 4346/2561/3602 4344/2559/3601 4341/2556/1789
f 4346/2561/3602 4341/2556/1789 4343/2558/1877
f 4347/2562/3603 4348/2563/3604 4345/2560/1786
f 4347/2562/3603 4345/2560/1786 4344/2559/3601
f 4349/2564/1797 4347/2562/3603 4344/2559/3601
f 4349/2564/1797 4344/2559/3601 4346/2561/3602
f 4350/2565/1792 4351/2566/1791 4348/2563/3604
f 4350/2565/1792 4348/2563/3604 4347/2562/3603
f 4352/2567/3605 4350/2565/1792 4347/2562/3603
f 4352/2567/3605 4347/2562/3603 4349/2564/1797
f 4353/2568/1793 4354/2569/1794 4351/2566/1791
f 4353/2568/1793 4351/2566/1791 4350/2565/1792
f 4355/2570/1795 4353/2568/1793 4350/2565/1792
f 4355/2570/1795 4350/2565/1792 4352/2567/3605
f 4356/2571/3606 4357/2572/1799 4354/2569/1794
f 4356/2571/3606 4354/2569/1794 4353/2568/1793
f 4358/2573/1800 4356/2571/3606 4353/2568/1793
f 4358/2573/1800 4353/2568/1793 4355/2570/1795
f 4359/2574/1801 4360/2575/1802 4357/2572/1799
f 4359/2574/1801 4357/2572/1799 4356/2571/3606
f 4361/2576/1803 4359/2574/1801 4356/2571/3606
f 4361/2576/1803 4356/2571/3606 4358/2573/1800
f 4362/2577/1804 4363/2578/1805 4360/2575/1802
f 4362/2577/1804 4360/2575/1802 4359/2574/1801
f 4364/2579/3607 4362/2577/1804 4359/2574/1801
f 4364/2579/3607 4359/2574/1801 4361/2576/1803
f 4365/2580/1807 4366/2581/1808 4363/2578/1805
f 4365/2580/1807 4363/2578/1805 4362/2577/1804
f 4367/2582/3608 4365/2580/1807 4362/2577/1804
f 4367/2582/3608 4362/2577/1804 4364/2579/3607
f 4368/2583/3609 4369/2584/1811 4366/2581/1808
f 4368/2583/3609 4366/2581/1808 4365/2580/1807
f 4370/2585/1812 4368/2583/3609 4365/2580/1807
f 4370/2585/1812 4365/2580/1807 4367/2582/3608
f 4371/2586/1813 4372/2587/3610 4369/2584/1811
f 4371/2586/1813 4369/2584/1811 4368/2583/3609
f 4373/2588/1815 4371/2586/1813 4368/2583/3609
f 4373/2588/1815 4368/2583/3609 4370/2585/1812
f 4374/2589/1816 4375/2590/1817 4372/2587/3610
f 4374/2589/1816 4372/2587/3610 4371/2586/1813
f 4376/2591/3611 4374/2589/1816 4371/2586/1813
f 4376/2591/3611 4371/2586/1813 4373/2588/1815
f 4377/2592/3612 4378/2593/1820 4375/2590/1817
f 4377/2592/3612 4375/2590/1817 4374/2589/1816
f 4379/2594/1821 4377/2592/3612 4374/2589/1816
f 4379/2594/1821 4374/2589/1816 4376/2591/3611
f 4380/2595/3613 4381/2596/1823 4378/2593/1820
f 4380/2595/3613 4378/2593/1820 4377/2592/3612
f 4382/2597/1824 4380/2595/3613 4377/2592/3612
f 4382/2597/1824 4377/2592/3612 4379/2594/1821
f 4383/2598/3614 4384/2506/1826 4381/2596/1823
f 4383/2598/3614 4381/2596/1823 4380/2595/3613
f 4385/2599/3615 4383/2598/3614 4380/2595/3613
f 4385/2599/3615 4380/2595/3613 4382/2597/1824
f 4386/2600/1828 4294/2505/1829 4384/2506/1826
f 4386/2600/1828 4384/2506/1826 4383/2598/3614
f 4387/2601/1830 4386/2600/1828 4383/2598/3614
f 4387/2601/1830 4383/2598/3614 4385/2599/3615
f 4388/2511/1831 4296/2507/1832 4294/2505/1829
f 4388/2511/1831 4294/2505/1829 4386/2600/1828
f 4389/2602/1833 4388/2511/1831 4386/2600/1828
f 4389/2602/1833 4386/2600/1828 4387/2601/1830
f 4391/2603/3616 4299/2510/1834 4388/2511/1831
f 4391/2603/3616 4388/2511/1831 4389/2602/1833
f 4390/2604/1911 4389/2602/1833 4387/2601/1830
f 4390/2604/1911 4387/2601/1830 4452/2605/1909
f 4392/2606/1913 4391/2603/3616 4389/2602/1833
f 4392/2606/1913 4389/2602/1833 4390/2604/1911
f 4393/2519/3591 4301/2512/3587 4299/2510/1834
f 4393/2519/3591 4299/2510/1834 4391/2603/3616
f 4394/2607/3617 4393/2519/3591 4391/2603/3616
f 4394/2607/3617 4391/2603/3616 4392/2606/1913
f 4396/2608/3618 4305/2518/3590 4393/2519/3591
f 4396/2608/3618 4393/2519/3591 4394/2607/3617
f 4395/2609/3619 4394/2607/3617 4392/2606/1913
f 4395/2609/3619 4392/2606/1913 4457/2610/3620
f 4397/2611/1918 4396/2608/3618 4394/2607/3617
f 4397/2611/1918 4394/2607/3617 4395/2609/3619
f 4399/2612/3621 4398/2613/1919 4396/2608/3618
f 4399/2612/3621 4396/2608/3618 4397/2611/1918
f 4398/2613/1919 4307/2517/3589 4305/2518/3590
f 4398/2613/1919 4305/2518/3590 4396/2608/3618
f 4400/2614/3622 4310/2522/1848 4307/2517/3589
f 4400/2614/3622 4307/2517/3589 4398/2613/1919
f 4401/2615/1922 4400/2614/3622 4398/2613/1919
f 4401/2615/1922 4398/2613/1919 4399/2612/3621
f 4402/2616/1923 4313/2525/3594 4310/2522/1848
f 4402/2616/1923 4310/2522/1848 4400/2614/3622
f 4403/2617/3623 4402/2616/1923 4400/2614/3622
f 4403/2617/3623 4400/2614/3622 4401/2615/1922
f 4404/2618/3624 4316/2528/3595 4313/2525/3594
f 4404/2618/3624 4313/2525/3594 4402/2616/1923
f 4405/2619/3625 4404/2618/3624 4402/2616/1923
f 4405/2619/3625 4402/2616/1923 4403/2617/3623
f 4406/2620/1927 4319/2531/1857 4316/2528/3595
f 4406/2620/1927 4316/2528/3595 4404/2618/3624
f 4407/2621/3626 4406/2620/1927 4404/2618/3624
f 4407/2621/3626 4404/2618/3624 4405/2619/3625
f 4408/2622/1929 4322/2534/1860 4319/2531/1857
f 4408/2622/1929 4319/2531/1857 4406/2620/1927
f 4409/2623/1930 4408/2622/1929 4406/2620/1927
f 4409/2623/1930 4406/2620/1927 4407/2621/3626
f 4410/2624/3627 4325/2537/1863 4322/2534/1860
f 4410/2624/3627 4322/2534/1860 4408/2622/1929
f 4411/2625/1932 4410/2624/3627 4408/2622/1929
f 4411/2625/1932 4408/2622/1929 4409/2623/1930
f 4412/2626/3628 4328/2540/3599 4325/2537/1863
f 4412/2626/3628 4325/2537/1863 4410/2624/3627
f 4413/2627/1934 4412/2626/3628 4410/2624/3627
f 4413/2627/1934 4410/2624/3627 4411/2625/1932
f 4414/2628/3629 4331/2545/1869 4328/2546/3599
f 4414/2628/3629 4328/2546/3599 4412/2629/3628
f 4415/2630/1936 4414/2628/3629 4412/2629/3628
f 4415/2630/1936 4412/2629/3628 4413/2631/1934
f 4416/2632/1937 4334/2549/1872 4331/2545/1869
f 4416/2632/1937 4331/2545/1869 4414/2628/3629
f 4417/2633/1938 4416/2632/1937 4414/2628/3629
f 4417/2633/1938 4414/2628/3629 4415/2630/1936
f 4418/2634/3630 4337/2552/1874 4334/2549/1872
f 4418/2634/3630 4334/2549/1872 4416/2632/1937
f 4419/2635/1940 4418/2634/3630 4416/2632/1937
f 4419/2635/1940 4416/2632/1937 4417/2633/1938
f 4420/2636/3631 4340/2555/1876 4337/2552/1874
f 4420/2636/3631 4337/2552/1874 4418/2634/3630
f 4421/2637/1941 4420/2636/3631 4418/2634/3630
f 4421/2637/1941 4418/2634/3630 4419/2635/1940
f 4422/2638/1879 4343/2558/1877 4340/2555/1876
f 4422/2638/1879 4340/2555/1876 4420/2636/3631
f 4423/2639/3632 4422/2638/1879 4420/2636/3631
f 4423/2639/3632 4420/2636/3631 4421/2637/1941
f 4424/2640/1881 4346/2561/3602 4343/2558/1877
f 4424/2640/1881 4343/2558/1877 4422/2638/1879
f 4425/2641/1885 4424/2640/1881 4422/2638/1879
f 4425/2641/1885 4422/2638/1879 4423/2639/3632
f 4426/2642/1882 4349/2564/1797 4346/2561/3602
f 4426/2642/1882 4346/2561/3602 4424/2640/1881
f 4427/2643/1884 4426/2642/1882 4424/2640/1881
f 4427/2643/1884 4424/2640/1881 4425/2641/1885
f 4428/2644/1883 4352/2567/3605 4349/2564/1797
f 4428/2644/1883 4349/2564/1797 4426/2642/1882
f 4429/2645/1886 4428/2644/1883 4426/2642/1882
f 4429/2645/1886 4426/2642/1882 4427/2643/1884
f 4430/2646/1888 4355/2570/1795 4352/2567/3605
f 4430/2646/1888 4352/2567/3605 4428/2644/1883
f 4431/2647/1887 4430/2646/1888 4428/2644/1883
f 4431/2647/1887 4428/2644/1883 4429/2645/1886
f 4432/2648/3633 4358/2573/1800 4355/2570/1795
f 4432/2648/3633 4355/2570/1795 4430/2646/1888
f 4433/2649/3634 4432/2648/3633 4430/2646/1888
f 4433/2649/3634 4430/2646/1888 4431/2647/1887
f 4434/2650/3635 4361/2576/1803 4358/2573/1800
f 4434/2650/3635 4358/2573/1800 4432/2648/3633
f 4435/2651/1892 4434/2650/3635 4432/2648/3633
f 4435/2651/1892 4432/2648/3633 4433/2649/3634
f 4436/2652/1893 4364/2579/3607 4361/2576/1803
f 4436/2652/1893 4361/2576/1803 4434/2650/3635
f 4437/2653/3636 4436/2652/1893 4434/2650/3635
f 4437/2653/3636 4434/2650/3635 4435/2651/1892
f 4438/2654/3637 4367/2582/3608 4364/2579/3607
f 4438/2654/3637 4364/2579/3607 4436/2652/1893
f 4439/2655/1896 4438/2654/3637 4436/2652/1893
f 4439/2655/1896 4436/2652/1893 4437/2653/3636
f 4440/2656/1897 4370/2585/1812 4367/2582/3608
f 4440/2656/1897 4367/2582/3608 4438/2654/3637
f 4441/2657/1898 4440/2656/1897 4438/2654/3637
f 4441/2657/1898 4438/2654/3637 4439/2655/1896
f 4442/2658/3638 4373/2588/1815 4370/2585/1812
f 4442/2658/3638 4370/2585/1812 4440/2656/1897
f 4443/2659/3639 4442/2658/3638 4440/2656/1897
f 4443/2659/3639 4440/2656/1897 4441/2657/1898
f 4444/2660/1901 4376/2591/3611 4373/2588/1815
f 4444/2660/1901 4373/2588/1815 4442/2658/3638
f 4445/2661/1902 4444/2660/1901 4442/2658/3638
f 4445/2661/1902 4442/2658/3638 4443/2659/3639
f 4446/2662/1903 4379/2594/1821 4376/2591/3611
f 4446/2662/1903 4376/2591/3611 4444/2660/1901
f 4447/2663/3640 4446/2662/1903 4444/2660/1901
f 4447/2663/3640 4444/2660/1901 4445/2661/1902
f 4448/2664/1905 4382/2597/1824 4379/2594/1821
f 4448/2664/1905 4379/2594/1821 4446/2662/1903
f 4449/2665/3641 4448/2664/1905 4446/2662/1903
f 4449/2665/3641 4446/2662/1903 4447/2663/3640
f 4450/2666/3642 4385/2599/3615 4382/2597/1824
f 4450/2666/3642 4382/2597/1824 4448/2664/1905
f 4451/2667/3643 4450/2666/3642 4448/2664/1905
f 4451/2667/3643 4448/2664/1905 4449/2665/3641
f 4452/2605/1909 4387/2601/1830 4385/2599/3615
f 4452/2605/1909 4385/2599/3615 4450/2666/3642
f 4453/2668/1910 4452/2605/1909 4450/2666/3642
f 4453/2668/1910 4450/2666/3642 4451/2667/3643
f 4455/2669/1912 4390/2604/1911 4452/2605/1909
f 4455/2669/1912 4452/2605/1909 4453/2668/1910
f 4454/2670/1975 4453/2668/1910 4451/2667/3643
f 4454/2670/1975 4451/2667/3643 4516/2671/1973
f 4456/2672/1977 4455/2669/1912 4453/2668/1910
f 4456/2672/1977 4453/2668/1910 4454/2670/1975
f 4457/2610/3620 4392/2606/1913 4390/2604/1911
f 4457/2610/3620 4390/2604/1911 4455/2669/1912
f 4458/2673/3644 4457/2610/3620 4455/2669/1912
f 4458/2673/3644 4455/2669/1912 4456/2672/1977
f 4460/2674/3645 4395/2609/3619 4457/2610/3620
f 4460/2674/3645 4457/2610/3620 4458/2673/3644
f 4459/2675/1980 4458/2673/3644 4456/2672/1977
f 4459/2675/1980 4456/2672/1977 4521/2676/3646
f 4461/2677/3647 4460/2674/3645 4458/2673/3644
f 4461/2677/3647 4458/2673/3644 4459/2675/1980
f 4462/2678/1983 4397/2611/1918 4395/2609/3619
f 4462/2678/1983 4395/2609/3619 4460/2674/3645
f 4463/2679/1984 4462/2678/1983 4460/2674/3645
f 4463/2679/1984 4460/2674/3645 4461/2677/3647
f 4465/2680/3648 4464/2681/1985 4462/2678/1983
f 4465/2680/3648 4462/2678/1983 4463/2679/1984
f 4464/2681/1985 4399/2612/3621 4397/2611/1918
f 4464/2681/1985 4397/2611/1918 4462/2678/1983
f 4466/2682/1987 4401/2615/1922 4399/2612/3621
f 4466/2682/1987 4399/2612/3621 4464/2681/1985
f 4467/2683/3649 4466/2682/1987 4464/2681/1985
f 4467/2683/3649 4464/2681/1985 4465/2680/3648
f 4468/2684/1989 4403/2617/3623 4401/2615/1922
f 4468/2684/1989 4401/2615/1922 4466/2682/1987
f 4469/2685/1990 4468/2684/1989 4466/2682/1987
f 4469/2685/1990 4466/2682/1987 4467/2683/3649
f 4470/2686/1991 4405/2619/3625 4403/2617/3623
f 4470/2686/1991 4403/2617/3623 4468/2684/1989
f 4471/2687/3650 4470/2686/1991 4468/2684/1989
f 4471/2687/3650 4468/2684/1989 4469/2685/1990
f 4472/2688/3651 4407/2621/3626 4405/2619/3625
f 4472/2688/3651 4405/2619/3625 4470/2686/1991
f 4473/2689/3652 4472/2688/3651 4470/2686/1991
f 4473/2689/3652 4470/2686/1991 4471/2687/3650
f 4474/2690/1995 4409/2623/1930 4407/2621/3626
f 4474/2690/1995 4407/2621/3626 4472/2688/3651
f 4475/2691/3653 4474/2690/1995 4472/2688/3651
f 4475/2691/3653 4472/2688/3651 4473/2689/3652
f 4476/2692/1997 4411/2625/1932 4409/2623/1930
f 4476/2692/1997 4409/2623/1930 4474/2690/1995
f 4477/2693/3654 4476/2692/1997 4474/2690/1995
f 4477/2693/3654 4474/2690/1995 4475/2691/3653
f 4478/2694/1999 4413/2627/1934 4411/2625/1932
f 4478/2694/1999 4411/2625/1932 4476/2692/1997
f 4479/2695/2000 4478/2694/1999 4476/2692/1997
f 4479/2695/2000 4476/2692/1997 4477/2693/3654
f 4480/2696/2001 4415/2630/1936 4413/2631/1934
f 4480/2696/2001 4413/2631/1934 4478/2697/1999
f 4481/2698/3655 4480/2696/2001 4478/2697/1999
f 4481/2698/3655 4478/2697/1999 4479/2699/2000
f 4482/2700/3656 4417/2633/1938 4415/2630/1936
f 4482/2700/3656 4415/2630/1936 4480/2696/2001
f 4483/2701/2004 4482/2700/3656 4480/2696/2001
f 4483/2701/2004 4480/2696/2001 4481/2698/3655
f 4484/2702/3657 4419/2635/1940 4417/2633/1938
f 4484/2702/3657 4417/2633/1938 4482/2700/3656
f 4485/2703/3658 4484/2702/3657 4482/2700/3656
f 4485/2703/3658 4482/2700/3656 4483/2701/2004
f 4486/2704/3659 4421/2637/1941 4419/2635/1940
f 4486/2704/3659 4419/2635/1940 4484/2702/3657
f 4487/2705/2006 4486/2704/3659 4484/2702/3657
f 4487/2705/2006 4484/2702/3657 4485/2703/3658
f 4488/2706/3660 4423/2639/3632 4421/2637/1941
f 4488/2706/3660 4421/2637/1941 4486/2704/3659
f 4489/2707/3661 4488/2706/3660 4486/2704/3659
f 4489/2707/3661 4486/2704/3659 4487/2705/2006
f 4490/2708/1946 4425/2641/1885 4423/2639/3632
f 4490/2708/1946 4423/2639/3632 4488/2706/3660
f 4491/2709/1948 4490/2708/1946 4488/2706/3660
f 4491/2709/1948 4488/2706/3660 4489/2707/3661
f 4492/2710/3662 4427/2643/1884 4425/2641/1885
f 4492/2710/3662 4425/2641/1885 4490/2708/1946
f 4493/2711/3663 4492/2710/3662 4490/2708/1946
f 4493/2711/3663 4490/2708/1946 4491/2709/1948
f 4494/2712/1951 4429/2645/1886 4427/2643/1884
f 4494/2712/1951 4427/2643/1884 4492/2710/3662
f 4495/2713/1952 4494/2712/1951 4492/2710/3662
f 4495/2713/1952 4492/2710/3662 4493/2711/3663
f 4496/2714/1954 4431/2647/1887 4429/2645/1886
f 4496/2714/1954 4429/2645/1886 4494/2712/1951
f 4497/2715/3664 4496/2714/1954 4494/2712/1951
f 4497/2715/3664 4494/2712/1951 4495/2713/1952
f 4498/2716/3665 4433/2649/3634 4431/2647/1887
f 4498/2716/3665 4431/2647/1887 4496/2714/1954
f 4499/2717/3666 4498/2716/3665 4496/2714/1954
f 4499/2717/3666 4496/2714/1954 4497/2715/3664
f 4500/2718/3667 4435/2651/1892 4433/2649/3634
f 4500/2718/3667 4433/2649/3634 4498/2716/3665
f 4501/2719/3668 4500/2718/3667 4498/2716/3665
f 4501/2719/3668 4498/2716/3665 4499/2717/3666
f 4502/2720/3669 4437/2653/3636 4435/2651/1892
f 4502/2720/3669 4435/2651/1892 4500/2718/3667
f 4503/2721/3670 4502/2720/3669 4500/2718/3667
f 4503/2721/3670 4500/2718/3667 4501/2719/3668
f 4504/2722/3671 4439/2655/1896 4437/2653/3636
f 4504/2722/3671 4437/2653/3636 4502/2720/3669
f 4505/2723/1962 4504/2722/3671 4502/2720/3669
f 4505/2723/1962 4502/2720/3669 4503/2721/3670
f 4506/2724/1963 4441/2657/1898 4439/2655/1896
f 4506/2724/1963 4439/2655/1896 4504/2722/3671
f 4507/2725/1964 4506/2724/1963 4504/2722/3671
f 4507/2725/1964 4504/2722/3671 4505/2723/1962
f 4508/2726/1965 4443/2659/3639 4441/2657/1898
f 4508/2726/1965 4441/2657/1898 4506/2724/1963
f 4509/2727/1966 4508/2726/1965 4506/2724/1963
f 4509/2727/1966 4506/2724/1963 4507/2725/1964
f 4510/2728/1967 4445/2661/1902 4443/2659/3639
f 4510/2728/1967 4443/2659/3639 4508/2726/1965
f 4511/2729/1968 4510/2728/1967 4508/2726/1965
f 4511/2729/1968 4508/2726/1965 4509/2727/1966
f 4512/2730/3672 4447/2663/3640 4445/2661/1902
f 4512/2730/3672 4445/2661/1902 4510/2728/1967
f 4513/2731/1970 4512/2730/3672 4510/2728/1967
f 4513/2731/1970 4510/2728/1967 4511/2729/1968
f 4514/2732/3673 4449/2665/3641 4447/2663/3640
f 4514/2732/3673 4447/2663/3640 4512/2730/3672
f 4515/2733/3674 4514/2732/3673 4512/2730/3672
f 4515/2733/3674 4512/2730/3672 4513/2731/1970
f 4516/2671/1973 4451/2667/3643 4449/2665/3641
f 4516/2671/1973 4449/2665/3641 4514/2732/3673
f 4517/2734/1974 4516/2671/1973 4514/2732/3673
f 4517/2734/1974 4514/2732/3673 4515/2733/3674
f 4519/2735/3675 4454/2670/1975 4516/2671/1973
f 4519/2735/3675 4516/2671/1973 4517/2734/1974
f 4518/2736/2039 4517/2734/1974 4515/2733/3674
f 4518/2736/2039 4515/2733/3674 4580/2737/2037
f 4520/2738/2041 4519/2735/3675 4517/2734/1974
f 4520/2738/2041 4517/2734/1974 4518/2736/2039
f 4521/2676/3646 4456/2672/1977 4454/2670/1975
f 4521/2676/3646 4454/2670/1975 4519/2735/3675
f 4522/2739/3676 4521/2676/3646 4519/2735/3675
f 4522/2739/3676 4519/2735/3675 4520/2738/2041
f 4524/2740/3677 4459/2675/1980 4521/2676/3646
f 4524/2740/3677 4521/2676/3646 4522/2739/3676
f 4523/2741/3678 4522/2739/3676 4520/2738/2041
f 4523/2741/3678 4520/2738/2041 4585/2742/2042
f 4525/2743/3679 4524/2740/3677 4522/2739/3676
f 4525/2743/3679 4522/2739/3676 4523/2741/3678
f 4526/2744/3680 4461/2677/3647 4459/2675/1980
f 4526/2744/3680 4459/2675/1980 4524/2740/3677
f 4527/2745/2048 4526/2744/3680 4524/2740/3677
f 4527/2745/2048 4524/2740/3677 4525/2743/3679
f 4528/2746/3681 4463/2679/1984 4461/2677/3647
f 4528/2746/3681 4461/2677/3647 4526/2744/3680
f 4529/2747/3682 4528/2746/3681 4526/2744/3680
f 4529/2747/3682 4526/2744/3680 4527/2745/2048
f 4530/2748/2051 4465/2680/3648 4463/2679/1984
f 4530/2748/2051 4463/2679/1984 4528/2746/3681
f 4531/2749/3683 4530/2748/2051 4528/2746/3681
f 4531/2749/3683 4528/2746/3681 4529/2747/3682
f 4532/2750/2053 4467/2683/3649 4465/2680/3648
f 4532/2750/2053 4465/2680/3648 4530/2748/2051
f 4533/2751/3684 4532/2750/2053 4530/2748/2051
f 4533/2751/3684 4530/2748/2051 4531/2749/3683
f 4534/2752/2055 4469/2685/1990 4467/2683/3649
f 4534/2752/2055 4467/2683/3649 4532/2750/2053
f 4535/2753/2056 4534/2752/2055 4532/2750/2053
f 4535/2753/2056 4532/2750/2053 4533/2751/3684
f 4536/2754/3685 4471/2687/3650 4469/2685/1990
f 4536/2754/3685 4469/2685/1990 4534/2752/2055
f 4537/2755/2058 4536/2754/3685 4534/2752/2055
f 4537/2755/2058 4534/2752/2055 4535/2753/2056
f 4538/2756/3686 4473/2689/3652 4471/2687/3650
f 4538/2756/3686 4471/2687/3650 4536/2754/3685
f 4539/2757/2060 4538/2756/3686 4536/2754/3685
f 4539/2757/2060 4536/2754/3685 4537/2755/2058
f 4540/2758/2061 4475/2691/3653 4473/2689/3652
f 4540/2758/2061 4473/2689/3652 4538/2756/3686
f 4541/2759/2062 4540/2758/2061 4538/2756/3686
f 4541/2759/2062 4538/2756/3686 4539/2757/2060
f 4542/2760/3687 4477/2693/3654 4475/2691/3653
f 4542/2760/3687 4475/2691/3653 4540/2758/2061
f 4543/2761/2064 4542/2760/3687 4540/2758/2061
f 4543/2761/2064 4540/2758/2061 4541/2759/2062
f 4544/2762/2065 4479/2695/2000 4477/2693/3654
f 4544/2762/2065 4477/2693/3654 4542/2760/3687
f 4545/2763/2066 4544/2762/2065 4542/2760/3687
f 4545/2763/2066 4542/2760/3687 4543/2761/2064
f 4546/2764/2067 4481/2698/3655 4479/2699/2000
f 4546/2764/2067 4479/2699/2000 4544/2765/2065
f 4547/2766/2068 4546/2764/2067 4544/2765/2065
f 4547/2766/2068 4544/2765/2065 4545/2767/2066
f 4548/2768/3688 4483/2701/2004 4481/2698/3655
f 4548/2768/3688 4481/2698/3655 4546/2764/2067
f 4549/2769/2069 4548/2768/3688 4546/2764/2067
f 4549/2769/2069 4546/2764/2067 4547/2766/2068
f 4550/2770/2007 4485/2703/3658 4483/2701/2004
f 4550/2770/2007 4483/2701/2004 4548/2768/3688
f 4551/2771/3689 4550/2770/2007 4548/2768/3688
f 4551/2771/3689 4548/2768/3688 4549/2769/2069
f 4552/2772/2009 4487/2705/2006 4485/2703/3658
f 4552/2772/2009 4485/2703/3658 4550/2770/2007
f 4553/2773/3690 4552/2772/2009 4550/2770/2007
f 4553/2773/3690 4550/2770/2007 4551/2771/3689
f 4554/2774/3691 4489/2707/3661 4487/2705/2006
f 4554/2774/3691 4487/2705/2006 4552/2772/2009
f 4555/2775/2012 4554/2774/3691 4552/2772/2009
f 4555/2775/2012 4552/2772/2009 4553/2773/3690
f 4556/2776/2011 4491/2709/1948 4489/2707/3661
f 4556/2776/2011 4489/2707/3661 4554/2774/3691
f 4557/2777/2014 4556/2776/2011 4554/2774/3691
f 4557/2777/2014 4554/2774/3691 4555/2775/2012
f 4558/2778/2015 4493/2711/3663 4491/2709/1948
f 4558/2778/2015 4491/2709/1948 4556/2776/2011
f 4559/2779/2016 4558/2778/2015 4556/2776/2011
f 4559/2779/2016 4556/2776/2011 4557/2777/2014
f 4560/2780/2017 4495/2713/1952 4493/2711/3663
f 4560/2780/2017 4493/2711/3663 4558/2778/2015
f 4561/2781/2018 4560/2780/2017 4558/2778/2015
f 4561/2781/2018 4558/2778/2015 4559/2779/2016
f 4562/2782/3692 4497/2715/3664 4495/2713/1952
f 4562/2782/3692 4495/2713/1952 4560/2780/2017
f 4563/2783/2020 4562/2782/3692 4560/2780/2017
f 4563/2783/2020 4560/2780/2017 4561/2781/2018
f 4564/2784/3693 4499/2717/3666 4497/2715/3664
f 4564/2784/3693 4497/2715/3664 4562/2782/3692
f 4565/2785/3694 4564/2784/3693 4562/2782/3692
f 4565/2785/3694 4562/2782/3692 4563/2783/2020
f 4566/2786/2023 4501/2719/3668 4499/2717/3666
f 4566/2786/2023 4499/2717/3666 4564/2784/3693
f 4567/2787/3695 4566/2786/2023 4564/2784/3693
f 4567/2787/3695 4564/2784/3693 4565/2785/3694
f 4568/2788/2025 4503/2721/3670 4501/2719/3668
f 4568/2788/2025 4501/2719/3668 4566/2786/2023
f 4569/2789/3696 4568/2788/2025 4566/2786/2023
f 4569/2789/3696 4566/2786/2023 4567/2787/3695
f 4570/2790/3697 4505/2723/1962 4503/2721/3670
f 4570/2790/3697 4503/2721/3670 4568/2788/2025
f 4571/2791/2028 4570/2790/3697 4568/2788/2025
f 4571/2791/2028 4568/2788/2025 4569/2789/3696
f 4572/2792/2029 4507/2725/1964 4505/2723/1962
f 4572/2792/2029 4505/2723/1962 4570/2790/3697
f 4573/2793/3698 4572/2792/2029 4570/2790/3697
f 4573/2793/3698 4570/2790/3697 4571/2791/2028
f 4574/2794/2031 4509/2727/1966 4507/2725/1964
f 4574/2794/2031 4507/2725/1964 4572/2792/2029
f 4575/2795/3699 4574/2794/2031 4572/2792/2029
f 4575/2795/3699 4572/2792/2029 4573/2793/3698
f 4576/2796/3700 4511/2729/1968 4509/2727/1966
f 4576/2796/3700 4509/2727/1966 4574/2794/2031
f 4577/2797/2034 4576/2796/3700 4574/2794/2031
f 4577/2797/2034 4574/2794/2031 4575/2795/3699
f 4578/2798/3701 4513/2731/1970 4511/2729/1968
f 4578/2798/3701 4511/2729/1968 4576/2796/3700
f 4579/2799/2036 4578/2798/3701 4576/2796/3700
f 4579/2799/2036 4576/2796/3700 4577/2797/2034
f 4580/2737/2037 4515/2733/3674 4513/2731/1970
f 4580/2737/2037 4513/2731/1970 4578/2798/3701
f 4581/2800/2038 4580/2737/2037 4578/2798/3701
f 4581/2800/2038 4578/2798/3701 4579/2799/2036
f 4583/2801/2040 4518/2736/2039 4580/2737/2037
f 4583/2801/2040 4580/2737/2037 4581/2800/2038
f 4582/2802/2103 4581/2800/2038 4579/2799/2036
f 4582/2802/2103 4579/2799/2036 4644/2803/3702
f 4584/2804/3703 4583/2801/2040 4581/2800/2038
f 4584/2804/3703 4581/2800/2038 4582/2802/2103
f 4585/2742/2042 4520/2738/2041 4518/2736/2039
f 4585/2742/2042 4518/2736/2039 4583/2801/2040
f 4586/2805/3704 4585/2742/2042 4583/2801/2040
f 4586/2805/3704 4583/2801/2040 4584/2804/3703
f 4588/2806/3705 4523/2741/3678 4585/2742/2042
f 4588/2806/3705 4585/2742/2042 4586/2805/3704
f 4587/2807/2108 4586/2805/3704 4584/2804/3703
f 4587/2807/2108 4584/2804/3703 4649/2808/2106
f 4589/2809/3706 4588/2806/3705 4586/2805/3704
f 4589/2809/3706 4586/2805/3704 4587/2807/2108
f 4590/2810/3707 4525/2743/3679 4523/2741/3678
f 4590/2810/3707 4523/2741/3678 4588/2806/3705
f 4591/2811/3708 4590/2810/3707 4588/2806/3705
f 4591/2811/3708 4588/2806/3705 4589/2809/3706
f 4592/2812/3709 4527/2745/2048 4525/2743/3679
f 4592/2812/3709 4525/2743/3679 4590/2810/3707
f 4593/2813/3710 4592/2812/3709 4590/2810/3707
f 4593/2813/3710 4590/2810/3707 4591/2811/3708
f 4594/2814/3711 4529/2747/3682 4527/2745/2048
f 4594/2814/3711 4527/2745/2048 4592/2812/3709
f 4595/2815/3712 4594/2814/3711 4592/2812/3709
f 4595/2815/3712 4592/2812/3709 4593/2813/3710
f 4597/2816/3713 4596/2817/2117 4594/2814/3711
f 4597/2816/3713 4594/2814/3711 4595/2815/3712
f 4596/2817/2117 4531/2749/3683 4529/2747/3682
f 4596/2817/2117 4529/2747/3682 4594/2814/3711
f 4598/2818/2119 4533/2751/3684 4531/2749/3683
f 4598/2818/2119 4531/2749/3683 4596/2817/2117
f 4599/2819/3714 4598/2818/2119 4596/2817/2117
f 4599/2819/3714 4596/2817/2117 4597/2816/3713
f 4600/2820/2121 4535/2753/2056 4533/2751/3684
f 4600/2820/2121 4533/2751/3684 4598/2818/2119
f 4601/2821/2122 4600/2820/2121 4598/2818/2119
f 4601/2821/2122 4598/2818/2119 4599/2819/3714
f 4602/2822/2123 4537/2755/2058 4535/2753/2056
f 4602/2822/2123 4535/2753/2056 4600/2820/2121
f 4603/2823/3715 4602/2822/2123 4600/2820/2121
f 4603/2823/3715 4600/2820/2121 4601/2821/2122
f 4604/2824/3716 4539/2757/2060 4537/2755/2058
f 4604/2824/3716 4537/2755/2058 4602/2822/2123
f 4605/2825/2126 4604/2824/3716 4602/2822/2123
f 4605/2825/2126 4602/2822/2123 4603/2823/3715
f 4606/2826/2127 4541/2759/2062 4539/2757/2060
f 4606/2826/2127 4539/2757/2060 4604/2824/3716
f 4607/2827/2128 4606/2826/2127 4604/2824/3716
f 4607/2827/2128 4604/2824/3716 4605/2825/2126
f 4608/2828/3717 4543/2761/2064 4541/2759/2062
f 4608/2828/3717 4541/2759/2062 4606/2826/2127
f 4609/2829/2130 4608/2828/3717 4606/2826/2127
f 4609/2829/2130 4606/2826/2127 4607/2827/2128
f 4610/2830/2131 4545/2763/2066 4543/2761/2064
f 4610/2830/2131 4543/2761/2064 4608/2828/3717
f 4611/2831/2132 4610/2830/2131 4608/2828/3717
f 4611/2831/2132 4608/2828/3717 4609/2829/2130
f 4612/2832/3718 4547/2766/2068 4545/2767/2066
f 4612/2832/3718 4545/2767/2066 4610/2833/2131
f 4613/2834/2133 4612/2832/3718 4610/2833/2131
f 4613/2834/2133 4610/2833/2131 4611/2835/2132
f 4614/2836/2071 4549/2769/2069 4547/2766/2068
f 4614/2836/2071 4547/2766/2068 4612/2832/3718
f 4615/2837/2134 4614/2836/2071 4612/2832/3718
f 4615/2837/2134 4612/2832/3718 4613/2834/2133
f 4616/2838/3719 4551/2771/3689 4549/2769/2069
f 4616/2838/3719 4549/2769/2069 4614/2836/2071
f 4617/2839/2077 4616/2838/3719 4614/2836/2071
f 4617/2839/2077 4614/2836/2071 4615/2837/2134
f 4618/2840/2074 4553/2773/3690 4551/2771/3689
f 4618/2840/2074 4551/2771/3689 4616/2838/3719
f 4619/2841/2076 4618/2840/2074 4616/2838/3719
f 4619/2841/2076 4616/2838/3719 4617/2839/2077
f 4620/2842/3720 4555/2775/2012 4553/2773/3690
f 4620/2842/3720 4553/2773/3690 4618/2840/2074
f 4621/2843/3721 4620/2842/3720 4618/2840/2074
f 4621/2843/3721 4618/2840/2074 4619/2841/2076
f 4622/2844/3722 4557/2777/2014 4555/2775/2012
f 4622/2844/3722 4555/2775/2012 4620/2842/3720
f 4623/2845/3723 4622/2844/3722 4620/2842/3720
f 4623/2845/3723 4620/2842/3720 4621/2843/3721
f 4624/2846/2081 4559/2779/2016 4557/2777/2014
f 4624/2846/2081 4557/2777/2014 4622/2844/3722
f 4625/2847/2082 4624/2846/2081 4622/2844/3722
f 4625/2847/2082 4622/2844/3722 4623/2845/3723
f 4626/2848/3724 4561/2781/2018 4559/2779/2016
f 4626/2848/3724 4559/2779/2016 4624/2846/2081
f 4627/2849/3725 4626/2848/3724 4624/2846/2081
f 4627/2849/3725 4624/2846/2081 4625/2847/2082
f 4628/2850/3726 4563/2783/2020 4561/2781/2018
f 4628/2850/3726 4561/2781/2018 4626/2848/3724
f 4629/2851/2085 4628/2850/3726 4626/2848/3724
f 4629/2851/2085 4626/2848/3724 4627/2849/3725
f 4630/2852/3727 4565/2785/3694 4563/2783/2020
f 4630/2852/3727 4563/2783/2020 4628/2850/3726
f 4631/2853/2088 4630/2852/3727 4628/2850/3726
f 4631/2853/2088 4628/2850/3726 4629/2851/2085
f 4632/2854/2089 4567/2787/3695 4565/2785/3694
f 4632/2854/2089 4565/2785/3694 4630/2852/3727
f 4633/2855/3728 4632/2854/2089 4630/2852/3727
f 4633/2855/3728 4630/2852/3727 4631/2853/2088
f 4634/2856/2091 4569/2789/3696 4567/2787/3695
f 4634/2856/2091 4567/2787/3695 4632/2854/2089
f 4635/2857/3729 4634/2856/2091 4632/2854/2089
f 4635/2857/3729 4632/2854/2089 4633/2855/3728
f 4636/2858/3730 4571/2791/2028 4569/2789/3696
f 4636/2858/3730 4569/2789/3696 4634/2856/2091
f 4637/2859/2094 4636/2858/3730 4634/2856/2091
f 4637/2859/2094 4634/2856/2091 4635/2857/3729
f 4638/2860/3731 4573/2793/3698 4571/2791/2028
f 4638/2860/3731 4571/2791/2028 4636/2858/3730
f 4639/2861/3732 4638/2860/3731 4636/2858/3730
f 4639/2861/3732 4636/2858/3730 4637/2859/2094
f 4640/2862/3733 4575/2795/3699 4573/2793/3698
f 4640/2862/3733 4573/2793/3698 4638/2860/3731
f 4641/2863/2098 4640/2862/3733 4638/2860/3731
f 4641/2863/2098 4638/2860/3731 4639/2861/3732
f 4642/2864/3734 4577/2797/2034 4575/2795/3699
f 4642/2864/3734 4575/2795/3699 4640/2862/3733
f 4643/2865/2100 4642/2864/3734 4640/2862/3733
f 4643/2865/2100 4640/2862/3733 4641/2863/2098
f 4644/2803/3702 4579/2799/2036 4577/2797/2034
f 4644/2803/3702 4577/2797/2034 4642/2864/3734
f 4645/2866/2102 4644/2803/3702 4642/2864/3734
f 4645/2866/2102 4642/2864/3734 4643/2865/2100
f 4647/2867/2104 4582/2802/2103 4644/2803/3702
f 4647/2867/2104 4644/2803/3702 4645/2866/2102
f 4646/2868/3735 4645/2866/2102 4643/2865/2100
f 4646/2868/3735 4643/2865/2100 4708/2869/2165
f 4648/2870/3736 4647/2867/2104 4645/2866/2102
f 4648/2870/3736 4645/2866/2102 4646/2868/3735
f 4649/2808/2106 4584/2804/3703 4582/2802/2103
f 4649/2808/2106 4582/2802/2103 4647/2867/2104
f 4650/2871/2171 4649/2808/2106 4647/2867/2104
f 4650/2871/2171 4647/2867/2104 4648/2870/3736
f 4652/2872/3737 4587/2807/2108 4649/2808/2106
f 4652/2872/3737 4649/2808/2106 4650/2871/2171
f 4651/2873/2172 4650/2871/2171 4648/2870/3736
f 4651/2873/2172 4648/2870/3736 4713/2874/2170
f 4653/2875/2174 4652/2872/3737 4650/2871/2171
f 4653/2875/2174 4650/2871/2171 4651/2873/2172
f 4654/2876/2175 4589/2809/3706 4587/2807/2108
f 4654/2876/2175 4587/2807/2108 4652/2872/3737
f 4655/2877/2176 4654/2876/2175 4652/2872/3737
f 4655/2877/2176 4652/2872/3737 4653/2875/2174
f 4656/2878/2177 4591/2811/3708 4589/2809/3706
f 4656/2878/2177 4589/2809/3706 4654/2876/2175
f 4657/2879/3738 4656/2878/2177 4654/2876/2175
f 4657/2879/3738 4654/2876/2175 4655/2877/2176
f 4658/2880/3739 4593/2813/3710 4591/2811/3708
f 4658/2880/3739 4591/2811/3708 4656/2878/2177
f 4659/2881/2180 4658/2880/3739 4656/2878/2177
f 4659/2881/2180 4656/2878/2177 4657/2879/3738
f 4660/2882/3740 4595/2815/3712 4593/2813/3710
f 4660/2882/3740 4593/2813/3710 4658/2880/3739
f 4661/2883/3741 4660/2882/3740 4658/2880/3739
f 4661/2883/3741 4658/2880/3739 4659/2881/2180
f 4662/2884/3742 4597/2816/3713 4595/2815/3712
f 4662/2884/3742 4595/2815/3712 4660/2882/3740
f 4663/2885/3743 4662/2884/3742 4660/2882/3740
f 4663/2885/3743 4660/2882/3740 4661/2883/3741
f 4664/2886/3744 4599/2819/3714 4597/2816/3713
f 4664/2886/3744 4597/2816/3713 4662/2884/3742
f 4665/2887/2186 4664/2886/3744 4662/2884/3742
f 4665/2887/2186 4662/2884/3742 4663/2885/3743
f 4666/2888/3745 4601/2821/2122 4599/2819/3714
f 4666/2888/3745 4599/2819/3714 4664/2886/3744
f 4667/2889/3746 4666/2888/3745 4664/2886/3744
f 4667/2889/3746 4664/2886/3744 4665/2887/2186
f 4668/2890/3747 4603/2823/3715 4601/2821/2122
f 4668/2890/3747 4601/2821/2122 4666/2888/3745
f 4669/2891/3748 4668/2890/3747 4666/2888/3745
f 4669/2891/3748 4666/2888/3745 4667/2889/3746
f 4670/2892/2191 4605/2825/2126 4603/2823/3715
f 4670/2892/2191 4603/2823/3715 4668/2890/3747
f 4671/2893/2192 4670/2892/2191 4668/2890/3747
f 4671/2893/2192 4668/2890/3747 4669/2891/3748
f 4672/2894/2193 4607/2827/2128 4605/2825/2126
f 4672/2894/2193 4605/2825/2126 4670/2892/2191
f 4673/2895/2194 4672/2894/2193 4670/2892/2191
f 4673/2895/2194 4670/2892/2191 4671/2893/2192
f 4674/2896/2195 4609/2829/2130 4607/2827/2128
f 4674/2896/2195 4607/2827/2128 4672/2894/2193
f 4675/2897/2196 4674/2896/2195 4672/2894/2193
f 4675/2897/2196 4672/2894/2193 4673/2895/2194
f 4676/2898/2136 4611/2831/2132 4609/2829/2130
f 4676/2898/2136 4609/2829/2130 4674/2896/2195
f 4677/2899/2197 4676/2898/2136 4674/2896/2195
f 4677/2899/2197 4674/2896/2195 4675/2897/2196
f 4678/2900/2135 4613/2834/2133 4611/2835/2132
f 4678/2900/2135 4611/2835/2132 4676/2901/2136
f 4679/2902/2198 4678/2900/2135 4676/2901/2136
f 4679/2902/2198 4676/2901/2136 4677/2903/2197
f 4680/2904/2137 4615/2837/2134 4613/2834/2133
f 4680/2904/2137 4613/2834/2133 4678/2900/2135
f 4681/2905/3749 4680/2904/2137 4678/2900/2135
f 4681/2905/3749 4678/2900/2135 4679/2902/2198
f 4682/2906/3750 4617/2839/2077 4615/2837/2134
f 4682/2906/3750 4615/2837/2134 4680/2904/2137
f 4683/2907/2140 4682/2906/3750 4680/2904/2137
f 4683/2907/2140 4680/2904/2137 4681/2905/3749
f 4684/2908/2139 4619/2841/2076 4617/2839/2077
f 4684/2908/2139 4617/2839/2077 4682/2906/3750
f 4685/2909/3751 4684/2908/2139 4682/2906/3750
f 4685/2909/3751 4682/2906/3750 4683/2907/2140
f 4686/2910/2143 4621/2843/3721 4619/2841/2076
f 4686/2910/2143 4619/2841/2076 4684/2908/2139
f 4687/2911/2144 4686/2910/2143 4684/2908/2139
f 4687/2911/2144 4684/2908/2139 4685/2909/3751
f 4688/2912/2145 4623/2845/3723 4621/2843/3721
f 4688/2912/2145 4621/2843/3721 4686/2910/2143
f 4689/2913/2146 4688/2912/2145 4686/2910/2143
f 4689/2913/2146 4686/2910/2143 4687/2911/2144
f 4690/2914/2147 4625/2847/2082 4623/2845/3723
f 4690/2914/2147 4623/2845/3723 4688/2912/2145
f 4691/2915/3752 4690/2914/2147 4688/2912/2145
f 4691/2915/3752 4688/2912/2145 4689/2913/2146
f 4692/2916/2149 4627/2849/3725 4625/2847/2082
f 4692/2916/2149 4625/2847/2082 4690/2914/2147
f 4693/2917/2150 4692/2916/2149 4690/2914/2147
f 4693/2917/2150 4690/2914/2147 4691/2915/3752
f 4694/2918/2151 4629/2851/2085 4627/2849/3725
f 4694/2918/2151 4627/2849/3725 4692/2916/2149
f 4695/2919/3753 4694/2918/2151 4692/2916/2149
f 4695/2919/3753 4692/2916/2149 4693/2917/2150
f 4696/2920/2153 4631/2853/2088 4629/2851/2085
f 4696/2920/2153 4629/2851/2085 4694/2918/2151
f 4697/2921/3754 4696/2920/2153 4694/2918/2151
f 4697/2921/3754 4694/2918/2151 4695/2919/3753
f 4698/2922/3755 4633/2855/3728 4631/2853/2088
f 4698/2922/3755 4631/2853/2088 4696/2920/2153
f 4699/2923/2156 4698/2922/3755 4696/2920/2153
f 4699/2923/2156 4696/2920/2153 4697/2921/3754
f 4700/2924/2157 4635/2857/3729 4633/2855/3728
f 4700/2924/2157 4633/2855/3728 4698/2922/3755
f 4701/2925/2158 4700/2924/2157 4698/2922/3755
f 4701/2925/2158 4698/2922/3755 4699/2923/2156
f 4702/2926/2159 4637/2859/2094 4635/2857/3729
f 4702/2926/2159 4635/2857/3729 4700/2924/2157
f 4703/2927/2160 4702/2926/2159 4700/2924/2157
f 4703/2927/2160 4700/2924/2157 4701/2925/2158
f 4704/2928/2161 4639/2861/3732 4637/2859/2094
f 4704/2928/2161 4637/2859/2094 4702/2926/2159
f 4705/2929/3756 4704/2928/2161 4702/2926/2159
f 4705/2929/3756 4702/2926/2159 4703/2927/2160
f 4706/2930/2163 4641/2863/2098 4639/2861/3732
f 4706/2930/2163 4639/2861/3732 4704/2928/2161
f 4707/2931/2164 4706/2930/2163 4704/2928/2161
f 4707/2931/2164 4704/2928/2161 4705/2929/3756
f 4708/2869/2165 4643/2865/2100 4641/2863/2098
f 4708/2869/2165 4641/2863/2098 4706/2930/2163
f 4709/2932/2166 4708/2869/2165 4706/2930/2163
f 4709/2932/2166 4706/2930/2163 4707/2931/2164
f 4711/2933/2168 4646/2868/3735 4708/2869/2165
f 4711/2933/2168 4708/2869/2165 4709/2932/2166
f 4710/2934/2241 4709/2932/2166 4707/2931/2164
f 4710/2934/2241 4707/2931/2164 4796/2935/2238
f 4712/2936/2244 4711/2933/2168 4709/2932/2166
f 4712/2936/2244 4709/2932/2166 4710/2934/2241
f 4713/2874/2170 4648/2870/3736 4646/2868/3735
f 4713/2874/2170 4646/2868/3735 4711/2933/2168
f 4714/2937/3757 4713/2874/2170 4711/2933/2168
f 4714/2937/3757 4711/2933/2168 4712/2936/2244
f 4716/2938/2250 4651/2873/2172 4713/2874/2170
f 4716/2938/2250 4713/2874/2170 4714/2937/3757
f 4715/2939/3758 4714/2937/3757 4712/2936/2244
f 4715/2939/3758 4712/2936/2244 4800/2940/2243
f 4717/2941/2249 4716/2938/2250 4714/2937/3757
f 4717/2941/2249 4714/2937/3757 4715/2939/3758
f 4718/2942/2253 4653/2875/2174 4651/2873/2172
f 4718/2942/2253 4651/2873/2172 4716/2938/2250
f 4719/2943/3759 4718/2942/2253 4716/2938/2250
f 4719/2943/3759 4716/2938/2250 4717/2941/2249
f 4720/2944/3760 4655/2877/2176 4653/2875/2174
f 4720/2944/3760 4653/2875/2174 4718/2942/2253
f 4721/2945/3761 4720/2944/3760 4718/2942/2253
f 4721/2945/3761 4718/2942/2253 4719/2943/3759
f 4722/2946/2259 4657/2879/3738 4655/2877/2176
f 4722/2946/2259 4655/2877/2176 4720/2944/3760
f 4723/2947/2258 4722/2946/2259 4720/2944/3760
f 4723/2947/2258 4720/2944/3760 4721/2945/3761
f 4724/2948/3762 4659/2881/2180 4657/2879/3738
f 4724/2948/3762 4657/2879/3738 4722/2946/2259
f 4725/2949/3763 4724/2948/3762 4722/2946/2259
f 4725/2949/3763 4722/2946/2259 4723/2947/2258
f 4726/2950/3764 4661/2883/3741 4659/2881/2180
f 4726/2950/3764 4659/2881/2180 4724/2948/3762
f 4728/2951/3765 4726/2950/3764 4724/2948/3762
f 4728/2951/3765 4724/2948/3762 4725/2949/3763
f 4727/2952/2268 4663/2885/3743 4661/2883/3741
f 4727/2952/2268 4661/2883/3741 4726/2950/3764
f 4730/2953/3766 4727/2952/2268 4726/2950/3764
f 4730/2953/3766 4726/2950/3764 4728/2951/3765
f 4731/2954/3767 4730/2953/3766 4728/2951/3765
f 4731/2954/3767 4728/2951/3765 4729/2955/3768
f 4729/2955/3768 4728/2951/3765 4725/2949/3763
f 4729/2955/3768 4725/2949/3763 4804/2956/3769
f 4732/2957/2270 4733/2958/2271 4727/2952/2268
f 4732/2957/2270 4727/2952/2268 4730/2953/3766
f 4734/2959/2272 4732/2957/2270 4730/2953/3766
f 4734/2959/2272 4730/2953/3766 4731/2954/3767
f 4735/2960/3770 4736/2961/3771 4733/2958/2271
f 4735/2960/3770 4733/2958/2271 4732/2957/2270
f 4737/2962/3772 4735/2960/3770 4732/2957/2270
f 4737/2962/3772 4732/2957/2270 4734/2959/2272
f 4738/2963/3773 4739/2964/2277 4736/2961/3771
f 4738/2963/3773 4736/2961/3771 4735/2960/3770
f 4740/2965/3774 4738/2963/3773 4735/2960/3770
f 4740/2965/3774 4735/2960/3770 4737/2962/3772
f 4741/2966/3775 4742/2967/2280 4739/2964/2277
f 4741/2966/3775 4739/2964/2277 4738/2963/3773
f 4743/2968/3776 4741/2966/3775 4738/2963/3773
f 4743/2968/3776 4738/2963/3773 4740/2965/3774
f 4744/2969/2282 4745/2970/2283 4742/2967/2280
f 4744/2969/2282 4742/2967/2280 4741/2966/3775
f 4746/2971/3777 4744/2969/2282 4741/2966/3775
f 4746/2971/3777 4741/2966/3775 4743/2968/3776
f 4747/2972/3778 4748/2973/2200 4745/2970/2283
f 4747/2972/3778 4745/2970/2283 4744/2969/2282
f 4749/2974/3779 4747/2972/3778 4744/2969/2282
f 4749/2974/3779 4744/2969/2282 4746/2971/3777
f 4750/2975/2287 4751/2976/2199 4748/2973/2200
f 4750/2975/2287 4748/2973/2200 4747/2972/3778
f 4752/2977/3780 4750/2975/2287 4747/2972/3778
f 4752/2977/3780 4747/2972/3778 4749/2974/3779
f 4753/2978/2205 4754/2979/2201 4751/2980/2199
f 4753/2978/2205 4751/2980/2199 4750/2981/2287
f 4755/2982/3781 4753/2978/2205 4750/2981/2287
f 4755/2982/3781 4750/2981/2287 4752/2983/3780
f 4756/2984/2204 4757/2985/2202 4754/2979/2201
f 4756/2984/2204 4754/2979/2201 4753/2978/2205
f 4758/2986/2290 4756/2984/2204 4753/2978/2205
f 4758/2986/2290 4753/2978/2205 4755/2982/3781
f 4759/2987/2206 4760/2988/2203 4757/2985/2202
f 4759/2987/2206 4757/2985/2202 4756/2984/2204
f 4761/2989/2294 4759/2987/2206 4756/2984/2204
f 4761/2989/2294 4756/2984/2204 4758/2986/2290
f 4762/2990/2208 4763/2991/2207 4760/2988/2203
f 4762/2990/2208 4760/2988/2203 4759/2987/2206
f 4764/2992/2293 4762/2990/2208 4759/2987/2206
f 4764/2992/2293 4759/2987/2206 4761/2989/2294
f 4765/2993/3782 4766/2994/3783 4763/2991/2207
f 4765/2993/3782 4763/2991/2207 4762/2990/2208
f 4767/2995/3784 4765/2993/3782 4762/2990/2208
f 4767/2995/3784 4762/2990/2208 4764/2992/2293
f 4768/2996/2212 4769/2997/2211 4766/2994/3783
f 4768/2996/2212 4766/2994/3783 4765/2993/3782
f 4770/2998/3785 4768/2996/2212 4765/2993/3782
f 4770/2998/3785 4765/2993/3782 4767/2995/3784
f 4771/2999/3786 4772/3000/3787 4769/2997/2211
f 4771/2999/3786 4769/2997/2211 4768/2996/2212
f 4773/3001/2221 4771/2999/3786 4768/2996/2212
f 4773/3001/2221 4768/2996/2212 4770/2998/3785
f 4774/3002/2216 4775/3003/2215 4772/3000/3787
f 4774/3002/2216 4772/3000/3787 4771/2999/3786
f 4776/3004/2220 4774/3002/2216 4771/2999/3786
f 4776/3004/2220 4771/2999/3786 4773/3001/2221
f 4777/3005/3788 4778/3006/3789 4775/3003/2215
f 4777/3005/3788 4775/3003/2215 4774/3002/2216
f 4779/3007/3790 4777/3005/3788 4774/3002/2216
f 4779/3007/3790 4774/3002/2216 4776/3004/2220
f 4780/3008/3791 4781/3009/3792 4778/3006/3789
f 4780/3008/3791 4778/3006/3789 4777/3005/3788
f 4782/3010/3793 4780/3008/3791 4777/3005/3788
f 4782/3010/3793 4777/3005/3788 4779/3007/3790
f 4783/3011/3794 4784/3012/3795 4781/3009/3792
f 4783/3011/3794 4781/3009/3792 4780/3008/3791
f 4785/3013/3796 4783/3011/3794 4780/3008/3791
f 4785/3013/3796 4780/3008/3791 4782/3010/3793
f 4786/3014/3797 4787/3015/2229 4784/3012/3795
f 4786/3014/3797 4784/3012/3795 4783/3011/3794
f 4788/3016/3798 4786/3014/3797 4783/3011/3794
f 4788/3016/3798 4783/3011/3794 4785/3013/3796
f 4789/3017/2231 4790/3018/2232 4787/3015/2229
f 4789/3017/2231 4787/3015/2229 4786/3014/3797
f 4791/3019/3799 4789/3017/2231 4786/3014/3797
f 4791/3019/3799 4786/3014/3797 4788/3016/3798
f 4792/3020/3800 4793/3021/2235 4790/3018/2232
f 4792/3020/3800 4790/3018/2232 4789/3017/2231
f 4794/3022/2236 4792/3020/3800 4789/3017/2231
f 4794/3022/2236 4789/3017/2231 4791/3019/3799
f 4795/3023/2237 4796/2935/2238 4793/3021/2235
f 4795/3023/2237 4793/3021/2235 4792/3020/3800
f 4797/3024/3801 4795/3023/2237 4792/3020/3800
f 4797/3024/3801 4792/3020/3800 4794/3022/2236
f 4798/3025/2240 4710/2934/2241 4796/2935/2238
f 4798/3025/2240 4796/2935/2238 4795/3023/2237
f 4799/3026/2242 4798/3025/2240 4795/3023/2237
f 4799/3026/2242 4795/3023/2237 4797/3024/3801
f 4800/2940/2243 4712/2936/2244 4710/2934/2241
f 4800/2940/2243 4710/2934/2241 4798/3025/2240
f 4801/3027/3802 4800/2940/2243 4798/3025/2240
f 4801/3027/3802 4798/3025/2240 4799/3026/2242
f 4802/3028/2248 4715/2939/3758 4800/2940/2243
f 4802/3028/2248 4800/2940/2243 4801/3027/3802
f 4803/3029/829 4802/3028/2248 4801/3027/3802
f 4803/3030/829 4801/3027/3802 4799/3026/2242
f 4803/3031/829 4776/3004/2220 4773/3001/2221
f 4803/3032/829 4779/3007/3790 4776/3004/2220
f 4803/3033/829 4731/2954/3767 4729/2955/3768
f 4803/3034/829 4729/2955/3768 4804/2956/3769
f 4803/3035/829 4804/2956/3769 4805/3036/2260
f 4803/3037/829 4805/3036/2260 4806/3038/2257
f 4803/3039/829 4806/3038/2257 4807/3040/2254
f 4803/3041/829 4807/3040/2254 4808/3042/3803
f 4803/3043/829 4808/3042/3803 4802/3028/2248
f 4803/3044/829 4799/3026/2242 4797/3024/3801
f 4803/3045/829 4797/3024/3801 4794/3022/2236
f 4803/3046/829 4794/3022/2236 4791/3019/3799
f 4803/3047/829 4791/3019/3799 4788/3016/3798
f 4803/3048/829 4788/3016/3798 4785/3013/3796
f 4803/3049/829 4785/3013/3796 4782/3010/3793
f 4803/3050/829 4782/3010/3793 4779/3007/3790
f 4803/3051/829 4773/3001/2221 4770/2998/3785
f 4803/3052/829 4770/2998/3785 4767/2995/3784
f 4803/3053/829 4767/2995/3784 4764/2992/2293
f 4803/3054/829 4764/2992/2293 4761/2989/2294
f 4803/3055/829 4761/2989/2294 4758/2986/2290
f 4803/3056/829 4758/2986/2290 4755/2982/3781
f 4803/3057/829 4755/2982/3781 4752/2983/3780
f 4803/3058/829 4752/2977/3780 4749/2974/3779
f 4803/3059/829 4749/2974/3779 4746/2971/3777
f 4803/3060/829 4746/2971/3777 4743/2968/3776
f 4803/3061/829 4743/2968/3776 4740/2965/3774
f 4803/3062/829 4740/2965/3774 4737/2962/3772
f 4803/3063/829 4737/2962/3772 4734/2959/2272
f 4803/3064/829 4734/2959/2272 4731/2954/3767
f 4808/3042/3803 4717/2941/2249 4715/2939/3758
f 4808/3042/3803 4715/2939/3758 4802/3028/2248
f 4807/3040/2254 4719/2943/3759 4717/2941/2249
f 4807/3040/2254 4717/2941/2249 4808/3042/3803
f 4806/3038/2257 4721/2945/3761 4719/2943/3759
f 4806/3038/2257 4719/2943/3759 4807/3040/2254
f 4805/3036/2260 4723/2947/2258 4721/2945/3761
f 4805/3036/2260 4721/2945/3761 4806/3038/2257
f 4804/2956/3769 4725/2949/3763 4723/2947/2258
f 4804/2956/3769 4723/2947/2258 4805/3036/2260
f 4796/2935/2238 4707/2931/2164 4705/2929/3756
f 4796/2935/2238 4705/2929/3756 4793/3021/2235
f 4793/3021/2235 4705/2929/3756 4703/2927/2160
f 4793/3021/2235 4703/2927/2160 4790/3018/2232
f 4790/3018/2232 4703/2927/2160 4701/2925/2158
f 4790/3018/2232 4701/2925/2158 4787/3015/2229
f 4787/3015/2229 4701/2925/2158 4699/2923/2156
f 4787/3015/2229 4699/2923/2156 4784/3012/3795
f 4784/3012/3795 4699/2923/2156 4697/2921/3754
f 4784/3012/3795 4697/2921/3754 4781/3009/3792
f 4781/3009/3792 4697/2921/3754 4695/2919/3753
f 4781/3009/3792 4695/2919/3753 4778/3006/3789
f 4778/3006/3789 4695/2919/3753 4693/2917/2150
f 4778/3006/3789 4693/2917/2150 4775/3003/2215
f 4775/3003/2215 4693/2917/2150 4691/2915/3752
f 4775/3003/2215 4691/2915/3752 4772/3000/3787
f 4772/3000/3787 4691/2915/3752 4689/2913/2146
f 4772/3000/3787 4689/2913/2146 4769/2997/2211
f 4769/2997/2211 4689/2913/2146 4687/2911/2144
f 4769/2997/2211 4687/2911/2144 4766/2994/3783
f 4766/2994/3783 4687/2911/2144 4685/2909/3751
f 4766/2994/3783 4685/2909/3751 4763/2991/2207
f 4763/2991/2207 4685/2909/3751 4683/2907/2140
f 4763/2991/2207 4683/2907/2140 4760/2988/2203
f 4760/2988/2203 4683/2907/2140 4681/2905/3749
f 4760/2988/2203 4681/2905/3749 4757/2985/2202
f 4757/2985/2202 4681/2905/3749 4679/2902/2198
f 4757/2985/2202 4679/2902/2198 4754/2979/2201
f 4754/2979/2201 4679/2902/2198 4677/2903/2197
f 4754/2979/2201 4677/2903/2197 4751/2980/2199
f 4751/2976/2199 4677/2899/2197 4675/2897/2196
f 4751/2976/2199 4675/2897/2196 4748/2973/2200
f 4748/2973/2200 4675/2897/2196 4673/2895/2194
f 4748/2973/2200 4673/2895/2194 4745/2970/2283
f 4745/2970/2283 4673/2895/2194 4671/2893/2192
f 4745/2970/2283 4671/2893/2192 4742/2967/2280
f 4742/2967/2280 4671/2893/2192 4669/2891/3748
f 4742/2967/2280 4669/2891/3748 4739/2964/2277
f 4739/2964/2277 4669/2891/3748 4667/2889/3746
f 4739/2964/2277 4667/2889/3746 4736/2961/3771
f 4736/2961/3771 4667/2889/3746 4665/2887/2186
f 4736/2961/3771 4665/2887/2186 4733/2958/2271
f 4733/2958/2271 4665/2887/2186 4663/2885/3743
f 4733/2958/2271 4663/2885/3743 4727/2952/2268
f 4384/2506/1826 4291/2502/3584 4289/2500/3583
f 4384/2506/1826 4289/2500/3583 4381/2596/1823
f 4381/2596/1823 4289/2500/3583 4287/2498/1744
f 4381/2596/1823 4287/2498/1744 4378/2593/1820
f 4378/2593/1820 4287/2498/1744 4285/2496/1742
f 4378/2593/1820 4285/2496/1742 4375/2590/1817
f 4375/2590/1817 4285/2496/1742 4283/2494/1740
f 4375/2590/1817 4283/2494/1740 4372/2587/3610
f 4372/2587/3610 4283/2494/1740 4281/2492/3579
f 4372/2587/3610 4281/2492/3579 4369/2584/1811
f 4369/2584/1811 4281/2492/3579 4279/2490/1736
f 4369/2584/1811 4279/2490/1736 4366/2581/1808
f 4366/2581/1808 4279/2490/1736 4277/2488/1734
f 4366/2581/1808 4277/2488/1734 4363/2578/1805
f 4363/2578/1805 4277/2488/1734 4275/2486/1732
f 4363/2578/1805 4275/2486/1732 4360/2575/1802
f 4360/2575/1802 4275/2486/1732 4273/2484/3576
f 4360/2575/1802 4273/2484/3576 4357/2572/1799
f 4357/2572/1799 4273/2484/3576 4271/2482/1728
f 4357/2572/1799 4271/2482/1728 4354/2569/1794
f 4354/2569/1794 4271/2482/1728 4269/2480/1726
f 4354/2569/1794 4269/2480/1726 4351/2566/1791
f 4351/2566/1791 4269/2480/1726 4267/2478/3574
f 4351/2566/1791 4267/2478/3574 4348/2563/3604
f 4348/2563/3604 4267/2478/3574 4265/2476/3572
f 4348/2563/3604 4265/2476/3572 4345/2560/1786
f 4345/2560/1786 4265/2476/3572 4263/2474/1782
f 4345/2560/1786 4263/2474/1782 4342/2557/1785
f 4342/2557/1785 4263/2474/1782 4261/2472/1781
f 4342/2557/1785 4261/2472/1781 4339/2554/1783
f 4339/2554/1783 4261/2472/1781 4259/2470/3570
f 4339/2554/1783 4259/2470/3570 4336/2551/1784
f 4336/2551/1784 4259/2470/3570 4257/2468/3569
f 4336/2551/1784 4257/2468/3569 4333/2548/1871
f 4333/2548/1871 4257/2468/3569 4255/2465/1776
f 4333/2548/1871 4255/2465/1776 4330/2542/1868
f 4330/2542/1868 4255/2465/1776 4253/2466/1774
f 4330/2542/1868 4253/2466/1774 4327/2543/1865
f 4327/2539/1865 4253/2462/1774 4251/2460/3567
f 4327/2539/1865 4251/2460/3567 4324/2536/3597
f 4324/2536/3597 4251/2460/3567 4249/2458/3566
f 4324/2536/3597 4249/2458/3566 4321/2533/3596
f 4321/2533/3596 4249/2458/3566 4247/2456/1768
f 4321/2533/3596 4247/2456/1768 4318/2530/1856
f 4318/2530/1856 4247/2456/1768 4245/2454/1766
f 4318/2530/1856 4245/2454/1766 4315/2527/1853
f 4315/2527/1853 4245/2454/1766 4243/2452/1764
f 4315/2527/1853 4243/2452/1764 4312/2524/3593
f 4312/2524/3593 4243/2452/1764 4241/2450/3562
f 4312/2524/3593 4241/2450/3562 4309/2521/1847
f 4309/2521/1847 4241/2450/3562 4239/2448/3561
f 4309/2521/1847 4239/2448/3561 4303/2516/3588
f 4226/2341/1668 4132/2338/3512 4130/2336/1587
f 4226/2341/1668 4130/2336/1587 4223/2433/1665
f 4223/2433/1665 4130/2336/1587 4128/2334/1585
f 4223/2433/1665 4128/2334/1585 4220/2430/3555
f 4220/2430/3555 4128/2334/1585 4126/2332/3510
f 4220/2430/3555 4126/2332/3510 4217/2427/3554
f 4217/2427/3554 4126/2332/3510 4124/2330/1581
f 4217/2427/3554 4124/2330/1581 4214/2424/3551
f 4214/2424/3551 4124/2330/1581 4122/2328/3509
f 4214/2424/3551 4122/2328/3509 4211/2421/3549
f 4211/2421/3549 4122/2328/3509 4120/2326/3508
f 4211/2421/3549 4120/2326/3508 4208/2418/3546
f 4208/2418/3546 4120/2326/3508 4118/2324/3507
f 4208/2418/3546 4118/2324/3507 4205/2415/3544
f 4205/2415/3544 4118/2324/3507 4116/2322/3506
f 4205/2415/3544 4116/2322/3506 4202/2412/1644
f 4202/2412/1644 4116/2322/3506 4114/2320/1571
f 4202/2412/1644 4114/2320/1571 4199/2409/3543
f 4199/2409/3543 4114/2320/1571 4112/2318/3504
f 4199/2409/3543 4112/2318/3504 4196/2406/1638
f 4196/2406/1638 4112/2318/3504 4110/2316/1567
f 4196/2406/1638 4110/2316/1567 4193/2403/3538
f 4193/2403/3538 4110/2316/1567 4108/2314/1565
f 4193/2403/3538 4108/2314/1565 4190/2400/1630
f 4190/2400/1630 4108/2314/1565 4106/2312/3501
f 4190/2400/1630 4106/2312/3501 4187/2397/3534
f 4187/2397/3534 4106/2312/3501 4104/2310/1564
f 4187/2397/3534 4104/2310/1564 4184/2394/3532
f 4184/2394/3532 4104/2310/1564 4102/2308/1622
f 4184/2394/3532 4102/2308/1622 4181/2391/3531
f 4181/2391/3531 4102/2308/1622 4100/2306/3498
f 4181/2391/3531 4100/2306/3498 4178/2388/1624
f 4178/2388/1624 4100/2306/3498 4098/2304/3497
f 4178/2388/1624 4098/2304/3497 4175/2385/1713
f 4175/2385/1713 4098/2304/3497 4096/2302/3495
f 4175/2385/1713 4096/2302/3495 4172/2382/3528
f 4172/2382/3528 4096/2302/3495 4094/2299/1615
f 4172/2382/3528 4094/2299/1615 4169/2376/1707
f 4169/2376/1707 4094/2299/1615 4092/2300/1613
f 4169/2376/1707 4092/2300/1613 4166/2377/3526
f 4166/2373/3526 4092/2296/1613 4090/2294/3493
f 4166/2373/3526 4090/2294/3493 4163/2370/1701
f 4163/2370/1701 4090/2294/3493 4088/2292/1609
f 4163/2370/1701 4088/2292/1609 4160/2367/3524
f 4160/2367/3524 4088/2292/1609 4086/2290/3491
f 4160/2367/3524 4086/2290/3491 4157/2364/3522
f 4157/2364/3522 4086/2290/3491 4084/2288/3490
f 4157/2364/3522 4084/2288/3490 4154/2361/1692
f 4154/2361/1692 4084/2288/3490 4082/2286/3489
f 4154/2361/1692 4082/2286/3489 4151/2358/3520
f 4151/2358/3520 4082/2286/3489 4080/2284/3488
f 4151/2358/3520 4080/2284/3488 4148/2355/3517
f 4148/2355/3517 4080/2284/3488 4078/2282/3486
f 4148/2355/3517 4078/2282/3486 4142/2349/1683
f 4069/2272/3480 4809/3065/2328 4871/3066/3804
f 4069/2272/3480 4871/3066/3804 4066/2269/1506
f 4810/2180/1512 4811/3067/3805 4809/3065/2328
f 4810/2180/1512 4809/3065/2328 4069/2272/3480
f 3979/2179/3449 4813/3068/3806 4811/3067/3805
f 3979/2179/3449 4811/3067/3805 4810/2180/1512
f 4811/3067/3805 4812/3069/3807 4874/3070/3808
f 4811/3067/3805 4874/3070/3808 4809/3065/2328
f 4813/3068/3806 4814/3071/3809 4812/3069/3807
f 4813/3068/3806 4812/3069/3807 4811/3067/3805
f 4815/3072/2334 4816/3073/2335 4814/3071/3809
f 4815/3072/2334 4814/3071/3809 4813/3068/3806
f 3982/2182/3450 4815/3072/2334 4813/3068/3806
f 3982/2182/3450 4813/3068/3806 3979/2179/3449
f 4817/3074/2336 4818/3075/2337 4816/3073/2335
f 4817/3074/2336 4816/3073/2335 4815/3072/2334
f 3985/2185/1521 4817/3074/2336 4815/3072/2334
f 3985/2185/1521 4815/3072/2334 3982/2182/3450
f 4819/3076/2338 4820/3077/2339 4818/3075/2337
f 4819/3076/2338 4818/3075/2337 4817/3074/2336
f 3988/2188/1524 4819/3076/2338 4817/3074/2336
f 3988/2188/1524 4817/3074/2336 3985/2185/1521
f 4821/3078/2340 4822/3079/2341 4820/3077/2339
f 4821/3078/2340 4820/3077/2339 4819/3076/2338
f 3991/2191/3454 4821/3078/2340 4819/3076/2338
f 3991/2191/3454 4819/3076/2338 3988/2188/1524
f 4823/3080/2342 4824/3081/2343 4822/3079/2341
f 4823/3080/2342 4822/3079/2341 4821/3078/2340
f 3994/2194/3455 4823/3080/2342 4821/3078/2340
f 3994/2194/3455 4821/3078/2340 3991/2191/3454
f 4825/3082/3810 4826/3083/3811 4824/3081/2343
f 4825/3082/3810 4824/3081/2343 4823/3080/2342
f 3997/2197/3458 4825/3082/3810 4823/3080/2342
f 3997/2197/3458 4823/3080/2342 3994/2194/3455
f 4827/3084/2346 4828/3085/2347 4826/3083/3811
f 4827/3084/2346 4826/3083/3811 4825/3082/3810
f 4000/2200/3461 4827/3084/2346 4825/3082/3810
f 4000/2200/3461 4825/3082/3810 3997/2197/3458
f 4829/3086/2348 4830/3087/3812 4828/3085/2347
f 4829/3086/2348 4828/3085/2347 4827/3084/2346
f 4003/2203/1539 4829/3086/2348 4827/3084/2346
f 4003/2203/1539 4827/3084/2346 4000/2200/3461
f 4831/3088/2350 4832/3089/2351 4830/3090/3812
f 4831/3088/2350 4830/3090/3812 4829/3091/2348
f 4006/2206/1542 4831/3088/2350 4829/3091/2348
f 4006/2206/1542 4829/3091/2348 4003/2207/1539
f 4833/3092/2352 4834/3093/3813 4832/3089/2351
f 4833/3092/2352 4832/3089/2351 4831/3088/2350
f 4009/2212/1545 4833/3092/2352 4831/3088/2350
f 4009/2212/1545 4831/3088/2350 4006/2206/1542
f 4835/3094/2354 4836/3095/2355 4834/3093/3813
f 4835/3094/2354 4834/3093/3813 4833/3092/2352
f 4012/2215/1548 4835/3094/2354 4833/3092/2352
f 4012/2215/1548 4833/3092/2352 4009/2212/1545
f 4837/3096/2356 4838/3097/2357 4836/3095/2355
f 4837/3096/2356 4836/3095/2355 4835/3094/2354
f 4015/2218/1551 4837/3096/2356 4835/3094/2354
f 4015/2218/1551 4835/3094/2354 4012/2215/1548
f 4839/3098/2296 4840/3099/2358 4838/3097/2357
f 4839/3098/2296 4838/3097/2357 4837/3096/2356
f 4018/2221/1554 4839/3098/2296 4837/3096/2356
f 4018/2221/1554 4837/3096/2356 4015/2218/1551
f 4841/3100/3814 4842/3101/2300 4840/3099/2358
f 4841/3100/3814 4840/3099/2358 4839/3098/2296
f 4021/2224/3467 4841/3100/3814 4839/3098/2296
f 4021/2224/3467 4839/3098/2296 4018/2221/1554
f 4843/3102/3815 4844/3103/3816 4842/3101/2300
f 4843/3102/3815 4842/3101/2300 4841/3100/3814
f 4024/2227/1468 4843/3102/3815 4841/3100/3814
f 4024/2227/1468 4841/3100/3814 4021/2224/3467
f 4845/3104/2298 4846/3105/3817 4844/3103/3816
f 4845/3104/2298 4844/3103/3816 4843/3102/3815
f 4027/2230/3468 4845/3104/2298 4843/3102/3815
f 4027/2230/3468 4843/3102/3815 4024/2227/1468
f 4847/3106/2302 4848/3107/3818 4846/3105/3817
f 4847/3106/2302 4846/3105/3817 4845/3104/2298
f 4030/2233/1470 4847/3106/2302 4845/3104/2298
f 4030/2233/1470 4845/3104/2298 4027/2230/3468
f 4849/3108/2304 4850/3109/3819 4848/3107/3818
f 4849/3108/2304 4848/3107/3818 4847/3106/2302
f 4033/2236/1473 4849/3108/2304 4847/3106/2302
f 4033/2236/1473 4847/3106/2302 4030/2233/1470
f 4851/3110/2306 4852/3111/3820 4850/3109/3819
f 4851/3110/2306 4850/3109/3819 4849/3108/2304
f 4036/2239/3470 4851/3110/2306 4849/3108/2304
f 4036/2239/3470 4849/3108/2304 4033/2236/1473
f 4853/3112/3821 4854/3113/3822 4852/3111/3820
f 4853/3112/3821 4852/3111/3820 4851/3110/2306
f 4039/2242/3471 4853/3112/3821 4851/3110/2306
f 4039/2242/3471 4851/3110/2306 4036/2239/3470
f 4855/3114/3823 4856/3115/2311 4854/3113/3822
f 4855/3114/3823 4854/3113/3822 4853/3112/3821
f 4042/2245/3473 4855/3114/3823 4853/3112/3821
f 4042/2245/3473 4853/3112/3821 4039/2242/3471
f 4857/3116/3824 4858/3117/3825 4856/3115/2311
f 4857/3116/3824 4856/3115/2311 4855/3114/3823
f 4045/2248/1485 4857/3116/3824 4855/3114/3823
f 4045/2248/1485 4855/3114/3823 4042/2245/3473
f 4859/3118/3826 4860/3119/2315 4858/3117/3825
f 4859/3118/3826 4858/3117/3825 4857/3116/3824
f 4048/2251/1488 4859/3118/3826 4857/3116/3824
f 4048/2251/1488 4857/3116/3824 4045/2248/1485
f 4861/3120/2316 4862/3121/3827 4860/3119/2315
f 4861/3120/2316 4860/3119/2315 4859/3118/3826
f 4051/2254/1491 4861/3120/2316 4859/3118/3826
f 4051/2254/1491 4859/3118/3826 4048/2251/1488
f 4863/3122/2318 4864/3123/3828 4862/3121/3827
f 4863/3122/2318 4862/3121/3827 4861/3120/2316
f 4054/2257/1494 4863/3122/2318 4861/3120/2316
f 4054/2257/1494 4861/3120/2316 4051/2254/1491
f 4865/3124/3829 4866/3125/3830 4864/3123/3828
f 4865/3124/3829 4864/3123/3828 4863/3122/2318
f 4057/2260/3477 4865/3124/3829 4863/3122/2318
f 4057/2260/3477 4863/3122/2318 4054/2257/1494
f 4867/3126/3831 4868/3127/3832 4866/3125/3830
f 4867/3126/3831 4866/3125/3830 4865/3124/3829
f 4060/2263/1500 4867/3126/3831 4865/3124/3829
f 4060/2263/1500 4865/3124/3829 4057/2260/3477
f 4869/3128/2324 4870/3129/3833 4868/3127/3832
f 4869/3128/2324 4868/3127/3832 4867/3126/3831
f 4063/2266/1503 4869/3128/2324 4867/3126/3831
f 4063/2266/1503 4867/3126/3831 4060/2263/1500
f 4871/3066/3804 4872/3130/2327 4870/3129/3833
f 4871/3066/3804 4870/3129/3833 4869/3128/2324
f 4066/2269/1506 4871/3066/3804 4869/3128/2324
f 4066/2269/1506 4869/3128/2324 4063/2266/1503
f 4809/3065/2328 4874/3070/3808 4872/3130/2327
f 4809/3065/2328 4872/3130/2327 4871/3066/3804
f 4872/3130/2327 4873/3131/3834 4935/3132/2390
f 4872/3130/2327 4935/3132/2390 4870/3129/3833
f 4874/3070/3808 4875/3133/3835 4873/3131/3834
f 4874/3070/3808 4873/3131/3834 4872/3130/2327
f 4812/3069/3807 4877/3134/2396 4875/3133/3835
f 4812/3069/3807 4875/3133/3835 4874/3070/3808
f 4875/3133/3835 4876/3135/2395 4938/3136/2393
f 4875/3133/3835 4938/3136/2393 4873/3131/3834
f 4877/3134/2396 4878/3137/3836 4876/3135/2395
f 4877/3134/2396 4876/3135/2395 4875/3133/3835
f 4879/3138/3837 4880/3139/3838 4878/3137/3836
f 4879/3138/3837 4878/3137/3836 4877/3134/2396
f 4814/3071/3809 4879/3138/3837 4877/3134/2396
f 4814/3071/3809 4877/3134/2396 4812/3069/3807
f 4881/3140/3839 4882/3141/3840 4880/3139/3838
f 4881/3140/3839 4880/3139/3838 4879/3138/3837
f 4816/3073/2335 4881/3140/3839 4879/3138/3837
f 4816/3073/2335 4879/3138/3837 4814/3071/3809
f 4883/3142/3841 4884/3143/3842 4882/3141/3840
f 4883/3142/3841 4882/3141/3840 4881/3140/3839
f 4818/3075/2337 4883/3142/3841 4881/3140/3839
f 4818/3075/2337 4881/3140/3839 4816/3073/2335
f 4885/3144/2404 4886/3145/3843 4884/3143/3842
f 4885/3144/2404 4884/3143/3842 4883/3142/3841
f 4820/3077/2339 4885/3144/2404 4883/3142/3841
f 4820/3077/2339 4883/3142/3841 4818/3075/2337
f 4887/3146/2406 4888/3147/2407 4886/3145/3843
f 4887/3146/2406 4886/3145/3843 4885/3144/2404
f 4822/3079/2341 4887/3146/2406 4885/3144/2404
f 4822/3079/2341 4885/3144/2404 4820/3077/2339
f 4889/3148/2408 4890/3149/2409 4888/3147/2407
f 4889/3148/2408 4888/3147/2407 4887/3146/2406
f 4824/3081/2343 4889/3148/2408 4887/3146/2406
f 4824/3081/2343 4887/3146/2406 4822/3079/2341
f 4891/3150/2410 4892/3151/3844 4890/3149/2409
f 4891/3150/2410 4890/3149/2409 4889/3148/2408
f 4826/3083/3811 4891/3150/2410 4889/3148/2408
f 4826/3083/3811 4889/3148/2408 4824/3081/2343
f 4893/3152/2412 4894/3153/2413 4892/3151/3844
f 4893/3152/2412 4892/3151/3844 4891/3150/2410
f 4828/3085/2347 4893/3152/2412 4891/3150/2410
f 4828/3085/2347 4891/3150/2410 4826/3083/3811
f 4895/3154/3845 4896/3155/3846 4894/3153/2413
f 4895/3154/3845 4894/3153/2413 4893/3152/2412
f 4830/3087/3812 4895/3154/3845 4893/3152/2412
f 4830/3087/3812 4893/3152/2412 4828/3085/2347
f 4897/3156/3847 4898/3157/2417 4896/3158/3846
f 4897/3156/3847 4896/3158/3846 4895/3159/3845
f 4832/3089/2351 4897/3156/3847 4895/3159/3845
f 4832/3089/2351 4895/3159/3845 4830/3090/3812
f 4899/3160/3848 4900/3161/3849 4898/3157/2417
f 4899/3160/3848 4898/3157/2417 4897/3156/3847
f 4834/3093/3813 4899/3160/3848 4897/3156/3847
f 4834/3093/3813 4897/3156/3847 4832/3089/2351
f 4901/3162/2420 4902/3163/2421 4900/3161/3849
f 4901/3162/2420 4900/3161/3849 4899/3160/3848
f 4836/3095/2355 4901/3162/2420 4899/3160/3848
f 4836/3095/2355 4899/3160/3848 4834/3093/3813
f 4903/3164/2360 4904/3165/3850 4902/3163/2421
f 4903/3164/2360 4902/3163/2421 4901/3162/2420
f 4838/3097/2357 4903/3164/2360 4901/3162/2420
f 4838/3097/2357 4901/3162/2420 4836/3095/2355
f 4905/3166/2359 4906/3167/2364 4904/3165/3850
f 4905/3166/2359 4904/3165/3850 4903/3164/2360
f 4840/3099/2358 4905/3166/2359 4903/3164/2360
f 4840/3099/2358 4903/3164/2360 4838/3097/2357
f 4907/3168/2361 4908/3169/2363 4906/3167/2364
f 4907/3168/2361 4906/3167/2364 4905/3166/2359
f 4842/3101/2300 4907/3168/2361 4905/3166/2359
f 4842/3101/2300 4905/3166/2359 4840/3099/2358
f 4909/3170/2362 4910/3171/3851 4908/3169/2363
f 4909/3170/2362 4908/3169/2363 4907/3168/2361
f 4844/3103/3816 4909/3170/2362 4907/3168/2361
f 4844/3103/3816 4907/3168/2361 4842/3101/2300
f 4911/3172/3852 4912/3173/3853 4910/3171/3851
f 4911/3172/3852 4910/3171/3851 4909/3170/2362
f 4846/3105/3817 4911/3172/3852 4909/3170/2362
f 4846/3105/3817 4909/3170/2362 4844/3103/3816
f 4913/3174/3854 4914/3175/2369 4912/3173/3853
f 4913/3174/3854 4912/3173/3853 4911/3172/3852
f 4848/3107/3818 4913/3174/3854 4911/3172/3852
f 4848/3107/3818 4911/3172/3852 4846/3105/3817
f 4915/3176/2370 4916/3177/2371 4914/3175/2369
f 4915/3176/2370 4914/3175/2369 4913/3174/3854
f 4850/3109/3819 4915/3176/2370 4913/3174/3854
f 4850/3109/3819 4913/3174/3854 4848/3107/3818
f 4917/3178/3855 4918/3179/2373 4916/3177/2371
f 4917/3178/3855 4916/3177/2371 4915/3176/2370
f 4852/3111/3820 4917/3178/3855 4915/3176/2370
f 4852/3111/3820 4915/3176/2370 4850/3109/3819
f 4919/3180/2374 4920/3181/2375 4918/3179/2373
f 4919/3180/2374 4918/3179/2373 4917/3178/3855
f 4854/3113/3822 4919/3180/2374 4917/3178/3855
f 4854/3113/3822 4917/3178/3855 4852/3111/3820
f 4921/3182/3856 4922/3183/3857 4920/3181/2375
f 4921/3182/3856 4920/3181/2375 4919/3180/2374
f 4856/3115/2311 4921/3182/3856 4919/3180/2374
f 4856/3115/2311 4919/3180/2374 4854/3113/3822
f 4923/3184/2378 4924/3185/3858 4922/3183/3857
f 4923/3184/2378 4922/3183/3857 4921/3182/3856
f 4858/3117/3825 4923/3184/2378 4921/3182/3856
f 4858/3117/3825 4921/3182/3856 4856/3115/2311
f 4925/3186/3859 4926/3187/3860 4924/3185/3858
f 4925/3186/3859 4924/3185/3858 4923/3184/2378
f 4860/3119/2315 4925/3186/3859 4923/3184/2378
f 4860/3119/2315 4923/3184/2378 4858/3117/3825
f 4927/3188/2382 4928/3189/2383 4926/3187/3860
f 4927/3188/2382 4926/3187/3860 4925/3186/3859
f 4862/3121/3827 4927/3188/2382 4925/3186/3859
f 4862/3121/3827 4925/3186/3859 4860/3119/2315
f 4929/3190/2384 4930/3191/2385 4928/3189/2383
f 4929/3190/2384 4928/3189/2383 4927/3188/2382
f 4864/3123/3828 4929/3190/2384 4927/3188/2382
f 4864/3123/3828 4927/3188/2382 4862/3121/3827
f 4931/3192/3861 4932/3193/3862 4930/3191/2385
f 4931/3192/3861 4930/3191/2385 4929/3190/2384
f 4866/3125/3830 4931/3192/3861 4929/3190/2384
f 4866/3125/3830 4929/3190/2384 4864/3123/3828
f 4933/3194/2388 4934/3195/3863 4932/3193/3862
f 4933/3194/2388 4932/3193/3862 4931/3192/3861
f 4868/3127/3832 4933/3194/2388 4931/3192/3861
f 4868/3127/3832 4931/3192/3861 4866/3125/3830
f 4935/3132/2390 4936/3196/2391 4934/3195/3863
f 4935/3132/2390 4934/3195/3863 4933/3194/2388
f 4870/3129/3833 4935/3132/2390 4933/3194/2388
f 4870/3129/3833 4933/3194/2388 4868/3127/3832
f 4873/3131/3834 4938/3136/2393 4936/3196/2391
f 4873/3131/3834 4936/3196/2391 4935/3132/2390
f 4936/3196/2391 4937/3197/3864 4945/3198/3865
f 4936/3196/2391 4945/3198/3865 4934/3195/3863
f 4938/3136/2393 4939/3199/2443 4937/3197/3864
f 4938/3136/2393 4937/3197/3864 4936/3196/2391
f 4876/3135/2395 4940/3200/3866 4939/3199/2443
f 4876/3135/2395 4939/3199/2443 4938/3136/2393
f 4940/3200/3866 4941/3201/966 4939/3199/2443
f 4939/3199/2443 4941/3202/966 4937/3197/3864
f 4942/3203/3867 4941/3204/966 4957/3205/2426
f 4956/3206/2431 4941/3207/966 4942/3203/3867
f 4970/3208/3868 4941/3209/966 4943/3210/3869
f 4943/3210/3869 4941/3211/966 4944/3212/3870
f 4944/3212/3870 4941/3213/966 4940/3200/3866
f 4937/3197/3864 4941/3214/966 4945/3198/3865
f 4945/3198/3865 4941/3215/966 4946/3216/2446
f 4946/3216/2446 4941/3217/966 4947/3218/2447
f 4947/3218/2447 4941/3219/966 4948/3220/3871
f 4948/3220/3871 4941/3221/966 4949/3222/2449
f 4949/3222/2449 4941/3223/966 4950/3224/2450
f 4950/3224/2450 4941/3225/966 4951/3226/3872
f 4951/3226/3872 4941/3227/966 4952/3228/3873
f 4952/3228/3873 4941/3229/966 4953/3230/3874
f 4953/3230/3874 4941/3231/966 4954/3232/2454
f 4954/3232/2454 4941/3233/966 4955/3234/2430
f 4955/3234/2430 4941/3235/966 4956/3206/2431
f 4957/3205/2426 4941/3236/966 4958/3237/2425
f 4958/3237/2425 4941/3238/966 4959/3239/3875
f 4959/3239/3875 4941/3240/966 4960/3241/3876
f 4960/3241/3876 4941/3242/966 4961/3243/3877
f 4961/3243/3877 4941/3244/966 4962/3245/2434
f 4962/3245/2434 4941/3246/966 4963/3247/2435
f 4963/3248/2435 4941/3249/966 4964/3250/2436
f 4964/3250/2436 4941/3251/966 4965/3252/3878
f 4965/3252/3878 4941/3253/966 4966/3254/3879
f 4966/3254/3879 4941/3255/966 4967/3256/3880
f 4967/3256/3880 4941/3257/966 4968/3258/3881
f 4968/3258/3881 4941/3259/966 4969/3260/3882
f 4969/3260/3882 4941/3261/966 4970/3208/3868
f 4882/3141/3840 4970/3208/3868 4943/3210/3869
f 4882/3141/3840 4943/3210/3869 4880/3139/3838
f 4884/3143/3842 4969/3260/3882 4970/3208/3868
f 4884/3143/3842 4970/3208/3868 4882/3141/3840
f 4886/3145/3843 4968/3258/3881 4969/3260/3882
f 4886/3145/3843 4969/3260/3882 4884/3143/3842
f 4888/3147/2407 4967/3256/3880 4968/3258/3881
f 4888/3147/2407 4968/3258/3881 4886/3145/3843
f 4890/3149/2409 4966/3254/3879 4967/3256/3880
f 4890/3149/2409 4967/3256/3880 4888/3147/2407
f 4892/3151/3844 4965/3252/3878 4966/3254/3879
f 4892/3151/3844 4966/3254/3879 4890/3149/2409
f 4894/3153/2413 4964/3250/2436 4965/3252/3878
f 4894/3153/2413 4965/3252/3878 4892/3151/3844
f 4896/3155/3846 4963/3248/2435 4964/3250/2436
f 4896/3155/3846 4964/3250/2436 4894/3153/2413
f 4898/3157/2417 4962/3245/2434 4963/3247/2435
f 4898/3157/2417 4963/3247/2435 4896/3158/3846
f 4900/3161/3849 4961/3243/3877 4962/3245/2434
f 4900/3161/3849 4962/3245/2434 4898/3157/2417
f 4902/3163/2421 4960/3241/3876 4961/3243/3877
f 4902/3163/2421 4961/3243/3877 4900/3161/3849
f 4904/3165/3850 4959/3239/3875 4960/3241/3876
f 4904/3165/3850 4960/3241/3876 4902/3163/2421
f 4906/3167/2364 4958/3237/2425 4959/3239/3875
f 4906/3167/2364 4959/3239/3875 4904/3165/3850
f 4908/3169/2363 4957/3205/2426 4958/3237/2425
f 4908/3169/2363 4958/3237/2425 4906/3167/2364
f 4910/3171/3851 4942/3203/3867 4957/3205/2426
f 4910/3171/3851 4957/3205/2426 4908/3169/2363
f 4912/3173/3853 4956/3206/2431 4942/3203/3867
f 4912/3173/3853 4942/3203/3867 4910/3171/3851
f 4914/3175/2369 4955/3234/2430 4956/3206/2431
f 4914/3175/2369 4956/3206/2431 4912/3173/3853
f 4916/3177/2371 4954/3232/2454 4955/3234/2430
f 4916/3177/2371 4955/3234/2430 4914/3175/2369
f 4918/3179/2373 4953/3230/3874 4954/3232/2454
f 4918/3179/2373 4954/3232/2454 4916/3177/2371
f 4920/3181/2375 4952/3228/3873 4953/3230/3874
f 4920/3181/2375 4953/3230/3874 4918/3179/2373
f 4922/3183/3857 4951/3226/3872 4952/3228/3873
f 4922/3183/3857 4952/3228/3873 4920/3181/2375
f 4924/3185/3858 4950/3224/2450 4951/3226/3872
f 4924/3185/3858 4951/3226/3872 4922/3183/3857
f 4926/3187/3860 4949/3222/2449 4950/3224/2450
f 4926/3187/3860 4950/3224/2450 4924/3185/3858
f 4928/3189/2383 4948/3220/3871 4949/3222/2449
f 4928/3189/2383 4949/3222/2449 4926/3187/3860
f 4930/3191/2385 4947/3218/2447 4948/3220/3871
f 4930/3191/2385 4948/3220/3871 4928/3189/2383
f 4932/3193/3862 4946/3216/2446 4947/3218/2447
f 4932/3193/3862 4947/3218/2447 4930/3191/2385
f 4934/3195/3863 4945/3198/3865 4946/3216/2446
f 4934/3195/3863 4946/3216/2446 4932/3193/3862
f 4878/3137/3836 4944/3212/3870 4940/3200/3866
f 4878/3137/3836 4940/3200/3866 4876/3135/2395
f 4880/3139/3838 4943/3210/3869 4944/3212/3870
f 4880/3139/3838 4944/3212/3870 4878/3137/3836
f 4974/1088/2508 4971/1089/3883 4972/1090/2503
f 4974/1088/2508 4972/1090/2503 5066/1091/3884
f 4971/1089/3883 4973/1092/2507 5804/1093/3885
f 4971/1089/3883 5804/1093/3885 4972/1090/2503
f 4975/1094/2509 4976/1095/2510 4973/1092/2507
f 4975/1094/2509 4973/1092/2507 4971/1089/3883
f 4977/1096/3886 4975/1094/2509 4971/1089/3883
f 4977/1096/3886 4971/1089/3883 4974/1088/2508
f 4978/1097/3887 4979/1098/3888 4976/1095/2510
f 4978/1097/3887 4976/1095/2510 4975/1094/2509
f 4980/1099/3889 4978/1097/3887 4975/1094/2509
f 4980/1099/3889 4975/1094/2509 4977/1096/3886
f 4981/1100/2515 4982/1101/2516 4979/1098/3888
f 4981/1100/2515 4979/1098/3888 4978/1097/3887
f 4983/1102/3890 4981/1100/2515 4978/1097/3887
f 4983/1102/3890 4978/1097/3887 4980/1099/3889
f 4984/1103/2518 4985/1104/2519 4982/1101/2516
f 4984/1103/2518 4982/1101/2516 4981/1100/2515
f 4986/1105/2520 4984/1103/2518 4981/1100/2515
f 4986/1105/2520 4981/1100/2515 4983/1102/3890
f 4987/1106/2521 4988/1107/2522 4985/1104/2519
f 4987/1106/2521 4985/1104/2519 4984/1103/2518
f 4989/1108/2523 4987/1106/2521 4984/1103/2518
f 4989/1108/2523 4984/1103/2518 4986/1105/2520
f 4990/1109/3891 4991/1110/3892 4988/1107/2522
f 4990/1109/3891 4988/1107/2522 4987/1106/2521
f 4992/1111/2526 4990/1109/3891 4987/1106/2521
f 4992/1111/2526 4987/1106/2521 4989/1108/2523
f 4993/1112/2527 4994/1113/2528 4991/1110/3892
f 4993/1112/2527 4991/1110/3892 4990/1109/3891
f 4995/1114/2529 4993/1112/2527 4990/1109/3891
f 4995/1114/2529 4990/1109/3891 4992/1111/2526
f 4996/1115/2530 4997/1116/3893 4994/1113/2528
f 4996/1115/2530 4994/1113/2528 4993/1112/2527
f 4998/1117/2532 4996/1115/2530 4993/1112/2527
f 4998/1117/2532 4993/1112/2527 4995/1114/2529
f 4999/1118/2533 5000/1119/2534 4997/1120/3893
f 4999/1118/2533 4997/1120/3893 4996/1121/2530
f 5001/1122/2535 4999/1118/2533 4996/1121/2530
f 5001/1122/2535 4996/1121/2530 4998/1123/2532
f 5002/1124/2536 5003/1125/3894 5000/1119/2534
f 5002/1124/2536 5000/1119/2534 4999/1118/2533
f 5004/1126/2538 5002/1124/2536 4999/1118/2533
f 5004/1126/2538 4999/1118/2533 5001/1122/2535
f 5005/1127/2539 5006/1128/2540 5003/1125/3894
f 5005/1127/2539 5003/1125/3894 5002/1124/2536
f 5007/1129/2541 5005/1127/2539 5002/1124/2536
f 5007/1129/2541 5002/1124/2536 5004/1126/2538
f 5008/1130/2542 5009/1131/3895 5006/1128/2540
f 5008/1130/2542 5006/1128/2540 5005/1127/2539
f 5010/1132/2544 5008/1130/2542 5005/1127/2539
f 5010/1132/2544 5005/1127/2539 5007/1129/2541
f 5011/1133/2545 5012/1134/2546 5009/1131/3895
f 5011/1133/2545 5009/1131/3895 5008/1130/2542
f 5013/1135/3896 5011/1133/2545 5008/1130/2542
f 5013/1135/3896 5008/1130/2542 5010/1132/2544
f 5014/1136/2548 5015/1137/2549 5012/1134/2546
f 5014/1136/2548 5012/1134/2546 5011/1133/2545
f 5016/1138/2550 5014/1136/2548 5011/1133/2545
f 5016/1138/2550 5011/1133/2545 5013/1135/3896
f 5017/1139/2457 5018/1140/3897 5015/1137/2549
f 5017/1139/2457 5015/1137/2549 5014/1136/2548
f 5019/1141/2458 5017/1139/2457 5014/1136/2548
f 5019/1141/2458 5014/1136/2548 5016/1138/2550
f 5020/1142/2456 5021/1143/2459 5018/1140/3897
f 5020/1142/2456 5018/1140/3897 5017/1139/2457
f 5022/1144/2455 5020/1142/2456 5017/1139/2457
f 5022/1144/2455 5017/1139/2457 5019/1141/2458
f 5023/1145/3898 5024/1146/3899 5021/1143/2459
f 5023/1145/3898 5021/1143/2459 5020/1142/2456
f 5025/1147/2463 5023/1145/3898 5020/1142/2456
f 5025/1147/2463 5020/1142/2456 5022/1144/2455
f 5026/1148/3900 5027/1149/3901 5024/1146/3899
f 5026/1148/3900 5024/1146/3899 5023/1145/3898
f 5028/1150/2466 5026/1148/3900 5023/1145/3898
f 5028/1150/2466 5023/1145/3898 5025/1147/2463
f 5029/1151/3902 5030/1152/3903 5027/1149/3901
f 5029/1151/3902 5027/1149/3901 5026/1148/3900
f 5031/1153/3904 5029/1151/3902 5026/1148/3900
f 5031/1153/3904 5026/1148/3900 5028/1150/2466
f 5032/1154/3905 5033/1155/3906 5030/1152/3903
f 5032/1154/3905 5030/1152/3903 5029/1151/3902
f 5034/1156/2472 5032/1154/3905 5029/1151/3902
f 5034/1156/2472 5029/1151/3902 5031/1153/3904
f 5035/1157/2473 5036/1158/3907 5033/1155/3906
f 5035/1157/2473 5033/1155/3906 5032/1154/3905
f 5037/1159/3908 5035/1157/2473 5032/1154/3905
f 5037/1159/3908 5032/1154/3905 5034/1156/2472
f 5038/1160/2476 5039/1161/2477 5036/1158/3907
f 5038/1160/2476 5036/1158/3907 5035/1157/2473
f 5040/1162/2478 5038/1160/2476 5035/1157/2473
f 5040/1162/2478 5035/1157/2473 5037/1159/3908
f 5041/1163/3909 5042/1164/2480 5039/1161/2477
f 5041/1163/3909 5039/1161/2477 5038/1160/2476
f 5043/1165/3910 5041/1163/3909 5038/1160/2476
f 5043/1165/3910 5038/1160/2476 5040/1162/2478
f 5044/1166/3911 5045/1167/2483 5042/1164/2480
f 5044/1166/3911 5042/1164/2480 5041/1163/3909
f 5046/1168/2484 5044/1166/3911 5041/1163/3909
f 5046/1168/2484 5041/1163/3909 5043/1165/3910
f 5047/1169/2485 5048/1170/2486 5045/1167/2483
f 5047/1169/2485 5045/1167/2483 5044/1166/3911
f 5049/1171/3912 5047/1169/2485 5044/1166/3911
f 5049/1171/3912 5044/1166/3911 5046/1168/2484
f 5050/1172/2488 5051/1173/2489 5048/1170/2486
f 5050/1172/2488 5048/1170/2486 5047/1169/2485
f 5052/1174/3913 5050/1172/2488 5047/1169/2485
f 5052/1174/3913 5047/1169/2485 5049/1171/3912
f 5053/1175/2491 5054/1176/3914 5051/1173/2489
f 5053/1175/2491 5051/1173/2489 5050/1172/2488
f 5055/1177/3915 5053/1175/2491 5050/1172/2488
f 5055/1177/3915 5050/1172/2488 5052/1174/3913
f 5056/1178/2494 5057/1179/3916 5054/1176/3914
f 5056/1178/2494 5054/1176/3914 5053/1175/2491
f 5058/1180/2496 5056/1178/2494 5053/1175/2491
f 5058/1180/2496 5053/1175/2491 5055/1177/3915
f 5059/1181/2497 5060/1182/2498 5057/1179/3916
f 5059/1181/2497 5057/1179/3916 5056/1178/2494
f 5061/1183/2499 5059/1181/2497 5056/1178/2494
f 5061/1183/2499 5056/1178/2494 5058/1180/2496
f 5062/1184/3917 5063/1185/3918 5060/1182/2498
f 5062/1184/3917 5060/1182/2498 5059/1181/2497
f 5064/1186/3919 5062/1184/3917 5059/1181/2497
f 5064/1186/3919 5059/1181/2497 5061/1183/2499
f 4972/1090/2503 5804/1093/3885 5063/1185/3918
f 4972/1090/2503 5063/1185/3918 5062/1184/3917
f 5066/1091/3884 4972/1090/2503 5062/1184/3917
f 5066/1091/3884 5062/1184/3917 5064/1186/3919
f 5065/1187/3920 5064/1186/3919 5061/1183/2499
f 5065/1187/3920 5061/1183/2499 5127/1188/2582
f 5067/1189/3921 5066/1091/3884 5064/1186/3919
f 5067/1189/3921 5064/1186/3919 5065/1187/3920
f 5069/1190/3922 4974/1088/2508 5066/1091/3884
f 5069/1190/3922 5066/1091/3884 5067/1189/3921
f 5068/1191/3923 5067/1189/3921 5065/1187/3920
f 5068/1191/3923 5065/1187/3920 5130/1192/3924
f 5070/1193/3925 5069/1190/3922 5067/1189/3921
f 5070/1193/3925 5067/1189/3921 5068/1191/3923
f 5071/1194/2590 4977/1096/3886 4974/1088/2508
f 5071/1194/2590 4974/1088/2508 5069/1190/3922
f 5072/1195/3926 5071/1194/2590 5069/1190/3922
f 5072/1195/3926 5069/1190/3922 5070/1193/3925
f 5073/1196/2592 4980/1099/3889 4977/1096/3886
f 5073/1196/2592 4977/1096/3886 5071/1194/2590
f 5074/1197/3927 5073/1196/2592 5071/1194/2590
f 5074/1197/3927 5071/1194/2590 5072/1195/3926
f 5075/1198/3928 4983/1102/3890 4980/1099/3889
f 5075/1198/3928 4980/1099/3889 5073/1196/2592
f 5076/1199/3929 5075/1198/3928 5073/1196/2592
f 5076/1199/3929 5073/1196/2592 5074/1197/3927
f 5077/1200/2596 4986/1105/2520 4983/1102/3890
f 5077/1200/2596 4983/1102/3890 5075/1198/3928
f 5078/1201/2597 5077/1200/2596 5075/1198/3928
f 5078/1201/2597 5075/1198/3928 5076/1199/3929
f 5079/1202/2598 4989/1108/2523 4986/1105/2520
f 5079/1202/2598 4986/1105/2520 5077/1200/2596
f 5080/1203/2599 5079/1202/2598 5077/1200/2596
f 5080/1203/2599 5077/1200/2596 5078/1201/2597
f 5081/1204/3930 4992/1111/2526 4989/1108/2523
f 5081/1204/3930 4989/1108/2523 5079/1202/2598
f 5082/1205/3931 5081/1204/3930 5079/1202/2598
f 5082/1205/3931 5079/1202/2598 5080/1203/2599
f 5083/1206/3932 4995/1114/2529 4992/1111/2526
f 5083/1206/3932 4992/1111/2526 5081/1204/3930
f 5084/1207/3933 5083/1206/3932 5081/1204/3930
f 5084/1207/3933 5081/1204/3930 5082/1205/3931
f 5085/1208/2604 4998/1117/2532 4995/1114/2529
f 5085/1208/2604 4995/1114/2529 5083/1206/3932
f 5086/1209/2605 5085/1208/2604 5083/1206/3932
f 5086/1209/2605 5083/1206/3932 5084/1207/3933
f 5087/1210/3934 5001/1122/2535 4998/1123/2532
f 5087/1210/3934 4998/1123/2532 5085/1211/2604
f 5088/1212/3935 5087/1210/3934 5085/1211/2604
f 5088/1212/3935 5085/1211/2604 5086/1213/2605
f 5089/1214/3936 5004/1126/2538 5001/1122/2535
f 5089/1214/3936 5001/1122/2535 5087/1210/3934
f 5090/1215/3937 5089/1214/3936 5087/1210/3934
f 5090/1215/3937 5087/1210/3934 5088/1212/3935
f 5091/1216/2610 5007/1129/2541 5004/1126/2538
f 5091/1216/2610 5004/1126/2538 5089/1214/3936
f 5092/1217/3938 5091/1216/2610 5089/1214/3936
f 5092/1217/3938 5089/1214/3936 5090/1215/3937
f 5093/1218/3939 5010/1132/2544 5007/1129/2541
f 5093/1218/3939 5007/1129/2541 5091/1216/2610
f 5094/1219/3940 5093/1218/3939 5091/1216/2610
f 5094/1219/3940 5091/1216/2610 5092/1217/3938
f 5095/1220/2552 5013/1135/3896 5010/1132/2544
f 5095/1220/2552 5010/1132/2544 5093/1218/3939
f 5096/1221/3941 5095/1220/2552 5093/1218/3939
f 5096/1221/3941 5093/1218/3939 5094/1219/3940
f 5097/1222/3942 5016/1138/2550 5013/1135/3896
f 5097/1222/3942 5013/1135/3896 5095/1220/2552
f 5098/1223/3943 5097/1222/3942 5095/1220/2552
f 5098/1223/3943 5095/1220/2552 5096/1221/3941
f 5099/1224/2553 5019/1141/2458 5016/1138/2550
f 5099/1224/2553 5016/1138/2550 5097/1222/3942
f 5100/1225/3944 5099/1224/2553 5097/1222/3942
f 5100/1225/3944 5097/1222/3942 5098/1223/3943
f 5101/1226/3945 5022/1144/2455 5019/1141/2458
f 5101/1226/3945 5019/1141/2458 5099/1224/2553
f 5102/1227/2557 5101/1226/3945 5099/1224/2553
f 5102/1227/2557 5099/1224/2553 5100/1225/3944
f 5103/1228/3946 5025/1147/2463 5022/1144/2455
f 5103/1228/3946 5022/1144/2455 5101/1226/3945
f 5104/1229/3947 5103/1228/3946 5101/1226/3945
f 5104/1229/3947 5101/1226/3945 5102/1227/2557
f 5105/1230/3948 5028/1150/2466 5025/1147/2463
f 5105/1230/3948 5025/1147/2463 5103/1228/3946
f 5106/1231/2561 5105/1230/3948 5103/1228/3946
f 5106/1231/2561 5103/1228/3946 5104/1229/3947
f 5107/1232/2562 5031/1153/3904 5028/1150/2466
f 5107/1232/2562 5028/1150/2466 5105/1230/3948
f 5108/1233/3949 5107/1232/2562 5105/1230/3948
f 5108/1233/3949 5105/1230/3948 5106/1231/2561
f 5109/1234/2564 5034/1156/2472 5031/1153/3904
f 5109/1234/2564 5031/1153/3904 5107/1232/2562
f 5110/1235/2565 5109/1234/2564 5107/1232/2562
f 5110/1235/2565 5107/1232/2562 5108/1233/3949
f 5111/1236/3950 5037/1159/3908 5034/1156/2472
f 5111/1236/3950 5034/1156/2472 5109/1234/2564
f 5112/1237/3951 5111/1236/3950 5109/1234/2564
f 5112/1237/3951 5109/1234/2564 5110/1235/2565
f 5113/1238/2568 5040/1162/2478 5037/1159/3908
f 5113/1238/2568 5037/1159/3908 5111/1236/3950
f 5114/1239/3952 5113/1238/2568 5111/1236/3950
f 5114/1239/3952 5111/1236/3950 5112/1237/3951
f 5115/1240/2570 5043/1165/3910 5040/1162/2478
f 5115/1240/2570 5040/1162/2478 5113/1238/2568
f 5116/1241/3953 5115/1240/2570 5113/1238/2568
f 5116/1241/3953 5113/1238/2568 5114/1239/3952
f 5117/1242/2572 5046/1168/2484 5043/1165/3910
f 5117/1242/2572 5043/1165/3910 5115/1240/2570
f 5118/1243/2573 5117/1242/2572 5115/1240/2570
f 5118/1243/2573 5115/1240/2570 5116/1241/3953
f 5119/1244/2574 5049/1171/3912 5046/1168/2484
f 5119/1244/2574 5046/1168/2484 5117/1242/2572
f 5120/1245/3954 5119/1244/2574 5117/1242/2572
f 5120/1245/3954 5117/1242/2572 5118/1243/2573
f 5121/1246/3955 5052/1174/3913 5049/1171/3912
f 5121/1246/3955 5049/1171/3912 5119/1244/2574
f 5122/1247/2577 5121/1246/3955 5119/1244/2574
f 5122/1247/2577 5119/1244/2574 5120/1245/3954
f 5123/1248/2578 5055/1177/3915 5052/1174/3913
f 5123/1248/2578 5052/1174/3913 5121/1246/3955
f 5124/1249/2579 5123/1248/2578 5121/1246/3955
f 5124/1249/2579 5121/1246/3955 5122/1247/2577
f 5125/1250/2580 5058/1180/2496 5055/1177/3915
f 5125/1250/2580 5055/1177/3915 5123/1248/2578
f 5126/1251/3956 5125/1250/2580 5123/1248/2578
f 5126/1251/3956 5123/1248/2578 5124/1249/2579
f 5127/1188/2582 5061/1183/2499 5058/1180/2496
f 5127/1188/2582 5058/1180/2496 5125/1250/2580
f 5128/1252/3957 5127/1188/2582 5125/1250/2580
f 5128/1252/3957 5125/1250/2580 5126/1251/3956
f 5130/1192/3924 5065/1187/3920 5127/1188/2582
f 5130/1192/3924 5127/1188/2582 5128/1252/3957
f 5129/1253/3958 5128/1252/3957 5126/1251/3956
f 5129/1253/3958 5126/1251/3956 5220/1254/3959
f 5131/1255/2666 5130/1192/3924 5128/1252/3957
f 5131/1255/2666 5128/1252/3957 5129/1253/3958
f 5133/1256/2669 5068/1191/3923 5130/1192/3924
f 5133/1256/2669 5130/1192/3924 5131/1255/2666
f 5132/1257/2665 5131/1255/2666 5129/1253/3958
f 5132/1257/2665 5129/1253/3958 5222/1258/2662
f 5134/1259/2668 5133/1256/2669 5131/1255/2666
f 5134/1259/2668 5131/1255/2666 5132/1257/2665
f 5135/1260/3960 5070/1193/3925 5068/1191/3923
f 5135/1260/3960 5068/1191/3923 5133/1256/2669
f 5137/1261/2671 5135/1260/3960 5133/1256/2669
f 5137/1261/2671 5133/1256/2669 5134/1259/2668
f 5136/1262/3961 5072/1195/3926 5070/1193/3925
f 5136/1262/3961 5070/1193/3925 5135/1260/3960
f 5139/1263/2674 5136/1262/3961 5135/1260/3960
f 5139/1263/2674 5135/1260/3960 5137/1261/2671
f 5140/1264/2676 5139/1263/2674 5137/1261/2671
f 5140/1264/2676 5137/1261/2671 5138/1265/2673
f 5138/1265/2673 5137/1261/2671 5134/1259/2668
f 5138/1265/2673 5134/1259/2668 5227/1266/2670
f 5141/1267/2677 5142/1268/2678 5136/1262/3961
f 5141/1267/2677 5136/1262/3961 5139/1263/2674
f 5143/1269/2679 5141/1267/2677 5139/1263/2674
f 5143/1269/2679 5139/1263/2674 5140/1264/2676
f 5144/1270/2680 5145/1271/2681 5142/1268/2678
f 5144/1270/2680 5142/1268/2678 5141/1267/2677
f 5146/1272/2682 5144/1270/2680 5141/1267/2677
f 5146/1272/2682 5141/1267/2677 5143/1269/2679
f 5147/1273/2683 5148/1274/2684 5145/1271/2681
f 5147/1273/2683 5145/1271/2681 5144/1270/2680
f 5149/1275/2685 5147/1273/2683 5144/1270/2680
f 5149/1275/2685 5144/1270/2680 5146/1272/2682
f 5150/1276/2686 5151/1277/2687 5148/1274/2684
f 5150/1276/2686 5148/1274/2684 5147/1273/2683
f 5152/1278/3962 5150/1276/2686 5147/1273/2683
f 5152/1278/3962 5147/1273/2683 5149/1275/2685
f 5153/1279/2689 5154/1280/2690 5151/1277/2687
f 5153/1279/2689 5151/1277/2687 5150/1276/2686
f 5155/1281/2691 5153/1279/2689 5150/1276/2686
f 5155/1281/2691 5150/1276/2686 5152/1278/3962
f 5156/1282/2692 5157/1283/3963 5154/1280/2690
f 5156/1282/2692 5154/1280/2690 5153/1279/2689
f 5158/1284/2694 5156/1282/2692 5153/1279/2689
f 5158/1284/2694 5153/1279/2689 5155/1281/2691
f 5159/1285/2695 5160/1286/3964 5157/1283/3963
f 5159/1285/2695 5157/1283/3963 5156/1282/2692
f 5161/1287/3965 5159/1285/2695 5156/1282/2692
f 5161/1287/3965 5156/1282/2692 5158/1284/2694
f 5162/1288/3966 5163/1289/2699 5160/1290/3964
f 5162/1288/3966 5160/1290/3964 5159/1291/2695
f 5164/1292/2700 5162/1288/3966 5159/1291/2695
f 5164/1292/2700 5159/1291/2695 5161/1293/3965
f 5165/1294/2701 5166/1295/2702 5163/1289/2699
f 5165/1294/2701 5163/1289/2699 5162/1288/3966
f 5167/1296/2703 5165/1294/2701 5162/1288/3966
f 5167/1296/2703 5162/1288/3966 5164/1292/2700
f 5168/1297/3967 5169/1298/3968 5166/1295/2702
f 5168/1297/3967 5166/1295/2702 5165/1294/2701
f 5170/1299/3969 5168/1297/3967 5165/1294/2701
f 5170/1299/3969 5165/1294/2701 5167/1296/2703
f 5171/1300/2707 5172/1301/3970 5169/1298/3968
f 5171/1300/2707 5169/1298/3968 5168/1297/3967
f 5173/1302/3971 5171/1300/2707 5168/1297/3967
f 5173/1302/3971 5168/1297/3967 5170/1299/3969
f 5174/1303/2620 5175/1304/2615 5172/1301/3970
f 5174/1303/2620 5172/1301/3970 5171/1300/2707
f 5176/1305/2709 5174/1303/2620 5171/1300/2707
f 5176/1305/2709 5171/1300/2707 5173/1302/3971
f 5177/1306/2619 5178/1307/2617 5175/1304/2615
f 5177/1306/2619 5175/1304/2615 5174/1303/2620
f 5179/1308/2710 5177/1306/2619 5174/1303/2620
f 5179/1308/2710 5174/1303/2620 5176/1305/2709
f 5180/1309/3972 5181/1310/2618 5178/1307/2617
f 5180/1309/3972 5178/1307/2617 5177/1306/2619
f 5182/1311/2628 5180/1309/3972 5177/1306/2619
f 5182/1311/2628 5177/1306/2619 5179/1308/2710
f 5183/1312/2623 5184/1313/2622 5181/1310/2618
f 5183/1312/2623 5181/1310/2618 5180/1309/3972
f 5185/1314/2627 5183/1312/2623 5180/1309/3972
f 5185/1314/2627 5180/1309/3972 5182/1311/2628
f 5186/1315/3973 5187/1316/2624 5184/1313/2622
f 5186/1315/3973 5184/1313/2622 5183/1312/2623
f 5188/1317/3974 5186/1315/3973 5183/1312/2623
f 5188/1317/3974 5183/1312/2623 5185/1314/2627
f 5189/1318/3975 5190/1319/3976 5187/1316/2624
f 5189/1318/3975 5187/1316/2624 5186/1315/3973
f 5191/1320/2631 5189/1318/3975 5186/1315/3973
f 5191/1320/2631 5186/1315/3973 5188/1317/3974
f 5192/1321/2632 5193/1322/3977 5190/1319/3976
f 5192/1321/2632 5190/1319/3976 5189/1318/3975
f 5194/1323/2634 5192/1321/2632 5189/1318/3975
f 5194/1323/2634 5189/1318/3975 5191/1320/2631
f 5195/1324/2635 5196/1325/2636 5193/1322/3977
f 5195/1324/2635 5193/1322/3977 5192/1321/2632
f 5197/1326/2637 5195/1324/2635 5192/1321/2632
f 5197/1326/2637 5192/1321/2632 5194/1323/2634
f 5198/1327/3978 5199/1328/2639 5196/1325/2636
f 5198/1327/3978 5196/1325/2636 5195/1324/2635
f 5200/1329/2640 5198/1327/3978 5195/1324/2635
f 5200/1329/2640 5195/1324/2635 5197/1326/2637
f 5201/1330/2641 5202/1331/3979 5199/1328/2639
f 5201/1330/2641 5199/1328/2639 5198/1327/3978
f 5203/1332/2643 5201/1330/2641 5198/1327/3978
f 5203/1332/2643 5198/1327/3978 5200/1329/2640
f 5204/1333/2644 5205/1334/2645 5202/1331/3979
f 5204/1333/2644 5202/1331/3979 5201/1330/2641
f 5206/1335/2646 5204/1333/2644 5201/1330/2641
f 5206/1335/2646 5201/1330/2641 5203/1332/2643
f 5207/1336/2647 5208/1337/2648 5205/1334/2645
f 5207/1336/2647 5205/1334/2645 5204/1333/2644
f 5209/1338/3980 5207/1336/2647 5204/1333/2644
f 5209/1338/3980 5204/1333/2644 5206/1335/2646
f 5210/1339/2650 5211/1340/2651 5208/1337/2648
f 5210/1339/2650 5208/1337/2648 5207/1336/2647
f 5212/1341/3981 5210/1339/2650 5207/1336/2647
f 5212/1341/3981 5207/1336/2647 5209/1338/3980
f 5213/1342/2653 5214/1343/3982 5211/1340/2651
f 5213/1342/2653 5211/1340/2651 5210/1339/2650
f 5215/1344/2655 5213/1342/2653 5210/1339/2650
f 5215/1344/2655 5210/1339/2650 5212/1341/3981
f 5216/1345/2656 5217/1346/3983 5214/1343/3982
f 5216/1345/2656 5214/1343/3982 5213/1342/2653
f 5218/1347/3984 5216/1345/2656 5213/1342/2653
f 5218/1347/3984 5213/1342/2653 5215/1344/2655
f 5219/1348/2659 5220/1254/3959 5217/1346/3983
f 5219/1348/2659 5217/1346/3983 5216/1345/2656
f 5221/1349/2661 5219/1348/2659 5216/1345/2656
f 5221/1349/2661 5216/1345/2656 5218/1347/3984
f 5222/1258/2662 5129/1253/3958 5220/1254/3959
f 5222/1258/2662 5220/1254/3959 5219/1348/2659
f 5223/1350/3985 5222/1258/2662 5219/1348/2659
f 5223/1350/3985 5219/1348/2659 5221/1349/2661
f 5225/1351/3986 5132/1257/2665 5222/1258/2662
f 5225/1351/3986 5222/1258/2662 5223/1350/3985
f 5224/1352/3987 5223/1350/3985 5221/1349/2661
f 5224/1352/3987 5221/1349/2661 5286/1353/3988
f 5226/1354/2745 5225/1351/3986 5223/1350/3985
f 5226/1354/2745 5223/1350/3985 5224/1352/3987
f 5227/1266/2670 5134/1259/2668 5132/1257/2665
f 5227/1266/2670 5132/1257/2665 5225/1351/3986
f 5228/1355/2747 5227/1266/2670 5225/1351/3986
f 5228/1355/2747 5225/1351/3986 5226/1354/2745
f 5230/1356/2749 5138/1265/2673 5227/1266/2670
f 5230/1356/2749 5227/1266/2670 5228/1355/2747
f 5229/1357/2748 5228/1355/2747 5226/1354/2745
f 5229/1357/2748 5226/1354/2745 5291/1358/3989
f 5231/1359/2750 5230/1356/2749 5228/1355/2747
f 5231/1359/2750 5228/1355/2747 5229/1357/2748
f 5232/1360/2751 5140/1264/2676 5138/1265/2673
f 5232/1360/2751 5138/1265/2673 5230/1356/2749
f 5233/1361/2752 5232/1360/2751 5230/1356/2749
f 5233/1361/2752 5230/1356/2749 5231/1359/2750
f 5234/1362/3990 5143/1269/2679 5140/1264/2676
f 5234/1362/3990 5140/1264/2676 5232/1360/2751
f 5235/1363/3991 5234/1362/3990 5232/1360/2751
f 5235/1363/3991 5232/1360/2751 5233/1361/2752
f 5236/1364/3992 5146/1272/2682 5143/1269/2679
f 5236/1364/3992 5143/1269/2679 5234/1362/3990
f 5237/1365/2756 5236/1364/3992 5234/1362/3990
f 5237/1365/2756 5234/1362/3990 5235/1363/3991
f 5238/1366/2757 5149/1275/2685 5146/1272/2682
f 5238/1366/2757 5146/1272/2682 5236/1364/3992
f 5239/1367/2758 5238/1366/2757 5236/1364/3992
f 5239/1367/2758 5236/1364/3992 5237/1365/2756
f 5240/1368/2759 5152/1278/3962 5149/1275/2685
f 5240/1368/2759 5149/1275/2685 5238/1366/2757
f 5241/1369/2760 5240/1368/2759 5238/1366/2757
f 5241/1369/2760 5238/1366/2757 5239/1367/2758
f 5242/1370/2761 5155/1281/2691 5152/1278/3962
f 5242/1370/2761 5152/1278/3962 5240/1368/2759
f 5243/1371/2762 5242/1370/2761 5240/1368/2759
f 5243/1371/2762 5240/1368/2759 5241/1369/2760
f 5244/1372/2763 5158/1284/2694 5155/1281/2691
f 5244/1372/2763 5155/1281/2691 5242/1370/2761
f 5245/1373/2764 5244/1372/2763 5242/1370/2761
f 5245/1373/2764 5242/1370/2761 5243/1371/2762
f 5246/1374/3993 5161/1287/3965 5158/1284/2694
f 5246/1374/3993 5158/1284/2694 5244/1372/2763
f 5247/1375/3994 5246/1374/3993 5244/1372/2763
f 5247/1375/3994 5244/1372/2763 5245/1373/2764
f 5248/1376/2767 5164/1292/2700 5161/1293/3965
f 5248/1376/2767 5161/1293/3965 5246/1377/3993
f 5249/1378/3995 5248/1376/2767 5246/1377/3993
f 5249/1378/3995 5246/1377/3993 5247/1379/3994
f 5250/1380/2769 5167/1296/2703 5164/1292/2700
f 5250/1380/2769 5164/1292/2700 5248/1376/2767
f 5251/1381/2770 5250/1380/2769 5248/1376/2767
f 5251/1381/2770 5248/1376/2767 5249/1378/3995
f 5252/1382/2771 5170/1299/3969 5167/1296/2703
f 5252/1382/2771 5167/1296/2703 5250/1380/2769
f 5253/1383/2772 5252/1382/2771 5250/1380/2769
f 5253/1383/2772 5250/1380/2769 5251/1381/2770
f 5254/1384/2712 5173/1302/3971 5170/1299/3969
f 5254/1384/2712 5170/1299/3969 5252/1382/2771
f 5255/1385/2773 5254/1384/2712 5252/1382/2771
f 5255/1385/2773 5252/1382/2771 5253/1383/2772
f 5256/1386/2711 5176/1305/2709 5173/1302/3971
f 5256/1386/2711 5173/1302/3971 5254/1384/2712
f 5257/1387/3996 5256/1386/2711 5254/1384/2712
f 5257/1387/3996 5254/1384/2712 5255/1385/2773
f 5258/1388/2713 5179/1308/2710 5176/1305/2709
f 5258/1388/2713 5176/1305/2709 5256/1386/2711
f 5259/1389/3997 5258/1388/2713 5256/1386/2711
f 5259/1389/3997 5256/1386/2711 5257/1387/3996
f 5260/1390/3998 5182/1311/2628 5179/1308/2710
f 5260/1390/3998 5179/1308/2710 5258/1388/2713
f 5261/1391/2716 5260/1390/3998 5258/1388/2713
f 5261/1391/2716 5258/1388/2713 5259/1389/3997
f 5262/1392/3999 5185/1314/2627 5182/1311/2628
f 5262/1392/3999 5182/1311/2628 5260/1390/3998
f 5263/1393/2718 5262/1392/3999 5260/1390/3998
f 5263/1393/2718 5260/1390/3998 5261/1391/2716
f 5264/1394/4000 5188/1317/3974 5185/1314/2627
f 5264/1394/4000 5185/1314/2627 5262/1392/3999
f 5265/1395/4001 5264/1394/4000 5262/1392/3999
f 5265/1395/4001 5262/1392/3999 5263/1393/2718
f 5266/1396/2721 5191/1320/2631 5188/1317/3974
f 5266/1396/2721 5188/1317/3974 5264/1394/4000
f 5267/1397/4002 5266/1396/2721 5264/1394/4000
f 5267/1397/4002 5264/1394/4000 5265/1395/4001
f 5268/1398/4003 5194/1323/2634 5191/1320/2631
f 5268/1398/4003 5191/1320/2631 5266/1396/2721
f 5269/1399/2724 5268/1398/4003 5266/1396/2721
f 5269/1399/2724 5266/1396/2721 5267/1397/4002
f 5270/1400/4004 5197/1326/2637 5194/1323/2634
f 5270/1400/4004 5194/1323/2634 5268/1398/4003
f 5271/1401/2726 5270/1400/4004 5268/1398/4003
f 5271/1401/2726 5268/1398/4003 5269/1399/2724
f 5272/1402/2727 5200/1329/2640 5197/1326/2637
f 5272/1402/2727 5197/1326/2637 5270/1400/4004
f 5273/1403/2728 5272/1402/2727 5270/1400/4004
f 5273/1403/2728 5270/1400/4004 5271/1401/2726
f 5274/1404/2729 5203/1332/2643 5200/1329/2640
f 5274/1404/2729 5200/1329/2640 5272/1402/2727
f 5275/1405/2730 5274/1404/2729 5272/1402/2727
f 5275/1405/2730 5272/1402/2727 5273/1403/2728
f 5276/1406/4005 5206/1335/2646 5203/1332/2643
f 5276/1406/4005 5203/1332/2643 5274/1404/2729
f 5277/1407/2732 5276/1406/4005 5274/1404/2729
f 5277/1407/2732 5274/1404/2729 5275/1405/2730
f 5278/1408/2733 5209/1338/3980 5206/1335/2646
f 5278/1408/2733 5206/1335/2646 5276/1406/4005
f 5279/1409/2734 5278/1408/2733 5276/1406/4005
f 5279/1409/2734 5276/1406/4005 5277/1407/2732
f 5280/1410/2735 5212/1341/3981 5209/1338/3980
f 5280/1410/2735 5209/1338/3980 5278/1408/2733
f 5281/1411/4006 5280/1410/2735 5278/1408/2733
f 5281/1411/4006 5278/1408/2733 5279/1409/2734
f 5282/1412/2737 5215/1344/2655 5212/1341/3981
f 5282/1412/2737 5212/1341/3981 5280/1410/2735
f 5283/1413/4007 5282/1412/2737 5280/1410/2735
f 5283/1413/4007 5280/1410/2735 5281/1411/4006
f 5284/1414/2739 5218/1347/3984 5215/1344/2655
f 5284/1414/2739 5215/1344/2655 5282/1412/2737
f 5285/1415/2740 5284/1414/2739 5282/1412/2737
f 5285/1415/2740 5282/1412/2737 5283/1413/4007
f 5286/1353/3988 5221/1349/2661 5218/1347/3984
f 5286/1353/3988 5218/1347/3984 5284/1414/2739
f 5287/1416/2742 5286/1353/3988 5284/1414/2739
f 5287/1416/2742 5284/1414/2739 5285/1415/2740
f 5289/1417/2744 5224/1352/3987 5286/1353/3988
f 5289/1417/2744 5286/1353/3988 5287/1416/2742
f 5288/1418/2821 5287/1416/2742 5285/1415/2740
f 5288/1418/2821 5285/1415/2740 5378/1419/2818
f 5290/1420/4008 5289/1417/2744 5287/1416/2742
f 5290/1420/4008 5287/1416/2742 5288/1418/2821
f 5291/1358/3989 5226/1354/2745 5224/1352/3987
f 5291/1358/3989 5224/1352/3987 5289/1417/2744
f 5292/1421/2827 5291/1358/3989 5289/1417/2744
f 5292/1421/2827 5289/1417/2744 5290/1420/4008
f 5294/1422/4009 5229/1357/2748 5291/1358/3989
f 5294/1422/4009 5291/1358/3989 5292/1421/2827
f 5293/1423/4010 5292/1421/2827 5290/1420/4008
f 5293/1423/4010 5290/1420/4008 5382/1424/2823
f 5295/1425/2829 5294/1422/4009 5292/1421/2827
f 5295/1425/2829 5292/1421/2827 5293/1423/4010
f 5296/1426/2833 5231/1359/2750 5229/1357/2748
f 5296/1426/2833 5229/1357/2748 5294/1422/4009
f 5298/1427/2832 5296/1426/2833 5294/1422/4009
f 5298/1427/2832 5294/1422/4009 5295/1425/2829
f 5300/1428/4011 5297/1429/4012 5296/1426/2833
f 5300/1428/4011 5296/1426/2833 5298/1427/2832
f 5297/1429/4012 5233/1361/2752 5231/1359/2750
f 5297/1429/4012 5231/1359/2750 5296/1426/2833
f 5301/1430/4013 5300/1428/4011 5298/1427/2832
f 5301/1430/4013 5298/1427/2832 5299/1431/4014
f 5299/1431/4014 5298/1427/2832 5295/1425/2829
f 5299/1431/4014 5295/1425/2829 5387/1432/4015
f 5302/1433/2838 5303/1434/2839 5297/1429/4012
f 5302/1433/2838 5297/1429/4012 5300/1428/4011
f 5304/1435/2840 5302/1433/2838 5300/1428/4011
f 5304/1435/2840 5300/1428/4011 5301/1430/4013
f 5305/1436/4016 5306/1437/2842 5303/1434/2839
f 5305/1436/4016 5303/1434/2839 5302/1433/2838
f 5307/1438/2843 5305/1436/4016 5302/1433/2838
f 5307/1438/2843 5302/1433/2838 5304/1435/2840
f 5308/1439/2844 5309/1440/2845 5306/1437/2842
f 5308/1439/2844 5306/1437/2842 5305/1436/4016
f 5310/1441/2846 5308/1439/2844 5305/1436/4016
f 5310/1441/2846 5305/1436/4016 5307/1438/2843
f 5311/1442/2847 5312/1443/2848 5309/1440/2845
f 5311/1442/2847 5309/1440/2845 5308/1439/2844
f 5313/1444/2849 5311/1442/2847 5308/1439/2844
f 5313/1444/2849 5308/1439/2844 5310/1441/2846
f 5314/1445/2850 5315/1446/2851 5312/1443/2848
f 5314/1445/2850 5312/1443/2848 5311/1442/2847
f 5316/1447/2852 5314/1445/2850 5311/1442/2847
f 5316/1447/2852 5311/1442/2847 5313/1444/2849
f 5317/1448/2853 5318/1449/2854 5315/1446/2851
f 5317/1448/2853 5315/1446/2851 5314/1445/2850
f 5319/1450/2855 5317/1448/2853 5314/1445/2850
f 5319/1450/2855 5314/1445/2850 5316/1447/2852
f 5320/1451/2856 5321/1452/2857 5318/1449/2854
f 5320/1451/2856 5318/1449/2854 5317/1448/2853
f 5322/1453/2858 5320/1451/2856 5317/1448/2853
f 5322/1453/2858 5317/1448/2853 5319/1450/2855
f 5323/1454/2859 5324/1455/2860 5321/1456/2857
f 5323/1454/2859 5321/1456/2857 5320/1457/2856
f 5325/1458/2861 5323/1454/2859 5320/1457/2856
f 5325/1458/2861 5320/1457/2856 5322/1459/2858
f 5326/1460/2862 5327/1461/2863 5324/1455/2860
f 5326/1460/2862 5324/1455/2860 5323/1454/2859
f 5328/1462/2864 5326/1460/2862 5323/1454/2859
f 5328/1462/2864 5323/1454/2859 5325/1458/2861
f 5329/1463/2865 5330/1464/2776 5327/1461/2863
f 5329/1463/2865 5327/1461/2863 5326/1460/2862
f 5331/1465/4017 5329/1463/2865 5326/1460/2862
f 5331/1465/4017 5326/1460/2862 5328/1462/2864
f 5332/1466/2867 5333/1467/2775 5330/1464/2776
f 5332/1466/2867 5330/1464/2776 5329/1463/2865
f 5334/1468/4018 5332/1466/2867 5329/1463/2865
f 5334/1468/4018 5329/1463/2865 5331/1465/4017
f 5335/1469/2781 5336/1470/2777 5333/1467/2775
f 5335/1469/2781 5333/1467/2775 5332/1466/2867
f 5337/1471/4019 5335/1469/2781 5332/1466/2867
f 5337/1471/4019 5332/1466/2867 5334/1468/4018
f 5338/1472/2780 5339/1473/2778 5336/1470/2777
f 5338/1472/2780 5336/1470/2777 5335/1469/2781
f 5340/1474/2870 5338/1472/2780 5335/1469/2781
f 5340/1474/2870 5335/1469/2781 5337/1471/4019
f 5341/1475/2782 5342/1476/4020 5339/1473/2778
f 5341/1475/2782 5339/1473/2778 5338/1472/2780
f 5343/1477/2789 5341/1475/2782 5338/1472/2780
f 5343/1477/2789 5338/1472/2780 5340/1474/2870
f 5344/1478/2784 5345/1479/2783 5342/1476/4020
f 5344/1478/2784 5342/1476/4020 5341/1475/2782
f 5346/1480/4021 5344/1478/2784 5341/1475/2782
f 5346/1480/4021 5341/1475/2782 5343/1477/2789
f 5347/1481/2785 5348/1482/4022 5345/1479/2783
f 5347/1481/2785 5345/1479/2783 5344/1478/2784
f 5349/1483/4023 5347/1481/2785 5344/1478/2784
f 5349/1483/4023 5344/1478/2784 5346/1480/4021
f 5350/1484/4024 5351/1485/4025 5348/1482/4022
f 5350/1484/4024 5348/1482/4022 5347/1481/2785
f 5352/1486/4026 5350/1484/4024 5347/1481/2785
f 5352/1486/4026 5347/1481/2785 5349/1483/4023
f 5353/1487/2793 5354/1488/2794 5351/1485/4025
f 5353/1487/2793 5351/1485/4025 5350/1484/4024
f 5355/1489/2795 5353/1487/2793 5350/1484/4024
f 5355/1489/2795 5350/1484/4024 5352/1486/4026
f 5356/1490/2796 5357/1491/2797 5354/1488/2794
f 5356/1490/2796 5354/1488/2794 5353/1487/2793
f 5358/1492/2798 5356/1490/2796 5353/1487/2793
f 5358/1492/2798 5353/1487/2793 5355/1489/2795
f 5359/1493/2799 5360/1494/2800 5357/1491/2797
f 5359/1493/2799 5357/1491/2797 5356/1490/2796
f 5361/1495/2801 5359/1493/2799 5356/1490/2796
f 5361/1495/2801 5356/1490/2796 5358/1492/2798
f 5362/1496/2802 5363/1497/2803 5360/1494/2800
f 5362/1496/2802 5360/1494/2800 5359/1493/2799
f 5364/1498/4027 5362/1496/2802 5359/1493/2799
f 5364/1498/4027 5359/1493/2799 5361/1495/2801
f 5365/1499/2805 5366/1500/2806 5363/1497/2803
f 5365/1499/2805 5363/1497/2803 5362/1496/2802
f 5367/1501/2807 5365/1499/2805 5362/1496/2802
f 5367/1501/2807 5362/1496/2802 5364/1498/4027
f 5368/1502/2808 5369/1503/4028 5366/1500/2806
f 5368/1502/2808 5366/1500/2806 5365/1499/2805
f 5370/1504/4029 5368/1502/2808 5365/1499/2805
f 5370/1504/4029 5365/1499/2805 5367/1501/2807
f 5371/1505/4030 5372/1506/2812 5369/1503/4028
f 5371/1505/4030 5369/1503/4028 5368/1502/2808
f 5373/1507/2813 5371/1505/4030 5368/1502/2808
f 5373/1507/2813 5368/1502/2808 5370/1504/4029
f 5374/1508/4031 5375/1509/4032 5372/1506/2812
f 5374/1508/4031 5372/1506/2812 5371/1505/4030
f 5376/1510/2816 5374/1508/4031 5371/1505/4030
f 5376/1510/2816 5371/1505/4030 5373/1507/2813
f 5377/1511/2817 5378/1419/2818 5375/1509/4032
f 5377/1511/2817 5375/1509/4032 5374/1508/4031
f 5379/1512/4033 5377/1511/2817 5374/1508/4031
f 5379/1512/4033 5374/1508/4031 5376/1510/2816
f 5380/1513/2820 5288/1418/2821 5378/1419/2818
f 5380/1513/2820 5378/1419/2818 5377/1511/2817
f 5381/1514/2822 5380/1513/2820 5377/1511/2817
f 5381/1514/2822 5377/1511/2817 5379/1512/4033
f 5382/1424/2823 5290/1420/4008 5288/1418/2821
f 5382/1424/2823 5288/1418/2821 5380/1513/2820
f 5383/1515/4034 5382/1424/2823 5380/1513/2820
f 5383/1515/4034 5380/1513/2820 5381/1514/2822
f 5385/1516/2828 5293/1423/4010 5382/1424/2823
f 5385/1516/2828 5382/1424/2823 5383/1515/4034
f 5384/1517/2903 5383/1515/4034 5381/1514/2822
f 5384/1517/2903 5381/1514/2822 5446/1518/2901
f 5386/1519/4035 5385/1516/2828 5383/1515/4034
f 5386/1519/4035 5383/1515/4034 5384/1517/2903
f 5387/1432/4015 5295/1425/2829 5293/1423/4010
f 5387/1432/4015 5293/1423/4010 5385/1516/2828
f 5388/1520/4036 5387/1432/4015 5385/1516/2828
f 5388/1520/4036 5385/1516/2828 5386/1519/4035
f 5390/1521/4037 5299/1431/4014 5387/1432/4015
f 5390/1521/4037 5387/1432/4015 5388/1520/4036
f 5389/1522/4038 5388/1520/4036 5386/1519/4035
f 5389/1522/4038 5386/1519/4035 5451/1523/2906
f 5391/1524/2910 5390/1521/4037 5388/1520/4036
f 5391/1524/2910 5388/1520/4036 5389/1522/4038
f 5393/1525/2912 5392/1526/2911 5390/1521/4037
f 5393/1525/2912 5390/1521/4037 5391/1524/2910
f 5392/1526/2911 5301/1430/4013 5299/1431/4014
f 5392/1526/2911 5299/1431/4014 5390/1521/4037
f 5394/1527/2913 5304/1435/2840 5301/1430/4013
f 5394/1527/2913 5301/1430/4013 5392/1526/2911
f 5395/1528/2914 5394/1527/2913 5392/1526/2911
f 5395/1528/2914 5392/1526/2911 5393/1525/2912
f 5396/1529/2915 5307/1438/2843 5304/1435/2840
f 5396/1529/2915 5304/1435/2840 5394/1527/2913
f 5397/1530/4039 5396/1529/2915 5394/1527/2913
f 5397/1530/4039 5394/1527/2913 5395/1528/2914
f 5398/1531/2917 5310/1441/2846 5307/1438/2843
f 5398/1531/2917 5307/1438/2843 5396/1529/2915
f 5399/1532/2918 5398/1531/2917 5396/1529/2915
f 5399/1532/2918 5396/1529/2915 5397/1530/4039
f 5400/1533/4040 5313/1444/2849 5310/1441/2846
f 5400/1533/4040 5310/1441/2846 5398/1531/2917
f 5401/1534/4041 5400/1533/4040 5398/1531/2917
f 5401/1534/4041 5398/1531/2917 5399/1532/2918
f 5402/1535/2921 5316/1447/2852 5313/1444/2849
f 5402/1535/2921 5313/1444/2849 5400/1533/4040
f 5403/1536/4042 5402/1535/2921 5400/1533/4040
f 5403/1536/4042 5400/1533/4040 5401/1534/4041
f 5404/1537/2923 5319/1450/2855 5316/1447/2852
f 5404/1537/2923 5316/1447/2852 5402/1535/2921
f 5405/1538/4043 5404/1537/2923 5402/1535/2921
f 5405/1538/4043 5402/1535/2921 5403/1536/4042
f 5406/1539/2925 5322/1453/2858 5319/1450/2855
f 5406/1539/2925 5319/1450/2855 5404/1537/2923
f 5407/1540/2926 5406/1539/2925 5404/1537/2923
f 5407/1540/2926 5404/1537/2923 5405/1538/4043
f 5408/1541/2927 5325/1458/2861 5322/1459/2858
f 5408/1541/2927 5322/1459/2858 5406/1542/2925
f 5409/1543/4044 5408/1541/2927 5406/1542/2925
f 5409/1543/4044 5406/1542/2925 5407/1544/2926
f 5410/1545/2929 5328/1462/2864 5325/1458/2861
f 5410/1545/2929 5325/1458/2861 5408/1541/2927
f 5411/1546/2930 5410/1545/2929 5408/1541/2927
f 5411/1546/2930 5408/1541/2927 5409/1543/4044
f 5412/1547/4045 5331/1465/4017 5328/1462/2864
f 5412/1547/4045 5328/1462/2864 5410/1545/2929
f 5413/1548/2932 5412/1547/4045 5410/1545/2929
f 5413/1548/2932 5410/1545/2929 5411/1546/2930
f 5414/1549/2872 5334/1468/4018 5331/1465/4017
f 5414/1549/2872 5331/1465/4017 5412/1547/4045
f 5415/1550/2933 5414/1549/2872 5412/1547/4045
f 5415/1550/2933 5412/1547/4045 5413/1548/2932
f 5416/1551/4046 5337/1471/4019 5334/1468/4018
f 5416/1551/4046 5334/1468/4018 5414/1549/2872
f 5417/1552/4047 5416/1551/4046 5414/1549/2872
f 5417/1552/4047 5414/1549/2872 5415/1550/2933
f 5418/1553/4048 5340/1474/2870 5337/1471/4019
f 5418/1553/4048 5337/1471/4019 5416/1551/4046
f 5419/1554/4049 5418/1553/4048 5416/1551/4046
f 5419/1554/4049 5416/1551/4046 5417/1552/4047
f 5420/1555/2874 5343/1477/2789 5340/1474/2870
f 5420/1555/2874 5340/1474/2870 5418/1553/4048
f 5421/1556/2876 5420/1555/2874 5418/1553/4048
f 5421/1556/2876 5418/1553/4048 5419/1554/4049
f 5422/1557/2875 5346/1480/4021 5343/1477/2789
f 5422/1557/2875 5343/1477/2789 5420/1555/2874
f 5423/1558/2878 5422/1557/2875 5420/1555/2874
f 5423/1558/2878 5420/1555/2874 5421/1556/2876
f 5424/1559/2880 5349/1483/4023 5346/1480/4021
f 5424/1559/2880 5346/1480/4021 5422/1557/2875
f 5425/1560/2879 5424/1559/2880 5422/1557/2875
f 5425/1560/2879 5422/1557/2875 5423/1558/2878
f 5426/1561/2881 5352/1486/4026 5349/1483/4023
f 5426/1561/2881 5349/1483/4023 5424/1559/2880
f 5427/1562/2882 5426/1561/2881 5424/1559/2880
f 5427/1562/2882 5424/1559/2880 5425/1560/2879
f 5428/1563/2883 5355/1489/2795 5352/1486/4026
f 5428/1563/2883 5352/1486/4026 5426/1561/2881
f 5429/1564/2884 5428/1563/2883 5426/1561/2881
f 5429/1564/2884 5426/1561/2881 5427/1562/2882
f 5430/1565/2885 5358/1492/2798 5355/1489/2795
f 5430/1565/2885 5355/1489/2795 5428/1563/2883
f 5431/1566/4050 5430/1565/2885 5428/1563/2883
f 5431/1566/4050 5428/1563/2883 5429/1564/2884
f 5432/1567/2887 5361/1495/2801 5358/1492/2798
f 5432/1567/2887 5358/1492/2798 5430/1565/2885
f 5433/1568/2888 5432/1567/2887 5430/1565/2885
f 5433/1568/2888 5430/1565/2885 5431/1566/4050
f 5434/1569/2889 5364/1498/4027 5361/1495/2801
f 5434/1569/2889 5361/1495/2801 5432/1567/2887
f 5435/1570/2890 5434/1569/2889 5432/1567/2887
f 5435/1570/2890 5432/1567/2887 5433/1568/2888
f 5436/1571/4051 5367/1501/2807 5364/1498/4027
f 5436/1571/4051 5364/1498/4027 5434/1569/2889
f 5437/1572/2892 5436/1571/4051 5434/1569/2889
f 5437/1572/2892 5434/1569/2889 5435/1570/2890
f 5438/1573/4052 5370/1504/4029 5367/1501/2807
f 5438/1573/4052 5367/1501/2807 5436/1571/4051
f 5439/1574/2894 5438/1573/4052 5436/1571/4051
f 5439/1574/2894 5436/1571/4051 5437/1572/2892
f 5440/1575/2895 5373/1507/2813 5370/1504/4029
f 5440/1575/2895 5370/1504/4029 5438/1573/4052
f 5441/1576/2896 5440/1575/2895 5438/1573/4052
f 5441/1576/2896 5438/1573/4052 5439/1574/2894
f 5442/1577/4053 5376/1510/2816 5373/1507/2813
f 5442/1577/4053 5373/1507/2813 5440/1575/2895
f 5443/1578/4054 5442/1577/4053 5440/1575/2895
f 5443/1578/4054 5440/1575/2895 5441/1576/2896
f 5444/1579/2899 5379/1512/4033 5376/1510/2816
f 5444/1579/2899 5376/1510/2816 5442/1577/4053
f 5445/1580/2900 5444/1579/2899 5442/1577/4053
f 5445/1580/2900 5442/1577/4053 5443/1578/4054
f 5446/1518/2901 5381/1514/2822 5379/1512/4033
f 5446/1518/2901 5379/1512/4033 5444/1579/2899
f 5447/1581/2902 5446/1518/2901 5444/1579/2899
f 5447/1581/2902 5444/1579/2899 5445/1580/2900
f 5449/1582/4055 5384/1517/2903 5446/1518/2901
f 5449/1582/4055 5446/1518/2901 5447/1581/2902
f 5448/1583/2967 5447/1581/2902 5445/1580/2900
f 5448/1583/2967 5445/1580/2900 5510/1584/4056
f 5450/1585/2969 5449/1582/4055 5447/1581/2902
f 5450/1585/2969 5447/1581/2902 5448/1583/2967
f 5451/1523/2906 5386/1519/4035 5384/1517/2903
f 5451/1523/2906 5384/1517/2903 5449/1582/4055
f 5452/1586/2971 5451/1523/2906 5449/1582/4055
f 5452/1586/2971 5449/1582/4055 5450/1585/2969
f 5454/1587/4057 5389/1522/4038 5451/1523/2906
f 5454/1587/4057 5451/1523/2906 5452/1586/2971
f 5453/1588/4058 5452/1586/2971 5450/1585/2969
f 5453/1588/4058 5450/1585/2969 5515/1589/2970
f 5455/1590/4059 5454/1587/4057 5452/1586/2971
f 5455/1590/4059 5452/1586/2971 5453/1588/4058
f 5456/1591/2975 5391/1524/2910 5389/1522/4038
f 5456/1591/2975 5389/1522/4038 5454/1587/4057
f 5457/1592/2976 5456/1591/2975 5454/1587/4057
f 5457/1592/2976 5454/1587/4057 5455/1590/4059
f 5459/1593/4060 5458/1594/4061 5456/1591/2975
f 5459/1593/4060 5456/1591/2975 5457/1592/2976
f 5458/1594/4061 5393/1525/2912 5391/1524/2910
f 5458/1594/4061 5391/1524/2910 5456/1591/2975
f 5460/1595/2979 5395/1528/2914 5393/1525/2912
f 5460/1595/2979 5393/1525/2912 5458/1594/4061
f 5461/1596/4062 5460/1595/2979 5458/1594/4061
f 5461/1596/4062 5458/1594/4061 5459/1593/4060
f 5462/1597/4063 5397/1530/4039 5395/1528/2914
f 5462/1597/4063 5395/1528/2914 5460/1595/2979
f 5463/1598/2982 5462/1597/4063 5460/1595/2979
f 5463/1598/2982 5460/1595/2979 5461/1596/4062
f 5464/1599/2983 5399/1532/2918 5397/1530/4039
f 5464/1599/2983 5397/1530/4039 5462/1597/4063
f 5465/1600/2984 5464/1599/2983 5462/1597/4063
f 5465/1600/2984 5462/1597/4063 5463/1598/2982
f 5466/1601/2985 5401/1534/4041 5399/1532/2918
f 5466/1601/2985 5399/1532/2918 5464/1599/2983
f 5467/1602/2986 5466/1601/2985 5464/1599/2983
f 5467/1602/2986 5464/1599/2983 5465/1600/2984
f 5468/1603/2987 5403/1536/4042 5401/1534/4041
f 5468/1603/2987 5401/1534/4041 5466/1601/2985
f 5469/1604/2988 5468/1603/2987 5466/1601/2985
f 5469/1604/2988 5466/1601/2985 5467/1602/2986
f 5470/1605/4064 5405/1538/4043 5403/1536/4042
f 5470/1605/4064 5403/1536/4042 5468/1603/2987
f 5471/1606/2990 5470/1605/4064 5468/1603/2987
f 5471/1606/2990 5468/1603/2987 5469/1604/2988
f 5472/1607/4065 5407/1540/2926 5405/1538/4043
f 5472/1607/4065 5405/1538/4043 5470/1605/4064
f 5473/1608/2992 5472/1607/4065 5470/1605/4064
f 5473/1608/2992 5470/1605/4064 5471/1606/2990
f 5474/1609/2993 5409/1543/4044 5407/1544/2926
f 5474/1609/2993 5407/1544/2926 5472/1610/4065
f 5475/1611/4066 5474/1609/2993 5472/1610/4065
f 5475/1611/4066 5472/1610/4065 5473/1612/2992
f 5476/1613/2995 5411/1546/2930 5409/1543/4044
f 5476/1613/2995 5409/1543/4044 5474/1609/2993
f 5477/1614/4067 5476/1613/2995 5474/1609/2993
f 5477/1614/4067 5474/1609/2993 5475/1611/4066
f 5478/1615/4068 5413/1548/2932 5411/1546/2930
f 5478/1615/4068 5411/1546/2930 5476/1613/2995
f 5479/1616/4069 5478/1615/4068 5476/1613/2995
f 5479/1616/4069 5476/1613/2995 5477/1614/4067
f 5480/1617/4070 5415/1550/2933 5413/1548/2932
f 5480/1617/4070 5413/1548/2932 5478/1615/4068
f 5481/1618/4071 5480/1617/4070 5478/1615/4068
f 5481/1618/4071 5478/1615/4068 5479/1616/4069
f 5482/1619/2937 5417/1552/4047 5415/1550/2933
f 5482/1619/2937 5415/1550/2933 5480/1617/4070
f 5483/1620/4072 5482/1619/2937 5480/1617/4070
f 5483/1620/4072 5480/1617/4070 5481/1618/4071
f 5484/1621/4073 5419/1554/4049 5417/1552/4047
f 5484/1621/4073 5417/1552/4047 5482/1619/2937
f 5485/1622/2940 5484/1621/4073 5482/1619/2937
f 5485/1622/2940 5482/1619/2937 5483/1620/4072
f 5486/1623/2939 5421/1556/2876 5419/1554/4049
f 5486/1623/2939 5419/1554/4049 5484/1621/4073
f 5487/1624/4074 5486/1623/2939 5484/1621/4073
f 5487/1624/4074 5484/1621/4073 5485/1622/2940
f 5488/1625/2943 5423/1558/2878 5421/1556/2876
f 5488/1625/2943 5421/1556/2876 5486/1623/2939
f 5489/1626/4075 5488/1625/2943 5486/1623/2939
f 5489/1626/4075 5486/1623/2939 5487/1624/4074
f 5490/1627/2946 5425/1560/2879 5423/1558/2878
f 5490/1627/2946 5423/1558/2878 5488/1625/2943
f 5491/1628/4076 5490/1627/2946 5488/1625/2943
f 5491/1628/4076 5488/1625/2943 5489/1626/4075
f 5492/1629/2947 5427/1562/2882 5425/1560/2879
f 5492/1629/2947 5425/1560/2879 5490/1627/2946
f 5493/1630/2948 5492/1629/2947 5490/1627/2946
f 5493/1630/2948 5490/1627/2946 5491/1628/4076
f 5494/1631/2949 5429/1564/2884 5427/1562/2882
f 5494/1631/2949 5427/1562/2882 5492/1629/2947
f 5495/1632/2950 5494/1631/2949 5492/1629/2947
f 5495/1632/2950 5492/1629/2947 5493/1630/2948
f 5496/1633/2951 5431/1566/4050 5429/1564/2884
f 5496/1633/2951 5429/1564/2884 5494/1631/2949
f 5497/1634/2952 5496/1633/2951 5494/1631/2949
f 5497/1634/2952 5494/1631/2949 5495/1632/2950
f 5498/1635/2953 5433/1568/2888 5431/1566/4050
f 5498/1635/2953 5431/1566/4050 5496/1633/2951
f 5499/1636/2954 5498/1635/2953 5496/1633/2951
f 5499/1636/2954 5496/1633/2951 5497/1634/2952
f 5500/1637/2955 5435/1570/2890 5433/1568/2888
f 5500/1637/2955 5433/1568/2888 5498/1635/2953
f 5501/1638/2956 5500/1637/2955 5498/1635/2953
f 5501/1638/2956 5498/1635/2953 5499/1636/2954
f 5502/1639/2957 5437/1572/2892 5435/1570/2890
f 5502/1639/2957 5435/1570/2890 5500/1637/2955
f 5503/1640/4077 5502/1639/2957 5500/1637/2955
f 5503/1640/4077 5500/1637/2955 5501/1638/2956
f 5504/1641/4078 5439/1574/2894 5437/1572/2892
f 5504/1641/4078 5437/1572/2892 5502/1639/2957
f 5505/1642/2960 5504/1641/4078 5502/1639/2957
f 5505/1642/2960 5502/1639/2957 5503/1640/4077
f 5506/1643/2961 5441/1576/2896 5439/1574/2894
f 5506/1643/2961 5439/1574/2894 5504/1641/4078
f 5507/1644/4079 5506/1643/2961 5504/1641/4078
f 5507/1644/4079 5504/1641/4078 5505/1642/2960
f 5508/1645/4080 5443/1578/4054 5441/1576/2896
f 5508/1645/4080 5441/1576/2896 5506/1643/2961
f 5509/1646/4081 5508/1645/4080 5506/1643/2961
f 5509/1646/4081 5506/1643/2961 5507/1644/4079
f 5510/1584/4056 5445/1580/2900 5443/1578/4054
f 5510/1584/4056 5443/1578/4054 5508/1645/4080
f 5511/1647/4082 5510/1584/4056 5508/1645/4080
f 5511/1647/4082 5508/1645/4080 5509/1646/4081
f 5513/1648/2968 5448/1583/2967 5510/1584/4056
f 5513/1648/2968 5510/1584/4056 5511/1647/4082
f 5512/1649/3031 5511/1647/4082 5509/1646/4081
f 5512/1649/3031 5509/1646/4081 5574/1650/4083
f 5514/1651/3033 5513/1648/2968 5511/1647/4082
f 5514/1651/3033 5511/1647/4082 5512/1649/3031
f 5515/1589/2970 5450/1585/2969 5448/1583/2967
f 5515/1589/2970 5448/1583/2967 5513/1648/2968
f 5516/1652/3035 5515/1589/2970 5513/1648/2968
f 5516/1652/3035 5513/1648/2968 5514/1651/3033
f 5518/1653/3037 5453/1588/4058 5515/1589/2970
f 5518/1653/3037 5515/1589/2970 5516/1652/3035
f 5517/1654/3036 5516/1652/3035 5514/1651/3033
f 5517/1654/3036 5514/1651/3033 5579/1655/4084
f 5519/1656/4085 5518/1653/3037 5516/1652/3035
f 5519/1656/4085 5516/1652/3035 5517/1654/3036
f 5520/1657/3039 5455/1590/4059 5453/1588/4058
f 5520/1657/3039 5453/1588/4058 5518/1653/3037
f 5521/1658/4086 5520/1657/3039 5518/1653/3037
f 5521/1658/4086 5518/1653/3037 5519/1656/4085
f 5522/1659/3041 5457/1592/2976 5455/1590/4059
f 5522/1659/3041 5455/1590/4059 5520/1657/3039
f 5523/1660/3042 5522/1659/3041 5520/1657/3039
f 5523/1660/3042 5520/1657/3039 5521/1658/4086
f 5524/1661/3043 5459/1593/4060 5457/1592/2976
f 5524/1661/3043 5457/1592/2976 5522/1659/3041
f 5525/1662/3044 5524/1661/3043 5522/1659/3041
f 5525/1662/3044 5522/1659/3041 5523/1660/3042
f 5526/1663/3045 5461/1596/4062 5459/1593/4060
f 5526/1663/3045 5459/1593/4060 5524/1661/3043
f 5527/1664/3046 5526/1663/3045 5524/1661/3043
f 5527/1664/3046 5524/1661/3043 5525/1662/3044
f 5528/1665/3047 5463/1598/2982 5461/1596/4062
f 5528/1665/3047 5461/1596/4062 5526/1663/3045
f 5529/1666/4087 5528/1665/3047 5526/1663/3045
f 5529/1666/4087 5526/1663/3045 5527/1664/3046
f 5530/1667/3049 5465/1600/2984 5463/1598/2982
f 5530/1667/3049 5463/1598/2982 5528/1665/3047
f 5531/1668/3050 5530/1667/3049 5528/1665/3047
f 5531/1668/3050 5528/1665/3047 5529/1666/4087
f 5532/1669/3051 5467/1602/2986 5465/1600/2984
f 5532/1669/3051 5465/1600/2984 5530/1667/3049
f 5533/1670/3052 5532/1669/3051 5530/1667/3049
f 5533/1670/3052 5530/1667/3049 5531/1668/3050
f 5534/1671/3053 5469/1604/2988 5467/1602/2986
f 5534/1671/3053 5467/1602/2986 5532/1669/3051
f 5535/1672/3054 5534/1671/3053 5532/1669/3051
f 5535/1672/3054 5532/1669/3051 5533/1670/3052
f 5536/1673/3055 5471/1606/2990 5469/1604/2988
f 5536/1673/3055 5469/1604/2988 5534/1671/3053
f 5537/1674/4088 5536/1673/3055 5534/1671/3053
f 5537/1674/4088 5534/1671/3053 5535/1672/3054
f 5538/1675/4089 5473/1608/2992 5471/1606/2990
f 5538/1675/4089 5471/1606/2990 5536/1673/3055
f 5539/1676/3058 5538/1675/4089 5536/1673/3055
f 5539/1676/3058 5536/1673/3055 5537/1674/4088
f 5540/1677/3059 5475/1611/4066 5473/1612/2992
f 5540/1677/3059 5473/1612/2992 5538/1678/4089
f 5541/1679/4090 5540/1677/3059 5538/1678/4089
f 5541/1679/4090 5538/1678/4089 5539/1680/3058
f 5542/1681/3000 5477/1614/4067 5475/1611/4066
f 5542/1681/3000 5475/1611/4066 5540/1677/3059
f 5543/1682/3061 5542/1681/3000 5540/1677/3059
f 5543/1682/3061 5540/1677/3059 5541/1679/4090
f 5544/1683/2999 5479/1616/4069 5477/1614/4067
f 5544/1683/2999 5477/1614/4067 5542/1681/3000
f 5545/1684/3062 5544/1683/2999 5542/1681/3000
f 5545/1684/3062 5542/1681/3000 5543/1682/3061
f 5546/1685/4091 5481/1618/4071 5479/1616/4069
f 5546/1685/4091 5479/1616/4069 5544/1683/2999
f 5547/1686/3005 5546/1685/4091 5544/1683/2999
f 5547/1686/3005 5544/1683/2999 5545/1684/3062
f 5548/1687/4092 5483/1620/4072 5481/1618/4071
f 5548/1687/4092 5481/1618/4071 5546/1685/4091
f 5549/1688/4093 5548/1687/4092 5546/1685/4091
f 5549/1688/4093 5546/1685/4091 5547/1686/3005
f 5550/1689/4094 5485/1622/2940 5483/1620/4072
f 5550/1689/4094 5483/1620/4072 5548/1687/4092
f 5551/1690/4095 5550/1689/4094 5548/1687/4092
f 5551/1690/4095 5548/1687/4092 5549/1688/4093
f 5552/1691/4096 5487/1624/4074 5485/1622/2940
f 5552/1691/4096 5485/1622/2940 5550/1689/4094
f 5553/1692/4097 5552/1691/4096 5550/1689/4094
f 5553/1692/4097 5550/1689/4094 5551/1690/4095
f 5554/1693/4098 5489/1626/4075 5487/1624/4074
f 5554/1693/4098 5487/1624/4074 5552/1691/4096
f 5555/1694/3010 5554/1693/4098 5552/1691/4096
f 5555/1694/3010 5552/1691/4096 5553/1692/4097
f 5556/1695/3011 5491/1628/4076 5489/1626/4075
f 5556/1695/3011 5489/1626/4075 5554/1693/4098
f 5557/1696/3012 5556/1695/3011 5554/1693/4098
f 5557/1696/3012 5554/1693/4098 5555/1694/3010
f 5558/1697/4099 5493/1630/2948 5491/1628/4076
f 5558/1697/4099 5491/1628/4076 5556/1695/3011
f 5559/1698/3014 5558/1697/4099 5556/1695/3011
f 5559/1698/3014 5556/1695/3011 5557/1696/3012
f 5560/1699/4100 5495/1632/2950 5493/1630/2948
f 5560/1699/4100 5493/1630/2948 5558/1697/4099
f 5561/1700/3016 5560/1699/4100 5558/1697/4099
f 5561/1700/3016 5558/1697/4099 5559/1698/3014
f 5562/1701/4101 5497/1634/2952 5495/1632/2950
f 5562/1701/4101 5495/1632/2950 5560/1699/4100
f 5563/1702/3018 5562/1701/4101 5560/1699/4100
f 5563/1702/3018 5560/1699/4100 5561/1700/3016
f 5564/1703/4102 5499/1636/2954 5497/1634/2952
f 5564/1703/4102 5497/1634/2952 5562/1701/4101
f 5565/1704/4103 5564/1703/4102 5562/1701/4101
f 5565/1704/4103 5562/1701/4101 5563/1702/3018
f 5566/1705/4104 5501/1638/2956 5499/1636/2954
f 5566/1705/4104 5499/1636/2954 5564/1703/4102
f 5567/1706/3022 5566/1705/4104 5564/1703/4102
f 5567/1706/3022 5564/1703/4102 5565/1704/4103
f 5568/1707/4105 5503/1640/4077 5501/1638/2956
f 5568/1707/4105 5501/1638/2956 5566/1705/4104
f 5569/1708/4106 5568/1707/4105 5566/1705/4104
f 5569/1708/4106 5566/1705/4104 5567/1706/3022
f 5570/1709/3025 5505/1642/2960 5503/1640/4077
f 5570/1709/3025 5503/1640/4077 5568/1707/4105
f 5571/1710/3026 5570/1709/3025 5568/1707/4105
f 5571/1710/3026 5568/1707/4105 5569/1708/4106
f 5572/1711/3027 5507/1644/4079 5505/1642/2960
f 5572/1711/3027 5505/1642/2960 5570/1709/3025
f 5573/1712/3028 5572/1711/3027 5570/1709/3025
f 5573/1712/3028 5570/1709/3025 5571/1710/3026
f 5574/1650/4083 5509/1646/4081 5507/1644/4079
f 5574/1650/4083 5507/1644/4079 5572/1711/3027
f 5575/1713/3030 5574/1650/4083 5572/1711/3027
f 5575/1713/3030 5572/1711/3027 5573/1712/3028
f 5577/1714/3032 5512/1649/3031 5574/1650/4083
f 5577/1714/3032 5574/1650/4083 5575/1713/3030
f 5576/1715/3095 5575/1713/3030 5573/1712/3028
f 5576/1715/3095 5573/1712/3028 5638/1716/4107
f 5578/1717/4108 5577/1714/3032 5575/1713/3030
f 5578/1717/4108 5575/1713/3030 5576/1715/3095
f 5579/1655/4084 5514/1651/3033 5512/1649/3031
f 5579/1655/4084 5512/1649/3031 5577/1714/3032
f 5580/1718/3099 5579/1655/4084 5577/1714/3032
f 5580/1718/3099 5577/1714/3032 5578/1717/4108
f 5582/1719/3101 5517/1654/3036 5579/1655/4084
f 5582/1719/3101 5579/1655/4084 5580/1718/3099
f 5581/1720/4109 5580/1718/3099 5578/1717/4108
f 5581/1720/4109 5578/1717/4108 5643/1721/4110
f 5583/1722/4111 5582/1719/3101 5580/1718/3099
f 5583/1722/4111 5580/1718/3099 5581/1720/4109
f 5584/1723/4112 5519/1656/4085 5517/1654/3036
f 5584/1723/4112 5517/1654/3036 5582/1719/3101
f 5585/1724/3104 5584/1723/4112 5582/1719/3101
f 5585/1724/3104 5582/1719/3101 5583/1722/4111
f 5586/1725/3105 5521/1658/4086 5519/1656/4085
f 5586/1725/3105 5519/1656/4085 5584/1723/4112
f 5587/1726/4113 5586/1725/3105 5584/1723/4112
f 5587/1726/4113 5584/1723/4112 5585/1724/3104
f 5588/1727/3107 5523/1660/3042 5521/1658/4086
f 5588/1727/3107 5521/1658/4086 5586/1725/3105
f 5589/1728/4114 5588/1727/3107 5586/1725/3105
f 5589/1728/4114 5586/1725/3105 5587/1726/4113
f 5591/1729/3110 5590/1730/3109 5588/1727/3107
f 5591/1729/3110 5588/1727/3107 5589/1728/4114
f 5590/1730/3109 5525/1662/3044 5523/1660/3042
f 5590/1730/3109 5523/1660/3042 5588/1727/3107
f 5592/1731/4115 5527/1664/3046 5525/1662/3044
f 5592/1731/4115 5525/1662/3044 5590/1730/3109
f 5593/1732/4116 5592/1731/4115 5590/1730/3109
f 5593/1732/4116 5590/1730/3109 5591/1729/3110
f 5594/1733/3113 5529/1666/4087 5527/1664/3046
f 5594/1733/3113 5527/1664/3046 5592/1731/4115
f 5595/1734/3114 5594/1733/3113 5592/1731/4115
f 5595/1734/3114 5592/1731/4115 5593/1732/4116
f 5596/1735/3115 5531/1668/3050 5529/1666/4087
f 5596/1735/3115 5529/1666/4087 5594/1733/3113
f 5597/1736/3116 5596/1735/3115 5594/1733/3113
f 5597/1736/3116 5594/1733/3113 5595/1734/3114
f 5598/1737/4117 5533/1670/3052 5531/1668/3050
f 5598/1737/4117 5531/1668/3050 5596/1735/3115
f 5599/1738/3118 5598/1737/4117 5596/1735/3115
f 5599/1738/3118 5596/1735/3115 5597/1736/3116
f 5600/1739/3119 5535/1672/3054 5533/1670/3052
f 5600/1739/3119 5533/1670/3052 5598/1737/4117
f 5601/1740/3120 5600/1739/3119 5598/1737/4117
f 5601/1740/3120 5598/1737/4117 5599/1738/3118
f 5602/1741/4118 5537/1674/4088 5535/1672/3054
f 5602/1741/4118 5535/1672/3054 5600/1739/3119
f 5603/1742/3122 5602/1741/4118 5600/1739/3119
f 5603/1742/3122 5600/1739/3119 5601/1740/3120
f 5604/1743/3123 5539/1676/3058 5537/1674/4088
f 5604/1743/3123 5537/1674/4088 5602/1741/4118
f 5605/1744/3124 5604/1743/3123 5602/1741/4118
f 5605/1744/3124 5602/1741/4118 5603/1742/3122
f 5606/1745/4119 5541/1679/4090 5539/1680/3058
f 5606/1745/4119 5539/1680/3058 5604/1746/3123
f 5607/1747/4120 5606/1745/4119 5604/1746/3123
f 5607/1747/4120 5604/1746/3123 5605/1748/3124
f 5608/1749/4121 5543/1682/3061 5541/1679/4090
f 5608/1749/4121 5541/1679/4090 5606/1745/4119
f 5609/1750/4122 5608/1749/4121 5606/1745/4119
f 5609/1750/4122 5606/1745/4119 5607/1747/4120
f 5610/1751/3065 5545/1684/3062 5543/1682/3061
f 5610/1751/3065 5543/1682/3061 5608/1749/4121
f 5611/1752/4123 5610/1751/3065 5608/1749/4121
f 5611/1752/4123 5608/1749/4121 5609/1750/4122
f 5612/1753/3066 5547/1686/3005 5545/1684/3062
f 5612/1753/3066 5545/1684/3062 5610/1751/3065
f 5613/1754/3068 5612/1753/3066 5610/1751/3065
f 5613/1754/3068 5610/1751/3065 5611/1752/4123
f 5614/1755/4124 5549/1688/4093 5547/1686/3005
f 5614/1755/4124 5547/1686/3005 5612/1753/3066
f 5615/1756/3070 5614/1755/4124 5612/1753/3066
f 5615/1756/3070 5612/1753/3066 5613/1754/3068
f 5616/1757/4125 5551/1690/4095 5549/1688/4093
f 5616/1757/4125 5549/1688/4093 5614/1755/4124
f 5617/1758/4126 5616/1757/4125 5614/1755/4124
f 5617/1758/4126 5614/1755/4124 5615/1756/3070
f 5618/1759/3073 5553/1692/4097 5551/1690/4095
f 5618/1759/3073 5551/1690/4095 5616/1757/4125
f 5619/1760/3074 5618/1759/3073 5616/1757/4125
f 5619/1760/3074 5616/1757/4125 5617/1758/4126
f 5620/1761/3075 5555/1694/3010 5553/1692/4097
f 5620/1761/3075 5553/1692/4097 5618/1759/3073
f 5621/1762/4127 5620/1761/3075 5618/1759/3073
f 5621/1762/4127 5618/1759/3073 5619/1760/3074
f 5622/1763/3078 5557/1696/3012 5555/1694/3010
f 5622/1763/3078 5555/1694/3010 5620/1761/3075
f 5623/1764/3077 5622/1763/3078 5620/1761/3075
f 5623/1764/3077 5620/1761/3075 5621/1762/4127
f 5624/1765/4128 5559/1698/3014 5557/1696/3012
f 5624/1765/4128 5557/1696/3012 5622/1763/3078
f 5625/1766/4129 5624/1765/4128 5622/1763/3078
f 5625/1766/4129 5622/1763/3078 5623/1764/3077
f 5626/1767/3081 5561/1700/3016 5559/1698/3014
f 5626/1767/3081 5559/1698/3014 5624/1765/4128
f 5627/1768/4130 5626/1767/3081 5624/1765/4128
f 5627/1768/4130 5624/1765/4128 5625/1766/4129
f 5628/1769/4131 5563/1702/3018 5561/1700/3016
f 5628/1769/4131 5561/1700/3016 5626/1767/3081
f 5629/1770/4132 5628/1769/4131 5626/1767/3081
f 5629/1770/4132 5626/1767/3081 5627/1768/4130
f 5630/1771/4133 5565/1704/4103 5563/1702/3018
f 5630/1771/4133 5563/1702/3018 5628/1769/4131
f 5631/1772/3086 5630/1771/4133 5628/1769/4131
f 5631/1772/3086 5628/1769/4131 5629/1770/4132
f 5632/1773/3087 5567/1706/3022 5565/1704/4103
f 5632/1773/3087 5565/1704/4103 5630/1771/4133
f 5633/1774/4134 5632/1773/3087 5630/1771/4133
f 5633/1774/4134 5630/1771/4133 5631/1772/3086
f 5634/1775/3089 5569/1708/4106 5567/1706/3022
f 5634/1775/3089 5567/1706/3022 5632/1773/3087
f 5635/1776/3090 5634/1775/3089 5632/1773/3087
f 5635/1776/3090 5632/1773/3087 5633/1774/4134
f 5636/1777/3091 5571/1710/3026 5569/1708/4106
f 5636/1777/3091 5569/1708/4106 5634/1775/3089
f 5637/1778/4135 5636/1777/3091 5634/1775/3089
f 5637/1778/4135 5634/1775/3089 5635/1776/3090
f 5638/1716/4107 5573/1712/3028 5571/1710/3026
f 5638/1716/4107 5571/1710/3026 5636/1777/3091
f 5639/1779/4136 5638/1716/4107 5636/1777/3091
f 5639/1779/4136 5636/1777/3091 5637/1778/4135
f 5641/1780/3096 5576/1715/3095 5638/1716/4107
f 5641/1780/3096 5638/1716/4107 5639/1779/4136
f 5640/1781/4137 5639/1779/4136 5637/1778/4135
f 5640/1781/4137 5637/1778/4135 5702/1782/3157
f 5642/1783/3161 5641/1780/3096 5639/1779/4136
f 5642/1783/3161 5639/1779/4136 5640/1781/4137
f 5643/1721/4110 5578/1717/4108 5576/1715/3095
f 5643/1721/4110 5576/1715/3095 5641/1780/3096
f 5644/1784/4138 5643/1721/4110 5641/1780/3096
f 5644/1784/4138 5641/1780/3096 5642/1783/3161
f 5646/1785/4139 5581/1720/4109 5643/1721/4110
f 5646/1785/4139 5643/1721/4110 5644/1784/4138
f 5645/1786/3164 5644/1784/4138 5642/1783/3161
f 5645/1786/3164 5642/1783/3161 5707/1787/3162
f 5647/1788/3166 5646/1785/4139 5644/1784/4138
f 5647/1788/3166 5644/1784/4138 5645/1786/3164
f 5648/1789/4140 5583/1722/4111 5581/1720/4109
f 5648/1789/4140 5581/1720/4109 5646/1785/4139
f 5649/1790/4141 5648/1789/4140 5646/1785/4139
f 5649/1790/4141 5646/1785/4139 5647/1788/3166
f 5650/1791/4142 5585/1724/3104 5583/1722/4111
f 5650/1791/4142 5583/1722/4111 5648/1789/4140
f 5651/1792/3170 5650/1791/4142 5648/1789/4140
f 5651/1792/3170 5648/1789/4140 5649/1790/4141
f 5652/1793/4143 5587/1726/4113 5585/1724/3104
f 5652/1793/4143 5585/1724/3104 5650/1791/4142
f 5653/1794/4144 5652/1793/4143 5650/1791/4142
f 5653/1794/4144 5650/1791/4142 5651/1792/3170
f 5654/1795/3173 5589/1728/4114 5587/1726/4113
f 5654/1795/3173 5587/1726/4113 5652/1793/4143
f 5655/1796/4145 5654/1795/3173 5652/1793/4143
f 5655/1796/4145 5652/1793/4143 5653/1794/4144
f 5656/1797/4146 5591/1729/3110 5589/1728/4114
f 5656/1797/4146 5589/1728/4114 5654/1795/3173
f 5657/1798/4147 5656/1797/4146 5654/1795/3173
f 5657/1798/4147 5654/1795/3173 5655/1796/4145
f 5658/1799/3177 5593/1732/4116 5591/1729/3110
f 5658/1799/3177 5591/1729/3110 5656/1797/4146
f 5659/1800/3178 5658/1799/3177 5656/1797/4146
f 5659/1800/3178 5656/1797/4146 5657/1798/4147
f 5660/1801/4148 5595/1734/3114 5593/1732/4116
f 5660/1801/4148 5593/1732/4116 5658/1799/3177
f 5661/1802/3180 5660/1801/4148 5658/1799/3177
f 5661/1802/3180 5658/1799/3177 5659/1800/3178
f 5662/1803/3181 5597/1736/3116 5595/1734/3114
f 5662/1803/3181 5595/1734/3114 5660/1801/4148
f 5663/1804/3182 5662/1803/3181 5660/1801/4148
f 5663/1804/3182 5660/1801/4148 5661/1802/3180
f 5664/1805/3183 5599/1738/3118 5597/1736/3116
f 5664/1805/3183 5597/1736/3116 5662/1803/3181
f 5665/1806/3184 5664/1805/3183 5662/1803/3181
f 5665/1806/3184 5662/1803/3181 5663/1804/3182
f 5666/1807/3185 5601/1740/3120 5599/1738/3118
f 5666/1807/3185 5599/1738/3118 5664/1805/3183
f 5667/1808/4149 5666/1807/3185 5664/1805/3183
f 5667/1808/4149 5664/1805/3183 5665/1806/3184
f 5668/1809/3187 5603/1742/3122 5601/1740/3120
f 5668/1809/3187 5601/1740/3120 5666/1807/3185
f 5669/1810/4150 5668/1809/3187 5666/1807/3185
f 5669/1810/4150 5666/1807/3185 5667/1808/4149
f 5670/1811/3128 5605/1744/3124 5603/1742/3122
f 5670/1811/3128 5603/1742/3122 5668/1809/3187
f 5671/1812/4151 5670/1811/3128 5668/1809/3187
f 5671/1812/4151 5668/1809/3187 5669/1810/4150
f 5672/1813/3127 5607/1747/4120 5605/1748/3124
f 5672/1813/3127 5605/1748/3124 5670/1814/3128
f 5673/1815/4152 5672/1813/3127 5670/1814/3128
f 5673/1815/4152 5670/1814/3128 5671/1816/4151
f 5674/1817/4153 5609/1750/4122 5607/1747/4120
f 5674/1817/4153 5607/1747/4120 5672/1813/3127
f 5675/1818/3133 5674/1817/4153 5672/1813/3127
f 5675/1818/3133 5672/1813/3127 5673/1815/4152
f 5676/1819/4154 5611/1752/4123 5609/1750/4122
f 5676/1819/4154 5609/1750/4122 5674/1817/4153
f 5677/1820/4155 5676/1819/4154 5674/1817/4153
f 5677/1820/4155 5674/1817/4153 5675/1818/3133
f 5678/1821/3131 5613/1754/3068 5611/1752/4123
f 5678/1821/3131 5611/1752/4123 5676/1819/4154
f 5679/1822/3134 5678/1821/3131 5676/1819/4154
f 5679/1822/3134 5676/1819/4154 5677/1820/4155
f 5680/1823/4156 5615/1756/3070 5613/1754/3068
f 5680/1823/4156 5613/1754/3068 5678/1821/3131
f 5681/1824/3136 5680/1823/4156 5678/1821/3131
f 5681/1824/3136 5678/1821/3131 5679/1822/3134
f 5682/1825/4157 5617/1758/4126 5615/1756/3070
f 5682/1825/4157 5615/1756/3070 5680/1823/4156
f 5683/1826/4158 5682/1825/4157 5680/1823/4156
f 5683/1826/4158 5680/1823/4156 5681/1824/3136
f 5684/1827/4159 5619/1760/3074 5617/1758/4126
f 5684/1827/4159 5617/1758/4126 5682/1825/4157
f 5685/1828/4160 5684/1827/4159 5682/1825/4157
f 5685/1828/4160 5682/1825/4157 5683/1826/4158
f 5686/1829/3141 5621/1762/4127 5619/1760/3074
f 5686/1829/3141 5619/1760/3074 5684/1827/4159
f 5687/1830/3142 5686/1829/3141 5684/1827/4159
f 5687/1830/3142 5684/1827/4159 5685/1828/4160
f 5688/1831/3143 5623/1764/3077 5621/1762/4127
f 5688/1831/3143 5621/1762/4127 5686/1829/3141
f 5689/1832/4161 5688/1831/3143 5686/1829/3141
f 5689/1832/4161 5686/1829/3141 5687/1830/3142
f 5690/1833/3145 5625/1766/4129 5623/1764/3077
f 5690/1833/3145 5623/1764/3077 5688/1831/3143
f 5691/1834/3146 5690/1833/3145 5688/1831/3143
f 5691/1834/3146 5688/1831/3143 5689/1832/4161
f 5692/1835/3147 5627/1768/4130 5625/1766/4129
f 5692/1835/3147 5625/1766/4129 5690/1833/3145
f 5693/1836/4162 5692/1835/3147 5690/1833/3145
f 5693/1836/4162 5690/1833/3145 5691/1834/3146
f 5694/1837/3149 5629/1770/4132 5627/1768/4130
f 5694/1837/3149 5627/1768/4130 5692/1835/3147
f 5695/1838/4163 5694/1837/3149 5692/1835/3147
f 5695/1838/4163 5692/1835/3147 5693/1836/4162
f 5696/1839/4164 5631/1772/3086 5629/1770/4132
f 5696/1839/4164 5629/1770/4132 5694/1837/3149
f 5697/1840/4165 5696/1839/4164 5694/1837/3149
f 5697/1840/4165 5694/1837/3149 5695/1838/4163
f 5698/1841/4166 5633/1774/4134 5631/1772/3086
f 5698/1841/4166 5631/1772/3086 5696/1839/4164
f 5699/1842/3154 5698/1841/4166 5696/1839/4164
f 5699/1842/3154 5696/1839/4164 5697/1840/4165
f 5700/1843/3155 5635/1776/3090 5633/1774/4134
f 5700/1843/3155 5633/1774/4134 5698/1841/4166
f 5701/1844/4167 5700/1843/3155 5698/1841/4166
f 5701/1844/4167 5698/1841/4166 5699/1842/3154
f 5702/1782/3157 5637/1778/4135 5635/1776/3090
f 5702/1782/3157 5635/1776/3090 5700/1843/3155
f 5703/1845/4168 5702/1782/3157 5700/1843/3155
f 5703/1845/4168 5700/1843/3155 5701/1844/4167
f 5705/1846/4169 5640/1781/4137 5702/1782/3157
f 5705/1846/4169 5702/1782/3157 5703/1845/4168
f 5704/1847/4170 5703/1845/4168 5701/1844/4167
f 5704/1847/4170 5701/1844/4167 5790/1848/4171
f 5706/1849/4172 5705/1846/4169 5703/1845/4168
f 5706/1849/4172 5703/1845/4168 5704/1847/4170
f 5707/1787/3162 5642/1783/3161 5640/1781/4137
f 5707/1787/3162 5640/1781/4137 5705/1846/4169
f 5708/1850/4173 5707/1787/3162 5705/1846/4169
f 5708/1850/4173 5705/1846/4169 5706/1849/4172
f 5710/1851/3242 5645/1786/3164 5707/1787/3162
f 5710/1851/3242 5707/1787/3162 5708/1850/4173
f 5709/1852/3238 5708/1850/4173 5706/1849/4172
f 5709/1852/3238 5706/1849/4172 5794/1853/4174
f 5711/1854/4175 5710/1851/3242 5708/1850/4173
f 5711/1854/4175 5708/1850/4173 5709/1852/3238
f 5712/1855/4176 5647/1788/3166 5645/1786/3164
f 5712/1855/4176 5645/1786/3164 5710/1851/3242
f 5713/1856/4177 5712/1855/4176 5710/1851/3242
f 5713/1856/4177 5710/1851/3242 5711/1854/4175
f 5714/1857/3248 5649/1790/4141 5647/1788/3166
f 5714/1857/3248 5647/1788/3166 5712/1855/4176
f 5715/1858/4178 5714/1857/3248 5712/1855/4176
f 5715/1858/4178 5712/1855/4176 5713/1856/4177
f 5716/1859/3251 5651/1792/3170 5649/1790/4141
f 5716/1859/3251 5649/1790/4141 5714/1857/3248
f 5717/1860/4179 5716/1859/3251 5714/1857/3248
f 5717/1860/4179 5714/1857/3248 5715/1858/4178
f 5718/1861/4180 5653/1794/4144 5651/1792/3170
f 5718/1861/4180 5651/1792/3170 5716/1859/3251
f 5719/1862/4181 5718/1861/4180 5716/1859/3251
f 5719/1862/4181 5716/1859/3251 5717/1860/4179
f 5720/1863/4182 5655/1796/4145 5653/1794/4144
f 5720/1863/4182 5653/1794/4144 5718/1861/4180
f 5722/1864/3256 5720/1863/4182 5718/1861/4180
f 5722/1864/3256 5718/1861/4180 5719/1862/4181
f 5721/1865/4183 5657/1798/4147 5655/1796/4145
f 5721/1865/4183 5655/1796/4145 5720/1863/4182
f 5724/1866/4184 5721/1865/4183 5720/1863/4182
f 5724/1866/4184 5720/1863/4182 5722/1864/3256
f 5725/1867/4185 5724/1866/4184 5722/1864/3256
f 5725/1867/4185 5722/1864/3256 5723/1868/4186
f 5723/1868/4186 5722/1864/3256 5719/1862/4181
f 5723/1868/4186 5719/1862/4181 5798/1869/4187
f 5726/1870/3262 5727/1871/3263 5721/1865/4183
f 5726/1870/3262 5721/1865/4183 5724/1866/4184
f 5728/1872/4188 5726/1870/3262 5724/1866/4184
f 5728/1872/4188 5724/1866/4184 5725/1867/4185
f 5729/1873/4189 5730/1874/4190 5727/1871/3263
f 5729/1873/4189 5727/1871/3263 5726/1870/3262
f 5731/1875/4191 5729/1873/4189 5726/1870/3262
f 5731/1875/4191 5726/1870/3262 5728/1872/4188
f 5732/1876/4192 5733/1877/3269 5730/1874/4190
f 5732/1876/4192 5730/1874/4190 5729/1873/4189
f 5734/1878/3270 5732/1876/4192 5729/1873/4189
f 5734/1878/3270 5729/1873/4189 5731/1875/4191
f 5735/1879/4193 5736/1880/4194 5733/1877/3269
f 5735/1879/4193 5733/1877/3269 5732/1876/4192
f 5737/1881/4195 5735/1879/4193 5732/1876/4192
f 5737/1881/4195 5732/1876/4192 5734/1878/3270
f 5738/1882/3274 5739/1883/4196 5736/1880/4194
f 5738/1882/3274 5736/1880/4194 5735/1879/4193
f 5740/1884/3276 5738/1882/3274 5735/1879/4193
f 5740/1884/3276 5735/1879/4193 5737/1881/4195
f 5741/1885/4197 5742/1886/4198 5739/1883/4196
f 5741/1885/4197 5739/1883/4196 5738/1882/3274
f 5743/1887/4199 5741/1885/4197 5738/1882/3274
f 5743/1887/4199 5738/1882/3274 5740/1884/3276
f 5744/1888/4200 5745/1889/4201 5742/1886/4198
f 5744/1888/4200 5742/1886/4198 5741/1885/4197
f 5746/1890/4202 5744/1888/4200 5741/1885/4197
f 5746/1890/4202 5741/1885/4197 5743/1887/4199
f 5747/1891/4203 5748/1892/4204 5745/1893/4201
f 5747/1891/4203 5745/1893/4201 5744/1894/4200
f 5749/1895/4205 5747/1891/4203 5744/1894/4200
f 5749/1895/4205 5744/1894/4200 5746/1896/4202
f 5750/1897/4206 5751/1898/4207 5748/1892/4204
f 5750/1897/4206 5748/1892/4204 5747/1891/4203
f 5752/1899/4208 5750/1897/4206 5747/1891/4203
f 5752/1899/4208 5747/1891/4203 5749/1895/4205
f 5753/1900/4209 5754/1901/4210 5751/1898/4207
f 5753/1900/4209 5751/1898/4207 5750/1897/4206
f 5755/1902/4211 5753/1900/4209 5750/1897/4206
f 5755/1902/4211 5750/1897/4206 5752/1899/4208
f 5756/1903/4212 5757/1904/4213 5754/1901/4210
f 5756/1903/4212 5754/1901/4210 5753/1900/4209
f 5758/1905/4214 5756/1903/4212 5753/1900/4209
f 5758/1905/4214 5753/1900/4209 5755/1902/4211
f 5759/1906/4215 5760/1907/4216 5757/1904/4213
f 5759/1906/4215 5757/1904/4213 5756/1903/4212
f 5761/1908/4217 5759/1906/4215 5756/1903/4212
f 5761/1908/4217 5756/1903/4212 5758/1905/4214
f 5762/1909/4218 5763/1910/4219 5760/1907/4216
f 5762/1909/4218 5760/1907/4216 5759/1906/4215
f 5764/1911/4220 5762/1909/4218 5759/1906/4215
f 5764/1911/4220 5759/1906/4215 5761/1908/4217
f 5765/1912/4221 5766/1913/4222 5763/1910/4219
f 5765/1912/4221 5763/1910/4219 5762/1909/4218
f 5767/1914/4223 5765/1912/4221 5762/1909/4218
f 5767/1914/4223 5762/1909/4218 5764/1911/4220
f 5768/1915/3208 5769/1916/4224 5766/1913/4222
f 5768/1915/3208 5766/1913/4222 5765/1912/4221
f 5770/1917/4225 5768/1915/3208 5765/1912/4221
f 5770/1917/4225 5765/1912/4221 5767/1914/4223
f 5771/1918/3210 5772/1919/4226 5769/1916/4224
f 5771/1918/3210 5769/1916/4224 5768/1915/3208
f 5773/1920/4227 5771/1918/3210 5768/1915/3208
f 5773/1920/4227 5768/1915/3208 5770/1917/4225
f 5774/1921/4228 5775/1922/3215 5772/1919/4226
f 5774/1921/4228 5772/1919/4226 5771/1918/3210
f 5776/1923/4229 5774/1921/4228 5771/1918/3210
f 5776/1923/4229 5771/1918/3210 5773/1920/4227
f 5777/1924/3217 5778/1925/4230 5775/1922/3215
f 5777/1924/3217 5775/1922/3215 5774/1921/4228
f 5779/1926/4231 5777/1924/3217 5774/1921/4228
f 5779/1926/4231 5774/1921/4228 5776/1923/4229
f 5780/1927/3220 5781/1928/3221 5778/1925/4230
f 5780/1927/3220 5778/1925/4230 5777/1924/3217
f 5782/1929/4232 5780/1927/3220 5777/1924/3217
f 5782/1929/4232 5777/1924/3217 5779/1926/4231
f 5783/1930/3223 5784/1931/4233 5781/1928/3221
f 5783/1930/3223 5781/1928/3221 5780/1927/3220
f 5785/1932/4234 5783/1930/3223 5780/1927/3220
f 5785/1932/4234 5780/1927/3220 5782/1929/4232
f 5786/1933/4235 5787/1934/4236 5784/1931/4233
f 5786/1933/4235 5784/1931/4233 5783/1930/3223
f 5788/1935/4237 5786/1933/4235 5783/1930/3223
f 5788/1935/4237 5783/1930/3223 5785/1932/4234
f 5789/1936/4238 5790/1848/4171 5787/1934/4236
f 5789/1936/4238 5787/1934/4236 5786/1933/4235
f 5791/1937/4239 5789/1936/4238 5786/1933/4235
f 5791/1937/4239 5786/1933/4235 5788/1935/4237
f 5792/1938/4240 5704/1847/4170 5790/1848/4171
f 5792/1938/4240 5790/1848/4171 5789/1936/4238
f 5793/1939/4241 5792/1938/4240 5789/1936/4238
f 5793/1939/4241 5789/1936/4238 5791/1937/4239
f 5794/1853/4174 5706/1849/4172 5704/1847/4170
f 5794/1853/4174 5704/1847/4170 5792/1938/4240
f 5795/1940/3237 5794/1853/4174 5792/1938/4240
f 5795/1940/3237 5792/1938/4240 5793/1939/4241
f 5796/1941/3240 5709/1852/3238 5794/1853/4174
f 5796/1941/3240 5794/1853/4174 5795/1940/3237
f 5797/1942/829 5796/1941/3240 5795/1940/3237
f 5797/1943/829 5795/1940/3237 5793/1939/4241
f 5797/1944/829 5770/1917/4225 5767/1914/4223
f 5797/1945/829 5773/1920/4227 5770/1917/4225
f 5797/1946/829 5725/1867/4185 5723/1868/4186
f 5797/1947/829 5723/1868/4186 5798/1869/4187
f 5797/1948/829 5798/1869/4187 5799/1949/4242
f 5797/1950/829 5799/1949/4242 5800/1951/4243
f 5797/1952/829 5800/1951/4243 5801/1953/4244
f 5797/1954/829 5801/1953/4244 5802/1955/4245
f 5797/1956/829 5802/1955/4245 5796/1941/3240
f 5797/1957/829 5793/1939/4241 5791/1937/4239
f 5797/1958/829 5791/1937/4239 5788/1935/4237
f 5797/1959/829 5788/1935/4237 5785/1932/4234
f 5797/1960/829 5785/1932/4234 5782/1929/4232
f 5797/1961/829 5782/1929/4232 5779/1926/4231
f 5797/1962/829 5779/1926/4231 5776/1923/4229
f 5797/1963/829 5776/1923/4229 5773/1920/4227
f 5797/1964/829 5767/1914/4223 5764/1911/4220
f 5797/1965/829 5764/1911/4220 5761/1908/4217
f 5797/1966/829 5761/1908/4217 5758/1905/4214
f 5797/1967/829 5758/1905/4214 5755/1902/4211
f 5797/1968/829 5755/1902/4211 5752/1899/4208
f 5797/1969/829 5752/1899/4208 5749/1895/4205
f 5797/1970/829 5749/1895/4205 5746/1896/4202
f 5797/1971/829 5746/1890/4202 5743/1887/4199
f 5797/1972/829 5743/1887/4199 5740/1884/3276
f 5797/1973/829 5740/1884/3276 5737/1881/4195
f 5797/1974/829 5737/1881/4195 5734/1878/3270
f 5797/1975/829 5734/1878/3270 5731/1875/4191
f 5797/1976/829 5731/1875/4191 5728/1872/4188
f 5797/1977/829 5728/1872/4188 5725/1867/4185
f 5802/1955/4245 5711/1854/4175 5709/1852/3238
f 5802/1955/4245 5709/1852/3238 5796/1941/3240
f 5801/1953/4244 5713/1856/4177 5711/1854/4175
f 5801/1953/4244 5711/1854/4175 5802/1955/4245
f 5800/1951/4243 5715/1858/4178 5713/1856/4177
f 5800/1951/4243 5713/1856/4177 5801/1953/4244
f 5799/1949/4242 5717/1860/4179 5715/1858/4178
f 5799/1949/4242 5715/1858/4178 5800/1951/4243
f 5798/1869/4187 5719/1862/4181 5717/1860/4179
f 5798/1869/4187 5717/1860/4179 5799/1949/4242
f 5790/1848/4171 5701/1844/4167 5699/1842/3154
f 5790/1848/4171 5699/1842/3154 5787/1934/4236
f 5787/1934/4236 5699/1842/3154 5697/1840/4165
f 5787/1934/4236 5697/1840/4165 5784/1931/4233
f 5784/1931/4233 5697/1840/4165 5695/1838/4163
f 5784/1931/4233 5695/1838/4163 5781/1928/3221
f 5781/1928/3221 5695/1838/4163 5693/1836/4162
f 5781/1928/3221 5693/1836/4162 5778/1925/4230
f 5778/1925/4230 5693/1836/4162 5691/1834/3146
f 5778/1925/4230 5691/1834/3146 5775/1922/3215
f 5775/1922/3215 5691/1834/3146 5689/1832/4161
f 5775/1922/3215 5689/1832/4161 5772/1919/4226
f 5772/1919/4226 5689/1832/4161 5687/1830/3142
f 5772/1919/4226 5687/1830/3142 5769/1916/4224
f 5769/1916/4224 5687/1830/3142 5685/1828/4160
f 5769/1916/4224 5685/1828/4160 5766/1913/4222
f 5766/1913/4222 5685/1828/4160 5683/1826/4158
f 5766/1913/4222 5683/1826/4158 5763/1910/4219
f 5763/1910/4219 5683/1826/4158 5681/1824/3136
f 5763/1910/4219 5681/1824/3136 5760/1907/4216
f 5760/1907/4216 5681/1824/3136 5679/1822/3134
f 5760/1907/4216 5679/1822/3134 5757/1904/4213
f 5757/1904/4213 5679/1822/3134 5677/1820/4155
f 5757/1904/4213 5677/1820/4155 5754/1901/4210
f 5754/1901/4210 5677/1820/4155 5675/1818/3133
f 5754/1901/4210 5675/1818/3133 5751/1898/4207
f 5751/1898/4207 5675/1818/3133 5673/1815/4152
f 5751/1898/4207 5673/1815/4152 5748/1892/4204
f 5748/1892/4204 5673/1815/4152 5671/1816/4151
f 5748/1892/4204 5671/1816/4151 5745/1893/4201
f 5745/1889/4201 5671/1812/4151 5669/1810/4150
f 5745/1889/4201 5669/1810/4150 5742/1886/4198
f 5742/1886/4198 5669/1810/4150 5667/1808/4149
f 5742/1886/4198 5667/1808/4149 5739/1883/4196
f 5739/1883/4196 5667/1808/4149 5665/1806/3184
f 5739/1883/4196 5665/1806/3184 5736/1880/4194
f 5736/1880/4194 5665/1806/3184 5663/1804/3182
f 5736/1880/4194 5663/1804/3182 5733/1877/3269
f 5733/1877/3269 5663/1804/3182 5661/1802/3180
f 5733/1877/3269 5661/1802/3180 5730/1874/4190
f 5730/1874/4190 5661/1802/3180 5659/1800/3178
f 5730/1874/4190 5659/1800/3178 5727/1871/3263
f 5727/1871/3263 5659/1800/3178 5657/1798/4147
f 5727/1871/3263 5657/1798/4147 5721/1865/4183
f 5378/1419/2818 5285/1415/2740 5283/1413/4007
f 5378/1419/2818 5283/1413/4007 5375/1509/4032
f 5375/1509/4032 5283/1413/4007 5281/1411/4006
f 5375/1509/4032 5281/1411/4006 5372/1506/2812
f 5372/1506/2812 5281/1411/4006 5279/1409/2734
f 5372/1506/2812 5279/1409/2734 5369/1503/4028
f 5369/1503/4028 5279/1409/2734 5277/1407/2732
f 5369/1503/4028 5277/1407/2732 5366/1500/2806
f 5366/1500/2806 5277/1407/2732 5275/1405/2730
f 5366/1500/2806 5275/1405/2730 5363/1497/2803
f 5363/1497/2803 5275/1405/2730 5273/1403/2728
f 5363/1497/2803 5273/1403/2728 5360/1494/2800
f 5360/1494/2800 5273/1403/2728 5271/1401/2726
f 5360/1494/2800 5271/1401/2726 5357/1491/2797
f 5357/1491/2797 5271/1401/2726 5269/1399/2724
f 5357/1491/2797 5269/1399/2724 5354/1488/2794
f 5354/1488/2794 5269/1399/2724 5267/1397/4002
f 5354/1488/2794 5267/1397/4002 5351/1485/4025
f 5351/1485/4025 5267/1397/4002 5265/1395/4001
f 5351/1485/4025 5265/1395/4001 5348/1482/4022
f 5348/1482/4022 5265/1395/4001 5263/1393/2718
f 5348/1482/4022 5263/1393/2718 5345/1479/2783
f 5345/1479/2783 5263/1393/2718 5261/1391/2716
f 5345/1479/2783 5261/1391/2716 5342/1476/4020
f 5342/1476/4020 5261/1391/2716 5259/1389/3997
f 5342/1476/4020 5259/1389/3997 5339/1473/2778
f 5339/1473/2778 5259/1389/3997 5257/1387/3996
f 5339/1473/2778 5257/1387/3996 5336/1470/2777
f 5336/1470/2777 5257/1387/3996 5255/1385/2773
f 5336/1470/2777 5255/1385/2773 5333/1467/2775
f 5333/1467/2775 5255/1385/2773 5253/1383/2772
f 5333/1467/2775 5253/1383/2772 5330/1464/2776
f 5330/1464/2776 5253/1383/2772 5251/1381/2770
f 5330/1464/2776 5251/1381/2770 5327/1461/2863
f 5327/1461/2863 5251/1381/2770 5249/1378/3995
f 5327/1461/2863 5249/1378/3995 5324/1455/2860
f 5324/1455/2860 5249/1378/3995 5247/1379/3994
f 5324/1455/2860 5247/1379/3994 5321/1456/2857
f 5321/1452/2857 5247/1375/3994 5245/1373/2764
f 5321/1452/2857 5245/1373/2764 5318/1449/2854
f 5318/1449/2854 5245/1373/2764 5243/1371/2762
f 5318/1449/2854 5243/1371/2762 5315/1446/2851
f 5315/1446/2851 5243/1371/2762 5241/1369/2760
f 5315/1446/2851 5241/1369/2760 5312/1443/2848
f 5312/1443/2848 5241/1369/2760 5239/1367/2758
f 5312/1443/2848 5239/1367/2758 5309/1440/2845
f 5309/1440/2845 5239/1367/2758 5237/1365/2756
f 5309/1440/2845 5237/1365/2756 5306/1437/2842
f 5306/1437/2842 5237/1365/2756 5235/1363/3991
f 5306/1437/2842 5235/1363/3991 5303/1434/2839
f 5303/1434/2839 5235/1363/3991 5233/1361/2752
f 5303/1434/2839 5233/1361/2752 5297/1429/4012
f 5220/1254/3959 5126/1251/3956 5124/1249/2579
f 5220/1254/3959 5124/1249/2579 5217/1346/3983
f 5217/1346/3983 5124/1249/2579 5122/1247/2577
f 5217/1346/3983 5122/1247/2577 5214/1343/3982
f 5214/1343/3982 5122/1247/2577 5120/1245/3954
f 5214/1343/3982 5120/1245/3954 5211/1340/2651
f 5211/1340/2651 5120/1245/3954 5118/1243/2573
f 5211/1340/2651 5118/1243/2573 5208/1337/2648
f 5208/1337/2648 5118/1243/2573 5116/1241/3953
f 5208/1337/2648 5116/1241/3953 5205/1334/2645
f 5205/1334/2645 5116/1241/3953 5114/1239/3952
f 5205/1334/2645 5114/1239/3952 5202/1331/3979
f 5202/1331/3979 5114/1239/3952 5112/1237/3951
f 5202/1331/3979 5112/1237/3951 5199/1328/2639
f 5199/1328/2639 5112/1237/3951 5110/1235/2565
f 5199/1328/2639 5110/1235/2565 5196/1325/2636
f 5196/1325/2636 5110/1235/2565 5108/1233/3949
f 5196/1325/2636 5108/1233/3949 5193/1322/3977
f 5193/1322/3977 5108/1233/3949 5106/1231/2561
f 5193/1322/3977 5106/1231/2561 5190/1319/3976
f 5190/1319/3976 5106/1231/2561 5104/1229/3947
f 5190/1319/3976 5104/1229/3947 5187/1316/2624
f 5187/1316/2624 5104/1229/3947 5102/1227/2557
f 5187/1316/2624 5102/1227/2557 5184/1313/2622
f 5184/1313/2622 5102/1227/2557 5100/1225/3944
f 5184/1313/2622 5100/1225/3944 5181/1310/2618
f 5181/1310/2618 5100/1225/3944 5098/1223/3943
f 5181/1310/2618 5098/1223/3943 5178/1307/2617
f 5178/1307/2617 5098/1223/3943 5096/1221/3941
f 5178/1307/2617 5096/1221/3941 5175/1304/2615
f 5175/1304/2615 5096/1221/3941 5094/1219/3940
f 5175/1304/2615 5094/1219/3940 5172/1301/3970
f 5172/1301/3970 5094/1219/3940 5092/1217/3938
f 5172/1301/3970 5092/1217/3938 5169/1298/3968
f 5169/1298/3968 5092/1217/3938 5090/1215/3937
f 5169/1298/3968 5090/1215/3937 5166/1295/2702
f 5166/1295/2702 5090/1215/3937 5088/1212/3935
f 5166/1295/2702 5088/1212/3935 5163/1289/2699
f 5163/1289/2699 5088/1212/3935 5086/1213/2605
f 5163/1289/2699 5086/1213/2605 5160/1290/3964
f 5160/1286/3964 5086/1209/2605 5084/1207/3933
f 5160/1286/3964 5084/1207/3933 5157/1283/3963
f 5157/1283/3963 5084/1207/3933 5082/1205/3931
f 5157/1283/3963 5082/1205/3931 5154/1280/2690
f 5154/1280/2690 5082/1205/3931 5080/1203/2599
f 5154/1280/2690 5080/1203/2599 5151/1277/2687
f 5151/1277/2687 5080/1203/2599 5078/1201/2597
f 5151/1277/2687 5078/1201/2597 5148/1274/2684
f 5148/1274/2684 5078/1201/2597 5076/1199/3929
f 5148/1274/2684 5076/1199/3929 5145/1271/2681
f 5145/1271/2681 5076/1199/3929 5074/1197/3927
f 5145/1271/2681 5074/1197/3927 5142/1268/2678
f 5142/1268/2678 5074/1197/3927 5072/1195/3926
f 5142/1268/2678 5072/1195/3926 5136/1262/3961
f 5063/1185/3918 5803/1978/4246 5865/1979/4247
f 5063/1185/3918 5865/1979/4247 5060/1182/2498
f 5804/1093/3885 5805/1980/3322 5803/1978/4246
f 5804/1093/3885 5803/1978/4246 5063/1185/3918
f 4973/1092/2507 5807/1981/4248 5805/1980/3322
f 4973/1092/2507 5805/1980/3322 5804/1093/3885
f 5805/1980/3322 5806/1982/3323 5868/1983/4249
f 5805/1980/3322 5868/1983/4249 5803/1978/4246
f 5807/1981/4248 5808/1984/3325 5806/1982/3323
f 5807/1981/4248 5806/1982/3323 5805/1980/3322
f 5809/1985/4250 5810/1986/3327 5808/1984/3325
f 5809/1985/4250 5808/1984/3325 5807/1981/4248
f 4976/1095/2510 5809/1985/4250 5807/1981/4248
f 4976/1095/2510 5807/1981/4248 4973/1092/2507
f 5811/1987/3328 5812/1988/3329 5810/1986/3327
f 5811/1987/3328 5810/1986/3327 5809/1985/4250
f 4979/1098/3888 5811/1987/3328 5809/1985/4250
f 4979/1098/3888 5809/1985/4250 4976/1095/2510
f 5813/1989/3330 5814/1990/4251 5812/1988/3329
f 5813/1989/3330 5812/1988/3329 5811/1987/3328
f 4982/1101/2516 5813/1989/3330 5811/1987/3328
f 4982/1101/2516 5811/1987/3328 4979/1098/3888
f 5815/1991/4252 5816/1992/4253 5814/1990/4251
f 5815/1991/4252 5814/1990/4251 5813/1989/3330
f 4985/1104/2519 5815/1991/4252 5813/1989/3330
f 4985/1104/2519 5813/1989/3330 4982/1101/2516
f 5817/1993/4254 5818/1994/4255 5816/1992/4253
f 5817/1993/4254 5816/1992/4253 5815/1991/4252
f 4988/1107/2522 5817/1993/4254 5815/1991/4252
f 4988/1107/2522 5815/1991/4252 4985/1104/2519
f 5819/1995/4256 5820/1996/4257 5818/1994/4255
f 5819/1995/4256 5818/1994/4255 5817/1993/4254
f 4991/1110/3892 5819/1995/4256 5817/1993/4254
f 4991/1110/3892 5817/1993/4254 4988/1107/2522
f 5821/1997/3338 5822/1998/4258 5820/1996/4257
f 5821/1997/3338 5820/1996/4257 5819/1995/4256
f 4994/1113/2528 5821/1997/3338 5819/1995/4256
f 4994/1113/2528 5819/1995/4256 4991/1110/3892
f 5823/1999/3340 5824/2000/4259 5822/1998/4258
f 5823/1999/3340 5822/1998/4258 5821/1997/3338
f 4997/1116/3893 5823/1999/3340 5821/1997/3338
f 4997/1116/3893 5821/1997/3338 4994/1113/2528
f 5825/2001/3342 5826/2002/4260 5824/2003/4259
f 5825/2001/3342 5824/2003/4259 5823/2004/3340
f 5000/1119/2534 5825/2001/3342 5823/2004/3340
f 5000/1119/2534 5823/2004/3340 4997/1120/3893
f 5827/2005/3344 5828/2006/4261 5826/2002/4260
f 5827/2005/3344 5826/2002/4260 5825/2001/3342
f 5003/1125/3894 5827/2005/3344 5825/2001/3342
f 5003/1125/3894 5825/2001/3342 5000/1119/2534
f 5829/2007/4262 5830/2008/4263 5828/2006/4261
f 5829/2007/4262 5828/2006/4261 5827/2005/3344
f 5006/1128/2540 5829/2007/4262 5827/2005/3344
f 5006/1128/2540 5827/2005/3344 5003/1125/3894
f 5831/2009/4264 5832/2010/4265 5830/2008/4263
f 5831/2009/4264 5830/2008/4263 5829/2007/4262
f 5009/1131/3895 5831/2009/4264 5829/2007/4262
f 5009/1131/3895 5829/2007/4262 5006/1128/2540
f 5833/2011/4266 5834/2012/4267 5832/2010/4265
f 5833/2011/4266 5832/2010/4265 5831/2009/4264
f 5012/1134/2546 5833/2011/4266 5831/2009/4264
f 5012/1134/2546 5831/2009/4264 5009/1131/3895
f 5835/2013/4268 5836/2014/4269 5834/2012/4267
f 5835/2013/4268 5834/2012/4267 5833/2011/4266
f 5015/1137/2549 5835/2013/4268 5833/2011/4266
f 5015/1137/2549 5833/2011/4266 5012/1134/2546
f 5837/2015/4270 5838/2016/3291 5836/2014/4269
f 5837/2015/4270 5836/2014/4269 5835/2013/4268
f 5018/1140/3897 5837/2015/4270 5835/2013/4268
f 5018/1140/3897 5835/2013/4268 5015/1137/2549
f 5839/2017/3290 5840/2018/4271 5838/2016/3291
f 5839/2017/3290 5838/2016/3291 5837/2015/4270
f 5021/1143/2459 5839/2017/3290 5837/2015/4270
f 5021/1143/2459 5837/2015/4270 5018/1140/3897
f 5841/2019/3294 5842/2020/4272 5840/2018/4271
f 5841/2019/3294 5840/2018/4271 5839/2017/3290
f 5024/1146/3899 5841/2019/3294 5839/2017/3290
f 5024/1146/3899 5839/2017/3290 5021/1143/2459
f 5843/2021/3296 5844/2022/4273 5842/2020/4272
f 5843/2021/3296 5842/2020/4272 5841/2019/3294
f 5027/1149/3901 5843/2021/3296 5841/2019/3294
f 5027/1149/3901 5841/2019/3294 5024/1146/3899
f 5845/2023/3298 5846/2024/3299 5844/2022/4273
f 5845/2023/3298 5844/2022/4273 5843/2021/3296
f 5030/1152/3903 5845/2023/3298 5843/2021/3296
f 5030/1152/3903 5843/2021/3296 5027/1149/3901
f 5847/2025/3300 5848/2026/3301 5846/2024/3299
f 5847/2025/3300 5846/2024/3299 5845/2023/3298
f 5033/1155/3906 5847/2025/3300 5845/2023/3298
f 5033/1155/3906 5845/2023/3298 5030/1152/3903
f 5849/2027/4274 5850/2028/3303 5848/2026/3301
f 5849/2027/4274 5848/2026/3301 5847/2025/3300
f 5036/1158/3907 5849/2027/4274 5847/2025/3300
f 5036/1158/3907 5847/2025/3300 5033/1155/3906
f 5851/2029/3304 5852/2030/3305 5850/2028/3303
f 5851/2029/3304 5850/2028/3303 5849/2027/4274
f 5039/1161/2477 5851/2029/3304 5849/2027/4274
f 5039/1161/2477 5849/2027/4274 5036/1158/3907
f 5853/2031/4275 5854/2032/4276 5852/2030/3305
f 5853/2031/4275 5852/2030/3305 5851/2029/3304
f 5042/1164/2480 5853/2031/4275 5851/2029/3304
f 5042/1164/2480 5851/2029/3304 5039/1161/2477
f 5855/2033/3308 5856/2034/4277 5854/2032/4276
f 5855/2033/3308 5854/2032/4276 5853/2031/4275
f 5045/1167/2483 5855/2033/3308 5853/2031/4275
f 5045/1167/2483 5853/2031/4275 5042/1164/2480
f 5857/2035/4278 5858/2036/4279 5856/2034/4277
f 5857/2035/4278 5856/2034/4277 5855/2033/3308
f 5048/1170/2486 5857/2035/4278 5855/2033/3308
f 5048/1170/2486 5855/2033/3308 5045/1167/2483
f 5859/2037/4280 5860/2038/4281 5858/2036/4279
f 5859/2037/4280 5858/2036/4279 5857/2035/4278
f 5051/1173/2489 5859/2037/4280 5857/2035/4278
f 5051/1173/2489 5857/2035/4278 5048/1170/2486
f 5861/2039/4282 5862/2040/3315 5860/2038/4281
f 5861/2039/4282 5860/2038/4281 5859/2037/4280
f 5054/1176/3914 5861/2039/4282 5859/2037/4280
f 5054/1176/3914 5859/2037/4280 5051/1173/2489
f 5863/2041/3316 5864/2042/3317 5862/2040/3315
f 5863/2041/3316 5862/2040/3315 5861/2039/4282
f 5057/1179/3916 5863/2041/3316 5861/2039/4282
f 5057/1179/3916 5861/2039/4282 5054/1176/3914
f 5865/1979/4247 5866/2043/4283 5864/2042/3317
f 5865/1979/4247 5864/2042/3317 5863/2041/3316
f 5060/1182/2498 5865/1979/4247 5863/2041/3316
f 5060/1182/2498 5863/2041/3316 5057/1179/3916
f 5803/1978/4246 5868/1983/4249 5866/2043/4283
f 5803/1978/4246 5866/2043/4283 5865/1979/4247
f 5866/2043/4283 5867/2044/3384 5929/2045/4284
f 5866/2043/4283 5929/2045/4284 5864/2042/3317
f 5868/1983/4249 5869/2046/4285 5867/2044/3384
f 5868/1983/4249 5867/2044/3384 5866/2043/4283
f 5806/1982/3323 5871/2047/4286 5869/2046/4285
f 5806/1982/3323 5869/2046/4285 5868/1983/4249
f 5869/2046/4285 5870/2048/3387 5932/2049/3385
f 5869/2046/4285 5932/2049/3385 5867/2044/3384
f 5871/2047/4286 5872/2050/4287 5870/2048/3387
f 5871/2047/4286 5870/2048/3387 5869/2046/4285
f 5873/2051/4288 5874/2052/3391 5872/2050/4287
f 5873/2051/4288 5872/2050/4287 5871/2047/4286
f 5808/1984/3325 5873/2051/4288 5871/2047/4286
f 5808/1984/3325 5871/2047/4286 5806/1982/3323
f 5875/2053/3392 5876/2054/4289 5874/2052/3391
f 5875/2053/3392 5874/2052/3391 5873/2051/4288
f 5810/1986/3327 5875/2053/3392 5873/2051/4288
f 5810/1986/3327 5873/2051/4288 5808/1984/3325
f 5877/2055/3394 5878/2056/4290 5876/2054/4289
f 5877/2055/3394 5876/2054/4289 5875/2053/3392
f 5812/1988/3329 5877/2055/3394 5875/2053/3392
f 5812/1988/3329 5875/2053/3392 5810/1986/3327
f 5879/2057/3396 5880/2058/3397 5878/2056/4290
f 5879/2057/3396 5878/2056/4290 5877/2055/3394
f 5814/1990/4251 5879/2057/3396 5877/2055/3394
f 5814/1990/4251 5877/2055/3394 5812/1988/3329
f 5881/2059/4291 5882/2060/4292 5880/2058/3397
f 5881/2059/4291 5880/2058/3397 5879/2057/3396
f 5816/1992/4253 5881/2059/4291 5879/2057/3396
f 5816/1992/4253 5879/2057/3396 5814/1990/4251
f 5883/2061/4293 5884/2062/4294 5882/2060/4292
f 5883/2061/4293 5882/2060/4292 5881/2059/4291
f 5818/1994/4255 5883/2061/4293 5881/2059/4291
f 5818/1994/4255 5881/2059/4291 5816/1992/4253
f 5885/2063/3402 5886/2064/4295 5884/2062/4294
f 5885/2063/3402 5884/2062/4294 5883/2061/4293
f 5820/1996/4257 5885/2063/3402 5883/2061/4293
f 5820/1996/4257 5883/2061/4293 5818/1994/4255
f 5887/2065/4296 5888/2066/4297 5886/2064/4295
f 5887/2065/4296 5886/2064/4295 5885/2063/3402
f 5822/1998/4258 5887/2065/4296 5885/2063/3402
f 5822/1998/4258 5885/2063/3402 5820/1996/4257
f 5889/2067/4298 5890/2068/3407 5888/2066/4297
f 5889/2067/4298 5888/2066/4297 5887/2065/4296
f 5824/2000/4259 5889/2067/4298 5887/2065/4296
f 5824/2000/4259 5887/2065/4296 5822/1998/4258
f 5891/2069/4299 5892/2070/4300 5890/2071/3407
f 5891/2069/4299 5890/2071/3407 5889/2072/4298
f 5826/2002/4260 5891/2069/4299 5889/2072/4298
f 5826/2002/4260 5889/2072/4298 5824/2003/4259
f 5893/2073/3410 5894/2074/4301 5892/2070/4300
f 5893/2073/3410 5892/2070/4300 5891/2069/4299
f 5828/2006/4261 5893/2073/3410 5891/2069/4299
f 5828/2006/4261 5891/2069/4299 5826/2002/4260
f 5895/2075/4302 5896/2076/4303 5894/2074/4301
f 5895/2075/4302 5894/2074/4301 5893/2073/3410
f 5830/2008/4263 5895/2075/4302 5893/2073/3410
f 5830/2008/4263 5893/2073/3410 5828/2006/4261
f 5897/2077/4304 5898/2078/4305 5896/2076/4303
f 5897/2077/4304 5896/2076/4303 5895/2075/4302
f 5832/2010/4265 5897/2077/4304 5895/2075/4302
f 5832/2010/4265 5895/2075/4302 5830/2008/4263
f 5899/2079/4306 5900/2080/4307 5898/2078/4305
f 5899/2079/4306 5898/2078/4305 5897/2077/4304
f 5834/2012/4267 5899/2079/4306 5897/2077/4304
f 5834/2012/4267 5897/2077/4304 5832/2010/4265
f 5901/2081/3353 5902/2082/4308 5900/2080/4307
f 5901/2081/3353 5900/2080/4307 5899/2079/4306
f 5836/2014/4269 5901/2081/3353 5899/2079/4306
f 5836/2014/4269 5899/2079/4306 5834/2012/4267
f 5903/2083/4309 5904/2084/3357 5902/2082/4308
f 5903/2083/4309 5902/2082/4308 5901/2081/3353
f 5838/2016/3291 5903/2083/4309 5901/2081/3353
f 5838/2016/3291 5901/2081/3353 5836/2014/4269
f 5905/2085/4310 5906/2086/4311 5904/2084/3357
f 5905/2085/4310 5904/2084/3357 5903/2083/4309
f 5840/2018/4271 5905/2085/4310 5903/2083/4309
f 5840/2018/4271 5903/2083/4309 5838/2016/3291
f 5907/2087/3360 5908/2088/4312 5906/2086/4311
f 5907/2087/3360 5906/2086/4311 5905/2085/4310
f 5842/2020/4272 5907/2087/3360 5905/2085/4310
f 5842/2020/4272 5905/2085/4310 5840/2018/4271
f 5909/2089/4313 5910/2090/4314 5908/2088/4312
f 5909/2089/4313 5908/2088/4312 5907/2087/3360
f 5844/2022/4273 5909/2089/4313 5907/2087/3360
f 5844/2022/4273 5907/2087/3360 5842/2020/4272
f 5911/2091/4315 5912/2092/4316 5910/2090/4314
f 5911/2091/4315 5910/2090/4314 5909/2089/4313
f 5846/2024/3299 5911/2091/4315 5909/2089/4313
f 5846/2024/3299 5909/2089/4313 5844/2022/4273
f 5913/2093/3366 5914/2094/4317 5912/2092/4316
f 5913/2093/3366 5912/2092/4316 5911/2091/4315
f 5848/2026/3301 5913/2093/3366 5911/2091/4315
f 5848/2026/3301 5911/2091/4315 5846/2024/3299
f 5915/2095/4318 5916/2096/4319 5914/2094/4317
f 5915/2095/4318 5914/2094/4317 5913/2093/3366
f 5850/2028/3303 5915/2095/4318 5913/2093/3366
f 5850/2028/3303 5913/2093/3366 5848/2026/3301
f 5917/2097/4320 5918/2098/4321 5916/2096/4319
f 5917/2097/4320 5916/2096/4319 5915/2095/4318
f 5852/2030/3305 5917/2097/4320 5915/2095/4318
f 5852/2030/3305 5915/2095/4318 5850/2028/3303
f 5919/2099/3372 5920/2100/4322 5918/2098/4321
f 5919/2099/3372 5918/2098/4321 5917/2097/4320
f 5854/2032/4276 5919/2099/3372 5917/2097/4320
f 5854/2032/4276 5917/2097/4320 5852/2030/3305
f 5921/2101/4323 5922/2102/4324 5920/2100/4322
f 5921/2101/4323 5920/2100/4322 5919/2099/3372
f 5856/2034/4277 5921/2101/4323 5919/2099/3372
f 5856/2034/4277 5919/2099/3372 5854/2032/4276
f 5923/2103/4325 5924/2104/4326 5922/2102/4324
f 5923/2103/4325 5922/2102/4324 5921/2101/4323
f 5858/2036/4279 5923/2103/4325 5921/2101/4323
f 5858/2036/4279 5921/2101/4323 5856/2034/4277
f 5925/2105/4327 5926/2106/4328 5924/2104/4326
f 5925/2105/4327 5924/2104/4326 5923/2103/4325
f 5860/2038/4281 5925/2105/4327 5923/2103/4325
f 5860/2038/4281 5923/2103/4325 5858/2036/4279
f 5927/2107/4329 5928/2108/4330 5926/2106/4328
f 5927/2107/4329 5926/2106/4328 5925/2105/4327
f 5862/2040/3315 5927/2107/4329 5925/2105/4327
f 5862/2040/3315 5925/2105/4327 5860/2038/4281
f 5929/2045/4284 5930/2109/4331 5928/2108/4330
f 5929/2045/4284 5928/2108/4330 5927/2107/4329
f 5864/2042/3317 5929/2045/4284 5927/2107/4329
f 5864/2042/3317 5927/2107/4329 5862/2040/3315
f 5867/2044/3384 5932/2049/3385 5930/2109/4331
f 5867/2044/3384 5930/2109/4331 5929/2045/4284
f 5930/2109/4331 5931/2110/4332 5939/2111/4333
f 5930/2109/4331 5939/2111/4333 5928/2108/4330
f 5932/2049/3385 5933/2112/4334 5931/2110/4332
f 5932/2049/3385 5931/2110/4332 5930/2109/4331
f 5870/2048/3387 5934/2113/4335 5933/2112/4334
f 5870/2048/3387 5933/2112/4334 5932/2049/3385
f 5934/2113/4335 5935/2114/966 5933/2112/4334
f 5933/2112/4334 5935/2115/966 5931/2110/4332
f 5936/2116/4336 5935/2117/966 5951/2118/3418
f 5950/2119/4337 5935/2120/966 5936/2116/4336
f 5964/2121/4338 5935/2122/966 5937/2123/4339
f 5937/2123/4339 5935/2124/966 5938/2125/4340
f 5938/2125/4340 5935/2126/966 5934/2113/4335
f 5931/2110/4332 5935/2127/966 5939/2111/4333
f 5939/2111/4333 5935/2128/966 5940/2129/4341
f 5940/2129/4341 5935/2130/966 5941/2131/4342
f 5941/2131/4342 5935/2132/966 5942/2133/4343
f 5942/2133/4343 5935/2134/966 5943/2135/4344
f 5943/2135/4344 5935/2136/966 5944/2137/4345
f 5944/2137/4345 5935/2138/966 5945/2139/4346
f 5945/2139/4346 5935/2140/966 5946/2141/4347
f 5946/2141/4347 5935/2142/966 5947/2143/4348
f 5947/2143/4348 5935/2144/966 5948/2145/4349
f 5948/2145/4349 5935/2146/966 5949/2147/3422
f 5949/2147/3422 5935/2148/966 5950/2119/4337
f 5951/2118/3418 5935/2149/966 5952/2150/4350
f 5952/2150/4350 5935/2151/966 5953/2152/3415
f 5953/2152/3415 5935/2153/966 5954/2154/4351
f 5954/2154/4351 5935/2155/966 5955/2156/4352
f 5955/2156/4352 5935/2157/966 5956/2158/3426
f 5956/2158/3426 5935/2159/966 5957/2160/4353
f 5957/2161/4353 5935/2162/966 5958/2163/4354
f 5958/2163/4354 5935/2164/966 5959/2165/4355
f 5959/2165/4355 5935/2166/966 5960/2167/4356
f 5960/2167/4356 5935/2168/966 5961/2169/4357
f 5961/2169/4357 5935/2170/966 5962/2171/4358
f 5962/2171/4358 5935/2172/966 5963/2173/3433
f 5963/2173/3433 5935/2174/966 5964/2121/4338
f 5876/2054/4289 5964/2121/4338 5937/2123/4339
f 5876/2054/4289 5937/2123/4339 5874/2052/3391
f 5878/2056/4290 5963/2173/3433 5964/2121/4338
f 5878/2056/4290 5964/2121/4338 5876/2054/4289
f 5880/2058/3397 5962/2171/4358 5963/2173/3433
f 5880/2058/3397 5963/2173/3433 5878/2056/4290
f 5882/2060/4292 5961/2169/4357 5962/2171/4358
f 5882/2060/4292 5962/2171/4358 5880/2058/3397
f 5884/2062/4294 5960/2167/4356 5961/2169/4357
f 5884/2062/4294 5961/2169/4357 5882/2060/4292
f 5886/2064/4295 5959/2165/4355 5960/2167/4356
f 5886/2064/4295 5960/2167/4356 5884/2062/4294
f 5888/2066/4297 5958/2163/4354 5959/2165/4355
f 5888/2066/4297 5959/2165/4355 5886/2064/4295
f 5890/2068/3407 5957/2161/4353 5958/2163/4354
f 5890/2068/3407 5958/2163/4354 5888/2066/4297
f 5892/2070/4300 5956/2158/3426 5957/2160/4353
f 5892/2070/4300 5957/2160/4353 5890/2071/3407
f 5894/2074/4301 5955/2156/4352 5956/2158/3426
f 5894/2074/4301 5956/2158/3426 5892/2070/4300
f 5896/2076/4303 5954/2154/4351 5955/2156/4352
f 5896/2076/4303 5955/2156/4352 5894/2074/4301
f 5898/2078/4305 5953/2152/3415 5954/2154/4351
f 5898/2078/4305 5954/2154/4351 5896/2076/4303
f 5900/2080/4307 5952/2150/4350 5953/2152/3415
f 5900/2080/4307 5953/2152/3415 5898/2078/4305
f 5902/2082/4308 5951/2118/3418 5952/2150/4350
f 5902/2082/4308 5952/2150/4350 5900/2080/4307
f 5904/2084/3357 5936/2116/4336 5951/2118/3418
f 5904/2084/3357 5951/2118/3418 5902/2082/4308
f 5906/2086/4311 5950/2119/4337 5936/2116/4336
f 5906/2086/4311 5936/2116/4336 5904/2084/3357
f 5908/2088/4312 5949/2147/3422 5950/2119/4337
f 5908/2088/4312 5950/2119/4337 5906/2086/4311
f 5910/2090/4314 5948/2145/4349 5949/2147/3422
f 5910/2090/4314 5949/2147/3422 5908/2088/4312
f 5912/2092/4316 5947/2143/4348 5948/2145/4349
f 5912/2092/4316 5948/2145/4349 5910/2090/4314
f 5914/2094/4317 5946/2141/4347 5947/2143/4348
f 5914/2094/4317 5947/2143/4348 5912/2092/4316
f 5916/2096/4319 5945/2139/4346 5946/2141/4347
f 5916/2096/4319 5946/2141/4347 5914/2094/4317
f 5918/2098/4321 5944/2137/4345 5945/2139/4346
f 5918/2098/4321 5945/2139/4346 5916/2096/4319
f 5920/2100/4322 5943/2135/4344 5944/2137/4345
f 5920/2100/4322 5944/2137/4345 5918/2098/4321
f 5922/2102/4324 5942/2133/4343 5943/2135/4344
f 5922/2102/4324 5943/2135/4344 5920/2100/4322
f 5924/2104/4326 5941/2131/4342 5942/2133/4343
f 5924/2104/4326 5942/2133/4343 5922/2102/4324
f 5926/2106/4328 5940/2129/4341 5941/2131/4342
f 5926/2106/4328 5941/2131/4342 5924/2104/4326
f 5928/2108/4330 5939/2111/4333 5940/2129/4341
f 5928/2108/4330 5940/2129/4341 5926/2106/4328
f 5872/2050/4287 5938/2125/4340 5934/2113/4335
f 5872/2050/4287 5934/2113/4335 5870/2048/3387
f 5874/2052/3391 5937/2123/4339 5938/2125/4340
f 5874/2052/3391 5938/2125/4340 5872/2050/4287
