# Blender 4.0.2
# www.blender.org
mtllib ArchipelagoLogo_scaled5_centered.mtl
o Sphere.003
v -0.231910 -0.708935 -0.299320
v -0.231955 -0.705285 -0.336395
v -0.249425 -0.685320 -0.299300
v -0.212170 -0.730720 -0.299340
v -0.231870 -0.705285 -0.262240
v -0.249390 -0.682125 -0.266830
v -0.212120 -0.726650 -0.258015
v -0.231830 -0.694470 -0.226590
v -0.249355 -0.672650 -0.235605
v -0.212080 -0.714595 -0.218275
v -0.231795 -0.676905 -0.193730
v -0.249320 -0.657270 -0.206830
v -0.212035 -0.695020 -0.181650
v -0.231760 -0.653270 -0.164935
v -0.249295 -0.636575 -0.181610
v -0.212000 -0.668675 -0.149550
v -0.231735 -0.624470 -0.141300
v -0.249270 -0.611350 -0.160910
v -0.211970 -0.636575 -0.123205
v -0.231715 -0.591615 -0.123735
v -0.249255 -0.582575 -0.145530
v -0.211950 -0.599950 -0.103630
v -0.231705 -0.555960 -0.112920
v -0.249240 -0.551355 -0.136060
v -0.211935 -0.560210 -0.091575
v -0.231700 -0.518885 -0.109270
v -0.249240 -0.518885 -0.132860
v -0.211930 -0.518885 -0.087505
v -0.231705 -0.481805 -0.112920
v -0.249240 -0.486415 -0.136060
v -0.211935 -0.477555 -0.091575
v -0.231715 -0.446155 -0.123735
v -0.249255 -0.455190 -0.145530
v -0.211950 -0.437820 -0.103630
v -0.231735 -0.413300 -0.141300
v -0.249270 -0.426415 -0.160910
v -0.211970 -0.401195 -0.123210
v -0.231760 -0.384500 -0.164935
v -0.249295 -0.401195 -0.181610
v -0.212000 -0.369095 -0.149550
v -0.231795 -0.360865 -0.193730
v -0.249320 -0.380495 -0.206830
v -0.212035 -0.342750 -0.181650
v -0.231830 -0.343300 -0.226590
v -0.249355 -0.365115 -0.235605
v -0.212080 -0.323175 -0.218275
v -0.231870 -0.332485 -0.262240
v -0.249390 -0.355645 -0.266830
v -0.212120 -0.311120 -0.258015
v -0.231910 -0.328835 -0.299320
v -0.249425 -0.352445 -0.299300
v -0.212170 -0.307050 -0.299340
v -0.231955 -0.332485 -0.336395
v -0.249460 -0.355645 -0.331770
v -0.212215 -0.311120 -0.340670
v -0.231995 -0.343300 -0.372050
v -0.249495 -0.365115 -0.362990
v -0.212260 -0.323175 -0.380405
v -0.232030 -0.360865 -0.404905
v -0.249530 -0.380495 -0.391765
v -0.212300 -0.342750 -0.417030
v -0.232065 -0.384500 -0.433705
v -0.249555 -0.401195 -0.416990
v -0.212335 -0.369095 -0.449130
v -0.232090 -0.413300 -0.457340
v -0.249580 -0.426415 -0.437685
v -0.212365 -0.401195 -0.475475
v -0.232110 -0.446155 -0.474905
v -0.249600 -0.455190 -0.453065
v -0.212390 -0.437820 -0.495050
v -0.232120 -0.481805 -0.485715
v -0.249610 -0.486415 -0.462540
v -0.212400 -0.477560 -0.507105
v -0.232125 -0.518885 -0.489370
v -0.249610 -0.518885 -0.465735
v -0.212405 -0.518885 -0.511175
v -0.232120 -0.555960 -0.485720
v -0.249610 -0.551355 -0.462540
v -0.212400 -0.560210 -0.507105
v -0.232110 -0.591615 -0.474905
v -0.249600 -0.582575 -0.453065
v -0.212390 -0.599950 -0.495050
v -0.232090 -0.624470 -0.457340
v -0.249580 -0.611350 -0.437685
v -0.212365 -0.636575 -0.475475
v -0.232065 -0.653270 -0.433705
v -0.249555 -0.636575 -0.416990
v -0.212335 -0.668675 -0.449130
v -0.232030 -0.676905 -0.404905
v -0.249530 -0.657270 -0.391765
v -0.212300 -0.695020 -0.417030
v -0.231995 -0.694470 -0.372050
v -0.249495 -0.672650 -0.362990
v -0.212260 -0.714595 -0.380405
v -0.190485 -0.732835 -0.387985
v -0.212215 -0.726650 -0.340670
v -0.190435 -0.746010 -0.344545
v -0.166825 -0.763190 -0.347985
v -0.190385 -0.750460 -0.299365
v -0.166770 -0.767975 -0.299390
v -0.190335 -0.746010 -0.254185
v -0.166715 -0.763190 -0.250795
v -0.190285 -0.732835 -0.210745
v -0.166665 -0.749015 -0.204070
v -0.190240 -0.711435 -0.170710
v -0.166615 -0.725995 -0.161005
v -0.190200 -0.682635 -0.135615
v -0.166575 -0.695020 -0.123260
v -0.190170 -0.647540 -0.106815
v -0.166540 -0.657270 -0.092280
v -0.190145 -0.607505 -0.085415
v -0.166515 -0.614205 -0.069260
v -0.190130 -0.564065 -0.072240
v -0.166500 -0.567480 -0.055090
v -0.190125 -0.518885 -0.067790
v -0.166495 -0.518885 -0.050300
v -0.190130 -0.473705 -0.072240
v -0.166500 -0.470290 -0.055090
v -0.190145 -0.430265 -0.085415
v -0.166515 -0.423560 -0.069260
v -0.190170 -0.390225 -0.106815
v -0.166540 -0.380495 -0.092280
v -0.190200 -0.355135 -0.135615
v -0.166575 -0.342750 -0.123260
v -0.190240 -0.326335 -0.170710
v -0.166615 -0.311775 -0.161005
v -0.190285 -0.304935 -0.210745
v -0.166665 -0.288755 -0.204070
v -0.190335 -0.291755 -0.254185
v -0.166715 -0.274580 -0.250795
v -0.190385 -0.287305 -0.299365
v -0.166770 -0.269795 -0.299390
v -0.190435 -0.291755 -0.344545
v -0.166825 -0.274580 -0.347985
v -0.190485 -0.304935 -0.387985
v -0.166880 -0.288755 -0.394715
v -0.190530 -0.326335 -0.428025
v -0.166925 -0.311775 -0.437780
v -0.190570 -0.355135 -0.463115
v -0.166970 -0.342750 -0.475525
v -0.190600 -0.390225 -0.491915
v -0.167005 -0.380495 -0.506505
v -0.190625 -0.430265 -0.513315
v -0.167030 -0.423560 -0.529520
v -0.190640 -0.473705 -0.526495
v -0.167045 -0.470290 -0.543695
v -0.190645 -0.518885 -0.530945
v -0.167050 -0.518885 -0.548480
v -0.190640 -0.564065 -0.526495
v -0.167045 -0.567480 -0.543695
v -0.190625 -0.607505 -0.513315
v -0.167030 -0.614205 -0.529520
v -0.190600 -0.647540 -0.491915
v -0.167005 -0.657270 -0.506505
v -0.190570 -0.682635 -0.463115
v -0.166970 -0.695020 -0.475525
v -0.190530 -0.711435 -0.428025
v -0.166925 -0.725995 -0.437780
v -0.141720 -0.738560 -0.446205
v -0.166880 -0.749015 -0.394715
v -0.141670 -0.762980 -0.400525
v -0.115095 -0.774590 -0.405365
v -0.141615 -0.778010 -0.350965
v -0.115040 -0.790340 -0.353445
v -0.141555 -0.783090 -0.299420
v -0.141495 -0.778010 -0.247875
v -0.114980 -0.795660 -0.299450
v -0.087300 -0.805565 -0.299480
v -0.114920 -0.790340 -0.245455
v -0.087235 -0.800055 -0.243555
v -0.114860 -0.774590 -0.193535
v -0.141440 -0.762975 -0.198315
v -0.087175 -0.783740 -0.189775
v -0.114805 -0.749015 -0.145680
v -0.141390 -0.738560 -0.152635
v -0.087120 -0.757250 -0.140210
v -0.114760 -0.714595 -0.103740
v -0.141345 -0.705705 -0.112600
v -0.087070 -0.721595 -0.096770
v -0.114720 -0.672650 -0.069320
v -0.141310 -0.665670 -0.079740
v -0.087030 -0.678155 -0.061115
v -0.114690 -0.624800 -0.043745
v -0.141280 -0.619990 -0.055325
v -0.087000 -0.628590 -0.034625
v -0.114675 -0.572880 -0.027995
v -0.141265 -0.570430 -0.040290
v -0.086985 -0.574815 -0.018310
v -0.114670 -0.518885 -0.022675
v -0.141260 -0.518885 -0.035215
v -0.086975 -0.518885 -0.012800
v -0.114675 -0.464890 -0.027995
v -0.141265 -0.467340 -0.040290
v -0.086985 -0.462955 -0.018310
v -0.114690 -0.412965 -0.043745
v -0.141280 -0.417775 -0.055325
v -0.087000 -0.409175 -0.034625
v -0.114720 -0.365115 -0.069320
v -0.141310 -0.372100 -0.079740
v -0.087030 -0.359615 -0.061115
v -0.114760 -0.323175 -0.103740
v -0.141345 -0.332065 -0.112600
v -0.087070 -0.316170 -0.096770
v -0.114805 -0.288755 -0.145680
v -0.141390 -0.299205 -0.152635
v -0.087120 -0.280520 -0.140210
v -0.114860 -0.263180 -0.193535
v -0.141440 -0.274790 -0.198315
v -0.087175 -0.254030 -0.189775
v -0.114920 -0.247430 -0.245455
v -0.141495 -0.259755 -0.247875
v -0.087235 -0.237715 -0.243555
v -0.114980 -0.242110 -0.299450
v -0.141555 -0.254680 -0.299420
v -0.087300 -0.232205 -0.299480
v -0.115040 -0.247430 -0.353445
v -0.141615 -0.259755 -0.350965
v -0.087360 -0.237715 -0.355410
v -0.115095 -0.263180 -0.405365
v -0.141670 -0.274790 -0.400525
v -0.087420 -0.254030 -0.409190
v -0.115150 -0.288755 -0.453220
v -0.141720 -0.299205 -0.446205
v -0.087475 -0.280520 -0.458750
v -0.115200 -0.323175 -0.495160
v -0.141765 -0.332065 -0.486240
v -0.087525 -0.316170 -0.502195
v -0.115235 -0.365115 -0.529580
v -0.141800 -0.372100 -0.519100
v -0.087565 -0.359615 -0.537845
v -0.115265 -0.412965 -0.555155
v -0.141830 -0.417780 -0.543515
v -0.087595 -0.409175 -0.564335
v -0.115285 -0.464890 -0.570905
v -0.141845 -0.467340 -0.558550
v -0.087615 -0.462955 -0.580650
v -0.115290 -0.518885 -0.576225
v -0.141850 -0.518885 -0.563625
v -0.087620 -0.518885 -0.586160
v -0.115285 -0.572880 -0.570905
v -0.141845 -0.570430 -0.558550
v -0.087615 -0.574815 -0.580650
v -0.115265 -0.624800 -0.555155
v -0.141830 -0.619990 -0.543515
v -0.087595 -0.628590 -0.564335
v -0.115235 -0.672650 -0.529580
v -0.141800 -0.665670 -0.519100
v -0.087565 -0.678155 -0.537845
v -0.115200 -0.714595 -0.495160
v -0.141765 -0.705705 -0.486240
v -0.087525 -0.721595 -0.502195
v -0.115150 -0.749015 -0.453215
v -0.087475 -0.757250 -0.458750
v -0.058965 -0.763190 -0.462750
v -0.087420 -0.783740 -0.409190
v -0.058905 -0.790340 -0.411955
v -0.087360 -0.800055 -0.355410
v -0.058845 -0.807060 -0.356835
v -0.029765 -0.811290 -0.357710
v -0.058780 -0.812705 -0.299515
v -0.029700 -0.817020 -0.299545
v -0.058715 -0.807060 -0.242190
v -0.029635 -0.811290 -0.241380
v -0.058655 -0.790340 -0.187070
v -0.029570 -0.794325 -0.185455
v -0.058595 -0.763190 -0.136275
v -0.029515 -0.766775 -0.133910
v -0.058545 -0.726650 -0.091750
v -0.029460 -0.729700 -0.088730
v -0.058505 -0.682125 -0.055210
v -0.029420 -0.684520 -0.051655
v -0.058475 -0.631325 -0.028055
v -0.029390 -0.632975 -0.024105
v -0.058455 -0.576205 -0.011335
v -0.029370 -0.577050 -0.007140
v -0.058450 -0.518885 -0.005690
v -0.029365 -0.518885 -0.001410
v -0.058455 -0.461560 -0.011335
v -0.029370 -0.460720 -0.007140
v -0.058475 -0.406445 -0.028055
v -0.029390 -0.404795 -0.024105
v -0.058505 -0.355645 -0.055210
v -0.029420 -0.353250 -0.051655
v -0.058545 -0.311120 -0.091750
v -0.029460 -0.308070 -0.088730
v -0.058595 -0.274580 -0.136275
v -0.029515 -0.270995 -0.133910
v -0.058655 -0.247430 -0.187070
v -0.029570 -0.243445 -0.185455
v -0.058715 -0.230710 -0.242190
v -0.029635 -0.226475 -0.241380
v -0.058780 -0.225060 -0.299515
v -0.029700 -0.220750 -0.299545
v -0.058845 -0.230710 -0.356835
v -0.029765 -0.226475 -0.357710
v -0.058905 -0.247430 -0.411955
v -0.029825 -0.243445 -0.413635
v -0.058965 -0.274580 -0.462750
v -0.029885 -0.270995 -0.465180
v -0.059015 -0.311120 -0.507275
v -0.029935 -0.308070 -0.510360
v -0.059055 -0.355645 -0.543815
v -0.029975 -0.353250 -0.547435
v -0.059085 -0.406445 -0.570970
v -0.030005 -0.404795 -0.574985
v -0.059105 -0.461560 -0.587690
v -0.030025 -0.460720 -0.591955
v -0.059110 -0.518885 -0.593335
v -0.030035 -0.518885 -0.597680
v -0.059105 -0.576205 -0.587690
v -0.030025 -0.577050 -0.591955
v -0.059085 -0.631325 -0.570970
v -0.030005 -0.632975 -0.574985
v -0.059055 -0.682125 -0.543815
v -0.029975 -0.684520 -0.547435
v -0.059015 -0.726650 -0.507275
v -0.029935 -0.729700 -0.510360
v -0.000570 -0.730720 -0.511410
v -0.029885 -0.766775 -0.465180
v -0.000520 -0.767975 -0.466015
v -0.029825 -0.794325 -0.413635
v -0.000465 -0.795660 -0.414220
v 0.028900 -0.794325 -0.413705
v -0.000400 -0.812705 -0.358025
v 0.028965 -0.811290 -0.357775
v -0.000335 -0.818465 -0.299580
v -0.000270 -0.812705 -0.241135
v 0.029030 -0.817020 -0.299610
v 0.058110 -0.812705 -0.299645
v 0.029095 -0.811290 -0.241450
v 0.058175 -0.807060 -0.242320
v 0.029155 -0.794325 -0.185520
v -0.000205 -0.795660 -0.184935
v 0.058235 -0.790340 -0.187205
v 0.029215 -0.766775 -0.133975
v -0.000150 -0.767975 -0.133140
v 0.058295 -0.763190 -0.136405
v 0.029265 -0.729700 -0.088800
v -0.000095 -0.730720 -0.087745
v 0.058345 -0.726650 -0.091880
v 0.029305 -0.684520 -0.051720
v -0.000055 -0.685320 -0.050490
v 0.058385 -0.682125 -0.055340
v 0.029340 -0.632975 -0.024170
v -0.000025 -0.633530 -0.022805
v 0.058415 -0.631325 -0.028190
v 0.029355 -0.577050 -0.007205
v -0.000005 -0.577330 -0.005755
v 0.058435 -0.576205 -0.011470
v 0.029365 -0.518885 -0.001475
v -0.000000 -0.518885 0.000000
v 0.058440 -0.518885 -0.005820
v 0.029355 -0.460720 -0.007205
v -0.000005 -0.460440 -0.005755
v 0.058435 -0.461560 -0.011470
v 0.029340 -0.404795 -0.024170
v -0.000025 -0.404240 -0.022805
v 0.058415 -0.406445 -0.028190
v 0.029305 -0.353250 -0.051720
v -0.000055 -0.352445 -0.050490
v 0.058385 -0.355645 -0.055340
v 0.029265 -0.308070 -0.088800
v -0.000095 -0.307050 -0.087745
v 0.058345 -0.311120 -0.091880
v 0.029215 -0.270995 -0.133975
v -0.000150 -0.269795 -0.133140
v 0.058295 -0.274580 -0.136405
v 0.029155 -0.243445 -0.185520
v -0.000205 -0.242110 -0.184935
v 0.058235 -0.247430 -0.187205
v 0.029095 -0.226475 -0.241450
v -0.000270 -0.225060 -0.241135
v 0.058175 -0.230710 -0.242320
v 0.029030 -0.220750 -0.299610
v -0.000335 -0.219305 -0.299580
v 0.058110 -0.225060 -0.299645
v 0.028965 -0.226475 -0.357775
v -0.000400 -0.225060 -0.358025
v 0.058045 -0.230710 -0.356965
v 0.028900 -0.243445 -0.413705
v -0.000465 -0.242110 -0.414220
v 0.057985 -0.247430 -0.412085
v 0.028845 -0.270995 -0.465245
v -0.000520 -0.269795 -0.466015
v 0.057925 -0.274580 -0.462885
v 0.028795 -0.308070 -0.510425
v -0.000570 -0.307050 -0.511410
v 0.057875 -0.311120 -0.507405
v 0.028750 -0.353250 -0.547500
v -0.000615 -0.352445 -0.548670
v 0.057835 -0.355645 -0.543950
v 0.028720 -0.404795 -0.575055
v -0.000645 -0.404240 -0.576355
v 0.057805 -0.406445 -0.571100
v 0.028700 -0.460720 -0.592020
v -0.000665 -0.460440 -0.593400
v 0.057785 -0.461560 -0.587820
v 0.028695 -0.518885 -0.597745
v -0.000670 -0.518885 -0.599155
v 0.057780 -0.518885 -0.593465
v 0.028700 -0.577050 -0.592020
v -0.000665 -0.577330 -0.593400
v 0.057785 -0.576205 -0.587820
v 0.028720 -0.632975 -0.575055
v -0.000645 -0.633530 -0.576355
v 0.057805 -0.631325 -0.571100
v 0.028750 -0.684520 -0.547500
v -0.000615 -0.685320 -0.548670
v 0.057835 -0.682125 -0.543950
v 0.028795 -0.729700 -0.510425
v 0.057875 -0.726650 -0.507405
v 0.028845 -0.766775 -0.465245
v 0.057925 -0.763190 -0.462885
v 0.086450 -0.757250 -0.458945
v 0.057985 -0.790340 -0.412085
v 0.086505 -0.783740 -0.409385
v 0.058045 -0.807060 -0.356965
v 0.086565 -0.800055 -0.355605
v 0.114250 -0.790340 -0.353705
v 0.086630 -0.805565 -0.299675
v 0.114310 -0.795660 -0.299705
v 0.086690 -0.800055 -0.243750
v 0.114370 -0.790340 -0.245710
v 0.086750 -0.783740 -0.189970
v 0.114430 -0.774590 -0.193790
v 0.086805 -0.757250 -0.140405
v 0.114480 -0.749015 -0.145940
v 0.086855 -0.721595 -0.096965
v 0.114530 -0.714595 -0.104000
v 0.086895 -0.678155 -0.061310
v 0.114565 -0.672650 -0.069575
v 0.086925 -0.628590 -0.034820
v 0.114595 -0.624800 -0.044000
v 0.086945 -0.574815 -0.018505
v 0.114615 -0.572880 -0.028250
v 0.086950 -0.518885 -0.012995
v 0.114620 -0.518885 -0.022935
v 0.086945 -0.462955 -0.018505
v 0.114615 -0.464890 -0.028250
v 0.086925 -0.409175 -0.034820
v 0.114595 -0.412965 -0.044000
v 0.086895 -0.359615 -0.061310
v 0.114565 -0.365115 -0.069575
v 0.086855 -0.316170 -0.096965
v 0.114530 -0.323175 -0.104000
v 0.086805 -0.280520 -0.140405
v 0.114480 -0.288755 -0.145940
v 0.086750 -0.254030 -0.189970
v 0.114430 -0.263180 -0.193790
v 0.086690 -0.237715 -0.243750
v 0.114370 -0.247430 -0.245710
v 0.086630 -0.232205 -0.299675
v 0.114310 -0.242110 -0.299705
v 0.086565 -0.237715 -0.355605
v 0.114250 -0.247430 -0.353705
v 0.086505 -0.254030 -0.409385
v 0.114190 -0.263180 -0.405625
v 0.086450 -0.280520 -0.458945
v 0.114135 -0.288755 -0.453475
v 0.086400 -0.316170 -0.502390
v 0.114090 -0.323175 -0.495415
v 0.086360 -0.359615 -0.538040
v 0.114050 -0.365115 -0.529835
v 0.086330 -0.409175 -0.564530
v 0.114020 -0.412965 -0.555415
v 0.086315 -0.462955 -0.580845
v 0.114005 -0.464890 -0.571165
v 0.086305 -0.518885 -0.586355
v 0.114000 -0.518885 -0.576480
v 0.086315 -0.574815 -0.580845
v 0.114005 -0.572880 -0.571165
v 0.086330 -0.628590 -0.564530
v 0.114020 -0.624800 -0.555415
v 0.086360 -0.678155 -0.538040
v 0.114050 -0.672650 -0.529835
v 0.086400 -0.721595 -0.502390
v 0.114090 -0.714595 -0.495415
v 0.140675 -0.705705 -0.486555
v 0.114135 -0.749015 -0.453475
v 0.140720 -0.738560 -0.446520
v 0.114190 -0.774590 -0.405625
v 0.140770 -0.762980 -0.400845
v 0.165995 -0.749015 -0.395090
v 0.140830 -0.778010 -0.351280
v 0.166050 -0.763190 -0.348360
v 0.140885 -0.783090 -0.299735
v 0.166100 -0.767975 -0.299765
v 0.140945 -0.778010 -0.248195
v 0.166155 -0.763190 -0.251170
v 0.141000 -0.762975 -0.198630
v 0.166210 -0.749015 -0.204440
v 0.141050 -0.738560 -0.152950
v 0.166255 -0.725995 -0.161380
v 0.141095 -0.705705 -0.112915
v 0.166300 -0.695020 -0.123630
v 0.141130 -0.665670 -0.080060
v 0.166335 -0.657270 -0.092655
v 0.141160 -0.619990 -0.055645
v 0.166360 -0.614205 -0.069635
v 0.141175 -0.570430 -0.040610
v 0.166375 -0.567480 -0.055460
v 0.141180 -0.518885 -0.035530
v 0.166380 -0.518885 -0.050675
v 0.141175 -0.467340 -0.040610
v 0.166375 -0.470290 -0.055460
v 0.141160 -0.417780 -0.055645
v 0.166360 -0.423560 -0.069635
v 0.141130 -0.372100 -0.080060
v 0.166335 -0.380495 -0.092655
v 0.141095 -0.332065 -0.112915
v 0.166300 -0.342750 -0.123630
v 0.141050 -0.299205 -0.152955
v 0.166255 -0.311775 -0.161380
v 0.141000 -0.274790 -0.198630
v 0.166210 -0.288755 -0.204440
v 0.140945 -0.259755 -0.248195
v 0.166155 -0.274580 -0.251170
v 0.140885 -0.254680 -0.299735
v 0.166100 -0.269795 -0.299765
v 0.140830 -0.259755 -0.351280
v 0.166050 -0.274580 -0.348360
v 0.140770 -0.274790 -0.400845
v 0.165995 -0.288755 -0.395090
v 0.140720 -0.299205 -0.446520
v 0.165945 -0.311775 -0.438150
v 0.140675 -0.332065 -0.486555
v 0.165905 -0.342750 -0.475900
v 0.140640 -0.372100 -0.519415
v 0.165870 -0.380495 -0.506875
v 0.140610 -0.417780 -0.543830
v 0.165845 -0.423560 -0.529895
v 0.140595 -0.467340 -0.558865
v 0.165830 -0.470290 -0.544070
v 0.140590 -0.518885 -0.563940
v 0.165825 -0.518885 -0.548855
v 0.140595 -0.570430 -0.558865
v 0.165830 -0.567480 -0.544070
v 0.140610 -0.619990 -0.543830
v 0.165845 -0.614205 -0.529895
v 0.140640 -0.665670 -0.519415
v 0.165870 -0.657270 -0.506875
v 0.189500 -0.647540 -0.492340
v 0.165905 -0.695020 -0.475900
v 0.189530 -0.682635 -0.463540
v 0.165945 -0.725995 -0.438150
v 0.189570 -0.711435 -0.428450
v 0.211365 -0.695020 -0.417505
v 0.189615 -0.732835 -0.388410
v 0.211410 -0.714595 -0.380880
v 0.189665 -0.746010 -0.344970
v 0.211455 -0.726650 -0.341140
v 0.189715 -0.750460 -0.299790
v 0.211500 -0.730720 -0.299815
v 0.189765 -0.746010 -0.254615
v 0.211545 -0.726650 -0.258490
v 0.189815 -0.732835 -0.211170
v 0.211590 -0.714595 -0.218750
v 0.189860 -0.711435 -0.171135
v 0.211630 -0.695020 -0.182125
v 0.189900 -0.682635 -0.136040
v 0.211665 -0.668675 -0.150025
v 0.189930 -0.647540 -0.107240
v 0.211695 -0.636575 -0.123680
v 0.189955 -0.607505 -0.085840
v 0.211720 -0.599950 -0.104105
v 0.189970 -0.564065 -0.072665
v 0.211730 -0.560210 -0.092050
v 0.189975 -0.518885 -0.068215
v 0.211735 -0.518885 -0.087980
v 0.189970 -0.473705 -0.072665
v 0.211730 -0.477555 -0.092050
v 0.189955 -0.430265 -0.085840
v 0.211720 -0.437820 -0.104105
v 0.189930 -0.390225 -0.107240
v 0.211695 -0.401195 -0.123680
v 0.189900 -0.355135 -0.136040
v 0.211665 -0.369095 -0.150025
v 0.189860 -0.326335 -0.171135
v 0.211630 -0.342750 -0.182125
v 0.189815 -0.304935 -0.211170
v 0.211590 -0.323175 -0.218750
v 0.189765 -0.291755 -0.254615
v 0.211545 -0.311120 -0.258490
v 0.189715 -0.287305 -0.299790
v 0.211500 -0.307050 -0.299815
v 0.189665 -0.291755 -0.344970
v 0.211455 -0.311120 -0.341145
v 0.189615 -0.304935 -0.388410
v 0.211410 -0.323175 -0.380880
v 0.189570 -0.326335 -0.428450
v 0.211365 -0.342750 -0.417505
v 0.189530 -0.355135 -0.463540
v 0.211330 -0.369095 -0.449605
v 0.189500 -0.390225 -0.492340
v 0.211300 -0.401195 -0.475950
v 0.189475 -0.430265 -0.513740
v 0.211280 -0.437820 -0.495525
v 0.189460 -0.473705 -0.526920
v 0.211265 -0.477560 -0.507580
v 0.189455 -0.518885 -0.531370
v 0.211260 -0.518885 -0.511650
v 0.189460 -0.564065 -0.526920
v 0.211265 -0.560210 -0.507580
v 0.189475 -0.607505 -0.513740
v 0.211280 -0.599950 -0.495525
v 0.231045 -0.591615 -0.475420
v 0.211300 -0.636575 -0.475950
v 0.231065 -0.624470 -0.457860
v 0.211330 -0.668675 -0.449605
v 0.231090 -0.653270 -0.434225
v 0.248625 -0.636575 -0.417545
v 0.231125 -0.676905 -0.405425
v 0.248650 -0.657270 -0.392325
v 0.231160 -0.694470 -0.372565
v 0.248685 -0.672650 -0.363550
v 0.231200 -0.705285 -0.336915
v 0.248720 -0.682125 -0.332330
v 0.231240 -0.708935 -0.299840
v 0.248755 -0.685320 -0.299855
v 0.231285 -0.705285 -0.262760
v 0.248790 -0.682125 -0.267385
v 0.231325 -0.694470 -0.227110
v 0.248825 -0.672650 -0.236165
v 0.231360 -0.676905 -0.194250
v 0.248860 -0.657270 -0.207390
v 0.231395 -0.653270 -0.165450
v 0.248885 -0.636575 -0.182170
v 0.231420 -0.624470 -0.141815
v 0.248910 -0.611350 -0.161470
v 0.231440 -0.591615 -0.124255
v 0.248930 -0.582575 -0.146090
v 0.231450 -0.555960 -0.113440
v 0.248940 -0.551355 -0.136620
v 0.231455 -0.518885 -0.109785
v 0.248940 -0.518885 -0.133420
v 0.231450 -0.481805 -0.113440
v 0.248940 -0.486415 -0.136620
v 0.231440 -0.446155 -0.124255
v 0.248930 -0.455190 -0.146090
v 0.231420 -0.413300 -0.141815
v 0.248910 -0.426415 -0.161470
v 0.231395 -0.384500 -0.165450
v 0.248885 -0.401195 -0.182170
v 0.231360 -0.360865 -0.194250
v 0.248860 -0.380495 -0.207390
v 0.231325 -0.343300 -0.227110
v 0.248825 -0.365115 -0.236165
v 0.231285 -0.332485 -0.262760
v 0.248790 -0.355645 -0.267385
v 0.231240 -0.328835 -0.299840
v 0.248755 -0.352445 -0.299860
v 0.231200 -0.332485 -0.336915
v 0.248720 -0.355645 -0.332330
v 0.231160 -0.343300 -0.372565
v 0.248685 -0.365115 -0.363550
v 0.231125 -0.360865 -0.405425
v 0.248650 -0.380495 -0.392325
v 0.231090 -0.384500 -0.434225
v 0.248625 -0.401195 -0.417545
v 0.231065 -0.413300 -0.457860
v 0.248600 -0.426415 -0.438245
v 0.231045 -0.446155 -0.475420
v 0.248585 -0.455190 -0.453625
v 0.231035 -0.481805 -0.486235
v 0.248575 -0.486415 -0.463095
v 0.231030 -0.518885 -0.489890
v 0.248570 -0.518885 -0.466295
v 0.231035 -0.555960 -0.486235
v 0.248575 -0.551355 -0.463095
v 0.263715 -0.546435 -0.438380
v 0.248585 -0.582575 -0.453625
v 0.263725 -0.572925 -0.430345
v 0.248600 -0.611350 -0.438245
v 0.263740 -0.597340 -0.417295
v 0.276335 -0.582575 -0.395210
v 0.263760 -0.618740 -0.399730
v 0.276350 -0.599950 -0.380955
v 0.263780 -0.636305 -0.378330
v 0.276370 -0.614205 -0.363580
v 0.263810 -0.649355 -0.353915
v 0.276390 -0.624800 -0.343760
v 0.263840 -0.657390 -0.327425
v 0.276415 -0.631325 -0.322255
v 0.263870 -0.660105 -0.299875
v 0.276440 -0.633530 -0.299890
v 0.263900 -0.657390 -0.272325
v 0.276465 -0.631325 -0.277525
v 0.263930 -0.649355 -0.245830
v 0.276490 -0.624800 -0.256015
v 0.263960 -0.636305 -0.221415
v 0.276510 -0.614205 -0.236195
v 0.263980 -0.618740 -0.200015
v 0.276530 -0.599950 -0.218825
v 0.264000 -0.597340 -0.182455
v 0.276545 -0.582575 -0.204565
v 0.264015 -0.572925 -0.169405
v 0.276560 -0.562755 -0.193970
v 0.264025 -0.546435 -0.161370
v 0.276565 -0.541250 -0.187450
v 0.264030 -0.518885 -0.158655
v 0.276570 -0.518885 -0.185245
v 0.264025 -0.491335 -0.161370
v 0.276565 -0.496520 -0.187450
v 0.264015 -0.464840 -0.169405
v 0.276560 -0.475010 -0.193970
v 0.264000 -0.440425 -0.182455
v 0.276545 -0.455190 -0.204565
v 0.263980 -0.419025 -0.200015
v 0.276530 -0.437820 -0.218825
v 0.263960 -0.401465 -0.221415
v 0.276510 -0.423560 -0.236195
v 0.263930 -0.388415 -0.245830
v 0.276490 -0.412965 -0.256015
v 0.263900 -0.380380 -0.272325
v 0.276465 -0.406445 -0.277525
v 0.263870 -0.377665 -0.299875
v 0.276440 -0.404240 -0.299890
v 0.263840 -0.380380 -0.327425
v 0.276415 -0.406445 -0.322255
v 0.263810 -0.388415 -0.353915
v 0.276390 -0.412965 -0.343760
v 0.263780 -0.401465 -0.378330
v 0.276370 -0.423560 -0.363580
v 0.263760 -0.419025 -0.399730
v 0.276350 -0.437820 -0.380955
v 0.263740 -0.440425 -0.417295
v 0.276335 -0.455190 -0.395210
v 0.263725 -0.464840 -0.430345
v 0.276320 -0.475010 -0.405805
v 0.263715 -0.491335 -0.438380
v 0.276315 -0.496520 -0.412330
v 0.263710 -0.518885 -0.441095
v 0.276310 -0.518885 -0.414530
v 0.286245 -0.518885 -0.386865
v 0.276315 -0.541250 -0.412330
v 0.286250 -0.535850 -0.385190
v 0.276320 -0.562755 -0.405805
v 0.286255 -0.552165 -0.380245
v 0.293425 -0.541250 -0.353905
v 0.286265 -0.567200 -0.372205
v 0.293435 -0.551355 -0.348505
v 0.286275 -0.580375 -0.361390
v 0.293440 -0.560210 -0.341235
v 0.286290 -0.591190 -0.348215
v 0.293450 -0.567480 -0.332380
v 0.286305 -0.599230 -0.333180
v 0.293460 -0.572880 -0.322275
v 0.286325 -0.604175 -0.316865
v 0.293475 -0.576205 -0.311310
v 0.286345 -0.605845 -0.299900
v 0.286365 -0.604175 -0.282935
v 0.293485 -0.577330 -0.299910
v 0.297800 -0.548250 -0.299910
v 0.293500 -0.576205 -0.288505
v 0.297805 -0.547685 -0.294185
v 0.293510 -0.572880 -0.277540
v 0.286380 -0.599230 -0.266620
v 0.297815 -0.546015 -0.288675
v 0.293525 -0.567480 -0.267435
v 0.286400 -0.591190 -0.251585
v 0.297820 -0.543300 -0.283600
v 0.293535 -0.560210 -0.258580
v 0.286415 -0.580375 -0.238410
v 0.297825 -0.539650 -0.279150
v 0.293540 -0.551355 -0.251315
v 0.286425 -0.567200 -0.227595
v 0.297830 -0.535200 -0.275495
v 0.293550 -0.541250 -0.245910
v 0.286435 -0.552165 -0.219555
v 0.297830 -0.530120 -0.272785
v 0.293550 -0.530285 -0.242585
v 0.286440 -0.535850 -0.214610
v 0.297835 -0.524615 -0.271115
v 0.293555 -0.518885 -0.241465
v 0.286440 -0.518885 -0.212935
v 0.297835 -0.518885 -0.270550
v 0.293550 -0.507480 -0.242585
v 0.286440 -0.501920 -0.214610
v 0.297835 -0.513155 -0.271115
v 0.293550 -0.496520 -0.245910
v 0.286435 -0.485605 -0.219555
v 0.297830 -0.507645 -0.272785
v 0.293540 -0.486415 -0.251315
v 0.286425 -0.470570 -0.227595
v 0.297830 -0.502570 -0.275495
v 0.293535 -0.477560 -0.258580
v 0.286415 -0.457390 -0.238405
v 0.297825 -0.498120 -0.279150
v 0.293525 -0.470290 -0.267435
v 0.286400 -0.446575 -0.251585
v 0.297820 -0.494470 -0.283600
v 0.293510 -0.464890 -0.277540
v 0.286380 -0.438540 -0.266620
v 0.297815 -0.491755 -0.288675
v 0.293500 -0.461560 -0.288505
v 0.286365 -0.433590 -0.282935
v 0.297805 -0.490085 -0.294185
v 0.293485 -0.460440 -0.299910
v 0.286345 -0.431920 -0.299900
v 0.297800 -0.489520 -0.299910
v 0.293475 -0.461560 -0.311310
v 0.286325 -0.433590 -0.316865
v 0.297795 -0.490085 -0.305640
v 0.293460 -0.464890 -0.322275
v 0.286305 -0.438540 -0.333180
v 0.297790 -0.491755 -0.311150
v 0.293450 -0.470290 -0.332380
v 0.286290 -0.446575 -0.348215
v 0.297785 -0.494470 -0.316225
v 0.293440 -0.477560 -0.341235
v 0.286275 -0.457390 -0.361390
v 0.297780 -0.498120 -0.320675
v 0.293435 -0.486415 -0.348505
v 0.286265 -0.470570 -0.372205
v 0.297775 -0.502570 -0.324330
v 0.293425 -0.496520 -0.353905
v 0.286255 -0.485605 -0.380245
v 0.297770 -0.507645 -0.327040
v 0.293425 -0.507480 -0.357230
v 0.286250 -0.501920 -0.385190
v 0.297770 -0.513155 -0.328710
v 0.293420 -0.518885 -0.358350
v 0.297770 -0.518885 -0.329275
v 0.293425 -0.530285 -0.357230
v 0.297770 -0.524615 -0.328710
v 0.297770 -0.530120 -0.327040
v 0.299245 -0.518885 -0.299915
v 0.297795 -0.547685 -0.305640
v 0.297790 -0.546015 -0.311150
v 0.297785 -0.543300 -0.316225
v 0.297780 -0.539650 -0.320675
v 0.297775 -0.535200 -0.324330
v -0.264600 -0.649355 -0.353325
v -0.249460 -0.682125 -0.331770
v -0.264570 -0.657390 -0.326835
v -0.277135 -0.631325 -0.321635
v -0.264540 -0.660105 -0.299280
v -0.277110 -0.633530 -0.299270
v -0.264510 -0.657390 -0.271730
v -0.277085 -0.631325 -0.276900
v -0.264480 -0.649355 -0.245240
v -0.277060 -0.624800 -0.255395
v -0.264450 -0.636305 -0.220825
v -0.277040 -0.614205 -0.235575
v -0.264430 -0.618740 -0.199425
v -0.277020 -0.599950 -0.218205
v -0.264410 -0.597340 -0.181860
v -0.277000 -0.582575 -0.203945
v -0.264395 -0.572925 -0.168810
v -0.276990 -0.562755 -0.193350
v -0.264385 -0.546435 -0.160775
v -0.276985 -0.541250 -0.186825
v -0.264380 -0.518885 -0.158060
v -0.276980 -0.518885 -0.184625
v -0.264385 -0.491335 -0.160775
v -0.276985 -0.496520 -0.186825
v -0.264395 -0.464840 -0.168810
v -0.276990 -0.475010 -0.193350
v -0.264410 -0.440425 -0.181860
v -0.277000 -0.455190 -0.203945
v -0.264425 -0.419025 -0.199425
v -0.277020 -0.437820 -0.218205
v -0.264450 -0.401465 -0.220825
v -0.277040 -0.423560 -0.235575
v -0.264480 -0.388415 -0.245240
v -0.277060 -0.412965 -0.255395
v -0.264510 -0.380380 -0.271730
v -0.277085 -0.406445 -0.276900
v -0.264540 -0.377665 -0.299280
v -0.277110 -0.404240 -0.299270
v -0.264570 -0.380380 -0.326835
v -0.277135 -0.406445 -0.321635
v -0.264600 -0.388415 -0.353325
v -0.277160 -0.412965 -0.343140
v -0.264625 -0.401465 -0.377740
v -0.277180 -0.423560 -0.362960
v -0.264650 -0.419025 -0.399140
v -0.277200 -0.437820 -0.380335
v -0.264670 -0.440425 -0.416705
v -0.277215 -0.455190 -0.394590
v -0.264685 -0.464840 -0.429755
v -0.277230 -0.475010 -0.405185
v -0.264695 -0.491335 -0.437790
v -0.277235 -0.496520 -0.411710
v -0.264700 -0.518885 -0.440505
v -0.277240 -0.518885 -0.413910
v -0.264695 -0.546435 -0.437790
v -0.277235 -0.541250 -0.411710
v -0.264685 -0.572925 -0.429755
v -0.277230 -0.562755 -0.405185
v -0.264670 -0.597340 -0.416705
v -0.277215 -0.582575 -0.394590
v -0.264650 -0.618740 -0.399140
v -0.277200 -0.599950 -0.380335
v -0.264625 -0.636305 -0.377740
v -0.277180 -0.614205 -0.362960
v -0.287070 -0.591190 -0.347570
v -0.277160 -0.624800 -0.343140
v -0.287050 -0.599230 -0.332535
v -0.294180 -0.572880 -0.321615
v -0.287035 -0.604175 -0.316225
v -0.294170 -0.576205 -0.310650
v -0.287015 -0.605845 -0.299255
v -0.294155 -0.577330 -0.299250
v -0.286995 -0.604175 -0.282290
v -0.294145 -0.576205 -0.287845
v -0.286975 -0.599230 -0.265980
v -0.294130 -0.572880 -0.276885
v -0.286960 -0.591190 -0.250945
v -0.294120 -0.567480 -0.266780
v -0.286945 -0.580375 -0.237765
v -0.294110 -0.560210 -0.257920
v -0.286930 -0.567200 -0.226950
v -0.294100 -0.551355 -0.250655
v -0.286925 -0.552165 -0.218915
v -0.294095 -0.541250 -0.245255
v -0.286920 -0.535850 -0.213965
v -0.294095 -0.530285 -0.241925
v -0.286915 -0.518885 -0.212295
v -0.294090 -0.518885 -0.240805
v -0.286920 -0.501920 -0.213965
v -0.294095 -0.507480 -0.241925
v -0.286925 -0.485605 -0.218915
v -0.294095 -0.496520 -0.245255
v -0.286930 -0.470570 -0.226950
v -0.294100 -0.486415 -0.250655
v -0.286945 -0.457390 -0.237765
v -0.294110 -0.477560 -0.257920
v -0.286960 -0.446575 -0.250945
v -0.294120 -0.470290 -0.266780
v -0.286975 -0.438540 -0.265980
v -0.294130 -0.464890 -0.276885
v -0.286995 -0.433590 -0.282290
v -0.294145 -0.461560 -0.287845
v -0.287015 -0.431920 -0.299255
v -0.294155 -0.460440 -0.299250
v -0.287035 -0.433590 -0.316225
v -0.294170 -0.461560 -0.310650
v -0.287050 -0.438540 -0.332535
v -0.294180 -0.464890 -0.321615
v -0.287070 -0.446575 -0.347570
v -0.294195 -0.470290 -0.331720
v -0.287080 -0.457390 -0.360750
v -0.294205 -0.477555 -0.340575
v -0.287095 -0.470570 -0.371565
v -0.294210 -0.486415 -0.347845
v -0.287105 -0.485605 -0.379600
v -0.294215 -0.496520 -0.353245
v -0.287110 -0.501920 -0.384550
v -0.294220 -0.507480 -0.356570
v -0.287110 -0.518885 -0.386220
v -0.294220 -0.518885 -0.357695
v -0.287110 -0.535850 -0.384550
v -0.294220 -0.530285 -0.356570
v -0.287105 -0.552165 -0.379600
v -0.294215 -0.541250 -0.353245
v -0.287095 -0.567200 -0.371565
v -0.294210 -0.551355 -0.347845
v -0.287080 -0.580375 -0.360750
v -0.294205 -0.560210 -0.340575
v -0.298495 -0.539650 -0.320010
v -0.294195 -0.567480 -0.331720
v -0.298490 -0.543300 -0.315560
v -0.298485 -0.546015 -0.310480
v -0.299915 -0.518885 -0.299245
v -0.298465 -0.490085 -0.293515
v -0.298470 -0.548250 -0.299245
v -0.298475 -0.547685 -0.304975
v -0.298500 -0.535200 -0.323660
v -0.298500 -0.530120 -0.326375
v -0.298505 -0.524615 -0.328045
v -0.298505 -0.518885 -0.328610
v -0.298505 -0.513155 -0.328045
v -0.298500 -0.507645 -0.326375
v -0.298500 -0.502570 -0.323660
v -0.298495 -0.498120 -0.320010
v -0.298490 -0.494470 -0.315560
v -0.298485 -0.491755 -0.310480
v -0.298475 -0.490085 -0.304975
v -0.298470 -0.489520 -0.299245
v -0.298460 -0.491755 -0.288005
v -0.298450 -0.494470 -0.282930
v -0.298445 -0.498120 -0.278480
v -0.298445 -0.502570 -0.274830
v -0.298440 -0.507645 -0.272115
v -0.298440 -0.513155 -0.270445
v -0.298440 -0.518885 -0.269880
v -0.298440 -0.524615 -0.270445
v -0.298440 -0.530120 -0.272115
v -0.298445 -0.535200 -0.274830
v -0.298445 -0.539650 -0.278480
v -0.298450 -0.543300 -0.282930
v -0.298460 -0.546015 -0.288005
v -0.298465 -0.547685 -0.293515
v -0.231240 0.708935 0.299840
v -0.189715 0.750465 0.299790
v -0.114305 0.795660 0.299705
v -0.086625 0.805565 0.299675
v -0.058110 0.812710 0.299645
v -0.029025 0.817020 0.299610
v 0.029700 0.817020 0.299545
v 0.058780 0.812710 0.299515
v 0.141555 0.783090 0.299420
v 0.166775 0.767975 0.299390
v 0.190385 0.750465 0.299365
v 0.231915 0.708935 0.299320
v 0.249425 0.685325 0.299300
v 0.264540 0.660105 0.299280
v 0.294160 0.577330 0.299250
v 0.298475 0.548250 0.299245
v -0.297795 0.547685 0.305640
v -0.293475 0.576210 0.311310
v -0.286325 0.604180 0.316865
v -0.276415 0.631325 0.322255
v -0.263835 0.657395 0.327425
v -0.248715 0.682125 0.332325
v -0.231200 0.705285 0.336915
v -0.211450 0.726650 0.341140
v -0.189665 0.746015 0.344970
v -0.166045 0.763190 0.348360
v -0.140825 0.778015 0.351280
v -0.114245 0.790345 0.353705
v -0.086565 0.800055 0.355605
v -0.058045 0.807065 0.356965
v -0.028960 0.811295 0.357775
v 0.000400 0.812710 0.358025
v 0.029765 0.811295 0.357710
v 0.058845 0.807065 0.356835
v 0.087360 0.800055 0.355410
v 0.115040 0.790345 0.353445
v 0.141615 0.778015 0.350965
v 0.166830 0.763190 0.347985
v 0.190440 0.746015 0.344545
v 0.212215 0.726650 0.340665
v 0.231955 0.705285 0.336395
v 0.249465 0.682125 0.331770
v 0.264570 0.657395 0.326835
v 0.277135 0.631325 0.321635
v 0.287035 0.604180 0.316220
v 0.294170 0.576210 0.310650
v 0.298480 0.547685 0.304975
v -0.297785 0.546015 0.311150
v -0.293460 0.572880 0.322275
v -0.286305 0.599230 0.333180
v -0.276390 0.624805 0.343760
v -0.263805 0.649355 0.353915
v -0.248680 0.672655 0.363550
v -0.231160 0.694470 0.372565
v -0.211405 0.714595 0.380880
v -0.189615 0.732835 0.388410
v -0.165995 0.749015 0.395085
v -0.140770 0.762980 0.400845
v -0.114190 0.774595 0.405625
v -0.086505 0.783745 0.409385
v -0.057980 0.790345 0.412085
v -0.028900 0.794330 0.413705
v 0.000465 0.795660 0.414220
v 0.029830 0.794330 0.413635
v 0.058910 0.790345 0.411955
v 0.087425 0.783745 0.409190
v 0.115100 0.774595 0.405365
v 0.141670 0.762980 0.400525
v 0.166880 0.749015 0.394715
v 0.190485 0.732835 0.387985
v 0.212260 0.714595 0.380405
v 0.231995 0.694470 0.372050
v 0.249500 0.672655 0.362990
v 0.264600 0.649355 0.353325
v 0.277160 0.624805 0.343140
v 0.287055 0.599230 0.332535
v 0.294185 0.572880 0.321615
v 0.298485 0.546015 0.310480
v -0.297780 0.543300 0.316225
v -0.293450 0.567480 0.332380
v -0.286290 0.591195 0.348215
v -0.276365 0.614210 0.363580
v -0.263780 0.636305 0.378330
v -0.248650 0.657275 0.392325
v -0.231120 0.676910 0.405425
v -0.211365 0.695020 0.417505
v -0.189570 0.711435 0.428450
v -0.165945 0.725995 0.438150
v -0.140720 0.738565 0.446520
v -0.114135 0.749015 0.453475
v -0.086450 0.757250 0.458945
v -0.057925 0.763190 0.462880
v -0.028840 0.766775 0.465245
v 0.000525 0.767975 0.466015
v 0.029885 0.766775 0.465180
v 0.058965 0.763190 0.462750
v 0.087480 0.757250 0.458750
v 0.115155 0.749015 0.453215
v 0.141720 0.738565 0.446205
v 0.166930 0.725995 0.437780
v 0.190530 0.711435 0.428020
v 0.212305 0.695020 0.417030
v 0.232030 0.676910 0.404905
v 0.249530 0.657275 0.391765
v 0.264630 0.636305 0.377740
v 0.277185 0.614210 0.362960
v 0.287070 0.591195 0.347570
v 0.294195 0.567480 0.331720
v 0.298490 0.543300 0.315560
v -0.297775 0.539650 0.320675
v -0.293440 0.560215 0.341235
v -0.286275 0.580380 0.361390
v -0.276345 0.599950 0.380955
v -0.263755 0.618745 0.399730
v -0.248620 0.636575 0.417545
v -0.231090 0.653270 0.434225
v -0.211330 0.668675 0.449605
v -0.189530 0.682635 0.463540
v -0.165905 0.695020 0.475900
v -0.140675 0.705705 0.486555
v -0.114090 0.714595 0.495415
v -0.086400 0.721600 0.502390
v -0.057875 0.726650 0.507405
v -0.028790 0.729700 0.510425
v 0.000575 0.730720 0.511410
v 0.029935 0.729700 0.510360
v 0.059015 0.726650 0.507275
v 0.087525 0.721600 0.502195
v 0.115200 0.714595 0.495160
v 0.141765 0.705705 0.486240
v 0.166970 0.695020 0.475525
v 0.190570 0.682635 0.463115
v 0.212340 0.668675 0.449130
v 0.232065 0.653270 0.433705
v 0.249560 0.636575 0.416990
v 0.264655 0.618745 0.399140
v 0.277200 0.599950 0.380335
v 0.287085 0.580380 0.360750
v 0.294205 0.560215 0.340575
v 0.298495 0.539650 0.320005
v -0.297770 0.535200 0.324325
v -0.293430 0.551355 0.348500
v -0.286260 0.567200 0.372205
v -0.276330 0.582580 0.395210
v -0.263735 0.597345 0.417295
v -0.248600 0.611355 0.438245
v -0.231065 0.624475 0.457860
v -0.211300 0.636575 0.475950
v -0.189500 0.647545 0.492340
v -0.165870 0.657275 0.506875
v -0.140635 0.665670 0.519415
v -0.114050 0.672655 0.529835
v -0.086360 0.678155 0.538040
v -0.057835 0.682125 0.543950
v -0.028750 0.684520 0.547500
v 0.000615 0.685325 0.548670
v 0.029980 0.684520 0.547435
v 0.059055 0.682125 0.543815
v 0.087565 0.678155 0.537845
v 0.115240 0.672655 0.529580
v 0.141805 0.665670 0.519100
v 0.167005 0.657275 0.506505
v 0.190605 0.647545 0.491915
v 0.212370 0.636575 0.475475
v 0.232090 0.624475 0.457340
v 0.249580 0.611355 0.437685
v 0.264675 0.597345 0.416700
v 0.277220 0.582580 0.394590
v 0.287095 0.567200 0.371565
v 0.294215 0.551355 0.347845
v 0.298500 0.535200 0.323660
v -0.297770 0.530125 0.327040
v -0.293425 0.541250 0.353905
v -0.286250 0.552165 0.380245
v -0.276320 0.562760 0.405805
v -0.263720 0.572930 0.430345
v -0.248580 0.582580 0.453625
v -0.231045 0.591615 0.475420
v -0.211280 0.599950 0.495525
v -0.189475 0.607505 0.513740
v -0.165840 0.614210 0.529895
v -0.140610 0.619995 0.543830
v -0.114020 0.624805 0.555415
v -0.086330 0.628595 0.564530
v -0.057805 0.631325 0.571100
v -0.028720 0.632980 0.575055
v 0.000645 0.633530 0.576350
v 0.030010 0.632980 0.574985
v 0.059085 0.631325 0.570970
v 0.087595 0.628595 0.564335
v 0.115265 0.624805 0.555155
v 0.141830 0.619995 0.543515
v 0.167030 0.614210 0.529520
v 0.190625 0.607505 0.513315
v 0.212390 0.599950 0.495050
v 0.232110 0.591615 0.474900
v 0.249600 0.582580 0.453065
v 0.264690 0.572930 0.429755
v 0.277230 0.562760 0.405185
v 0.287105 0.552165 0.379600
v 0.294220 0.541250 0.353245
v 0.298505 0.530125 0.326375
v -0.297765 0.524615 0.328710
v -0.293420 0.530290 0.357230
v -0.286245 0.535850 0.385190
v -0.276310 0.541250 0.412330
v -0.263715 0.546435 0.438380
v -0.248570 0.551355 0.463095
v -0.231030 0.555965 0.486235
v -0.211265 0.560215 0.507580
v -0.189460 0.564065 0.526920
v -0.165825 0.567480 0.544070
v -0.140595 0.570430 0.558865
v -0.114005 0.572880 0.571165
v -0.086310 0.574815 0.580845
v -0.057785 0.576210 0.587820
v -0.028700 0.577050 0.592020
v 0.000665 0.577330 0.593400
v 0.030030 0.577050 0.591950
v 0.059105 0.576210 0.587690
v 0.087615 0.574815 0.580650
v 0.115285 0.572880 0.570905
v 0.141845 0.570430 0.558550
v 0.167045 0.567480 0.543695
v 0.190640 0.564065 0.526495
v 0.212405 0.560215 0.507105
v 0.232125 0.555965 0.485715
v 0.249610 0.551355 0.462540
v 0.264695 0.546435 0.437790
v 0.277235 0.541250 0.411710
v 0.287110 0.535850 0.384550
v 0.294225 0.530290 0.356570
v 0.298505 0.524615 0.328045
v -0.297765 0.518885 0.329275
v -0.293420 0.518885 0.358350
v -0.286245 0.518885 0.386860
v -0.276310 0.518885 0.414530
v -0.263710 0.518885 0.441095
v -0.248565 0.518885 0.466295
v -0.231030 0.518885 0.489890
v -0.211260 0.518885 0.511650
v -0.189455 0.518885 0.531370
v -0.165820 0.518885 0.548855
v -0.140585 0.518885 0.563940
v -0.113995 0.518885 0.576480
v -0.086305 0.518885 0.586355
v -0.057780 0.518885 0.593465
v -0.028695 0.518885 0.597745
v 0.000670 0.518885 0.599155
v 0.030035 0.518885 0.597680
v 0.059110 0.518885 0.593335
v 0.087620 0.518885 0.586160
v 0.115290 0.518885 0.576225
v 0.141855 0.518885 0.563625
v 0.167055 0.518885 0.548480
v 0.190645 0.518885 0.530940
v 0.212410 0.518885 0.511175
v 0.232125 0.518885 0.489370
v 0.249615 0.518885 0.465735
v 0.264700 0.518885 0.440500
v 0.277240 0.518885 0.413910
v 0.287115 0.518885 0.386220
v 0.294225 0.518885 0.357695
v 0.298505 0.518885 0.328610
v -0.297765 0.513160 0.328710
v -0.293420 0.507485 0.357230
v -0.286245 0.501920 0.385190
v -0.276310 0.496520 0.412330
v -0.263715 0.491335 0.438380
v -0.248570 0.486415 0.463095
v -0.231030 0.481810 0.486235
v -0.211265 0.477560 0.507580
v -0.189460 0.473710 0.526920
v -0.165825 0.470290 0.544070
v -0.140595 0.467340 0.558865
v -0.114005 0.464890 0.571165
v -0.086310 0.462960 0.580845
v -0.057785 0.461565 0.587820
v -0.028700 0.460725 0.592020
v 0.000665 0.460440 0.593400
v 0.030030 0.460725 0.591950
v 0.059105 0.461565 0.587690
v 0.087615 0.462960 0.580650
v 0.115285 0.464890 0.570905
v 0.141845 0.467340 0.558550
v 0.167045 0.470290 0.543695
v 0.190640 0.473710 0.526495
v 0.212405 0.477560 0.507105
v 0.232125 0.481810 0.485715
v 0.249610 0.486415 0.462540
v 0.264695 0.491335 0.437790
v 0.277235 0.496520 0.411710
v 0.287110 0.501920 0.384550
v 0.294225 0.507485 0.356570
v 0.298505 0.513160 0.328045
v -0.297770 0.507650 0.327040
v -0.293425 0.496520 0.353905
v -0.286250 0.485605 0.380245
v -0.276320 0.475015 0.405805
v -0.263720 0.464845 0.430345
v -0.248580 0.455195 0.453625
v -0.231045 0.446155 0.475420
v -0.211280 0.437820 0.495525
v -0.189475 0.430265 0.513740
v -0.165840 0.423565 0.529895
v -0.140610 0.417780 0.543830
v -0.114020 0.412970 0.555415
v -0.086330 0.409180 0.564530
v -0.057805 0.406445 0.571100
v -0.028720 0.404795 0.575055
v 0.000645 0.404245 0.576350
v 0.030010 0.404795 0.574985
v 0.059085 0.406445 0.570970
v 0.087595 0.409180 0.564335
v 0.115265 0.412970 0.555155
v 0.141830 0.417780 0.543515
v 0.167030 0.423565 0.529520
v 0.190625 0.430265 0.513315
v 0.212390 0.437820 0.495050
v 0.232110 0.446155 0.474900
v 0.249600 0.455195 0.453065
v 0.264690 0.464845 0.429755
v 0.277230 0.475015 0.405185
v 0.287105 0.485605 0.379600
v 0.294220 0.496520 0.353245
v 0.298505 0.507650 0.326375
v -0.297770 0.502575 0.324325
v -0.293430 0.486415 0.348500
v -0.286260 0.470570 0.372205
v -0.276330 0.455195 0.395210
v -0.263735 0.440430 0.417295
v -0.248600 0.426420 0.438245
v -0.231065 0.413300 0.457860
v -0.211300 0.401200 0.475950
v -0.189500 0.390230 0.492340
v -0.165870 0.380500 0.506875
v -0.140635 0.372100 0.519415
v -0.114050 0.365120 0.529835
v -0.086360 0.359615 0.538040
v -0.057835 0.355645 0.543950
v -0.028750 0.353250 0.547500
v 0.000615 0.352450 0.548670
v 0.029980 0.353250 0.547435
v 0.059055 0.355645 0.543815
v 0.087565 0.359615 0.537845
v 0.115240 0.365120 0.529580
v 0.141805 0.372100 0.519100
v 0.167005 0.380500 0.506505
v 0.190605 0.390230 0.491915
v 0.212370 0.401200 0.475475
v 0.232090 0.413300 0.457340
v 0.249580 0.426420 0.437685
v 0.264675 0.440430 0.416700
v 0.277220 0.455195 0.394590
v 0.287095 0.470570 0.371565
v 0.294215 0.486415 0.347845
v 0.298500 0.502575 0.323660
v -0.297775 0.498125 0.320675
v -0.293440 0.477560 0.341235
v -0.286275 0.457395 0.361390
v -0.276345 0.437820 0.380955
v -0.263755 0.419030 0.399730
v -0.248620 0.401200 0.417545
v -0.231090 0.384500 0.434225
v -0.211330 0.369095 0.449605
v -0.189530 0.355135 0.463540
v -0.165905 0.342755 0.475900
v -0.140675 0.332065 0.486555
v -0.114090 0.323175 0.495415
v -0.086400 0.316175 0.502390
v -0.057875 0.311125 0.507405
v -0.028790 0.308070 0.510425
v 0.000575 0.307050 0.511410
v 0.029935 0.308070 0.510360
v 0.059015 0.311125 0.507275
v 0.087525 0.316175 0.502195
v 0.115200 0.323175 0.495160
v 0.141765 0.332065 0.486240
v 0.166970 0.342755 0.475525
v 0.190570 0.355135 0.463115
v 0.212340 0.369095 0.449130
v 0.232065 0.384500 0.433705
v 0.249560 0.401200 0.416990
v 0.264655 0.419030 0.399140
v 0.277200 0.437820 0.380335
v 0.287085 0.457395 0.360750
v 0.294205 0.477560 0.340575
v 0.298495 0.498125 0.320005
v -0.297780 0.494470 0.316225
v -0.293450 0.470290 0.332380
v -0.286290 0.446580 0.348215
v -0.276365 0.423565 0.363580
v -0.263780 0.401465 0.378330
v -0.248650 0.380500 0.392325
v -0.231120 0.360865 0.405425
v -0.211365 0.342755 0.417505
v -0.189570 0.326335 0.428450
v -0.165945 0.311775 0.438150
v -0.140720 0.299210 0.446520
v -0.114135 0.288755 0.453475
v -0.086450 0.280520 0.458945
v -0.057925 0.274580 0.462880
v -0.028840 0.270995 0.465245
v 0.000525 0.269795 0.466015
v 0.029885 0.270995 0.465180
v 0.058965 0.274580 0.462750
v 0.087480 0.280520 0.458750
v 0.115155 0.288755 0.453215
v 0.141720 0.299210 0.446205
v 0.166930 0.311775 0.437780
v 0.190530 0.326335 0.428020
v 0.212305 0.342755 0.417030
v 0.232030 0.360865 0.404905
v 0.249530 0.380500 0.391765
v 0.264630 0.401465 0.377740
v 0.277180 0.423565 0.362960
v 0.287070 0.446580 0.347570
v 0.294195 0.470290 0.331720
v 0.298490 0.494470 0.315560
v -0.297785 0.491760 0.311150
v -0.293460 0.464890 0.322275
v -0.286305 0.438545 0.333180
v -0.276390 0.412970 0.343760
v -0.263805 0.388415 0.353915
v -0.248680 0.365120 0.363550
v -0.231160 0.343300 0.372565
v -0.211405 0.323175 0.380880
v -0.189615 0.304935 0.388410
v -0.165995 0.288755 0.395085
v -0.140770 0.274795 0.400845
v -0.114190 0.263180 0.405625
v -0.086505 0.254030 0.409385
v -0.057980 0.247430 0.412085
v -0.028900 0.243445 0.413705
v 0.000465 0.242110 0.414220
v 0.029830 0.243445 0.413635
v 0.058910 0.247430 0.411955
v 0.087425 0.254030 0.409190
v 0.115100 0.263180 0.405365
v 0.141670 0.274795 0.400525
v 0.166880 0.288755 0.394715
v 0.190485 0.304935 0.387985
v 0.212260 0.323175 0.380405
v 0.231995 0.343300 0.372050
v 0.249500 0.365120 0.362990
v 0.264600 0.388415 0.353325
v 0.277160 0.412970 0.343140
v 0.287055 0.438545 0.332535
v 0.294185 0.464890 0.321615
v 0.298485 0.491760 0.310480
v -0.297795 0.490085 0.305640
v -0.293475 0.461565 0.311310
v -0.286325 0.433595 0.316865
v -0.276415 0.406445 0.322255
v -0.263835 0.380380 0.327425
v -0.248715 0.355645 0.332325
v -0.231200 0.332485 0.336915
v -0.211450 0.311125 0.341140
v -0.189665 0.291760 0.344970
v -0.166045 0.274580 0.348360
v -0.140825 0.259760 0.351280
v -0.114245 0.247430 0.353705
v -0.086565 0.237715 0.355605
v -0.058045 0.230710 0.356965
v -0.028960 0.226480 0.357775
v 0.000400 0.225065 0.358025
v 0.029765 0.226480 0.357710
v 0.058845 0.230710 0.356835
v 0.087360 0.237715 0.355410
v 0.115040 0.247430 0.353445
v 0.141615 0.259760 0.350965
v 0.166830 0.274580 0.347985
v 0.190440 0.291760 0.344545
v 0.212215 0.311125 0.340665
v 0.231955 0.332485 0.336395
v 0.249465 0.355645 0.331770
v 0.264570 0.380380 0.326835
v 0.277135 0.406445 0.321635
v 0.287035 0.433595 0.316220
v 0.294170 0.461565 0.310650
v 0.298480 0.490085 0.304975
v -0.297800 0.489525 0.299910
v -0.293485 0.460440 0.299905
v -0.286340 0.431925 0.299900
v -0.276440 0.404245 0.299890
v -0.263870 0.377665 0.299875
v -0.248755 0.352450 0.299855
v -0.231240 0.328835 0.299840
v -0.211495 0.307050 0.299815
v -0.189715 0.287310 0.299790
v -0.166100 0.269795 0.299765
v -0.140885 0.254680 0.299735
v -0.114305 0.242110 0.299705
v -0.086625 0.232210 0.299675
v -0.058110 0.225065 0.299645
v -0.029025 0.220750 0.299610
v 0.000335 0.219310 0.299580
v 0.029700 0.220750 0.299545
v 0.058780 0.225065 0.299515
v 0.087300 0.232210 0.299480
v 0.114980 0.242110 0.299450
v 0.141555 0.254680 0.299420
v 0.166775 0.269795 0.299390
v 0.190385 0.287310 0.299365
v 0.212170 0.307050 0.299340
v 0.231915 0.328835 0.299320
v 0.249425 0.352450 0.299300
v 0.264540 0.377665 0.299280
v 0.277110 0.404245 0.299270
v 0.287015 0.431925 0.299255
v 0.294160 0.460440 0.299250
v 0.298475 0.489525 0.299245
v 0.299915 0.518885 0.299240
v -0.299240 0.518885 0.299915
v -0.297805 0.490085 0.294185
v -0.293500 0.461565 0.288505
v -0.286360 0.433595 0.282935
v -0.276465 0.406445 0.277520
v -0.263900 0.380380 0.272325
v -0.248790 0.355645 0.267385
v -0.231280 0.332485 0.262760
v -0.211545 0.311125 0.258490
v -0.189765 0.291760 0.254615
v -0.166155 0.274580 0.251170
v -0.140940 0.259760 0.248195
v -0.114370 0.247430 0.245710
v -0.086690 0.237715 0.243745
v -0.058170 0.230710 0.242320
v -0.029090 0.226480 0.241450
v 0.000270 0.225065 0.241135
v 0.029635 0.226480 0.241380
v 0.058715 0.230710 0.242190
v 0.087235 0.237715 0.243550
v 0.114920 0.247430 0.245455
v 0.141500 0.259760 0.247875
v 0.166720 0.274580 0.250795
v 0.190335 0.291760 0.254185
v 0.212125 0.311125 0.258015
v 0.231870 0.332485 0.262240
v 0.249390 0.355645 0.266830
v 0.264510 0.380380 0.271730
v 0.277085 0.406445 0.276900
v 0.286995 0.433595 0.282290
v 0.294145 0.461565 0.287845
v 0.298465 0.490085 0.293515
v -0.297810 0.491760 0.288675
v -0.293510 0.464890 0.277540
v -0.286380 0.438545 0.266620
v -0.276485 0.412970 0.256015
v -0.263930 0.388415 0.245830
v -0.248825 0.365120 0.236165
v -0.231320 0.343300 0.227110
v -0.211590 0.323175 0.218750
v -0.189815 0.304935 0.211170
v -0.166205 0.288755 0.204440
v -0.140995 0.274795 0.198630
v -0.114425 0.263180 0.193790
v -0.086750 0.254030 0.189970
v -0.058235 0.247430 0.187205
v -0.029155 0.243445 0.185520
v 0.000210 0.242110 0.184935
v 0.029575 0.243445 0.185455
v 0.058655 0.247430 0.187070
v 0.087175 0.254030 0.189775
v 0.114860 0.263180 0.193535
v 0.141445 0.274795 0.198315
v 0.166665 0.288755 0.204070
v 0.190290 0.304935 0.210745
v 0.212080 0.323175 0.218275
v 0.231830 0.343300 0.226590
v 0.249355 0.365120 0.235605
v 0.264480 0.388415 0.245240
v 0.277060 0.412970 0.255395
v 0.286980 0.438545 0.265975
v 0.294135 0.464890 0.276885
v 0.298460 0.491760 0.288005
v -0.297815 0.494470 0.283600
v -0.293520 0.470290 0.267435
v -0.286395 0.446580 0.251585
v -0.276510 0.423565 0.236195
v -0.263955 0.401465 0.221415
v -0.248855 0.380500 0.207390
v -0.231360 0.360865 0.194250
v -0.211630 0.342755 0.182125
v -0.189860 0.326335 0.171135
v -0.166255 0.311775 0.161375
v -0.141050 0.299210 0.152950
v -0.114480 0.288755 0.145940
v -0.086805 0.280520 0.140405
v -0.058290 0.274580 0.136405
v -0.029215 0.270995 0.133975
v 0.000150 0.269795 0.133140
v 0.029515 0.270995 0.133910
v 0.058600 0.274580 0.136275
v 0.087120 0.280520 0.140210
v 0.114810 0.288755 0.145680
v 0.141395 0.299210 0.152635
v 0.166620 0.311775 0.161005
v 0.190245 0.326335 0.170710
v 0.212040 0.342755 0.181650
v 0.231795 0.360865 0.193730
v 0.249325 0.380500 0.206830
v 0.264455 0.401465 0.220825
v 0.277040 0.423565 0.235575
v 0.286960 0.446580 0.250945
v 0.294120 0.470290 0.266780
v 0.298455 0.494470 0.282930
v -0.297820 0.498125 0.279150
v -0.293530 0.477560 0.258580
v -0.286410 0.457395 0.238405
v -0.276530 0.437820 0.218825
v -0.263980 0.419030 0.200015
v -0.248885 0.401200 0.182170
v -0.231390 0.384500 0.165450
v -0.211665 0.369095 0.150025
v -0.189895 0.355135 0.136040
v -0.166300 0.342755 0.123630
v -0.141095 0.332065 0.112915
v -0.114525 0.323175 0.104000
v -0.086855 0.316175 0.096965
v -0.058340 0.311125 0.091880
v -0.029265 0.308070 0.088795
v 0.000100 0.307050 0.087745
v 0.029465 0.308070 0.088730
v 0.058550 0.311125 0.091750
v 0.087075 0.316175 0.096770
v 0.114760 0.323175 0.103740
v 0.141350 0.332065 0.112600
v 0.166575 0.342755 0.123260
v 0.190205 0.355135 0.135615
v 0.212005 0.369095 0.149550
v 0.231765 0.384500 0.164935
v 0.249295 0.401200 0.181610
v 0.264430 0.419030 0.199425
v 0.277020 0.437820 0.218205
v 0.286945 0.457395 0.237765
v 0.294115 0.477560 0.257920
v 0.298450 0.498125 0.278480
v -0.297825 0.502575 0.275495
v -0.293540 0.486415 0.251310
v -0.286425 0.470570 0.227590
v -0.276545 0.455195 0.204565
v -0.264000 0.440430 0.182455
v -0.248910 0.426420 0.161470
v -0.231420 0.413300 0.141815
v -0.211695 0.401200 0.123680
v -0.189930 0.390230 0.107240
v -0.166330 0.380500 0.092655
v -0.141130 0.372100 0.080060
v -0.114565 0.365120 0.069575
v -0.086895 0.359615 0.061310
v -0.058380 0.355645 0.055340
v -0.029305 0.353250 0.051720
v 0.000060 0.352450 0.050490
v 0.029425 0.353250 0.051655
v 0.058510 0.355645 0.055210
v 0.087035 0.359615 0.061115
v 0.114725 0.365120 0.069320
v 0.141310 0.372100 0.079740
v 0.166540 0.380500 0.092280
v 0.190170 0.390230 0.106815
v 0.211975 0.401200 0.123205
v 0.231735 0.413300 0.141295
v 0.249270 0.426420 0.160910
v 0.264410 0.440430 0.181860
v 0.277005 0.455195 0.203945
v 0.286935 0.470570 0.226950
v 0.294105 0.486415 0.250655
v 0.298445 0.502575 0.274830
v -0.297830 0.507650 0.272785
v -0.293545 0.496520 0.245910
v -0.286430 0.485605 0.219555
v -0.276555 0.475015 0.193970
v -0.264015 0.464845 0.169405
v -0.248925 0.455195 0.146090
v -0.231435 0.446155 0.124255
v -0.211715 0.437820 0.104105
v -0.189955 0.430265 0.085840
v -0.166360 0.423565 0.069635
v -0.141155 0.417780 0.055645
v -0.114595 0.412970 0.044000
v -0.086925 0.409180 0.034820
v -0.058410 0.406445 0.028185
v -0.029335 0.404795 0.024170
v 0.000025 0.404245 0.022805
v 0.029390 0.404795 0.024105
v 0.058475 0.406445 0.028055
v 0.087005 0.409180 0.034625
v 0.114695 0.412970 0.043745
v 0.141285 0.417780 0.055325
v 0.166515 0.423565 0.069260
v 0.190150 0.430265 0.085415
v 0.211950 0.437820 0.103630
v 0.231715 0.446155 0.123735
v 0.249255 0.455195 0.145530
v 0.264395 0.464845 0.168810
v 0.276990 0.475015 0.193350
v 0.286925 0.485605 0.218915
v 0.294100 0.496520 0.245255
v 0.298440 0.507650 0.272115
v -0.297830 0.513160 0.271115
v -0.293550 0.507485 0.242585
v -0.286440 0.501920 0.214605
v -0.276565 0.496520 0.187445
v -0.264025 0.491335 0.161365
v -0.248935 0.486415 0.136620
v -0.231450 0.481810 0.113440
v -0.211730 0.477560 0.092050
v -0.189970 0.473710 0.072665
v -0.166375 0.470290 0.055460
v -0.141175 0.467340 0.040610
v -0.114610 0.464890 0.028250
v -0.086940 0.462960 0.018505
v -0.058430 0.461565 0.011465
v -0.029355 0.460725 0.007205
v 0.000005 0.460440 0.005755
v 0.029375 0.460725 0.007140
v 0.058460 0.461565 0.011335
v 0.086985 0.462960 0.018310
v 0.114675 0.464890 0.027995
v 0.141265 0.467340 0.040290
v 0.166500 0.470290 0.055090
v 0.190135 0.473710 0.072240
v 0.211940 0.477560 0.091575
v 0.231705 0.481810 0.112920
v 0.249245 0.486415 0.136060
v 0.264385 0.491335 0.160775
v 0.276985 0.496520 0.186825
v 0.286920 0.501920 0.213965
v 0.294095 0.507485 0.241925
v 0.298440 0.513160 0.270445
v -0.297830 0.518885 0.270550
v -0.293550 0.518885 0.241465
v -0.286440 0.518885 0.212935
v -0.276565 0.518885 0.185245
v -0.264025 0.518885 0.158655
v -0.248940 0.518885 0.133420
v -0.231455 0.518885 0.109785
v -0.211735 0.518885 0.087980
v -0.189975 0.518885 0.068215
v -0.166380 0.518885 0.050675
v -0.141180 0.518885 0.035530
v -0.114615 0.518885 0.022930
v -0.086950 0.518885 0.012995
v -0.058435 0.518885 0.005820
v -0.029360 0.518885 0.001475
v -0.000000 0.518885 -0.000000
v 0.029365 0.518885 0.001410
v 0.058450 0.518885 0.005690
v 0.086980 0.518885 0.012800
v 0.114670 0.518885 0.022675
v 0.141260 0.518885 0.035215
v 0.166495 0.518885 0.050300
v 0.190130 0.518885 0.067790
v 0.211935 0.518885 0.087505
v 0.231700 0.518885 0.109270
v 0.249240 0.518885 0.132860
v 0.264385 0.518885 0.158060
v 0.276985 0.518885 0.184625
v 0.286920 0.518885 0.212295
v 0.294095 0.518885 0.240805
v 0.298440 0.518885 0.269880
v -0.297830 0.524615 0.271115
v -0.293550 0.530290 0.242585
v -0.286440 0.535850 0.214605
v -0.276565 0.541250 0.187445
v -0.264025 0.546435 0.161370
v -0.248935 0.551355 0.136620
v -0.231450 0.555965 0.113440
v -0.211730 0.560215 0.092050
v -0.189970 0.564065 0.072665
v -0.166375 0.567480 0.055460
v -0.141175 0.570430 0.040610
v -0.114610 0.572880 0.028250
v -0.086940 0.574815 0.018505
v -0.058430 0.576210 0.011465
v -0.029355 0.577050 0.007205
v 0.000005 0.577330 0.005755
v 0.029375 0.577050 0.007140
v 0.058460 0.576210 0.011335
v 0.086985 0.574815 0.018310
v 0.114675 0.572880 0.027995
v 0.141265 0.570430 0.040290
v 0.166500 0.567480 0.055090
v 0.190135 0.564065 0.072240
v 0.211940 0.560215 0.091575
v 0.231705 0.555965 0.112920
v 0.249245 0.551355 0.136060
v 0.264385 0.546435 0.160775
v 0.276985 0.541250 0.186825
v 0.286920 0.535850 0.213965
v 0.294095 0.530290 0.241925
v 0.298440 0.524615 0.270445
v -0.297830 0.530125 0.272785
v -0.293545 0.541250 0.245910
v -0.286430 0.552165 0.219555
v -0.276555 0.562760 0.193970
v -0.264015 0.572930 0.169405
v -0.248925 0.582580 0.146090
v -0.231435 0.591615 0.124255
v -0.211715 0.599950 0.104105
v -0.189955 0.607505 0.085840
v -0.166360 0.614210 0.069635
v -0.141155 0.619995 0.055645
v -0.114595 0.624805 0.044000
v -0.086925 0.628595 0.034820
v -0.058410 0.631325 0.028190
v -0.029335 0.632980 0.024170
v 0.000025 0.633530 0.022805
v 0.029390 0.632980 0.024105
v 0.058475 0.631325 0.028055
v 0.087005 0.628595 0.034625
v 0.114695 0.624805 0.043745
v 0.141285 0.619995 0.055325
v 0.166515 0.614210 0.069260
v 0.190150 0.607505 0.085415
v 0.211950 0.599950 0.103630
v 0.231715 0.591615 0.123735
v 0.249255 0.582580 0.145530
v 0.264395 0.572930 0.168810
v 0.276990 0.562760 0.193350
v 0.286925 0.552165 0.218915
v 0.294100 0.541250 0.245255
v 0.298440 0.530125 0.272115
v -0.297825 0.535200 0.275495
v -0.293540 0.551355 0.251310
v -0.286425 0.567200 0.227590
v -0.276545 0.582580 0.204565
v -0.264000 0.597345 0.182455
v -0.248910 0.611355 0.161470
v -0.231420 0.624475 0.141815
v -0.211695 0.636575 0.123680
v -0.189930 0.647545 0.107240
v -0.166330 0.657275 0.092655
v -0.141130 0.665670 0.080060
v -0.114565 0.672655 0.069575
v -0.086895 0.678155 0.061310
v -0.058380 0.682125 0.055340
v -0.029305 0.684520 0.051720
v 0.000060 0.685325 0.050490
v 0.029425 0.684520 0.051655
v 0.058510 0.682125 0.055210
v 0.087035 0.678155 0.061115
v 0.114725 0.672655 0.069320
v 0.141310 0.665670 0.079740
v 0.166540 0.657275 0.092280
v 0.190170 0.647545 0.106815
v 0.211975 0.636575 0.123205
v 0.231735 0.624475 0.141295
v 0.249270 0.611355 0.160910
v 0.264410 0.597345 0.181860
v 0.277005 0.582580 0.203945
v 0.286935 0.567200 0.226950
v 0.294105 0.551355 0.250655
v 0.298445 0.535200 0.274830
v -0.297820 0.539650 0.279150
v -0.293530 0.560215 0.258580
v -0.286410 0.580380 0.238405
v -0.276530 0.599950 0.218825
v -0.263980 0.618745 0.200015
v -0.248885 0.636575 0.182170
v -0.231390 0.653270 0.165450
v -0.211665 0.668675 0.150025
v -0.189895 0.682635 0.136040
v -0.166295 0.695020 0.123630
v -0.141095 0.705705 0.112915
v -0.114525 0.714595 0.104000
v -0.086855 0.721600 0.096965
v -0.058340 0.726650 0.091880
v -0.029265 0.729700 0.088795
v 0.000100 0.730720 0.087745
v 0.029465 0.729700 0.088730
v 0.058550 0.726650 0.091750
v 0.087075 0.721600 0.096770
v 0.114760 0.714595 0.103740
v 0.141350 0.705705 0.112600
v 0.166575 0.695020 0.123260
v 0.190205 0.682635 0.135615
v 0.212005 0.668675 0.149550
v 0.231765 0.653270 0.164935
v 0.249295 0.636575 0.181610
v 0.264430 0.618745 0.199425
v 0.277020 0.599950 0.218205
v 0.286945 0.580380 0.237765
v 0.294115 0.560215 0.257920
v 0.298450 0.539650 0.278480
v -0.297815 0.543300 0.283600
v -0.293520 0.567480 0.267435
v -0.286395 0.591195 0.251585
v -0.276510 0.614210 0.236195
v -0.263955 0.636305 0.221415
v -0.248855 0.657275 0.207390
v -0.231360 0.676910 0.194250
v -0.211630 0.695020 0.182125
v -0.189860 0.711435 0.171135
v -0.166255 0.725995 0.161380
v -0.141050 0.738565 0.152950
v -0.114480 0.749015 0.145940
v -0.086805 0.757250 0.140405
v -0.058290 0.763190 0.136405
v -0.029215 0.766775 0.133975
v 0.000150 0.767975 0.133140
v 0.029515 0.766775 0.133910
v 0.058600 0.763190 0.136275
v 0.087120 0.757250 0.140210
v 0.114810 0.749015 0.145680
v 0.141395 0.738565 0.152635
v 0.166620 0.725995 0.161005
v 0.190245 0.711435 0.170710
v 0.212040 0.695020 0.181650
v 0.231795 0.676905 0.193730
v 0.249325 0.657275 0.206830
v 0.264455 0.636305 0.220825
v 0.277040 0.614210 0.235575
v 0.286960 0.591195 0.250945
v 0.294120 0.567480 0.266780
v 0.298455 0.543300 0.282930
v -0.297810 0.546015 0.288675
v -0.293510 0.572880 0.277540
v -0.286380 0.599230 0.266620
v -0.276485 0.624805 0.256015
v -0.263930 0.649355 0.245830
v -0.248825 0.672655 0.236165
v -0.231320 0.694470 0.227110
v -0.211590 0.714595 0.218750
v -0.189815 0.732835 0.211170
v -0.166205 0.749015 0.204440
v -0.140995 0.762980 0.198630
v -0.114425 0.774595 0.193790
v -0.086750 0.783745 0.189970
v -0.058235 0.790340 0.187205
v -0.029155 0.794330 0.185520
v 0.000210 0.795660 0.184935
v 0.029575 0.794330 0.185455
v 0.058655 0.790340 0.187070
v 0.087175 0.783745 0.189775
v 0.114860 0.774595 0.193535
v 0.141445 0.762980 0.198315
v 0.166665 0.749015 0.204070
v 0.190290 0.732835 0.210745
v 0.212080 0.714595 0.218275
v 0.231830 0.694470 0.226590
v 0.249355 0.672655 0.235605
v 0.264480 0.649355 0.245240
v 0.277060 0.624805 0.255395
v 0.286980 0.599230 0.265980
v 0.294135 0.572880 0.276885
v 0.298460 0.546015 0.288005
v -0.297805 0.547685 0.294185
v -0.293500 0.576210 0.288505
v -0.286360 0.604180 0.282935
v -0.276465 0.631325 0.277520
v -0.263900 0.657395 0.272325
v -0.248790 0.682125 0.267385
v -0.231280 0.705285 0.262760
v -0.211545 0.726650 0.258490
v -0.189765 0.746015 0.254615
v -0.166155 0.763190 0.251170
v -0.140940 0.778015 0.248195
v -0.114365 0.790340 0.245710
v -0.086690 0.800055 0.243745
v -0.058170 0.807065 0.242320
v -0.029090 0.811295 0.241450
v 0.000270 0.812710 0.241135
v 0.029635 0.811295 0.241380
v 0.058715 0.807065 0.242190
v 0.087235 0.800055 0.243550
v 0.114920 0.790340 0.245455
v 0.141500 0.778015 0.247875
v 0.166720 0.763190 0.250795
v 0.190335 0.746015 0.254185
v 0.212125 0.726650 0.258015
v 0.231870 0.705285 0.262240
v 0.249390 0.682125 0.266830
v 0.264510 0.657395 0.271730
v 0.277085 0.631325 0.276900
v 0.286995 0.604180 0.282290
v 0.294145 0.576210 0.287845
v 0.298465 0.547685 0.293515
v -0.297800 0.548250 0.299910
v -0.293485 0.577330 0.299905
v -0.286340 0.605850 0.299900
v -0.276440 0.633530 0.299890
v -0.263870 0.660105 0.299875
v -0.248755 0.685325 0.299855
v -0.211495 0.730720 0.299815
v -0.166100 0.767975 0.299765
v -0.140885 0.783090 0.299735
v 0.000335 0.818465 0.299580
v 0.087300 0.805565 0.299480
v 0.114980 0.795660 0.299450
v 0.212170 0.730720 0.299340
v 0.277110 0.633530 0.299270
v 0.287015 0.605850 0.299255
v -0.232095 0.613910 -0.463905
v -0.232070 0.644195 -0.442205
v -0.249585 0.602105 -0.443440
v -0.212375 0.624805 -0.482795
v -0.232115 0.579975 -0.479285
v -0.249600 0.572385 -0.456905
v -0.212395 0.586980 -0.499935
v -0.232125 0.543695 -0.487745
v -0.249610 0.540610 -0.464310
v -0.212405 0.546535 -0.509365
v -0.232125 0.506455 -0.488960
v -0.249610 0.508000 -0.465380
v -0.212405 0.505030 -0.510720
v -0.232120 0.469695 -0.482895
v -0.249605 0.475810 -0.460065
v -0.212400 0.464060 -0.503955
v -0.232105 0.434830 -0.469770
v -0.249590 0.445275 -0.448570
v -0.212380 0.425195 -0.489330
v -0.232080 0.403190 -0.450095
v -0.249575 0.417565 -0.431340
v -0.212355 0.389930 -0.467400
v -0.232050 0.376000 -0.424630
v -0.249550 0.393750 -0.409040
v -0.212325 0.359620 -0.439015
v -0.232020 0.354300 -0.394345
v -0.249520 0.374750 -0.382520
v -0.212285 0.335435 -0.405260
v -0.231980 0.338920 -0.360410
v -0.249485 0.361280 -0.352800
v -0.212245 0.318295 -0.367435
v -0.231940 0.330460 -0.324125
v -0.249450 0.353875 -0.321025
v -0.212200 0.308865 -0.326990
v -0.231900 0.329245 -0.286890
v -0.249415 0.352805 -0.288415
v -0.212155 0.307505 -0.285485
v -0.231855 0.335310 -0.250130
v -0.249375 0.358120 -0.256220
v -0.212105 0.314270 -0.244515
v -0.231820 0.348435 -0.215260
v -0.249345 0.369615 -0.225685
v -0.212065 0.328900 -0.205650
v -0.231780 0.368110 -0.183625
v -0.249310 0.386845 -0.197980
v -0.212025 0.350825 -0.170385
v -0.231750 0.393575 -0.156430
v -0.249285 0.409145 -0.174165
v -0.211990 0.379215 -0.140075
v -0.231730 0.423860 -0.134730
v -0.249265 0.435670 -0.155160
v -0.211965 0.412970 -0.115885
v -0.231710 0.457795 -0.119355
v -0.249250 0.465385 -0.141695
v -0.211945 0.450795 -0.098750
v -0.231700 0.494080 -0.110895
v -0.249240 0.497160 -0.134285
v -0.211935 0.491235 -0.089320
v -0.231700 0.531315 -0.109675
v -0.249240 0.529770 -0.133220
v -0.211930 0.532740 -0.087960
v -0.231705 0.568075 -0.115745
v -0.249245 0.561965 -0.138535
v -0.211940 0.573715 -0.094725
v -0.231720 0.602945 -0.128870
v -0.249260 0.592500 -0.150025
v -0.211955 0.612580 -0.109355
v -0.231745 0.634580 -0.148540
v -0.249275 0.620205 -0.167255
v -0.211980 0.647845 -0.131280
v -0.231770 0.661775 -0.174010
v -0.249300 0.644020 -0.189560
v -0.212010 0.678150 -0.159670
v -0.231805 0.683475 -0.204295
v -0.249330 0.663025 -0.216080
v -0.212050 0.702340 -0.193425
v -0.231845 0.698850 -0.238230
v -0.249365 0.676490 -0.245800
v -0.212090 0.719480 -0.231250
v -0.231885 0.707310 -0.274510
v -0.249400 0.683900 -0.277575
v -0.212140 0.728910 -0.271690
v -0.231925 0.708530 -0.311750
v -0.249435 0.684965 -0.310185
v -0.212185 0.730265 -0.313195
v -0.231965 0.702460 -0.348510
v -0.249475 0.679650 -0.342375
v -0.212230 0.723500 -0.354170
v -0.232005 0.689340 -0.383375
v -0.249510 0.668160 -0.372910
v -0.212275 0.708875 -0.393035
v -0.232040 0.669665 -0.415015
v -0.249540 0.650930 -0.400620
v -0.212315 0.686945 -0.428295
v -0.190545 0.702610 -0.440340
v -0.212345 0.658560 -0.458605
v -0.190580 0.671575 -0.473475
v -0.166980 0.683125 -0.486670
v -0.190610 0.634675 -0.499915
v -0.167015 0.643430 -0.515110
v -0.190630 0.593325 -0.518655
v -0.167035 0.598955 -0.535265
v -0.190645 0.549115 -0.528960
v -0.167050 0.551400 -0.546350
v -0.190645 0.503740 -0.530445
v -0.167050 0.502595 -0.547950
v -0.190635 0.458950 -0.523050
v -0.167040 0.454415 -0.539995
v -0.190620 0.416460 -0.507060
v -0.167020 0.408715 -0.522795
v -0.190590 0.377910 -0.483090
v -0.166995 0.367250 -0.497010
v -0.190555 0.344775 -0.452055
v -0.166955 0.331610 -0.463630
v -0.190515 0.318335 -0.415155
v -0.166910 0.303170 -0.423935
v -0.190470 0.299600 -0.373805
v -0.166860 0.283015 -0.379460
v -0.190420 0.289290 -0.329590
v -0.166810 0.271925 -0.331905
v -0.190370 0.287805 -0.284220
v -0.166755 0.270330 -0.283100
v -0.190320 0.295200 -0.239430
v -0.166700 0.278285 -0.234925
v -0.190270 0.311190 -0.196940
v -0.166650 0.295485 -0.189220
v -0.190225 0.335165 -0.158390
v -0.166600 0.321270 -0.147755
v -0.190190 0.366195 -0.125255
v -0.166560 0.354650 -0.112115
v -0.190160 0.403100 -0.098815
v -0.166530 0.394340 -0.083675
v -0.190140 0.444450 -0.080080
v -0.166505 0.438820 -0.063520
v -0.190130 0.488660 -0.069770
v -0.166495 0.486375 -0.052435
v -0.190125 0.534030 -0.068285
v -0.166495 0.535180 -0.050835
v -0.190135 0.578825 -0.075680
v -0.166500 0.583355 -0.058790
v -0.190155 0.621310 -0.091670
v -0.166520 0.629055 -0.075990
v -0.190180 0.659860 -0.115645
v -0.166550 0.670525 -0.101775
v -0.190215 0.692995 -0.146675
v -0.166590 0.706160 -0.135155
v -0.190255 0.719440 -0.183575
v -0.166630 0.734605 -0.174845
v -0.190300 0.738175 -0.224925
v -0.166680 0.754760 -0.219325
v -0.190350 0.748480 -0.269140
v -0.166735 0.765845 -0.266880
v -0.190400 0.749970 -0.314510
v -0.166790 0.767445 -0.315685
v -0.190455 0.742575 -0.359300
v -0.166845 0.759490 -0.363860
v -0.190500 0.726580 -0.401790
v -0.166895 0.742290 -0.409560
v -0.141685 0.755845 -0.416275
v -0.166940 0.716505 -0.451030
v -0.141735 0.728495 -0.460260
v -0.115165 0.738465 -0.467940
v -0.141780 0.693090 -0.498060
v -0.115210 0.701375 -0.507540
v -0.141810 0.650990 -0.528230
v -0.141835 0.603810 -0.549605
v -0.115245 0.657275 -0.539145
v -0.087575 0.662225 -0.547750
v -0.115270 0.607850 -0.561535
v -0.087600 0.611035 -0.570945
v -0.115285 0.555015 -0.573855
v -0.141850 0.553370 -0.561365
v -0.087615 0.556305 -0.583705
v -0.115290 0.500785 -0.575630
v -0.141850 0.501605 -0.563060
v -0.087620 0.500135 -0.585545
v -0.115280 0.447250 -0.566795
v -0.141840 0.450505 -0.554620
v -0.087610 0.444690 -0.576390
v -0.115255 0.396470 -0.547680
v -0.141820 0.402030 -0.536380
v -0.087585 0.392090 -0.556595
v -0.115225 0.350395 -0.519030
v -0.141790 0.358050 -0.509030
v -0.087555 0.344365 -0.526920
v -0.115185 0.310795 -0.481940
v -0.141750 0.320245 -0.473620
v -0.087510 0.303350 -0.488500
v -0.115135 0.279195 -0.437835
v -0.141705 0.290080 -0.431520
v -0.087460 0.270615 -0.442820
v -0.115080 0.256800 -0.388415
v -0.141650 0.268705 -0.384345
v -0.087400 0.247420 -0.391630
v -0.115020 0.244480 -0.335575
v -0.141595 0.256940 -0.333905
v -0.087340 0.234660 -0.336900
v -0.114960 0.242705 -0.281350
v -0.141535 0.255245 -0.282140
v -0.087275 0.232820 -0.280730
v -0.114900 0.251545 -0.227815
v -0.141480 0.263685 -0.231040
v -0.087215 0.241975 -0.225285
v -0.114840 0.270655 -0.177035
v -0.141425 0.281930 -0.182565
v -0.087155 0.261770 -0.172685
v -0.114790 0.299305 -0.130960
v -0.141375 0.309280 -0.138585
v -0.087100 0.291450 -0.124960
v -0.114745 0.336395 -0.091360
v -0.141330 0.344685 -0.100780
v -0.087055 0.329865 -0.083945
v -0.114710 0.380500 -0.059755
v -0.141300 0.386785 -0.070610
v -0.087020 0.375545 -0.051210
v -0.114685 0.429920 -0.037365
v -0.141275 0.433960 -0.049235
v -0.086995 0.426735 -0.028015
v -0.114670 0.482760 -0.025045
v -0.141260 0.484400 -0.037475
v -0.086980 0.481465 -0.015255
v -0.114670 0.536990 -0.023270
v -0.141260 0.536165 -0.035780
v -0.086975 0.537635 -0.013415
v -0.114680 0.590520 -0.032105
v -0.141270 0.587270 -0.044220
v -0.086985 0.593085 -0.022570
v -0.114700 0.641300 -0.051220
v -0.141290 0.635740 -0.062460
v -0.087010 0.645680 -0.042365
v -0.114730 0.687375 -0.079870
v -0.141320 0.679725 -0.089815
v -0.087045 0.693405 -0.072045
v -0.114775 0.726975 -0.116960
v -0.141360 0.717525 -0.125220
v -0.087085 0.734425 -0.110460
v -0.114825 0.758580 -0.161065
v -0.141405 0.747695 -0.167320
v -0.087135 0.767155 -0.156140
v -0.114880 0.780970 -0.210485
v -0.141460 0.769070 -0.214495
v -0.087195 0.790350 -0.207330
v -0.114940 0.793295 -0.263325
v -0.141515 0.780830 -0.264935
v -0.087255 0.803110 -0.262060
v -0.115000 0.795070 -0.317550
v -0.141575 0.782525 -0.316700
v -0.087320 0.804950 -0.318230
v -0.115060 0.786230 -0.371085
v -0.141630 0.774090 -0.367800
v -0.087380 0.795795 -0.373680
v -0.115115 0.767120 -0.421865
v -0.087440 0.776000 -0.426275
v -0.058925 0.782410 -0.429465
v -0.087495 0.746325 -0.474000
v -0.058980 0.751990 -0.478380
v -0.087540 0.707905 -0.515015
v -0.059025 0.712615 -0.520420
v -0.029950 0.715460 -0.523695
v -0.059065 0.665795 -0.553970
v -0.029990 0.667955 -0.557740
v -0.059090 0.613330 -0.577740
v -0.030015 0.614720 -0.581860
v -0.059105 0.557240 -0.590820
v -0.030030 0.557800 -0.595130
v -0.059110 0.499670 -0.592705
v -0.030030 0.499385 -0.597045
v -0.059100 0.442840 -0.583325
v -0.030020 0.441725 -0.587520
v -0.059075 0.388930 -0.563035
v -0.030000 0.387025 -0.566935
v -0.059040 0.340020 -0.532620
v -0.029965 0.337395 -0.536070
v -0.058995 0.297980 -0.493245
v -0.029920 0.294735 -0.496120
v -0.058945 0.264430 -0.446425
v -0.029865 0.260695 -0.448615
v -0.058885 0.240655 -0.393960
v -0.029805 0.236570 -0.395380
v -0.058825 0.227580 -0.337865
v -0.029740 0.223300 -0.338460
v -0.058760 0.225695 -0.280295
v -0.029675 0.221390 -0.280045
v -0.058695 0.235075 -0.223465
v -0.029610 0.230910 -0.222380
v -0.058635 0.255365 -0.169560
v -0.029550 0.251495 -0.167685
v -0.058580 0.285780 -0.120645
v -0.029495 0.282360 -0.118050
v -0.058530 0.325155 -0.078605
v -0.029445 0.322310 -0.075395
v -0.058495 0.371975 -0.045055
v -0.029410 0.369820 -0.041350
v -0.058470 0.424440 -0.021285
v -0.029380 0.423055 -0.017230
v -0.058455 0.480535 -0.008205
v -0.029365 0.479970 -0.003960
v -0.058450 0.538105 -0.006320
v -0.029365 0.538385 -0.002050
v -0.058460 0.594935 -0.015705
v -0.029375 0.596050 -0.011570
v -0.058485 0.648840 -0.035990
v -0.029400 0.650750 -0.032155
v -0.058520 0.697755 -0.066410
v -0.029435 0.700380 -0.063020
v -0.058565 0.739795 -0.105785
v -0.029480 0.743035 -0.102970
v -0.058615 0.773345 -0.152600
v -0.029530 0.777080 -0.150480
v -0.058675 0.797115 -0.205065
v -0.029590 0.801200 -0.203715
v -0.058735 0.810195 -0.261160
v -0.029655 0.814470 -0.260630
v -0.058800 0.812080 -0.318730
v -0.029720 0.816385 -0.319045
v -0.058865 0.802695 -0.375560
v -0.029785 0.806865 -0.376710
v -0.000420 0.808255 -0.377115
v -0.029845 0.786275 -0.431410
v -0.000485 0.787570 -0.432080
v -0.029900 0.755415 -0.481040
v -0.000540 0.756560 -0.481950
v 0.028825 0.755415 -0.481105
v -0.000585 0.716410 -0.524815
v 0.028780 0.715460 -0.523760
v -0.000625 0.668675 -0.559020
v -0.000655 0.615185 -0.583260
v 0.028740 0.667955 -0.557805
v 0.057825 0.665795 -0.554100
v 0.028715 0.614720 -0.581925
v 0.057800 0.613330 -0.577875
v 0.028700 0.557800 -0.595195
v -0.000670 0.557990 -0.596595
v 0.057785 0.557240 -0.590950
v 0.028695 0.499385 -0.597110
v -0.000670 0.499295 -0.598515
v 0.057780 0.499670 -0.592835
v 0.028705 0.441725 -0.587590
v -0.000660 0.441350 -0.588950
v 0.057790 0.442840 -0.583455
v 0.028730 0.387025 -0.567000
v -0.000635 0.386385 -0.568260
v 0.057815 0.388930 -0.563165
v 0.028765 0.337395 -0.536140
v -0.000600 0.336515 -0.537250
v 0.057850 0.340020 -0.532750
v 0.028810 0.294735 -0.496185
v -0.000555 0.293650 -0.497105
v 0.057895 0.297980 -0.493375
v 0.028860 0.260695 -0.448680
v -0.000505 0.259445 -0.449370
v 0.057945 0.264430 -0.446555
v 0.028920 0.236570 -0.395445
v -0.000445 0.235205 -0.395875
v 0.058005 0.240655 -0.394090
v 0.028985 0.223300 -0.338525
v -0.000380 0.221870 -0.338680
v 0.058065 0.227580 -0.337995
v 0.029050 0.221390 -0.280110
v -0.000315 0.219950 -0.279985
v 0.058130 0.225695 -0.280425
v 0.029115 0.230910 -0.222450
v -0.000250 0.229515 -0.222040
v 0.058195 0.235075 -0.223595
v 0.029175 0.251495 -0.167750
v -0.000185 0.250205 -0.167080
v 0.058255 0.255365 -0.169690
v 0.029230 0.282360 -0.118120
v -0.000130 0.281215 -0.117205
v 0.058310 0.285780 -0.120775
v 0.029280 0.322310 -0.075460
v -0.000080 0.321360 -0.074345
v 0.058360 0.325155 -0.078735
v 0.029320 0.369820 -0.041420
v -0.000045 0.369095 -0.040135
v 0.058395 0.371975 -0.045185
v 0.029345 0.423055 -0.017300
v -0.000015 0.422590 -0.015900
v 0.058420 0.424440 -0.021415
v 0.029360 0.479970 -0.004025
v -0.000000 0.479785 -0.002565
v 0.058435 0.480535 -0.008335
v 0.029360 0.538385 -0.002115
v -0.000000 0.538480 -0.000640
v 0.058440 0.538105 -0.006450
v 0.029350 0.596050 -0.011635
v -0.000010 0.596425 -0.010210
v 0.058430 0.594935 -0.015835
v 0.029330 0.650750 -0.032220
v -0.000035 0.651385 -0.030895
v 0.058405 0.648840 -0.036125
v 0.029295 0.700380 -0.063085
v -0.000070 0.701260 -0.061905
v 0.058370 0.697755 -0.066540
v 0.029250 0.743035 -0.103035
v -0.000115 0.744120 -0.102055
v 0.058325 0.739795 -0.105915
v 0.029195 0.777080 -0.150545
v -0.000165 0.778330 -0.149790
v 0.058275 0.773345 -0.152735
v 0.029135 0.801200 -0.203780
v -0.000225 0.802565 -0.203280
v 0.058215 0.797115 -0.205200
v 0.029075 0.814470 -0.260695
v -0.000290 0.815900 -0.260475
v 0.058155 0.810195 -0.261290
v 0.029005 0.816385 -0.319110
v -0.000355 0.817825 -0.319170
v 0.058090 0.812080 -0.318860
v 0.028945 0.806865 -0.376775
v 0.058025 0.802695 -0.375690
v 0.028880 0.786275 -0.431475
v 0.057965 0.782410 -0.429600
v 0.086485 0.776000 -0.426470
v 0.057910 0.751990 -0.478510
v 0.086435 0.746325 -0.474195
v 0.057865 0.712615 -0.520550
v 0.086385 0.707905 -0.515210
v 0.114075 0.701375 -0.507795
v 0.086350 0.662225 -0.547945
v 0.114040 0.657275 -0.539400
v 0.086325 0.611035 -0.571140
v 0.114015 0.607850 -0.561795
v 0.086310 0.556305 -0.583900
v 0.114000 0.555015 -0.574115
v 0.086310 0.500135 -0.585740
v 0.114000 0.500785 -0.575890
v 0.086320 0.444690 -0.576585
v 0.114010 0.447250 -0.567050
v 0.086340 0.392090 -0.556790
v 0.114030 0.396470 -0.547940
v 0.086375 0.344365 -0.527115
v 0.114065 0.350395 -0.519285
v 0.086415 0.303350 -0.488695
v 0.114105 0.310795 -0.482195
v 0.086470 0.270615 -0.443015
v 0.114155 0.279195 -0.438095
v 0.086525 0.247420 -0.391825
v 0.114210 0.256800 -0.388675
v 0.086585 0.234660 -0.337095
v 0.114270 0.244480 -0.335835
v 0.086650 0.232820 -0.280925
v 0.114330 0.242705 -0.281605
v 0.086710 0.241975 -0.225480
v 0.114390 0.251545 -0.228070
v 0.086770 0.261770 -0.172880
v 0.114445 0.270655 -0.177295
v 0.086825 0.291450 -0.125155
v 0.114500 0.299305 -0.131215
v 0.086870 0.329865 -0.084140
v 0.114540 0.336395 -0.091615
v 0.086905 0.375545 -0.051405
v 0.114580 0.380500 -0.060015
v 0.086930 0.426735 -0.028210
v 0.114605 0.429920 -0.037620
v 0.086945 0.481465 -0.015450
v 0.114615 0.482760 -0.025300
v 0.086950 0.537635 -0.013610
v 0.114620 0.536990 -0.023525
v 0.086940 0.593085 -0.022765
v 0.114610 0.590520 -0.032365
v 0.086915 0.645680 -0.042560
v 0.114585 0.641300 -0.051475
v 0.086885 0.693405 -0.072240
v 0.114555 0.687375 -0.080125
v 0.086840 0.734425 -0.110655
v 0.114515 0.726975 -0.117215
v 0.086790 0.767155 -0.156335
v 0.114465 0.758580 -0.161320
v 0.086730 0.790350 -0.207525
v 0.114410 0.780970 -0.210740
v 0.086670 0.803110 -0.262255
v 0.114350 0.793295 -0.263580
v 0.086605 0.804950 -0.318425
v 0.114290 0.795070 -0.317810
v 0.086545 0.795795 -0.373875
v 0.114230 0.786230 -0.371340
v 0.140810 0.774090 -0.368120
v 0.114170 0.767120 -0.422120
v 0.140755 0.755845 -0.416590
v 0.114120 0.738465 -0.468195
v 0.140705 0.728495 -0.460575
v 0.165930 0.716505 -0.451400
v 0.140665 0.693090 -0.498375
v 0.165890 0.683125 -0.487040
v 0.140630 0.650990 -0.528545
v 0.165860 0.643430 -0.515485
v 0.140605 0.603810 -0.549920
v 0.165840 0.598955 -0.535635
v 0.140590 0.553370 -0.561680
v 0.165825 0.551400 -0.546725
v 0.140590 0.501605 -0.563375
v 0.165825 0.502595 -0.548320
v 0.140600 0.450505 -0.554940
v 0.165830 0.454415 -0.540370
v 0.140620 0.402030 -0.536695
v 0.165850 0.408715 -0.523165
v 0.140650 0.358050 -0.509345
v 0.165880 0.367250 -0.497380
v 0.140690 0.320245 -0.473940
v 0.165920 0.331610 -0.464000
v 0.140735 0.290080 -0.431840
v 0.165965 0.303170 -0.424310
v 0.140790 0.268705 -0.384660
v 0.166010 0.283015 -0.379830
v 0.140845 0.256940 -0.334220
v 0.166065 0.271925 -0.332280
v 0.140905 0.255245 -0.282455
v 0.166120 0.270330 -0.283475
v 0.140960 0.263685 -0.231355
v 0.166175 0.278285 -0.235295
v 0.141015 0.281930 -0.182880
v 0.166225 0.295485 -0.189595
v 0.141065 0.309280 -0.138900
v 0.166270 0.321270 -0.148130
v 0.141110 0.344685 -0.101095
v 0.166310 0.354650 -0.112490
v 0.141140 0.386785 -0.070930
v 0.166345 0.394340 -0.084045
v 0.141165 0.433960 -0.049555
v 0.166365 0.438820 -0.063895
v 0.141180 0.484400 -0.037790
v 0.166380 0.486375 -0.052805
v 0.141180 0.536165 -0.036100
v 0.166380 0.535180 -0.051210
v 0.141170 0.587265 -0.044535
v 0.166370 0.583355 -0.059160
v 0.141150 0.635740 -0.062780
v 0.166350 0.629055 -0.076365
v 0.141120 0.679725 -0.090130
v 0.166325 0.670525 -0.102150
v 0.141080 0.717525 -0.125535
v 0.166285 0.706160 -0.135530
v 0.141035 0.747695 -0.167635
v 0.166240 0.734605 -0.175220
v 0.140980 0.769070 -0.214810
v 0.166190 0.754760 -0.219700
v 0.140925 0.780830 -0.265250
v 0.166140 0.765845 -0.267250
v 0.140865 0.782525 -0.317015
v 0.166085 0.767445 -0.316055
v 0.189700 0.749970 -0.314935
v 0.166030 0.759490 -0.364235
v 0.189650 0.742575 -0.359730
v 0.165980 0.742290 -0.409935
v 0.189600 0.726580 -0.402215
v 0.211395 0.708875 -0.393510
v 0.189560 0.702610 -0.440765
v 0.211355 0.686945 -0.428770
v 0.189520 0.671575 -0.473900
v 0.211320 0.658560 -0.459080
v 0.189490 0.634675 -0.500345
v 0.211295 0.624805 -0.483270
v 0.189470 0.593325 -0.519080
v 0.211275 0.586980 -0.500410
v 0.189460 0.549115 -0.529385
v 0.211265 0.546535 -0.509835
v 0.189455 0.503740 -0.530875
v 0.211260 0.505030 -0.511195
v 0.189465 0.458950 -0.523480
v 0.211270 0.464060 -0.504430
v 0.189485 0.416460 -0.507485
v 0.211285 0.425195 -0.489805
v 0.189510 0.377910 -0.483515
v 0.211310 0.389930 -0.467875
v 0.189545 0.344775 -0.452480
v 0.211345 0.359620 -0.439490
v 0.189585 0.318335 -0.415580
v 0.211380 0.335435 -0.405735
v 0.189630 0.299600 -0.374230
v 0.211425 0.318295 -0.367910
v 0.189680 0.289290 -0.330020
v 0.211470 0.308865 -0.327465
v 0.189735 0.287805 -0.284645
v 0.211515 0.307505 -0.285960
v 0.189785 0.295200 -0.239855
v 0.211560 0.314270 -0.244990
v 0.189830 0.311190 -0.197365
v 0.211605 0.328900 -0.206125
v 0.189875 0.335165 -0.158815
v 0.211645 0.350825 -0.170860
v 0.189910 0.366195 -0.125680
v 0.211680 0.379215 -0.140550
v 0.189940 0.403100 -0.099240
v 0.211705 0.412970 -0.116360
v 0.189960 0.444450 -0.080505
v 0.211725 0.450795 -0.099225
v 0.189975 0.488660 -0.070195
v 0.211735 0.491235 -0.089795
v 0.189975 0.534030 -0.068710
v 0.211735 0.532740 -0.088435
v 0.189965 0.578825 -0.076105
v 0.211730 0.573715 -0.095200
v 0.189950 0.621310 -0.092095
v 0.211710 0.612580 -0.109830
v 0.189920 0.659860 -0.116070
v 0.211690 0.647845 -0.131755
v 0.189885 0.692995 -0.147100
v 0.211655 0.678150 -0.160145
v 0.189845 0.719440 -0.184005
v 0.211620 0.702340 -0.193900
v 0.189800 0.738175 -0.225355
v 0.211575 0.719480 -0.231725
v 0.189750 0.748480 -0.269565
v 0.211530 0.728910 -0.272165
v 0.231270 0.707310 -0.275030
v 0.211485 0.730265 -0.313670
v 0.231230 0.708530 -0.312270
v 0.211440 0.723500 -0.354640
v 0.231185 0.702460 -0.349025
v 0.248705 0.679650 -0.342935
v 0.231150 0.689340 -0.383895
v 0.248675 0.668160 -0.373470
v 0.231115 0.669665 -0.415535
v 0.248640 0.650930 -0.401180
v 0.231080 0.644195 -0.442725
v 0.248615 0.628625 -0.424990
v 0.231060 0.613910 -0.464425
v 0.248595 0.602105 -0.443995
v 0.231040 0.579975 -0.479800
v 0.248580 0.572385 -0.457460
v 0.231030 0.543695 -0.488260
v 0.248570 0.540610 -0.464870
v 0.231030 0.506455 -0.489480
v 0.248570 0.508000 -0.465940
v 0.231035 0.469695 -0.483410
v 0.248575 0.475810 -0.460625
v 0.231050 0.434830 -0.470290
v 0.248590 0.445275 -0.449130
v 0.231075 0.403190 -0.450615
v 0.248610 0.417565 -0.431900
v 0.231100 0.376000 -0.425145
v 0.248635 0.393750 -0.409595
v 0.231135 0.354300 -0.394865
v 0.248660 0.374750 -0.383075
v 0.231175 0.338920 -0.360930
v 0.248695 0.361280 -0.353355
v 0.231215 0.330460 -0.324645
v 0.248730 0.353875 -0.321580
v 0.231255 0.329245 -0.287410
v 0.248770 0.352805 -0.288970
v 0.231300 0.335310 -0.250650
v 0.248805 0.358120 -0.256780
v 0.231335 0.348435 -0.215780
v 0.248840 0.369615 -0.226245
v 0.231370 0.368110 -0.184145
v 0.248870 0.386845 -0.198535
v 0.231405 0.393575 -0.156950
v 0.248895 0.409145 -0.174725
v 0.231425 0.423860 -0.135250
v 0.248915 0.435670 -0.155720
v 0.231445 0.457795 -0.119875
v 0.248930 0.465385 -0.142255
v 0.231455 0.494080 -0.111415
v 0.248940 0.497160 -0.134845
v 0.231455 0.531315 -0.110195
v 0.248940 0.529770 -0.133775
v 0.231450 0.568075 -0.116265
v 0.248935 0.561965 -0.139090
v 0.231435 0.602945 -0.129385
v 0.248925 0.592500 -0.150585
v 0.231410 0.634580 -0.149060
v 0.248905 0.620205 -0.167815
v 0.231385 0.661775 -0.174530
v 0.248880 0.644020 -0.190120
v 0.231350 0.683475 -0.204815
v 0.248850 0.663025 -0.216640
v 0.231310 0.698850 -0.238750
v 0.248815 0.676490 -0.246360
v 0.263920 0.652610 -0.254480
v 0.248780 0.683900 -0.278135
v 0.263890 0.658900 -0.281440
v 0.248745 0.684965 -0.310745
v 0.263860 0.659805 -0.309110
v 0.276430 0.633285 -0.307385
v 0.263830 0.655295 -0.336425
v 0.276405 0.629625 -0.329560
v 0.263800 0.645545 -0.362335
v 0.276385 0.621705 -0.350595
v 0.263775 0.630925 -0.385845
v 0.276360 0.609840 -0.369680
v 0.263750 0.612000 -0.406050
v 0.276345 0.594475 -0.386080
v 0.263735 0.589495 -0.422175
v 0.276330 0.576210 -0.399175
v 0.263720 0.564280 -0.433600
v 0.276320 0.555735 -0.408450
v 0.263715 0.537320 -0.439885
v 0.276310 0.533850 -0.413550
v 0.263710 0.509650 -0.440790
v 0.276310 0.511390 -0.414285
v 0.263715 0.482335 -0.436285
v 0.276315 0.489215 -0.410625
v 0.263730 0.456425 -0.426530
v 0.276325 0.468180 -0.402710
v 0.263745 0.432915 -0.411910
v 0.276340 0.449095 -0.390840
v 0.263765 0.412710 -0.392990
v 0.276355 0.432695 -0.375480
v 0.263790 0.396585 -0.370485
v 0.276375 0.419600 -0.357210
v 0.263820 0.385160 -0.345270
v 0.276400 0.410325 -0.336740
v 0.263850 0.378875 -0.318305
v 0.276425 0.405225 -0.314855
v 0.263880 0.377970 -0.290640
v 0.276450 0.404490 -0.292390
v 0.263910 0.382480 -0.263325
v 0.276475 0.408150 -0.270215
v 0.263940 0.392230 -0.237415
v 0.276495 0.416065 -0.249185
v 0.263965 0.406850 -0.213905
v 0.276520 0.427935 -0.230100
v 0.263990 0.425775 -0.193700
v 0.276535 0.443295 -0.213695
v 0.264005 0.448275 -0.177575
v 0.276550 0.461565 -0.200605
v 0.264020 0.473490 -0.166150
v 0.276560 0.482035 -0.191330
v 0.264025 0.500455 -0.159860
v 0.276565 0.503920 -0.186225
v 0.264030 0.528125 -0.158955
v 0.276570 0.526385 -0.185490
v 0.264025 0.555435 -0.163465
v 0.276565 0.548560 -0.189150
v 0.264010 0.581345 -0.173220
v 0.276555 0.569590 -0.197070
v 0.263995 0.604855 -0.187835
v 0.276540 0.588675 -0.208935
v 0.263975 0.625060 -0.206760
v 0.276525 0.605080 -0.224300
v 0.263950 0.641185 -0.229265
v 0.276505 0.618170 -0.242565
v 0.286395 0.594200 -0.256420
v 0.276480 0.627445 -0.263040
v 0.286375 0.601235 -0.271945
v 0.276455 0.632550 -0.284925
v 0.286355 0.605105 -0.288550
v 0.293495 0.576830 -0.292280
v 0.286340 0.605665 -0.305585
v 0.293485 0.577205 -0.303730
v 0.286320 0.602885 -0.322405
v 0.293470 0.575340 -0.315035
v 0.286300 0.596880 -0.338360
v 0.293460 0.571305 -0.325755
v 0.286285 0.587880 -0.352840
v 0.293445 0.565255 -0.335485
v 0.286270 0.576225 -0.365280
v 0.293440 0.557420 -0.343850
v 0.286260 0.562370 -0.375210
v 0.286250 0.546840 -0.382245
v 0.293430 0.548110 -0.350520
v 0.297775 0.533570 -0.325340
v 0.293425 0.537675 -0.355250
v 0.297770 0.528325 -0.327720
v 0.293420 0.526515 -0.357855
v 0.286245 0.530235 -0.386120
v 0.297770 0.522720 -0.329025
v 0.293420 0.515065 -0.358225
v 0.286245 0.513200 -0.386675
v 0.297770 0.516965 -0.329215
v 0.293425 0.503760 -0.356360
v 0.286250 0.496380 -0.383900
v 0.297770 0.511285 -0.328275
v 0.293430 0.493035 -0.352325
v 0.286255 0.480425 -0.377895
v 0.297770 0.505900 -0.326250
v 0.293435 0.483305 -0.346275
v 0.286265 0.465945 -0.368890
v 0.297775 0.501010 -0.323210
v 0.293445 0.474945 -0.338445
v 0.286280 0.453505 -0.357240
v 0.297780 0.496810 -0.319275
v 0.293455 0.468270 -0.329130
v 0.286295 0.443575 -0.343380
v 0.297785 0.493455 -0.314595
v 0.293465 0.463545 -0.318695
v 0.286315 0.436540 -0.327855
v 0.297790 0.491080 -0.309350
v 0.293480 0.460940 -0.307535
v 0.286330 0.432665 -0.311250
v 0.297795 0.489775 -0.303745
v 0.293490 0.460565 -0.296085
v 0.286350 0.432110 -0.294210
v 0.297805 0.489585 -0.297990
v 0.293505 0.462435 -0.284780
v 0.286370 0.434885 -0.277390
v 0.297810 0.490525 -0.292315
v 0.293515 0.466470 -0.274060
v 0.286385 0.440890 -0.261435
v 0.297815 0.492550 -0.286925
v 0.293525 0.472520 -0.264330
v 0.286405 0.449895 -0.246960
v 0.297820 0.495590 -0.282035
v 0.293535 0.480350 -0.255965
v 0.286415 0.461545 -0.234515
v 0.297825 0.499525 -0.277835
v 0.293545 0.489665 -0.249295
v 0.286430 0.475405 -0.224590
v 0.297830 0.504205 -0.274485
v 0.293550 0.500100 -0.244565
v 0.286435 0.490935 -0.217550
v 0.297830 0.509445 -0.272105
v 0.293550 0.511260 -0.241965
v 0.286440 0.507535 -0.213680
v 0.297835 0.515055 -0.270800
v 0.293555 0.522710 -0.241590
v 0.286440 0.524575 -0.213125
v 0.297835 0.520805 -0.270610
v 0.293550 0.534015 -0.243455
v 0.286440 0.541395 -0.215900
v 0.297835 0.526485 -0.271550
v 0.293545 0.544735 -0.247490
v 0.286430 0.557350 -0.221905
v 0.297830 0.531875 -0.273575
v 0.293540 0.554465 -0.253540
v 0.286420 0.571825 -0.230905
v 0.297825 0.536760 -0.276615
v 0.293530 0.562825 -0.261370
v 0.286410 0.584270 -0.242560
v 0.297825 0.540965 -0.280550
v 0.293520 0.569500 -0.270685
v 0.297820 0.544315 -0.285230
v 0.293510 0.574230 -0.281120
v 0.297810 0.546690 -0.290475
v 0.297805 0.548000 -0.296080
v 0.299245 0.518885 -0.299915
v 0.297775 0.538245 -0.321990
v 0.297780 0.542180 -0.317790
v 0.297785 0.545220 -0.312900
v 0.297795 0.547250 -0.307510
v 0.297800 0.548185 -0.301835
v -0.264635 0.630925 -0.385250
v -0.249565 0.628625 -0.424435
v -0.264660 0.612000 -0.405455
v -0.277205 0.594475 -0.385460
v -0.264675 0.589495 -0.421585
v -0.277220 0.576210 -0.398550
v -0.264690 0.564280 -0.433010
v -0.277230 0.555735 -0.407830
v -0.264695 0.537320 -0.439295
v -0.277235 0.533850 -0.412930
v -0.264695 0.509650 -0.440200
v -0.277235 0.511390 -0.413665
v -0.264690 0.482335 -0.435690
v -0.277235 0.489215 -0.410005
v -0.264680 0.456425 -0.425940
v -0.277225 0.468180 -0.402090
v -0.264665 0.432915 -0.411320
v -0.277210 0.449095 -0.390220
v -0.264645 0.412710 -0.392395
v -0.277195 0.432695 -0.374860
v -0.264620 0.396585 -0.369890
v -0.277175 0.419600 -0.356590
v -0.264590 0.385160 -0.344675
v -0.277150 0.410325 -0.336120
v -0.264560 0.378875 -0.317715
v -0.277125 0.405225 -0.314230
v -0.264530 0.377970 -0.290045
v -0.277100 0.404490 -0.291770
v -0.264500 0.382480 -0.262730
v -0.277075 0.408150 -0.269595
v -0.264470 0.392230 -0.236820
v -0.277050 0.416065 -0.248565
v -0.264445 0.406850 -0.213315
v -0.277030 0.427935 -0.229480
v -0.264420 0.425775 -0.193105
v -0.277015 0.443295 -0.213075
v -0.264400 0.448275 -0.176980
v -0.277000 0.461565 -0.199985
v -0.264390 0.473490 -0.165555
v -0.276985 0.482035 -0.190710
v -0.264380 0.500455 -0.159270
v -0.276980 0.503920 -0.185605
v -0.264380 0.528125 -0.158365
v -0.276980 0.526385 -0.184870
v -0.264385 0.555435 -0.162875
v -0.276985 0.548560 -0.188530
v -0.264395 0.581345 -0.172625
v -0.276995 0.569590 -0.196445
v -0.264415 0.604855 -0.187245
v -0.277005 0.588675 -0.208315
v -0.264435 0.625060 -0.206170
v -0.277025 0.605080 -0.223680
v -0.264460 0.641185 -0.228670
v -0.277045 0.618170 -0.241945
v -0.264490 0.652610 -0.253890
v -0.277070 0.627445 -0.262415
v -0.264520 0.658900 -0.280850
v -0.277090 0.632550 -0.284305
v -0.264550 0.659805 -0.308520
v -0.277120 0.633285 -0.306765
v -0.264580 0.655295 -0.335835
v -0.277140 0.629625 -0.328940
v -0.264610 0.645545 -0.361740
v -0.277165 0.621705 -0.349975
v -0.287055 0.596880 -0.337720
v -0.277185 0.609840 -0.369060
v -0.287075 0.587880 -0.352195
v -0.294195 0.565255 -0.334830
v -0.287085 0.576225 -0.364640
v -0.294205 0.557420 -0.343190
v -0.287100 0.562370 -0.374570
v -0.294215 0.548110 -0.349865
v -0.287105 0.546840 -0.381605
v -0.294220 0.537675 -0.354590
v -0.287110 0.530235 -0.385475
v -0.294220 0.526515 -0.357195
v -0.287110 0.513200 -0.386035
v -0.294220 0.515065 -0.357570
v -0.287110 0.496380 -0.383255
v -0.294220 0.503760 -0.355700
v -0.287100 0.480425 -0.377250
v -0.294215 0.493035 -0.351665
v -0.287090 0.465945 -0.368250
v -0.294210 0.483305 -0.345615
v -0.287080 0.453505 -0.356595
v -0.294200 0.474945 -0.337785
v -0.287060 0.443575 -0.342740
v -0.294190 0.468270 -0.328470
v -0.287045 0.436540 -0.327210
v -0.294180 0.463545 -0.318035
v -0.287025 0.432665 -0.310610
v -0.294165 0.460940 -0.306880
v -0.287005 0.432110 -0.293570
v -0.294155 0.460565 -0.295425
v -0.286990 0.434885 -0.276750
v -0.294140 0.462435 -0.284120
v -0.286970 0.440890 -0.260795
v -0.294130 0.466470 -0.273400
v -0.286955 0.449895 -0.246315
v -0.294115 0.472520 -0.263670
v -0.286940 0.461545 -0.233875
v -0.294110 0.480350 -0.255310
v -0.286930 0.475405 -0.223945
v -0.294100 0.489665 -0.248635
v -0.286920 0.490935 -0.216910
v -0.294095 0.500100 -0.243905
v -0.286915 0.507535 -0.213040
v -0.294090 0.511260 -0.241305
v -0.286915 0.524575 -0.212480
v -0.294090 0.522710 -0.240930
v -0.286920 0.541395 -0.215255
v -0.294095 0.534015 -0.242795
v -0.286925 0.557350 -0.221260
v -0.294100 0.544735 -0.246830
v -0.286935 0.571825 -0.230265
v -0.294105 0.554465 -0.252880
v -0.286950 0.584270 -0.241920
v -0.294115 0.562825 -0.260715
v -0.286965 0.594200 -0.255775
v -0.294125 0.569500 -0.270025
v -0.286980 0.601235 -0.271305
v -0.294135 0.574230 -0.280465
v -0.287000 0.605105 -0.287905
v -0.294150 0.576830 -0.291620
v -0.287020 0.605665 -0.304945
v -0.294160 0.577205 -0.303070
v -0.287040 0.602885 -0.321765
v -0.294175 0.575340 -0.314375
v -0.298480 0.547250 -0.306845
v -0.294185 0.571305 -0.325100
v -0.298485 0.545220 -0.312230
v -0.298490 0.542180 -0.317120
v -0.299915 0.518885 -0.299245
v -0.298445 0.499525 -0.277165
v -0.298500 0.533570 -0.324675
v -0.298495 0.538245 -0.321320
v -0.298475 0.548185 -0.301165
v -0.298465 0.548000 -0.295410
v -0.298460 0.546690 -0.289805
v -0.298455 0.544315 -0.284560
v -0.298450 0.540965 -0.279885
v -0.298445 0.536760 -0.275950
v -0.298440 0.531875 -0.272910
v -0.298440 0.526485 -0.270880
v -0.298440 0.520805 -0.269945
v -0.298440 0.515055 -0.270130
v -0.298440 0.509445 -0.271440
v -0.298440 0.504205 -0.273815
v -0.298450 0.495590 -0.281370
v -0.298455 0.492550 -0.286255
v -0.298460 0.490525 -0.291645
v -0.298470 0.489585 -0.297325
v -0.298475 0.489775 -0.303075
v -0.298480 0.491080 -0.308685
v -0.298485 0.493455 -0.313925
v -0.298490 0.496810 -0.318605
v -0.298495 0.501010 -0.322540
v -0.298500 0.505900 -0.325580
v -0.298500 0.511285 -0.327610
v -0.298505 0.516965 -0.328545
v -0.298505 0.522720 -0.328355
v -0.298500 0.528325 -0.327050
v -0.232430 -0.095025 -0.763485
v -0.232450 -0.061090 -0.778860
v -0.249920 -0.083215 -0.743015
v -0.212710 -0.105915 -0.782375
v -0.232410 -0.125310 -0.741785
v -0.249900 -0.109740 -0.724010
v -0.212685 -0.139670 -0.758185
v -0.232375 -0.150775 -0.714595
v -0.249875 -0.132040 -0.700200
v -0.212650 -0.168060 -0.727875
v -0.232340 -0.170450 -0.682955
v -0.249845 -0.149270 -0.672490
v -0.212610 -0.189985 -0.692610
v -0.232305 -0.183575 -0.648085
v -0.249810 -0.160765 -0.641955
v -0.212565 -0.204615 -0.653745
v -0.232260 -0.189640 -0.611325
v -0.249775 -0.166080 -0.609765
v -0.212520 -0.211380 -0.612775
v -0.232220 -0.188425 -0.574090
v -0.249735 -0.165010 -0.577155
v -0.212475 -0.210020 -0.571270
v -0.232180 -0.179965 -0.537810
v -0.249700 -0.157605 -0.545380
v -0.212430 -0.200590 -0.530830
v -0.232140 -0.164590 -0.503870
v -0.249670 -0.144135 -0.515660
v -0.212385 -0.183455 -0.493005
v -0.232105 -0.142885 -0.473590
v -0.249640 -0.125135 -0.489140
v -0.212350 -0.159265 -0.459250
v -0.232080 -0.115695 -0.448120
v -0.249615 -0.101320 -0.466835
v -0.212315 -0.128955 -0.430860
v -0.232055 -0.084055 -0.428445
v -0.249595 -0.073610 -0.449605
v -0.212290 -0.093690 -0.408930
v -0.232040 -0.049190 -0.415325
v -0.249580 -0.043075 -0.438110
v -0.212275 -0.054825 -0.394305
v -0.232035 -0.012430 -0.409255
v -0.249575 -0.010885 -0.432795
v -0.212270 -0.013855 -0.387540
v -0.232035 0.024810 -0.410475
v -0.249575 0.021725 -0.433865
v -0.212270 0.027650 -0.388900
v -0.232045 0.061090 -0.418935
v -0.249585 0.053500 -0.441275
v -0.212280 0.068095 -0.398330
v -0.232065 0.095025 -0.434310
v -0.249600 0.083220 -0.454740
v -0.212300 0.105920 -0.415465
v -0.232090 0.125310 -0.456010
v -0.249620 0.109740 -0.473745
v -0.212325 0.139675 -0.439655
v -0.232120 0.150780 -0.483200
v -0.249645 0.132045 -0.497560
v -0.212360 0.168060 -0.469965
v -0.232155 0.170450 -0.514840
v -0.249680 0.149275 -0.525265
v -0.212400 0.189990 -0.505230
v -0.232195 0.183575 -0.549710
v -0.249715 0.160765 -0.555800
v -0.212445 0.204615 -0.544095
v -0.232235 0.189645 -0.586470
v -0.249750 0.166080 -0.587990
v -0.212490 0.211380 -0.585065
v -0.232275 0.188425 -0.623705
v -0.249785 0.165015 -0.620600
v -0.212535 0.210025 -0.626570
v -0.232315 0.179965 -0.659985
v -0.249820 0.157605 -0.652375
v -0.212580 0.200595 -0.667010
v -0.232355 0.164590 -0.693925
v -0.249855 0.144140 -0.682095
v -0.212625 0.183455 -0.704835
v -0.232390 0.142890 -0.724205
v -0.249885 0.125135 -0.708615
v -0.212660 0.159265 -0.738590
v -0.232415 0.115695 -0.749675
v -0.249910 0.101320 -0.730920
v -0.212695 0.128955 -0.766980
v -0.232440 0.084060 -0.769350
v -0.249930 0.073615 -0.748150
v -0.212715 0.093695 -0.788910
v -0.232455 0.049190 -0.782470
v -0.249940 0.043080 -0.759645
v -0.212735 0.054830 -0.803535
v -0.232460 0.012430 -0.788540
v -0.249945 0.010885 -0.764960
v -0.212740 0.013855 -0.810300
v -0.232460 -0.024805 -0.787320
v -0.249945 -0.021725 -0.763890
v -0.212740 -0.027650 -0.808940
v -0.190980 -0.030225 -0.828540
v -0.212730 -0.068090 -0.799510
v -0.190965 -0.074435 -0.818230
v -0.167370 -0.080065 -0.834840
v -0.190945 -0.115790 -0.799495
v -0.167350 -0.124545 -0.814690
v -0.190915 -0.152690 -0.773055
v -0.167315 -0.164235 -0.786245
v -0.190880 -0.183720 -0.739920
v -0.167275 -0.197615 -0.750605
v -0.190835 -0.207695 -0.701370
v -0.167230 -0.223400 -0.709140
v -0.190790 -0.223685 -0.658880
v -0.167180 -0.240600 -0.663440
v -0.190740 -0.231080 -0.614090
v -0.167125 -0.248555 -0.615260
v -0.190685 -0.229595 -0.568715
v -0.167070 -0.246960 -0.566460
v -0.190640 -0.219285 -0.524505
v -0.167020 -0.235870 -0.518905
v -0.190590 -0.200550 -0.483155
v -0.166970 -0.215720 -0.474425
v -0.190550 -0.174110 -0.446255
v -0.166925 -0.187275 -0.434735
v -0.190515 -0.140975 -0.415220
v -0.166885 -0.151635 -0.401355
v -0.190490 -0.102425 -0.391250
v -0.166855 -0.110170 -0.375570
v -0.190470 -0.059935 -0.375260
v -0.166840 -0.064470 -0.358370
v -0.190460 -0.015145 -0.367865
v -0.166830 -0.016290 -0.350415
v -0.190465 0.030230 -0.369350
v -0.166830 0.032515 -0.352010
v -0.190475 0.074440 -0.379655
v -0.166845 0.080070 -0.363100
v -0.190495 0.115790 -0.398390
v -0.166865 0.124545 -0.383250
v -0.190525 0.152690 -0.424835
v -0.166900 0.164240 -0.411695
v -0.190565 0.183725 -0.457970
v -0.166935 0.197620 -0.447335
v -0.190605 0.207695 -0.496520
v -0.166985 0.223405 -0.488800
v -0.190655 0.223690 -0.539005
v -0.167035 0.240605 -0.534500
v -0.190705 0.231085 -0.583800
v -0.167090 0.248560 -0.582680
v -0.190755 0.229595 -0.629170
v -0.167145 0.246960 -0.631485
v -0.190805 0.219290 -0.673380
v -0.167195 0.235870 -0.679040
v -0.190850 0.200555 -0.714735
v -0.167245 0.215720 -0.723515
v -0.190890 0.174110 -0.751635
v -0.167290 0.187275 -0.763205
v -0.190925 0.140975 -0.782665
v -0.167330 0.151640 -0.796585
v -0.190955 0.102425 -0.806640
v -0.167360 0.110170 -0.822375
v -0.190970 0.059940 -0.822630
v -0.167375 0.064470 -0.839575
v -0.190980 0.015145 -0.830025
v -0.167385 0.016290 -0.847530
v -0.142185 0.017280 -0.862640
v -0.167385 -0.032510 -0.845930
v -0.142185 -0.034485 -0.860945
v -0.115620 -0.036125 -0.873435
v -0.142170 -0.084925 -0.849180
v -0.115610 -0.088965 -0.861115
v -0.142145 -0.132100 -0.827805
v -0.142115 -0.174200 -0.797640
v -0.115585 -0.138385 -0.838720
v -0.087910 -0.143340 -0.847330
v -0.115545 -0.182490 -0.807120
v -0.087875 -0.189020 -0.814595
v -0.115505 -0.219580 -0.767520
v -0.142070 -0.209605 -0.759835
v -0.087830 -0.227435 -0.773580
v -0.115450 -0.248230 -0.721445
v -0.142020 -0.236955 -0.715855
v -0.087775 -0.257115 -0.725855
v -0.115395 -0.267345 -0.670665
v -0.141970 -0.255200 -0.667380
v -0.087715 -0.276910 -0.673255
v -0.115335 -0.276180 -0.617130
v -0.141910 -0.263640 -0.616280
v -0.087655 -0.286065 -0.617810
v -0.115275 -0.274405 -0.562900
v -0.141850 -0.261945 -0.564515
v -0.087590 -0.284225 -0.561640
v -0.115215 -0.262085 -0.510060
v -0.141795 -0.250180 -0.514075
v -0.087530 -0.271465 -0.506910
v -0.115160 -0.239695 -0.460640
v -0.141745 -0.228805 -0.466895
v -0.087475 -0.248270 -0.455720
v -0.115110 -0.208090 -0.416540
v -0.141695 -0.198640 -0.424795
v -0.087420 -0.215535 -0.410040
v -0.115070 -0.168490 -0.379450
v -0.141655 -0.160835 -0.389390
v -0.087380 -0.174520 -0.371620
v -0.115035 -0.122415 -0.350795
v -0.141625 -0.116855 -0.362040
v -0.087345 -0.126795 -0.341945
v -0.115015 -0.071635 -0.331685
v -0.141605 -0.068380 -0.343795
v -0.087325 -0.074195 -0.322150
v -0.115005 -0.018100 -0.322845
v -0.141595 -0.017280 -0.335360
v -0.087315 -0.018750 -0.312995
v -0.115005 0.036125 -0.324620
v -0.141595 0.034485 -0.337055
v -0.087315 0.037420 -0.314835
v -0.115020 0.088965 -0.336945
v -0.141610 0.084925 -0.348815
v -0.087330 0.092150 -0.327595
v -0.115045 0.138390 -0.359335
v -0.141635 0.132105 -0.370190
v -0.087355 0.143340 -0.350790
v -0.115080 0.182490 -0.390940
v -0.141670 0.174205 -0.400360
v -0.087390 0.189020 -0.383525
v -0.115125 0.219580 -0.430540
v -0.141710 0.209610 -0.438160
v -0.087440 0.227440 -0.424540
v -0.115175 0.248235 -0.476615
v -0.141760 0.236960 -0.482145
v -0.087490 0.257115 -0.472265
v -0.115235 0.267345 -0.527395
v -0.141815 0.255205 -0.530620
v -0.087550 0.276910 -0.524860
v -0.115295 0.276185 -0.580925
v -0.141870 0.263640 -0.581720
v -0.087615 0.286065 -0.580310
v -0.115355 0.274410 -0.635155
v -0.141930 0.261945 -0.633485
v -0.087675 0.284225 -0.636480
v -0.115415 0.262085 -0.687995
v -0.141985 0.250185 -0.683925
v -0.087735 0.271465 -0.691210
v -0.115470 0.239695 -0.737415
v -0.142040 0.228810 -0.731100
v -0.087795 0.248270 -0.742400
v -0.115520 0.208090 -0.781520
v -0.142085 0.198640 -0.773200
v -0.087845 0.215540 -0.788080
v -0.115560 0.168490 -0.818610
v -0.142125 0.160840 -0.808605
v -0.087890 0.174520 -0.826495
v -0.115590 0.122415 -0.847260
v -0.142155 0.116855 -0.835955
v -0.087920 0.126795 -0.856175
v -0.115615 0.071635 -0.866370
v -0.142175 0.068380 -0.854200
v -0.087945 0.074200 -0.875970
v -0.115625 0.018105 -0.875210
v -0.087955 0.018750 -0.885125
v -0.059445 0.019220 -0.892285
v -0.087950 -0.037420 -0.883285
v -0.059440 -0.038350 -0.890400
v -0.087940 -0.092150 -0.870525
v -0.059425 -0.094445 -0.877320
v -0.030350 -0.095830 -0.881440
v -0.059400 -0.146910 -0.853550
v -0.030325 -0.149065 -0.857315
v -0.059365 -0.193730 -0.820000
v -0.030285 -0.196575 -0.823275
v -0.059315 -0.233105 -0.777960
v -0.030240 -0.236525 -0.780620
v -0.059260 -0.263520 -0.729045
v -0.030180 -0.267390 -0.730985
v -0.059200 -0.283810 -0.675140
v -0.030120 -0.287975 -0.676285
v -0.059135 -0.293190 -0.618310
v -0.030055 -0.297495 -0.618625
v -0.059070 -0.291305 -0.560740
v -0.029990 -0.295585 -0.560210
v -0.059010 -0.278230 -0.504645
v -0.029925 -0.282315 -0.503290
v -0.058950 -0.254455 -0.452180
v -0.029865 -0.258190 -0.450055
v -0.058900 -0.220905 -0.405360
v -0.029815 -0.224150 -0.402550
v -0.058855 -0.178865 -0.365985
v -0.029770 -0.181495 -0.362595
v -0.058820 -0.129955 -0.335570
v -0.029735 -0.131860 -0.331735
v -0.058795 -0.076045 -0.315280
v -0.029710 -0.077160 -0.311145
v -0.058785 -0.019215 -0.305900
v -0.029700 -0.019500 -0.301625
v -0.058790 0.038355 -0.307785
v -0.029705 0.038915 -0.303540
v -0.058805 0.094445 -0.320865
v -0.029720 0.095835 -0.316810
v -0.058830 0.146910 -0.344635
v -0.029745 0.149070 -0.340930
v -0.058870 0.193730 -0.378185
v -0.029785 0.196575 -0.374975
v -0.058915 0.233105 -0.420225
v -0.029830 0.236530 -0.417630
v -0.058970 0.263520 -0.469135
v -0.029885 0.267390 -0.467260
v -0.059030 0.283810 -0.523045
v -0.029950 0.287980 -0.521960
v -0.059095 0.293195 -0.579875
v -0.030015 0.297500 -0.579625
v -0.059160 0.291310 -0.637445
v -0.030080 0.295585 -0.638040
v -0.059220 0.278230 -0.693540
v -0.030140 0.282315 -0.694955
v -0.059280 0.254460 -0.746005
v -0.030200 0.258195 -0.748190
v -0.059335 0.220910 -0.792820
v -0.030255 0.224150 -0.795700
v -0.059375 0.178870 -0.832195
v -0.030300 0.181495 -0.835650
v -0.059410 0.129955 -0.862615
v -0.030335 0.131865 -0.866515
v -0.059435 0.076050 -0.882900
v -0.030355 0.077165 -0.887100
v -0.000995 0.077540 -0.888530
v -0.030370 0.019500 -0.896620
v -0.001005 0.019595 -0.898095
v -0.030365 -0.038915 -0.894710
v -0.001005 -0.039100 -0.896175
v 0.028360 -0.038915 -0.894775
v -0.000990 -0.096295 -0.882835
v 0.028375 -0.095830 -0.881505
v -0.000960 -0.149790 -0.858600
v -0.000925 -0.197525 -0.824390
v 0.028405 -0.149065 -0.857385
v 0.057490 -0.146910 -0.853680
v 0.028440 -0.196575 -0.823340
v 0.057525 -0.193730 -0.820130
v 0.028490 -0.236525 -0.780685
v -0.000875 -0.237670 -0.781530
v 0.057575 -0.233105 -0.778090
v 0.028545 -0.267390 -0.731050
v -0.000820 -0.268680 -0.731655
v 0.057630 -0.263520 -0.729175
v 0.028605 -0.287975 -0.676355
v -0.000755 -0.289370 -0.676695
v 0.057690 -0.283810 -0.675270
v 0.028670 -0.297495 -0.618690
v -0.000695 -0.298935 -0.618750
v 0.057755 -0.293190 -0.618440
v 0.028735 -0.295585 -0.560275
v -0.000625 -0.297015 -0.560055
v 0.057815 -0.291305 -0.560870
v 0.028800 -0.282315 -0.503355
v -0.000565 -0.283680 -0.502860
v 0.057880 -0.278230 -0.504775
v 0.028860 -0.258190 -0.450120
v -0.000505 -0.259440 -0.449370
v 0.057940 -0.254455 -0.452310
v 0.028915 -0.224150 -0.402615
v -0.000450 -0.225235 -0.401630
v 0.057990 -0.220905 -0.405490
v 0.028960 -0.181495 -0.362665
v -0.000405 -0.182370 -0.361485
v 0.058035 -0.178865 -0.366120
v 0.028995 -0.131860 -0.331800
v -0.000370 -0.132500 -0.330475
v 0.058070 -0.129955 -0.335700
v 0.029015 -0.077160 -0.311215
v -0.000345 -0.077535 -0.309785
v 0.058090 -0.076045 -0.315410
v 0.029025 -0.019500 -0.301695
v -0.000335 -0.019590 -0.300220
v 0.058105 -0.019215 -0.306030
v 0.029025 0.038915 -0.303605
v -0.000340 0.039105 -0.302140
v 0.058100 0.038355 -0.307915
v 0.029010 0.095835 -0.316875
v -0.000355 0.096295 -0.315475
v 0.058085 0.094445 -0.320995
v 0.028985 0.149070 -0.340995
v -0.000380 0.149790 -0.339715
v 0.058060 0.146910 -0.344765
v 0.028945 0.196575 -0.375040
v -0.000420 0.197525 -0.373920
v 0.058020 0.193730 -0.378315
v 0.028895 0.236530 -0.417695
v -0.000465 0.237675 -0.416785
v 0.057975 0.233105 -0.420355
v 0.028840 0.267390 -0.467330
v -0.000520 0.268685 -0.466655
v 0.057920 0.263520 -0.469270
v 0.028780 0.287980 -0.522025
v -0.000585 0.289370 -0.521620
v 0.057860 0.283810 -0.523175
v 0.028715 0.297500 -0.579690
v -0.000650 0.298940 -0.579565
v 0.057795 0.293195 -0.580005
v 0.028650 0.295585 -0.638105
v -0.000715 0.297015 -0.638260
v 0.057730 0.291310 -0.637575
v 0.028585 0.282315 -0.695025
v -0.000780 0.283680 -0.695455
v 0.057670 0.278230 -0.693670
v 0.028525 0.258195 -0.748260
v -0.000840 0.259445 -0.748945
v 0.057610 0.254460 -0.746135
v 0.028475 0.224150 -0.795765
v -0.000890 0.225235 -0.796685
v 0.057555 0.220910 -0.792955
v 0.028430 0.181495 -0.835715
v -0.000935 0.182375 -0.836830
v 0.057515 0.178870 -0.832325
v 0.028395 0.131865 -0.866580
v -0.000970 0.132500 -0.867840
v 0.057480 0.129955 -0.862745
v 0.028370 0.077165 -0.887165
v 0.057455 0.076050 -0.883035
v 0.028360 0.019500 -0.896690
v 0.057445 0.019220 -0.892415
v 0.085970 0.018750 -0.885320
v 0.057450 -0.038350 -0.890530
v 0.085975 -0.037420 -0.883480
v 0.057460 -0.094445 -0.877450
v 0.085990 -0.092150 -0.870720
v 0.113680 -0.088965 -0.861370
v 0.086015 -0.143340 -0.847525
v 0.113705 -0.138385 -0.838980
v 0.086050 -0.189020 -0.814790
v 0.113740 -0.182490 -0.807375
v 0.086095 -0.227435 -0.773775
v 0.113785 -0.219580 -0.767775
v 0.086150 -0.257115 -0.726050
v 0.113835 -0.248230 -0.721700
v 0.086210 -0.276910 -0.673450
v 0.113895 -0.267345 -0.670920
v 0.086270 -0.286065 -0.618005
v 0.113955 -0.276180 -0.617385
v 0.086335 -0.284225 -0.561835
v 0.114015 -0.274405 -0.563160
v 0.086395 -0.271465 -0.507105
v 0.114075 -0.262085 -0.510320
v 0.086455 -0.248270 -0.455915
v 0.114130 -0.239695 -0.460900
v 0.086505 -0.215535 -0.410235
v 0.114180 -0.208090 -0.416795
v 0.086545 -0.174520 -0.371815
v 0.114220 -0.168490 -0.379705
v 0.086580 -0.126795 -0.342140
v 0.114250 -0.122415 -0.351055
v 0.086605 -0.074195 -0.322345
v 0.114275 -0.071635 -0.331940
v 0.086615 -0.018750 -0.313190
v 0.114285 -0.018100 -0.323105
v 0.086610 0.037420 -0.315030
v 0.114280 0.036125 -0.324880
v 0.086595 0.092150 -0.327790
v 0.114265 0.088965 -0.337200
v 0.086570 0.143340 -0.350985
v 0.114240 0.138390 -0.359590
v 0.086535 0.189020 -0.383720
v 0.114205 0.182490 -0.391195
v 0.086490 0.227440 -0.424735
v 0.114160 0.219580 -0.430795
v 0.086435 0.257115 -0.472460
v 0.114110 0.248235 -0.476870
v 0.086375 0.276910 -0.525055
v 0.114055 0.267345 -0.527650
v 0.086315 0.286065 -0.580505
v 0.113995 0.276185 -0.581185
v 0.086250 0.284225 -0.636675
v 0.113935 0.274410 -0.635410
v 0.086190 0.271465 -0.691405
v 0.113875 0.262085 -0.688250
v 0.086130 0.248270 -0.742595
v 0.113820 0.239695 -0.737675
v 0.086080 0.215540 -0.788275
v 0.113770 0.208090 -0.781775
v 0.086040 0.174520 -0.826690
v 0.113725 0.168490 -0.818865
v 0.086005 0.126795 -0.856370
v 0.113695 0.122415 -0.847515
v 0.085980 0.074200 -0.876165
v 0.113675 0.071635 -0.866630
v 0.140265 0.068380 -0.854515
v 0.113665 0.018105 -0.875465
v 0.140255 0.017280 -0.862955
v 0.113665 -0.036125 -0.873690
v 0.140255 -0.034485 -0.861260
v 0.165490 -0.032510 -0.846305
v 0.140270 -0.084925 -0.849500
v 0.165500 -0.080065 -0.835215
v 0.140295 -0.132100 -0.828125
v 0.165525 -0.124545 -0.815060
v 0.140325 -0.174200 -0.797955
v 0.165555 -0.164235 -0.786620
v 0.140370 -0.209605 -0.760155
v 0.165595 -0.197615 -0.750980
v 0.140420 -0.236955 -0.716170
v 0.165645 -0.223400 -0.709515
v 0.140475 -0.255200 -0.667695
v 0.165695 -0.240600 -0.663815
v 0.140530 -0.263640 -0.616595
v 0.165750 -0.248555 -0.615635
v 0.140590 -0.261945 -0.564830
v 0.165805 -0.246960 -0.566830
v 0.140645 -0.250180 -0.514390
v 0.165855 -0.235870 -0.519275
v 0.140700 -0.228805 -0.467215
v 0.165905 -0.215720 -0.474800
v 0.140745 -0.198640 -0.425115
v 0.165950 -0.187275 -0.435105
v 0.140785 -0.160835 -0.389710
v 0.165990 -0.151635 -0.401725
v 0.140815 -0.116855 -0.362355
v 0.166015 -0.110170 -0.375940
v 0.140835 -0.068380 -0.344115
v 0.166035 -0.064470 -0.358740
v 0.140845 -0.017280 -0.335675
v 0.166045 -0.016290 -0.350785
v 0.140845 0.034485 -0.337370
v 0.166045 0.032515 -0.352385
v 0.140830 0.084925 -0.349130
v 0.166030 0.080070 -0.363470
v 0.140805 0.132105 -0.370510
v 0.166010 0.124545 -0.383625
v 0.140770 0.174205 -0.400675
v 0.165975 0.164240 -0.412070
v 0.140730 0.209610 -0.438480
v 0.165935 0.197620 -0.447705
v 0.140680 0.236960 -0.482460
v 0.165890 0.223405 -0.489175
v 0.140625 0.255205 -0.530935
v 0.165840 0.240605 -0.534875
v 0.140570 0.263640 -0.582035
v 0.165785 0.248560 -0.583050
v 0.140510 0.261945 -0.633800
v 0.165730 0.246960 -0.631855
v 0.140455 0.250185 -0.684240
v 0.165675 0.235870 -0.679410
v 0.140400 0.228810 -0.731420
v 0.165625 0.215720 -0.723890
v 0.140355 0.198640 -0.773515
v 0.165580 0.187275 -0.763580
v 0.140315 0.160840 -0.808925
v 0.165545 0.151640 -0.796960
v 0.140285 0.116855 -0.836275
v 0.165515 0.110170 -0.822745
v 0.189145 0.102425 -0.807065
v 0.165495 0.064470 -0.839945
v 0.189130 0.059940 -0.823055
v 0.165490 0.016290 -0.847900
v 0.189120 0.015145 -0.830450
v 0.210925 0.013855 -0.810775
v 0.189125 -0.030225 -0.828965
v 0.210930 -0.027650 -0.809415
v 0.189135 -0.074435 -0.818660
v 0.210940 -0.068090 -0.799985
v 0.189155 -0.115790 -0.799920
v 0.210960 -0.105915 -0.782850
v 0.189185 -0.152690 -0.773480
v 0.210985 -0.139670 -0.758660
v 0.189220 -0.183720 -0.740345
v 0.211020 -0.168060 -0.728350
v 0.189265 -0.207695 -0.701795
v 0.211060 -0.189985 -0.693085
v 0.189315 -0.223685 -0.659305
v 0.211100 -0.204615 -0.654220
v 0.189365 -0.231080 -0.614515
v 0.211150 -0.211380 -0.613250
v 0.189415 -0.229595 -0.569145
v 0.211195 -0.210020 -0.571745
v 0.189465 -0.219285 -0.524930
v 0.211240 -0.200590 -0.531305
v 0.189510 -0.200550 -0.483580
v 0.211280 -0.183455 -0.493475
v 0.189550 -0.174110 -0.446680
v 0.211320 -0.159265 -0.459725
v 0.189585 -0.140975 -0.415645
v 0.211350 -0.128955 -0.431335
v 0.189615 -0.102425 -0.391675
v 0.211375 -0.093690 -0.409405
v 0.189630 -0.059935 -0.375685
v 0.211395 -0.054825 -0.394780
v 0.189640 -0.015145 -0.368290
v 0.211400 -0.013855 -0.388015
v 0.189635 0.030230 -0.369775
v 0.211400 0.027650 -0.389375
v 0.189625 0.074440 -0.380085
v 0.211390 0.068095 -0.398805
v 0.189605 0.115790 -0.398820
v 0.211370 0.105920 -0.415940
v 0.189575 0.152690 -0.425260
v 0.211340 0.139675 -0.440130
v 0.189540 0.183725 -0.458395
v 0.211310 0.168060 -0.470440
v 0.189495 0.207695 -0.496945
v 0.211270 0.189990 -0.505705
v 0.189445 0.223690 -0.539435
v 0.211225 0.204615 -0.544570
v 0.189395 0.231085 -0.584225
v 0.211180 0.211380 -0.585540
v 0.189345 0.229595 -0.629595
v 0.211130 0.210025 -0.627045
v 0.189295 0.219290 -0.673810
v 0.211085 0.200595 -0.667485
v 0.189250 0.200555 -0.715160
v 0.211045 0.183455 -0.705310
v 0.189210 0.174110 -0.752060
v 0.211005 0.159265 -0.739065
v 0.189175 0.140975 -0.783095
v 0.210975 0.128955 -0.767455
v 0.230740 0.115695 -0.750195
v 0.210950 0.093695 -0.789385
v 0.230715 0.084060 -0.769870
v 0.210935 0.054830 -0.804010
v 0.230700 0.049190 -0.782990
v 0.248240 0.043080 -0.760200
v 0.230695 0.012430 -0.789060
v 0.248235 0.010885 -0.765515
v 0.230695 -0.024805 -0.787840
v 0.248235 -0.021725 -0.764450
v 0.230705 -0.061090 -0.779380
v 0.248245 -0.053500 -0.757040
v 0.230720 -0.095025 -0.764005
v 0.248260 -0.083220 -0.743575
v 0.230745 -0.125310 -0.742305
v 0.248280 -0.109740 -0.724570
v 0.230775 -0.150775 -0.715110
v 0.248305 -0.132040 -0.700755
v 0.230810 -0.170450 -0.683475
v 0.248335 -0.149270 -0.673050
v 0.230850 -0.183575 -0.648605
v 0.248370 -0.160765 -0.642515
v 0.230895 -0.189645 -0.611845
v 0.248410 -0.166080 -0.610320
v 0.230935 -0.188425 -0.574610
v 0.248445 -0.165010 -0.577710
v 0.230975 -0.179965 -0.538325
v 0.248480 -0.157605 -0.545935
v 0.231015 -0.164590 -0.504390
v 0.248515 -0.144135 -0.516220
v 0.231045 -0.142885 -0.474110
v 0.248545 -0.125135 -0.489695
v 0.231075 -0.115695 -0.448640
v 0.248570 -0.101320 -0.467395
v 0.231100 -0.084055 -0.428965
v 0.248585 -0.073610 -0.450165
v 0.231110 -0.049190 -0.415840
v 0.248600 -0.043075 -0.438670
v 0.231120 -0.012430 -0.409775
v 0.248605 -0.010885 -0.433355
v 0.231120 0.024810 -0.410990
v 0.248605 0.021725 -0.434425
v 0.231110 0.061090 -0.419450
v 0.248595 0.053500 -0.441830
v 0.231090 0.095025 -0.434830
v 0.248580 0.083220 -0.455300
v 0.231065 0.125310 -0.456530
v 0.248560 0.109740 -0.474300
v 0.231035 0.150780 -0.483720
v 0.248535 0.132045 -0.498115
v 0.231000 0.170450 -0.515360
v 0.248500 0.149275 -0.525825
v 0.230960 0.183575 -0.550230
v 0.248470 0.160765 -0.556360
v 0.230920 0.189645 -0.586985
v 0.248430 0.166080 -0.588550
v 0.230880 0.188425 -0.624225
v 0.248395 0.165015 -0.621160
v 0.230840 0.179965 -0.660505
v 0.248360 0.157605 -0.652935
v 0.230800 0.164590 -0.694440
v 0.248325 0.144140 -0.682655
v 0.230765 0.142890 -0.724725
v 0.248295 0.125135 -0.709175
v 0.263430 0.106175 -0.692565
v 0.248270 0.101320 -0.731480
v 0.263410 0.085970 -0.711490
v 0.248255 0.073615 -0.748710
v 0.263390 0.062460 -0.726110
v 0.275990 0.050705 -0.702290
v 0.263380 0.036550 -0.735860
v 0.275980 0.029675 -0.710205
v 0.263375 0.009235 -0.740370
v 0.275975 0.007500 -0.713865
v 0.263375 -0.018430 -0.739465
v 0.275975 -0.014965 -0.713130
v 0.263385 -0.045395 -0.733180
v 0.275980 -0.036850 -0.708025
v 0.263395 -0.070610 -0.721755
v 0.275995 -0.057320 -0.698750
v 0.263415 -0.093110 -0.705630
v 0.276005 -0.075590 -0.685660
v 0.263440 -0.112035 -0.685425
v 0.276025 -0.090950 -0.669260
v 0.263465 -0.126655 -0.661915
v 0.276045 -0.102820 -0.650175
v 0.263495 -0.136405 -0.636005
v 0.276070 -0.110735 -0.629140
v 0.263525 -0.140915 -0.608690
v 0.276095 -0.114395 -0.606965
v 0.263555 -0.140010 -0.581020
v 0.276120 -0.113660 -0.584505
v 0.263585 -0.133725 -0.554060
v 0.276145 -0.108560 -0.562615
v 0.263615 -0.122300 -0.528845
v 0.276170 -0.099285 -0.542145
v 0.263640 -0.106175 -0.506340
v 0.276190 -0.086195 -0.523875
v 0.263660 -0.085970 -0.487415
v 0.276205 -0.069790 -0.508515
v 0.263675 -0.062460 -0.472795
v 0.276220 -0.050705 -0.496645
v 0.263685 -0.036550 -0.463045
v 0.276230 -0.029670 -0.488730
v 0.263690 -0.009235 -0.458535
v 0.276230 -0.007495 -0.485070
v 0.263690 0.018435 -0.459440
v 0.276230 0.014965 -0.485805
v 0.263685 0.045395 -0.465725
v 0.276225 0.036850 -0.490910
v 0.263670 0.070610 -0.477155
v 0.276215 0.057325 -0.500185
v 0.263655 0.093115 -0.493280
v 0.276200 0.075590 -0.513275
v 0.263630 0.112040 -0.513485
v 0.276180 0.090955 -0.529675
v 0.263605 0.126660 -0.536995
v 0.276160 0.102820 -0.548760
v 0.263575 0.136410 -0.562905
v 0.276135 0.110740 -0.569795
v 0.263545 0.140920 -0.590215
v 0.276110 0.114400 -0.591970
v 0.263515 0.140015 -0.617885
v 0.276085 0.113665 -0.614430
v 0.263485 0.133725 -0.644845
v 0.276065 0.108560 -0.636320
v 0.263455 0.122300 -0.670065
v 0.276040 0.099285 -0.656790
v 0.285960 0.075315 -0.642960
v 0.276020 0.086195 -0.675055
v 0.285945 0.065385 -0.656815
v 0.276000 0.069790 -0.690420
v 0.285930 0.052940 -0.668470
v 0.293100 0.035580 -0.645855
v 0.285920 0.038465 -0.677475
v 0.293095 0.025850 -0.651905
v 0.285915 0.022510 -0.683480
v 0.293090 0.015130 -0.655940
v 0.285910 0.005690 -0.686255
v 0.293085 0.003825 -0.657805
v 0.285910 -0.011350 -0.685695
v 0.293085 -0.007630 -0.657430
v 0.285915 -0.027950 -0.681825
v 0.293090 -0.018785 -0.654830
v 0.285925 -0.043480 -0.674790
v 0.285935 -0.057340 -0.664860
v 0.293095 -0.029220 -0.650100
v 0.297435 -0.014680 -0.624920
v 0.293100 -0.038535 -0.643430
v 0.297440 -0.019360 -0.621570
v 0.293110 -0.046365 -0.635065
v 0.285950 -0.068990 -0.652420
v 0.297445 -0.023295 -0.617365
v 0.293125 -0.052415 -0.625335
v 0.285965 -0.077995 -0.637940
v 0.297450 -0.026335 -0.612480
v 0.293135 -0.056450 -0.614615
v 0.285985 -0.084000 -0.621985
v 0.297455 -0.028360 -0.607090
v 0.293145 -0.058320 -0.603310
v 0.286000 -0.086775 -0.605165
v 0.297465 -0.029300 -0.601410
v 0.293160 -0.057945 -0.591860
v 0.286020 -0.086220 -0.588125
v 0.297470 -0.029110 -0.595660
v 0.293175 -0.055340 -0.580700
v 0.286040 -0.082345 -0.571525
v 0.297475 -0.027805 -0.590050
v 0.293185 -0.050615 -0.570265
v 0.286055 -0.075310 -0.555995
v 0.297480 -0.025430 -0.584810
v 0.293195 -0.043940 -0.560950
v 0.286070 -0.065380 -0.542140
v 0.297485 -0.022075 -0.580130
v 0.293205 -0.035580 -0.553120
v 0.286085 -0.052940 -0.530485
v 0.297490 -0.017875 -0.576195
v 0.293210 -0.025850 -0.547070
v 0.286095 -0.038460 -0.521485
v 0.297495 -0.012985 -0.573155
v 0.293215 -0.015125 -0.543035
v 0.286100 -0.022505 -0.515480
v 0.297495 -0.007600 -0.571130
v 0.293215 -0.003820 -0.541165
v 0.286105 -0.005685 -0.512700
v 0.297500 -0.001920 -0.570190
v 0.293215 0.007630 -0.541540
v 0.286105 0.011350 -0.513260
v 0.297500 0.003835 -0.570380
v 0.293215 0.018790 -0.544145
v 0.286100 0.027955 -0.517130
v 0.297495 0.009440 -0.571685
v 0.293210 0.029225 -0.548870
v 0.286095 0.043485 -0.524165
v 0.297495 0.014685 -0.574060
v 0.293200 0.038535 -0.555545
v 0.286080 0.057340 -0.534095
v 0.297490 0.019360 -0.577415
v 0.293190 0.046370 -0.563905
v 0.286065 0.068995 -0.546540
v 0.297485 0.023295 -0.581615
v 0.293180 0.052420 -0.573635
v 0.286050 0.077995 -0.561015
v 0.297480 0.026335 -0.586505
v 0.293170 0.056455 -0.584360
v 0.286035 0.084000 -0.576970
v 0.297475 0.028365 -0.591890
v 0.293155 0.058320 -0.595665
v 0.286015 0.086780 -0.593790
v 0.297465 0.029300 -0.597570
v 0.293145 0.057945 -0.607115
v 0.285995 0.086220 -0.610830
v 0.297460 0.029115 -0.603325
v 0.293130 0.055345 -0.618275
v 0.285975 0.082350 -0.627430
v 0.297455 0.027805 -0.608930
v 0.293120 0.050615 -0.628710
v 0.297450 0.025430 -0.614175
v 0.293110 0.043940 -0.638020
v 0.297445 0.022080 -0.618850
v 0.297440 0.017875 -0.622785
v 0.298910 -0.000000 -0.599495
v 0.297435 -0.009440 -0.627295
v 0.297435 -0.003830 -0.628605
v 0.297430 0.001920 -0.628790
v 0.297435 0.007600 -0.627855
v 0.297435 0.012990 -0.625825
v -0.265030 -0.018430 -0.738875
v -0.249940 -0.053500 -0.756480
v -0.265025 -0.045395 -0.732585
v -0.277565 -0.036850 -0.707405
v -0.265010 -0.070610 -0.721160
v -0.277555 -0.057320 -0.698130
v -0.264995 -0.093110 -0.705035
v -0.277540 -0.075590 -0.685040
v -0.264970 -0.112035 -0.684830
v -0.277525 -0.090950 -0.668640
v -0.264945 -0.126655 -0.661320
v -0.277500 -0.102820 -0.649550
v -0.264915 -0.136405 -0.635410
v -0.277480 -0.110735 -0.628520
v -0.264885 -0.140915 -0.608095
v -0.277455 -0.114395 -0.606345
v -0.264855 -0.140010 -0.580430
v -0.277430 -0.113660 -0.583885
v -0.264825 -0.133725 -0.553465
v -0.277405 -0.108560 -0.561995
v -0.264795 -0.122300 -0.528250
v -0.277380 -0.099285 -0.541525
v -0.264770 -0.106175 -0.505750
v -0.277360 -0.086195 -0.523255
v -0.264750 -0.085970 -0.486825
v -0.277345 -0.069790 -0.507895
v -0.264735 -0.062460 -0.472205
v -0.277330 -0.050705 -0.496025
v -0.264720 -0.036550 -0.462455
v -0.277320 -0.029670 -0.488110
v -0.264715 -0.009235 -0.457945
v -0.277315 -0.007495 -0.484450
v -0.264720 0.018435 -0.458850
v -0.277320 0.014965 -0.485185
v -0.264725 0.045395 -0.465135
v -0.277325 0.036850 -0.490285
v -0.264740 0.070610 -0.476560
v -0.277335 0.057325 -0.499565
v -0.264755 0.093115 -0.492685
v -0.277350 0.075590 -0.512655
v -0.264780 0.112040 -0.512890
v -0.277365 0.090955 -0.529055
v -0.264805 0.126660 -0.536400
v -0.277390 0.102820 -0.548140
v -0.264835 0.136410 -0.562310
v -0.277410 0.110740 -0.569175
v -0.264865 0.140920 -0.589625
v -0.277435 0.114400 -0.591350
v -0.264895 0.140015 -0.617295
v -0.277460 0.113665 -0.613810
v -0.264925 0.133725 -0.644255
v -0.277485 0.108560 -0.635700
v -0.264955 0.122300 -0.669470
v -0.277510 0.099285 -0.656170
v -0.264980 0.106175 -0.691975
v -0.277530 0.086195 -0.674435
v -0.265000 0.085970 -0.710900
v -0.277545 0.069790 -0.689800
v -0.265015 0.062460 -0.725520
v -0.277560 0.050705 -0.701670
v -0.265030 0.036550 -0.735270
v -0.277570 0.029675 -0.709585
v -0.265035 0.009235 -0.739780
v -0.277575 0.007500 -0.713245
v -0.287445 0.005690 -0.685615
v -0.277570 -0.014965 -0.712510
v -0.287445 -0.011350 -0.685055
v -0.294560 -0.007630 -0.656775
v -0.287440 -0.027950 -0.681185
v -0.294555 -0.018785 -0.654170
v -0.287435 -0.043480 -0.674150
v -0.294550 -0.029220 -0.649440
v -0.287420 -0.057340 -0.664220
v -0.294540 -0.038535 -0.642770
v -0.287410 -0.068990 -0.651775
v -0.294535 -0.046365 -0.634405
v -0.287390 -0.077995 -0.637300
v -0.294520 -0.052415 -0.624675
v -0.287375 -0.084000 -0.621345
v -0.294510 -0.056450 -0.613955
v -0.287355 -0.086775 -0.604525
v -0.294495 -0.058320 -0.602650
v -0.287335 -0.086220 -0.587485
v -0.294485 -0.057945 -0.591200
v -0.287320 -0.082345 -0.570880
v -0.294470 -0.055340 -0.580040
v -0.287300 -0.075310 -0.555355
v -0.294460 -0.050615 -0.569605
v -0.287285 -0.065380 -0.541495
v -0.294450 -0.043940 -0.560290
v -0.287270 -0.052940 -0.529845
v -0.294440 -0.035580 -0.552460
v -0.287260 -0.038460 -0.520840
v -0.294435 -0.025850 -0.546410
v -0.287255 -0.022505 -0.514835
v -0.294430 -0.015125 -0.542375
v -0.287250 -0.005685 -0.512060
v -0.294425 -0.003820 -0.540510
v -0.287255 0.011350 -0.512615
v -0.294430 0.007630 -0.540885
v -0.287255 0.027955 -0.516490
v -0.294430 0.018790 -0.543485
v -0.287265 0.043485 -0.523525
v -0.294435 0.029225 -0.548215
v -0.287275 0.057340 -0.533455
v -0.294445 0.038535 -0.554885
v -0.287290 0.068995 -0.545895
v -0.294455 0.046370 -0.563250
v -0.287305 0.077995 -0.560375
v -0.294465 0.052420 -0.572980
v -0.287325 0.084000 -0.576330
v -0.294475 0.056455 -0.583700
v -0.287345 0.086780 -0.593150
v -0.294490 0.058320 -0.595005
v -0.287360 0.086220 -0.610185
v -0.294500 0.057945 -0.606455
v -0.287380 0.082350 -0.626790
v -0.294515 0.055345 -0.617615
v -0.287400 0.075315 -0.642315
v -0.294525 0.050615 -0.628050
v -0.287415 0.065385 -0.656175
v -0.294535 0.043940 -0.637365
v -0.287425 0.052940 -0.667830
v -0.294545 0.035580 -0.645195
v -0.287435 0.038465 -0.676830
v -0.294550 0.025850 -0.651245
v -0.287445 0.022510 -0.682835
v -0.294555 0.015130 -0.655280
v -0.298840 0.007600 -0.627185
v -0.294560 0.003825 -0.657145
v -0.298840 0.001920 -0.628125
v -0.298840 -0.003830 -0.627935
v -0.300250 -0.000000 -0.598820
v -0.298775 0.009440 -0.571015
v -0.298835 -0.014680 -0.624255
v -0.298840 -0.009440 -0.626630
v -0.298835 0.012990 -0.625160
v -0.298835 0.017875 -0.622120
v -0.298830 0.022080 -0.618185
v -0.298825 0.025430 -0.613505
v -0.298815 0.027805 -0.608260
v -0.298810 0.029115 -0.602655
v -0.298805 0.029300 -0.596900
v -0.298800 0.028365 -0.591225
v -0.298790 0.026335 -0.585835
v -0.298785 0.023295 -0.580945
v -0.298780 0.019360 -0.576745
v -0.298780 0.014685 -0.573395
v -0.298775 0.003835 -0.569710
v -0.298775 -0.001920 -0.569520
v -0.298775 -0.007600 -0.570460
v -0.298775 -0.012985 -0.572485
v -0.298780 -0.017875 -0.575525
v -0.298785 -0.022075 -0.579460
v -0.298790 -0.025430 -0.584140
v -0.298795 -0.027805 -0.589385
v -0.298800 -0.029110 -0.594990
v -0.298810 -0.029300 -0.600745
v -0.298815 -0.028360 -0.606425
v -0.298820 -0.026335 -0.611810
v -0.298825 -0.023295 -0.616700
v -0.298830 -0.019360 -0.620900
v -0.231390 -0.613910 0.464425
v -0.231415 -0.644195 0.442725
v -0.248930 -0.602105 0.443995
v -0.211625 -0.624800 0.483270
v -0.231375 -0.579975 0.479800
v -0.248915 -0.572385 0.457460
v -0.211610 -0.586975 0.500405
v -0.231365 -0.543690 0.488260
v -0.248905 -0.540610 0.464870
v -0.211600 -0.546535 0.509835
v -0.231365 -0.506455 0.489480
v -0.248905 -0.508000 0.465940
v -0.211595 -0.505030 0.511195
v -0.231370 -0.469695 0.483410
v -0.248910 -0.475810 0.460625
v -0.211605 -0.464060 0.504430
v -0.231385 -0.434825 0.470290
v -0.248920 -0.445270 0.449130
v -0.211620 -0.425195 0.489805
v -0.231405 -0.403190 0.450615
v -0.248940 -0.417565 0.431900
v -0.211645 -0.389930 0.467875
v -0.231435 -0.375995 0.425145
v -0.248965 -0.393750 0.409595
v -0.211675 -0.359620 0.439485
v -0.231470 -0.354295 0.394865
v -0.248995 -0.374745 0.383075
v -0.211715 -0.335430 0.405730
v -0.231510 -0.338920 0.360925
v -0.249030 -0.361280 0.353355
v -0.211755 -0.318290 0.367905
v -0.231550 -0.330460 0.324645
v -0.249065 -0.353870 0.321580
v -0.211800 -0.308865 0.327465
v -0.231590 -0.329240 0.287410
v -0.249100 -0.352805 0.288970
v -0.211850 -0.307505 0.285960
v -0.231630 -0.335310 0.250650
v -0.249140 -0.358120 0.256780
v -0.211895 -0.314270 0.244990
v -0.231670 -0.348435 0.215780
v -0.249170 -0.369610 0.226245
v -0.211940 -0.328895 0.206125
v -0.231705 -0.368105 0.184140
v -0.249205 -0.386840 0.198535
v -0.211980 -0.350825 0.170860
v -0.231735 -0.393575 0.156950
v -0.249230 -0.409145 0.174725
v -0.212010 -0.379215 0.140550
v -0.231760 -0.423860 0.135250
v -0.249250 -0.435665 0.155720
v -0.212040 -0.412970 0.116360
v -0.231780 -0.457795 0.119875
v -0.249265 -0.465385 0.142255
v -0.212060 -0.450795 0.099225
v -0.231790 -0.494080 0.111415
v -0.249275 -0.497160 0.134845
v -0.212070 -0.491235 0.089795
v -0.231790 -0.531315 0.110195
v -0.249275 -0.529770 0.133775
v -0.212070 -0.532740 0.088435
v -0.231780 -0.568075 0.116265
v -0.249270 -0.561960 0.139090
v -0.212060 -0.573710 0.095200
v -0.231765 -0.602940 0.129385
v -0.249255 -0.592500 0.150585
v -0.212045 -0.612575 0.109825
v -0.231745 -0.634580 0.149060
v -0.249235 -0.620205 0.167815
v -0.212020 -0.647840 0.131755
v -0.231715 -0.661770 0.174530
v -0.249210 -0.644020 0.190120
v -0.211990 -0.678150 0.160145
v -0.231685 -0.683475 0.204810
v -0.249185 -0.663025 0.216640
v -0.211950 -0.702340 0.193900
v -0.231645 -0.698850 0.238750
v -0.249150 -0.676490 0.246360
v -0.211910 -0.719475 0.231725
v -0.231605 -0.707310 0.275030
v -0.249115 -0.683900 0.278135
v -0.211865 -0.728905 0.272165
v -0.231560 -0.708530 0.312270
v -0.249075 -0.684965 0.310745
v -0.211820 -0.730265 0.313670
v -0.231520 -0.702460 0.349025
v -0.249040 -0.679650 0.342935
v -0.211770 -0.723500 0.354640
v -0.231480 -0.689335 0.383895
v -0.249005 -0.668155 0.373470
v -0.211730 -0.708875 0.393505
v -0.231445 -0.669660 0.415535
v -0.248975 -0.650930 0.401180
v -0.211690 -0.686945 0.428770
v -0.189890 -0.702605 0.440765
v -0.211655 -0.658555 0.459080
v -0.189855 -0.671575 0.473900
v -0.166225 -0.683120 0.487040
v -0.189825 -0.634675 0.500345
v -0.166195 -0.643430 0.515485
v -0.189805 -0.593325 0.519080
v -0.166170 -0.598950 0.535635
v -0.189790 -0.549110 0.529385
v -0.166160 -0.551395 0.546725
v -0.189790 -0.503740 0.530870
v -0.166155 -0.502595 0.548320
v -0.189800 -0.458950 0.523475
v -0.166165 -0.454415 0.540365
v -0.189815 -0.416460 0.507485
v -0.166185 -0.408715 0.523165
v -0.189845 -0.377910 0.483515
v -0.166215 -0.367250 0.497380
v -0.189880 -0.344775 0.452480
v -0.166250 -0.331610 0.464000
v -0.189920 -0.318335 0.415580
v -0.166295 -0.303165 0.424310
v -0.189965 -0.299595 0.374230
v -0.166345 -0.283015 0.379830
v -0.190015 -0.289290 0.330020
v -0.166400 -0.271925 0.332275
v -0.190065 -0.287805 0.284645
v -0.166455 -0.270325 0.283475
v -0.190115 -0.295200 0.239855
v -0.166510 -0.278280 0.235295
v -0.190165 -0.311190 0.197365
v -0.166560 -0.295480 0.189595
v -0.190210 -0.335160 0.158815
v -0.166605 -0.321270 0.148130
v -0.190245 -0.366195 0.125680
v -0.166645 -0.354650 0.112490
v -0.190275 -0.403095 0.099240
v -0.166680 -0.394340 0.084045
v -0.190295 -0.444445 0.080505
v -0.166700 -0.438815 0.063895
v -0.190305 -0.488660 0.070195
v -0.166715 -0.486370 0.052805
v -0.190310 -0.534030 0.068710
v -0.166715 -0.535175 0.051210
v -0.190300 -0.578820 0.076105
v -0.166705 -0.583355 0.059160
v -0.190280 -0.621310 0.092095
v -0.166685 -0.629055 0.076360
v -0.190255 -0.659860 0.116070
v -0.166655 -0.670520 0.102150
v -0.190220 -0.692995 0.147100
v -0.166620 -0.706160 0.135530
v -0.190180 -0.719435 0.184005
v -0.166575 -0.734605 0.175220
v -0.190135 -0.738170 0.225355
v -0.166525 -0.754755 0.219695
v -0.190085 -0.748480 0.269565
v -0.166470 -0.765845 0.267250
v -0.190035 -0.749965 0.314935
v -0.166420 -0.767440 0.316055
v -0.189980 -0.742570 0.359730
v -0.166365 -0.759485 0.364235
v -0.189935 -0.726580 0.402215
v -0.166310 -0.742285 0.409935
v -0.141090 -0.755845 0.416590
v -0.166265 -0.716500 0.451400
v -0.141040 -0.728490 0.460575
v -0.114455 -0.738465 0.468195
v -0.140995 -0.693085 0.498375
v -0.114410 -0.701375 0.507795
v -0.140965 -0.650985 0.528545
v -0.140940 -0.603810 0.549920
v -0.114375 -0.657270 0.539400
v -0.086685 -0.662225 0.547945
v -0.114350 -0.607850 0.561790
v -0.086660 -0.611035 0.571140
v -0.114335 -0.555010 0.574115
v -0.140925 -0.553370 0.561680
v -0.086645 -0.556305 0.583900
v -0.114335 -0.500780 0.575890
v -0.140925 -0.501605 0.563375
v -0.086640 -0.500135 0.585740
v -0.114345 -0.447250 0.567050
v -0.140935 -0.450505 0.554940
v -0.086650 -0.444685 0.576585
v -0.114365 -0.396470 0.547940
v -0.140955 -0.402030 0.536695
v -0.086675 -0.392090 0.556790
v -0.114395 -0.350395 0.519285
v -0.140985 -0.358045 0.509345
v -0.086705 -0.344365 0.527115
v -0.114440 -0.310795 0.482195
v -0.141025 -0.320245 0.473940
v -0.086750 -0.303350 0.488695
v -0.114490 -0.279190 0.438095
v -0.141070 -0.290075 0.431840
v -0.086800 -0.270615 0.443015
v -0.114545 -0.256800 0.388675
v -0.141125 -0.268700 0.384660
v -0.086860 -0.247420 0.391825
v -0.114600 -0.244480 0.335835
v -0.141180 -0.256940 0.334220
v -0.086920 -0.234660 0.337095
v -0.114665 -0.242705 0.281605
v -0.141240 -0.255245 0.282455
v -0.086985 -0.232820 0.280925
v -0.114725 -0.251540 0.228070
v -0.141295 -0.263680 0.231355
v -0.087045 -0.241975 0.225480
v -0.114780 -0.270655 0.177290
v -0.141350 -0.281925 0.182880
v -0.087105 -0.261770 0.172880
v -0.114830 -0.299305 0.131215
v -0.141400 -0.309275 0.138900
v -0.087160 -0.291445 0.125155
v -0.114875 -0.336395 0.091615
v -0.141440 -0.344680 0.101095
v -0.087205 -0.329865 0.084140
v -0.114910 -0.380495 0.060015
v -0.141475 -0.386780 0.070930
v -0.087240 -0.375545 0.051405
v -0.114935 -0.429920 0.037620
v -0.141500 -0.433960 0.049555
v -0.087265 -0.426735 0.028210
v -0.114950 -0.482760 0.025300
v -0.141515 -0.484400 0.037790
v -0.087280 -0.481465 0.015450
v -0.114950 -0.536985 0.023525
v -0.141515 -0.536165 0.036100
v -0.087285 -0.537635 0.013610
v -0.114940 -0.590520 0.032365
v -0.141505 -0.587265 0.044535
v -0.087270 -0.593080 0.022765
v -0.114920 -0.641300 0.051475
v -0.141485 -0.635740 0.062780
v -0.087250 -0.645680 0.042560
v -0.114890 -0.687375 0.080125
v -0.141455 -0.679720 0.090130
v -0.087215 -0.693405 0.072240
v -0.114845 -0.726975 0.117215
v -0.141415 -0.717525 0.125535
v -0.087175 -0.734420 0.110655
v -0.114800 -0.758580 0.161320
v -0.141365 -0.747695 0.167635
v -0.087125 -0.767155 0.156335
v -0.114745 -0.780970 0.210740
v -0.141315 -0.769070 0.214810
v -0.087065 -0.790350 0.207525
v -0.114685 -0.793290 0.263580
v -0.141260 -0.780830 0.265250
v -0.087005 -0.803110 0.262255
v -0.114625 -0.795065 0.317810
v -0.141200 -0.782525 0.317015
v -0.086940 -0.804950 0.318425
v -0.114565 -0.786230 0.371340
v -0.141145 -0.774085 0.368120
v -0.086880 -0.795795 0.373875
v -0.114505 -0.767115 0.422120
v -0.086820 -0.776000 0.426470
v -0.058300 -0.782405 0.429600
v -0.086765 -0.746320 0.474195
v -0.058245 -0.751990 0.478510
v -0.086720 -0.707905 0.515210
v -0.058195 -0.712615 0.520550
v -0.029110 -0.715460 0.523760
v -0.058160 -0.665795 0.554100
v -0.029075 -0.667950 0.557805
v -0.058130 -0.613330 0.577870
v -0.029045 -0.614715 0.581925
v -0.058115 -0.557235 0.590950
v -0.029030 -0.557800 0.595195
v -0.058115 -0.499670 0.592835
v -0.029030 -0.499385 0.597110
v -0.058125 -0.442840 0.583455
v -0.029040 -0.441720 0.587590
v -0.058150 -0.388930 0.563165
v -0.029065 -0.387020 0.567000
v -0.058185 -0.340015 0.532750
v -0.029100 -0.337390 0.536140
v -0.058225 -0.297975 0.493375
v -0.029145 -0.294735 0.496185
v -0.058280 -0.264425 0.446555
v -0.029195 -0.260690 0.448680
v -0.058340 -0.240655 0.394090
v -0.029255 -0.236570 0.395445
v -0.058400 -0.227575 0.337995
v -0.029320 -0.223300 0.338525
v -0.058465 -0.225690 0.280425
v -0.029385 -0.221385 0.280110
v -0.058530 -0.235075 0.223595
v -0.029450 -0.230905 0.222450
v -0.058590 -0.255365 0.169690
v -0.029510 -0.251495 0.167750
v -0.058645 -0.285780 0.120775
v -0.029565 -0.282360 0.118120
v -0.058690 -0.325155 0.078735
v -0.029615 -0.322310 0.075460
v -0.058730 -0.371975 0.045185
v -0.029650 -0.369815 0.041420
v -0.058755 -0.424440 0.021415
v -0.029680 -0.423050 0.017295
v -0.058770 -0.480535 0.008335
v -0.029695 -0.479970 0.004025
v -0.058775 -0.538100 0.006450
v -0.029695 -0.538385 0.002115
v -0.058760 -0.594930 0.015835
v -0.029685 -0.596050 0.011635
v -0.058740 -0.648840 0.036125
v -0.029665 -0.650745 0.032220
v -0.058705 -0.697750 0.066540
v -0.029630 -0.700380 0.063085
v -0.058660 -0.739790 0.105915
v -0.029585 -0.743035 0.103035
v -0.058610 -0.773340 0.152735
v -0.029530 -0.777080 0.150545
v -0.058550 -0.797115 0.205200
v -0.029470 -0.801200 0.203780
v -0.058485 -0.810195 0.261290
v -0.029405 -0.814470 0.260695
v -0.058420 -0.812080 0.318860
v -0.029340 -0.816380 0.319110
v -0.058360 -0.802695 0.375690
v -0.029275 -0.806860 0.376775
v 0.000090 -0.808255 0.377115
v -0.029215 -0.786275 0.431475
v 0.000150 -0.787570 0.432080
v -0.029160 -0.755410 0.481105
v 0.000205 -0.756555 0.481950
v 0.029570 -0.755410 0.481040
v 0.000255 -0.716410 0.524815
v 0.029615 -0.715460 0.523695
v 0.000290 -0.668675 0.559020
v 0.000320 -0.615180 0.583260
v 0.029655 -0.667950 0.557740
v 0.058730 -0.665795 0.553970
v 0.029680 -0.614715 0.581860
v 0.058760 -0.613330 0.577740
v 0.029695 -0.557800 0.595130
v 0.000335 -0.557985 0.596595
v 0.058770 -0.557235 0.590820
v 0.029700 -0.499385 0.597040
v 0.000335 -0.499290 0.598515
v 0.058775 -0.499670 0.592705
v 0.029685 -0.441720 0.587520
v 0.000325 -0.441350 0.588950
v 0.058765 -0.442840 0.583325
v 0.029665 -0.387020 0.566935
v 0.000300 -0.386385 0.568260
v 0.058740 -0.388930 0.563035
v 0.029630 -0.337390 0.536070
v 0.000265 -0.336515 0.537250
v 0.058705 -0.340015 0.532615
v 0.029585 -0.294735 0.496120
v 0.000220 -0.293650 0.497105
v 0.058665 -0.297975 0.493245
v 0.029530 -0.260690 0.448615
v 0.000170 -0.259440 0.449365
v 0.058610 -0.264425 0.446425
v 0.029470 -0.236570 0.395380
v 0.000110 -0.235205 0.395875
v 0.058550 -0.240655 0.393960
v 0.029410 -0.223300 0.338460
v 0.000045 -0.221870 0.338680
v 0.058490 -0.227575 0.337865
v 0.029345 -0.221385 0.280045
v -0.000020 -0.219950 0.279985
v 0.058425 -0.225690 0.280295
v 0.029280 -0.230905 0.222380
v -0.000085 -0.229515 0.222040
v 0.058360 -0.235075 0.223465
v 0.029215 -0.251495 0.167685
v -0.000150 -0.250200 0.167080
v 0.058300 -0.255365 0.169560
v 0.029160 -0.282360 0.118050
v -0.000205 -0.281215 0.117205
v 0.058245 -0.285780 0.120645
v 0.029115 -0.322310 0.075395
v -0.000250 -0.321360 0.074345
v 0.058200 -0.325155 0.078605
v 0.029075 -0.369815 0.041350
v -0.000290 -0.369095 0.040135
v 0.058160 -0.371975 0.045055
v 0.029050 -0.423050 0.017230
v -0.000315 -0.422590 0.015900
v 0.058135 -0.424440 0.021285
v 0.029035 -0.479970 0.003960
v -0.000330 -0.479780 0.002565
v 0.058120 -0.480535 0.008205
v 0.029030 -0.538385 0.002050
v -0.000335 -0.538480 0.000640
v 0.058115 -0.538100 0.006320
v 0.029040 -0.596050 0.011570
v -0.000325 -0.596420 0.010210
v 0.058130 -0.594930 0.015700
v 0.029065 -0.650745 0.032155
v -0.000300 -0.651385 0.030895
v 0.058150 -0.648840 0.035990
v 0.029100 -0.700380 0.063020
v -0.000265 -0.701255 0.061905
v 0.058185 -0.697750 0.066410
v 0.029145 -0.743035 0.102970
v -0.000220 -0.744120 0.102050
v 0.058230 -0.739790 0.105780
v 0.029200 -0.777080 0.150475
v -0.000165 -0.778325 0.149790
v 0.058280 -0.773340 0.152600
v 0.029255 -0.801200 0.203715
v -0.000105 -0.802565 0.203280
v 0.058340 -0.797115 0.205065
v 0.029320 -0.814470 0.260630
v -0.000045 -0.815900 0.260475
v 0.058405 -0.810195 0.261160
v 0.029385 -0.816380 0.319045
v 0.000025 -0.817820 0.319170
v 0.058465 -0.812080 0.318730
v 0.029450 -0.806860 0.376710
v 0.058530 -0.802695 0.375560
v 0.029515 -0.786275 0.431405
v 0.058590 -0.782405 0.429465
v 0.087105 -0.776000 0.426275
v 0.058645 -0.751990 0.478380
v 0.087160 -0.746320 0.474000
v 0.058695 -0.712615 0.520420
v 0.087205 -0.707905 0.515015
v 0.114880 -0.701375 0.507540
v 0.087240 -0.662225 0.547750
v 0.114915 -0.657270 0.539145
v 0.087270 -0.611035 0.570945
v 0.114940 -0.607850 0.561535
v 0.087280 -0.556305 0.583705
v 0.114950 -0.555010 0.573855
v 0.087285 -0.500135 0.585545
v 0.114955 -0.500785 0.575630
v 0.087275 -0.444685 0.576390
v 0.114945 -0.447250 0.566795
v 0.087250 -0.392090 0.556595
v 0.114925 -0.396470 0.547680
v 0.087220 -0.344365 0.526920
v 0.114890 -0.350395 0.519030
v 0.087175 -0.303350 0.488500
v 0.114850 -0.310795 0.481940
v 0.087125 -0.270615 0.442820
v 0.114800 -0.279190 0.437835
v 0.087065 -0.247420 0.391630
v 0.114745 -0.256800 0.388415
v 0.087005 -0.234660 0.336900
v 0.114685 -0.244480 0.335575
v 0.086945 -0.232820 0.280730
v 0.114625 -0.242705 0.281350
v 0.086880 -0.241975 0.225285
v 0.114565 -0.251540 0.227815
v 0.086820 -0.261770 0.172685
v 0.114505 -0.270655 0.177035
v 0.086770 -0.291445 0.124960
v 0.114455 -0.299305 0.130960
v 0.086720 -0.329865 0.083945
v 0.114410 -0.336395 0.091360
v 0.086685 -0.375545 0.051210
v 0.114375 -0.380495 0.059755
v 0.086660 -0.426735 0.028015
v 0.114350 -0.429920 0.037365
v 0.086645 -0.481465 0.015255
v 0.114335 -0.482760 0.025045
v 0.086645 -0.537635 0.013415
v 0.114335 -0.536985 0.023270
v 0.086655 -0.593085 0.022570
v 0.114345 -0.590520 0.032105
v 0.086675 -0.645680 0.042365
v 0.114365 -0.641300 0.051220
v 0.086710 -0.693405 0.072045
v 0.114400 -0.687375 0.079870
v 0.086750 -0.734420 0.110460
v 0.114440 -0.726975 0.116960
v 0.086805 -0.767155 0.156140
v 0.114490 -0.758580 0.161065
v 0.086860 -0.790350 0.207330
v 0.114545 -0.780970 0.210485
v 0.086920 -0.803110 0.262060
v 0.114605 -0.793290 0.263325
v 0.086985 -0.804950 0.318230
v 0.114665 -0.795065 0.317550
v 0.087045 -0.795795 0.373680
v 0.114725 -0.786230 0.371085
v 0.141300 -0.774085 0.367800
v 0.114780 -0.767115 0.421865
v 0.141350 -0.755845 0.416275
v 0.114835 -0.738465 0.467940
v 0.141400 -0.728490 0.460255
v 0.166610 -0.716500 0.451030
v 0.141445 -0.693085 0.498060
v 0.166650 -0.683120 0.486670
v 0.141480 -0.650985 0.528230
v 0.166680 -0.643430 0.515110
v 0.141500 -0.603810 0.549605
v 0.166700 -0.598950 0.535265
v 0.141515 -0.553370 0.561365
v 0.166715 -0.551395 0.546350
v 0.141515 -0.501605 0.563060
v 0.166715 -0.502595 0.547950
v 0.141505 -0.450505 0.554620
v 0.166705 -0.454415 0.539995
v 0.141485 -0.402030 0.536380
v 0.166690 -0.408715 0.522795
v 0.141455 -0.358045 0.509025
v 0.166660 -0.367250 0.497010
v 0.141415 -0.320245 0.473620
v 0.166620 -0.331610 0.463630
v 0.141370 -0.290075 0.431520
v 0.166575 -0.303165 0.423935
v 0.141315 -0.268700 0.384345
v 0.166530 -0.283015 0.379460
v 0.141260 -0.256940 0.333905
v 0.166475 -0.271925 0.331905
v 0.141200 -0.255245 0.282140
v 0.166420 -0.270325 0.283100
v 0.141145 -0.263680 0.231040
v 0.166365 -0.278280 0.234920
v 0.141090 -0.281925 0.182565
v 0.166315 -0.295480 0.189220
v 0.141040 -0.309275 0.138580
v 0.166270 -0.321270 0.147755
v 0.141000 -0.344680 0.100780
v 0.166230 -0.354650 0.112115
v 0.140965 -0.386780 0.070610
v 0.166195 -0.394340 0.083675
v 0.140940 -0.433960 0.049235
v 0.166175 -0.438815 0.063520
v 0.140930 -0.484400 0.037475
v 0.166160 -0.486370 0.052430
v 0.140925 -0.536165 0.035780
v 0.166160 -0.535175 0.050835
v 0.140935 -0.587265 0.044220
v 0.166170 -0.583355 0.058790
v 0.140955 -0.635740 0.062460
v 0.166185 -0.629055 0.075990
v 0.140985 -0.679720 0.089810
v 0.166215 -0.670520 0.101775
v 0.141025 -0.717525 0.125220
v 0.166255 -0.706160 0.135155
v 0.141075 -0.747695 0.167320
v 0.166300 -0.734605 0.174845
v 0.141125 -0.769070 0.214495
v 0.166350 -0.754755 0.219325
v 0.141185 -0.780830 0.264935
v 0.166400 -0.765845 0.266880
v 0.141240 -0.782525 0.316700
v 0.166455 -0.767440 0.315685
v 0.190070 -0.749965 0.314510
v 0.166510 -0.759485 0.363860
v 0.190120 -0.742570 0.359300
v 0.166560 -0.742285 0.409560
v 0.190165 -0.726580 0.401790
v 0.211940 -0.708875 0.393035
v 0.190210 -0.702605 0.440340
v 0.211980 -0.686945 0.428295
v 0.190245 -0.671575 0.473475
v 0.212015 -0.658555 0.458605
v 0.190275 -0.634675 0.499915
v 0.212040 -0.624800 0.482795
v 0.190295 -0.593325 0.518650
v 0.212060 -0.586975 0.499935
v 0.190310 -0.549110 0.528960
v 0.212070 -0.546535 0.509360
v 0.190310 -0.503740 0.530445
v 0.212070 -0.505030 0.510720
v 0.190300 -0.458950 0.523050
v 0.212065 -0.464060 0.503955
v 0.190285 -0.416460 0.507060
v 0.212050 -0.425195 0.489330
v 0.190255 -0.377910 0.483090
v 0.212025 -0.389930 0.467400
v 0.190225 -0.344775 0.452055
v 0.211990 -0.359620 0.439010
v 0.190180 -0.318335 0.415155
v 0.211955 -0.335430 0.405260
v 0.190135 -0.299595 0.373805
v 0.211910 -0.318290 0.367430
v 0.190085 -0.289290 0.329590
v 0.211865 -0.308865 0.326990
v 0.190035 -0.287805 0.284220
v 0.211820 -0.307505 0.285485
v 0.189985 -0.295200 0.239430
v 0.211775 -0.314270 0.244515
v 0.189935 -0.311190 0.196940
v 0.211730 -0.328895 0.205650
v 0.189895 -0.335160 0.158390
v 0.211690 -0.350825 0.170385
v 0.189855 -0.366195 0.125255
v 0.211655 -0.379215 0.140075
v 0.189825 -0.403095 0.098815
v 0.211630 -0.412970 0.115885
v 0.189805 -0.444445 0.080080
v 0.211610 -0.450795 0.098750
v 0.189795 -0.488660 0.069770
v 0.211600 -0.491235 0.089320
v 0.189790 -0.534030 0.068285
v 0.211600 -0.532740 0.087960
v 0.189800 -0.578820 0.075680
v 0.211605 -0.573710 0.094725
v 0.189820 -0.621310 0.091670
v 0.211620 -0.612575 0.109355
v 0.189845 -0.659860 0.115645
v 0.211645 -0.647840 0.131280
v 0.189880 -0.692995 0.146675
v 0.211680 -0.678150 0.159670
v 0.189920 -0.719435 0.183575
v 0.211715 -0.702340 0.193425
v 0.189970 -0.738170 0.224925
v 0.211760 -0.719475 0.231250
v 0.190020 -0.748480 0.269140
v 0.211805 -0.728905 0.271690
v 0.231550 -0.707310 0.274510
v 0.211850 -0.730265 0.313195
v 0.231590 -0.708530 0.311750
v 0.211895 -0.723500 0.354165
v 0.231635 -0.702460 0.348505
v 0.249140 -0.679650 0.342375
v 0.231670 -0.689335 0.383375
v 0.249175 -0.668155 0.372910
v 0.231710 -0.669660 0.415015
v 0.249205 -0.650930 0.400620
v 0.231740 -0.644195 0.442205
v 0.249230 -0.628625 0.424435
v 0.231765 -0.613910 0.463905
v 0.249255 -0.602105 0.443440
v 0.231780 -0.579975 0.479285
v 0.249270 -0.572385 0.456905
v 0.231790 -0.543690 0.487745
v 0.249275 -0.540610 0.464310
v 0.231790 -0.506455 0.488960
v 0.249275 -0.508000 0.465380
v 0.231785 -0.469695 0.482895
v 0.249270 -0.475810 0.460065
v 0.231770 -0.434825 0.469770
v 0.249260 -0.445270 0.448570
v 0.231745 -0.403190 0.450095
v 0.249240 -0.417565 0.431340
v 0.231720 -0.375995 0.424630
v 0.249215 -0.393750 0.409040
v 0.231685 -0.354295 0.394345
v 0.249185 -0.374745 0.382515
v 0.231645 -0.338920 0.360410
v 0.249150 -0.361280 0.352800
v 0.231605 -0.330460 0.324125
v 0.249115 -0.353870 0.321025
v 0.231565 -0.329240 0.286890
v 0.249080 -0.352805 0.288415
v 0.231525 -0.335310 0.250130
v 0.249045 -0.358120 0.256220
v 0.231485 -0.348435 0.215260
v 0.249010 -0.369610 0.225685
v 0.231450 -0.368105 0.183625
v 0.248980 -0.386840 0.197980
v 0.231420 -0.393575 0.156430
v 0.248950 -0.409145 0.174165
v 0.231395 -0.423860 0.134730
v 0.248930 -0.435665 0.155160
v 0.231375 -0.457795 0.119355
v 0.248915 -0.465385 0.141695
v 0.231365 -0.494080 0.110895
v 0.248905 -0.497160 0.134285
v 0.231365 -0.531315 0.109675
v 0.248905 -0.529770 0.133220
v 0.231370 -0.568075 0.115745
v 0.248910 -0.561960 0.138535
v 0.231385 -0.602940 0.128865
v 0.248925 -0.592500 0.150025
v 0.231410 -0.634580 0.148540
v 0.248945 -0.620205 0.167255
v 0.231440 -0.661770 0.174010
v 0.248970 -0.644020 0.189560
v 0.231470 -0.683475 0.204295
v 0.249000 -0.663025 0.216080
v 0.231510 -0.698850 0.238230
v 0.249030 -0.676490 0.245800
v 0.264155 -0.652610 0.253890
v 0.249065 -0.683900 0.277575
v 0.264185 -0.658895 0.280850
v 0.249105 -0.684965 0.310185
v 0.264215 -0.659805 0.308520
v 0.276785 -0.633285 0.306765
v 0.264245 -0.655295 0.335835
v 0.276810 -0.629620 0.328940
v 0.264275 -0.645540 0.361740
v 0.276830 -0.621705 0.349975
v 0.264300 -0.630920 0.385250
v 0.276855 -0.609840 0.369060
v 0.264325 -0.612000 0.405455
v 0.276870 -0.594475 0.385460
v 0.264345 -0.589495 0.421580
v 0.276885 -0.576205 0.398550
v 0.264355 -0.564280 0.433010
v 0.276895 -0.555735 0.407825
v 0.264360 -0.537320 0.439295
v 0.276905 -0.533850 0.412930
v 0.264365 -0.509650 0.440200
v 0.276905 -0.511385 0.413665
v 0.264360 -0.482335 0.435690
v 0.276900 -0.489215 0.410005
v 0.264345 -0.456425 0.425940
v 0.276890 -0.468180 0.402090
v 0.264330 -0.432915 0.411320
v 0.276875 -0.449095 0.390220
v 0.264310 -0.412710 0.392395
v 0.276860 -0.432690 0.374860
v 0.264285 -0.396585 0.369890
v 0.276840 -0.419600 0.356590
v 0.264255 -0.385160 0.344675
v 0.276815 -0.410325 0.336120
v 0.264225 -0.378870 0.317715
v 0.276790 -0.405220 0.314230
v 0.264195 -0.377965 0.290045
v 0.276765 -0.404485 0.291770
v 0.264165 -0.382475 0.262730
v 0.276740 -0.408145 0.269595
v 0.264135 -0.392230 0.236820
v 0.276720 -0.416065 0.248560
v 0.264110 -0.406845 0.213315
v 0.276695 -0.427930 0.229475
v 0.264085 -0.425770 0.193105
v 0.276680 -0.443295 0.213075
v 0.264070 -0.448275 0.176980
v 0.276665 -0.461565 0.199985
v 0.264055 -0.473490 0.165555
v 0.276655 -0.482035 0.190710
v 0.264050 -0.500450 0.159270
v 0.276650 -0.503920 0.185605
v 0.264050 -0.528120 0.158365
v 0.276645 -0.526385 0.184870
v 0.264055 -0.555435 0.162875
v 0.276650 -0.548555 0.188530
v 0.264065 -0.581345 0.172625
v 0.276660 -0.569590 0.196445
v 0.264080 -0.604855 0.187245
v 0.276675 -0.588675 0.208315
v 0.264100 -0.625060 0.206170
v 0.276690 -0.605080 0.223680
v 0.264125 -0.641185 0.228670
v 0.276710 -0.618170 0.241945
v 0.286630 -0.594195 0.255775
v 0.276735 -0.627445 0.262415
v 0.286650 -0.601230 0.271305
v 0.276760 -0.632550 0.284305
v 0.286665 -0.605105 0.287905
v 0.293815 -0.576830 0.291620
v 0.286685 -0.605660 0.304945
v 0.293825 -0.577205 0.303070
v 0.286705 -0.602885 0.321765
v 0.293840 -0.575340 0.314375
v 0.286725 -0.596880 0.337720
v 0.293850 -0.571300 0.325100
v 0.286740 -0.587875 0.352195
v 0.293865 -0.565250 0.334830
v 0.286755 -0.576225 0.364640
v 0.293870 -0.557420 0.343190
v 0.286765 -0.562365 0.374570
v 0.286770 -0.546840 0.381605
v 0.293880 -0.548105 0.349865
v 0.298165 -0.533565 0.324675
v 0.293885 -0.537670 0.354590
v 0.298170 -0.528325 0.327050
v 0.293890 -0.526515 0.357195
v 0.286775 -0.530235 0.385475
v 0.298170 -0.522715 0.328355
v 0.293890 -0.515060 0.357570
v 0.286775 -0.513195 0.386035
v 0.298170 -0.516965 0.328545
v 0.293885 -0.503760 0.355700
v 0.286775 -0.496375 0.383255
v 0.298170 -0.511285 0.327605
v 0.293880 -0.493035 0.351665
v 0.286765 -0.480420 0.377250
v 0.298165 -0.505895 0.325580
v 0.293875 -0.483305 0.345615
v 0.286755 -0.465945 0.368250
v 0.298165 -0.501010 0.322540
v 0.293865 -0.474945 0.337785
v 0.286745 -0.453500 0.356595
v 0.298160 -0.496810 0.318605
v 0.293855 -0.468270 0.328470
v 0.286730 -0.443570 0.342740
v 0.298155 -0.493455 0.313925
v 0.293845 -0.463540 0.318035
v 0.286710 -0.436535 0.327210
v 0.298145 -0.491080 0.308685
v 0.293830 -0.460940 0.306875
v 0.286690 -0.432665 0.310610
v 0.298140 -0.489770 0.303075
v 0.293820 -0.460565 0.295425
v 0.286675 -0.432110 0.293570
v 0.298135 -0.489585 0.297325
v 0.293805 -0.462430 0.284120
v 0.286655 -0.434885 0.276750
v 0.298130 -0.490520 0.291645
v 0.293795 -0.466465 0.273400
v 0.286635 -0.440890 0.260795
v 0.298120 -0.492550 0.286255
v 0.293785 -0.472515 0.263670
v 0.286620 -0.449890 0.246315
v 0.298115 -0.495590 0.281370
v 0.293775 -0.480350 0.255310
v 0.286605 -0.461545 0.233875
v 0.298110 -0.499525 0.277165
v 0.293765 -0.489660 0.248635
v 0.286595 -0.475405 0.223945
v 0.298110 -0.504205 0.273815
v 0.293760 -0.500100 0.243905
v 0.286585 -0.490930 0.216910
v 0.298105 -0.509445 0.271440
v 0.293760 -0.511255 0.241305
v 0.286585 -0.507535 0.213040
v 0.298105 -0.515050 0.270130
v 0.293760 -0.522705 0.240930
v 0.286580 -0.524570 0.212480
v 0.298105 -0.520805 0.269945
v 0.293760 -0.534010 0.242795
v 0.286585 -0.541390 0.215255
v 0.298105 -0.526485 0.270880
v 0.293765 -0.544735 0.246830
v 0.286590 -0.557345 0.221260
v 0.298105 -0.531870 0.272910
v 0.293770 -0.554465 0.252880
v 0.286600 -0.571825 0.230265
v 0.298110 -0.536760 0.275950
v 0.293780 -0.562825 0.260715
v 0.286615 -0.584265 0.241920
v 0.298115 -0.540960 0.279885
v 0.293790 -0.569500 0.270025
v 0.298120 -0.544315 0.284560
v 0.293800 -0.574230 0.280460
v 0.298125 -0.546690 0.289805
v 0.298130 -0.547995 0.295410
v 0.299580 -0.518885 0.299240
v 0.298160 -0.538245 0.321320
v 0.298155 -0.542180 0.317120
v 0.298150 -0.545220 0.312230
v 0.298145 -0.547250 0.306845
v 0.298140 -0.548185 0.301165
v -0.264105 -0.630920 0.385845
v -0.248950 -0.628625 0.424990
v -0.264085 -0.612000 0.406050
v -0.276675 -0.594475 0.386080
v -0.264065 -0.589495 0.422175
v -0.276660 -0.576205 0.399175
v -0.264055 -0.564280 0.433600
v -0.276650 -0.555735 0.408450
v -0.264045 -0.537315 0.439885
v -0.276645 -0.533850 0.413550
v -0.264045 -0.509650 0.440790
v -0.276645 -0.511385 0.414285
v -0.264050 -0.482335 0.436280
v -0.276650 -0.489215 0.410625
v -0.264060 -0.456425 0.426530
v -0.276660 -0.468180 0.402710
v -0.264080 -0.432915 0.411910
v -0.276670 -0.449095 0.390840
v -0.264100 -0.412710 0.392985
v -0.276690 -0.432690 0.375480
v -0.264125 -0.396585 0.370485
v -0.276710 -0.419600 0.357210
v -0.264155 -0.385160 0.345270
v -0.276730 -0.410325 0.336740
v -0.264185 -0.378870 0.318305
v -0.276755 -0.405220 0.314850
v -0.264215 -0.377965 0.290640
v -0.276780 -0.404485 0.292390
v -0.264245 -0.382475 0.263325
v -0.276805 -0.408145 0.270215
v -0.264275 -0.392230 0.237415
v -0.276830 -0.416065 0.249185
v -0.264300 -0.406845 0.213905
v -0.276850 -0.427930 0.230100
v -0.264325 -0.425770 0.193700
v -0.276870 -0.443295 0.213695
v -0.264340 -0.448275 0.177575
v -0.276885 -0.461565 0.200605
v -0.264355 -0.473490 0.166150
v -0.276895 -0.482035 0.191330
v -0.264360 -0.500450 0.159860
v -0.276900 -0.503920 0.186225
v -0.264360 -0.528120 0.158955
v -0.276900 -0.526385 0.185490
v -0.264355 -0.555435 0.163465
v -0.276900 -0.548555 0.189150
v -0.264345 -0.581345 0.173220
v -0.276890 -0.569590 0.197070
v -0.264330 -0.604855 0.187835
v -0.276875 -0.588675 0.208935
v -0.264310 -0.625060 0.206760
v -0.276860 -0.605080 0.224300
v -0.264285 -0.641185 0.229265
v -0.276840 -0.618170 0.242565
v -0.264255 -0.652610 0.254480
v -0.276815 -0.627445 0.263035
v -0.264225 -0.658895 0.281440
v -0.276790 -0.632550 0.284925
v -0.264195 -0.659805 0.309110
v -0.276765 -0.633285 0.307385
v -0.264165 -0.655295 0.336425
v -0.276740 -0.629620 0.329560
v -0.264135 -0.645540 0.362335
v -0.276715 -0.621705 0.350595
v -0.286635 -0.596880 0.338360
v -0.276695 -0.609840 0.369680
v -0.286620 -0.587875 0.352840
v -0.293780 -0.565250 0.335485
v -0.286605 -0.576225 0.365280
v -0.293770 -0.557420 0.343850
v -0.286595 -0.562365 0.375210
v -0.293765 -0.548105 0.350520
v -0.286585 -0.546840 0.382245
v -0.293760 -0.537670 0.355250
v -0.286580 -0.530235 0.386120
v -0.293755 -0.526515 0.357850
v -0.286580 -0.513195 0.386675
v -0.293755 -0.515060 0.358225
v -0.286585 -0.496375 0.383900
v -0.293760 -0.503760 0.356360
v -0.286590 -0.480420 0.377895
v -0.293760 -0.493035 0.352325
v -0.286600 -0.465945 0.368890
v -0.293770 -0.483305 0.346275
v -0.286615 -0.453500 0.357240
v -0.293780 -0.474945 0.338445
v -0.286630 -0.443570 0.343380
v -0.293790 -0.468270 0.329130
v -0.286645 -0.436535 0.327855
v -0.293800 -0.463540 0.318695
v -0.286665 -0.432665 0.311250
v -0.293815 -0.460940 0.307535
v -0.286685 -0.432110 0.294210
v -0.293825 -0.460565 0.296085
v -0.286705 -0.434885 0.277390
v -0.293840 -0.462430 0.284780
v -0.286720 -0.440890 0.261435
v -0.293850 -0.466465 0.274060
v -0.286735 -0.449890 0.246960
v -0.293860 -0.472515 0.264330
v -0.286750 -0.461545 0.234515
v -0.293870 -0.480350 0.255965
v -0.286760 -0.475405 0.224585
v -0.293880 -0.489660 0.249295
v -0.286770 -0.490930 0.217550
v -0.293885 -0.500100 0.244565
v -0.286775 -0.507535 0.213680
v -0.293885 -0.511255 0.241965
v -0.286775 -0.524570 0.213125
v -0.293885 -0.522705 0.241590
v -0.286770 -0.541390 0.215900
v -0.293885 -0.534010 0.243455
v -0.286765 -0.557345 0.221905
v -0.293880 -0.544735 0.247490
v -0.286755 -0.571825 0.230905
v -0.293875 -0.554465 0.253540
v -0.286740 -0.584265 0.242560
v -0.293865 -0.562825 0.261370
v -0.286725 -0.594195 0.256420
v -0.293855 -0.569500 0.270685
v -0.286710 -0.601230 0.271945
v -0.293840 -0.574230 0.281120
v -0.286690 -0.605105 0.288550
v -0.293830 -0.576830 0.292280
v -0.286670 -0.605660 0.305585
v -0.293815 -0.577205 0.303730
v -0.286655 -0.602885 0.322405
v -0.293805 -0.575340 0.315035
v -0.298125 -0.547250 0.307510
v -0.293790 -0.571300 0.325755
v -0.298120 -0.545220 0.312900
v -0.298115 -0.542180 0.317790
v -0.299580 -0.518885 0.299915
v -0.298160 -0.499525 0.277835
v -0.298105 -0.533565 0.325340
v -0.298110 -0.538245 0.321990
v -0.298135 -0.548185 0.301835
v -0.298140 -0.547995 0.296080
v -0.298145 -0.546690 0.290475
v -0.298150 -0.544315 0.285230
v -0.298155 -0.540960 0.280550
v -0.298160 -0.536760 0.276615
v -0.298165 -0.531870 0.273575
v -0.298165 -0.526485 0.271550
v -0.298170 -0.520805 0.270610
v -0.298170 -0.515050 0.270800
v -0.298165 -0.509445 0.272105
v -0.298165 -0.504205 0.274480
v -0.298155 -0.495590 0.282035
v -0.298150 -0.492550 0.286925
v -0.298145 -0.490520 0.292310
v -0.298135 -0.489585 0.297990
v -0.298130 -0.489770 0.303745
v -0.298125 -0.491080 0.309350
v -0.298120 -0.493455 0.314595
v -0.298115 -0.496810 0.319275
v -0.298110 -0.501010 0.323210
v -0.298105 -0.505895 0.326250
v -0.298105 -0.511285 0.328275
v -0.298100 -0.516965 0.329215
v -0.298100 -0.522715 0.329025
v -0.298105 -0.528325 0.327720
v -0.230720 0.095025 0.764005
v -0.230705 0.061090 0.779380
v -0.248255 0.083220 0.743575
v -0.210955 0.105920 0.782845
v -0.230745 0.125310 0.742305
v -0.248280 0.109740 0.724570
v -0.210985 0.139675 0.758660
v -0.230775 0.150780 0.715110
v -0.248305 0.132045 0.700755
v -0.211015 0.168060 0.728350
v -0.230810 0.170450 0.683475
v -0.248335 0.149275 0.673050
v -0.211055 0.189990 0.693085
v -0.230850 0.183575 0.648605
v -0.248370 0.160765 0.642515
v -0.211100 0.204615 0.654220
v -0.230890 0.189645 0.611845
v -0.248405 0.166080 0.610320
v -0.211145 0.211380 0.613250
v -0.230935 0.188425 0.574610
v -0.248440 0.165015 0.577710
v -0.211190 0.210025 0.571745
v -0.230975 0.179965 0.538325
v -0.248480 0.157605 0.545935
v -0.211240 0.200595 0.531300
v -0.231010 0.164590 0.504390
v -0.248510 0.144140 0.516215
v -0.211280 0.183455 0.493475
v -0.231045 0.142890 0.474105
v -0.248540 0.125135 0.489695
v -0.211320 0.159265 0.459720
v -0.231075 0.115695 0.448640
v -0.248565 0.101320 0.467395
v -0.211350 0.128955 0.431335
v -0.231095 0.084060 0.428965
v -0.248585 0.073615 0.450165
v -0.211375 0.093695 0.409405
v -0.231110 0.049190 0.415840
v -0.248600 0.043080 0.438670
v -0.211390 0.054830 0.394780
v -0.231115 0.012430 0.409775
v -0.248605 0.010885 0.433355
v -0.211400 0.013855 0.388015
v -0.231115 -0.024805 0.410990
v -0.248605 -0.021725 0.434425
v -0.211395 -0.027650 0.389370
v -0.231105 -0.061090 0.419450
v -0.248595 -0.053500 0.441830
v -0.211385 -0.068090 0.398800
v -0.231090 -0.095025 0.434830
v -0.248580 -0.083215 0.455295
v -0.211365 -0.105915 0.415940
v -0.231065 -0.125310 0.456530
v -0.248560 -0.109740 0.474300
v -0.211340 -0.139670 0.440130
v -0.231035 -0.150775 0.483720
v -0.248530 -0.132040 0.498115
v -0.211305 -0.168060 0.470440
v -0.231000 -0.170450 0.515360
v -0.248500 -0.149270 0.525825
v -0.211265 -0.189985 0.505700
v -0.230960 -0.183575 0.550225
v -0.248465 -0.160765 0.556360
v -0.211225 -0.204615 0.544565
v -0.230920 -0.189645 0.586985
v -0.248430 -0.166080 0.588550
v -0.211175 -0.211380 0.585540
v -0.230875 -0.188425 0.624225
v -0.248395 -0.165010 0.621160
v -0.211130 -0.210020 0.627045
v -0.230835 -0.179965 0.660505
v -0.248360 -0.157605 0.652935
v -0.211085 -0.200590 0.667485
v -0.230800 -0.164590 0.694440
v -0.248325 -0.144135 0.682655
v -0.211045 -0.183455 0.705310
v -0.230765 -0.142885 0.724725
v -0.248295 -0.125135 0.709175
v -0.211005 -0.159265 0.739065
v -0.230735 -0.115695 0.750195
v -0.248270 -0.101320 0.731480
v -0.210975 -0.128955 0.767455
v -0.230715 -0.084055 0.769865
v -0.248250 -0.073610 0.748710
v -0.210950 -0.093690 0.789380
v -0.230700 -0.049190 0.782990
v -0.248240 -0.043075 0.760200
v -0.210930 -0.054825 0.804010
v -0.230690 -0.012430 0.789060
v -0.248230 -0.010885 0.765515
v -0.210925 -0.013855 0.810775
v -0.230695 0.024810 0.787840
v -0.248235 0.021725 0.764450
v -0.210925 0.027650 0.809415
v -0.189120 0.030230 0.828965
v -0.210935 0.068095 0.799985
v -0.189130 0.074440 0.818655
v -0.165500 0.080070 0.835215
v -0.189155 0.115790 0.799920
v -0.165525 0.124545 0.815060
v -0.189185 0.152690 0.773480
v -0.165555 0.164240 0.786620
v -0.189220 0.183725 0.740345
v -0.165595 0.197620 0.750980
v -0.189265 0.207695 0.701795
v -0.165640 0.223405 0.709515
v -0.189310 0.223690 0.659305
v -0.165690 0.240605 0.663810
v -0.189360 0.231085 0.614515
v -0.165745 0.248560 0.615635
v -0.189410 0.229595 0.569145
v -0.165800 0.246960 0.566830
v -0.189460 0.219290 0.524930
v -0.165855 0.235870 0.519275
v -0.189510 0.200555 0.483580
v -0.165905 0.215720 0.474800
v -0.189550 0.174110 0.446680
v -0.165950 0.187275 0.435105
v -0.189585 0.140975 0.415645
v -0.165985 0.151640 0.401725
v -0.189610 0.102425 0.391675
v -0.166015 0.110170 0.375940
v -0.189630 0.059940 0.375685
v -0.166035 0.064470 0.358740
v -0.189635 0.015145 0.368290
v -0.166045 0.016290 0.350785
v -0.189635 -0.030225 0.369775
v -0.166040 -0.032510 0.352385
v -0.189625 -0.074435 0.380080
v -0.166030 -0.080065 0.363470
v -0.189605 -0.115790 0.398820
v -0.166005 -0.124545 0.383625
v -0.189575 -0.152690 0.425260
v -0.165975 -0.164235 0.412065
v -0.189535 -0.183720 0.458395
v -0.165935 -0.197615 0.447705
v -0.189495 -0.207695 0.496945
v -0.165890 -0.223400 0.489175
v -0.189445 -0.223685 0.539435
v -0.165835 -0.240600 0.534875
v -0.189395 -0.231080 0.584225
v -0.165785 -0.248555 0.583050
v -0.189345 -0.229595 0.629595
v -0.165730 -0.246960 0.631855
v -0.189295 -0.219285 0.673810
v -0.165675 -0.235870 0.679410
v -0.189250 -0.200550 0.715160
v -0.165625 -0.215720 0.723890
v -0.189205 -0.174110 0.752060
v -0.165580 -0.187275 0.763580
v -0.189170 -0.140975 0.783090
v -0.165545 -0.151635 0.796960
v -0.189145 -0.102425 0.807065
v -0.165515 -0.110170 0.822745
v -0.189125 -0.059935 0.823055
v -0.165495 -0.064470 0.839945
v -0.189120 -0.015145 0.830450
v -0.165485 -0.016290 0.847900
v -0.140250 -0.017280 0.862955
v -0.165490 0.032515 0.846300
v -0.140255 0.034485 0.861260
v -0.113665 0.036130 0.873690
v -0.140265 0.084925 0.849500
v -0.113680 0.088965 0.861370
v -0.140290 0.132105 0.828120
v -0.140325 0.174205 0.797955
v -0.113705 0.138390 0.838980
v -0.086010 0.143340 0.847525
v -0.113740 0.182490 0.807375
v -0.086050 0.189020 0.814790
v -0.113780 0.219580 0.767775
v -0.140370 0.209610 0.760150
v -0.086095 0.227440 0.773775
v -0.113835 0.248235 0.721700
v -0.140415 0.236960 0.716170
v -0.086150 0.257115 0.726050
v -0.113890 0.267345 0.670920
v -0.140470 0.255205 0.667695
v -0.086205 0.276910 0.673450
v -0.113950 0.276185 0.617385
v -0.140530 0.263640 0.616595
v -0.086270 0.286065 0.618005
v -0.114010 0.274410 0.563160
v -0.140585 0.261945 0.564830
v -0.086330 0.284225 0.561835
v -0.114070 0.262085 0.510320
v -0.140645 0.250185 0.514390
v -0.086395 0.271465 0.507105
v -0.114125 0.239695 0.460900
v -0.140695 0.228810 0.467215
v -0.086450 0.248270 0.455915
v -0.114175 0.208090 0.416795
v -0.140745 0.198640 0.425115
v -0.086500 0.215540 0.410235
v -0.114215 0.168490 0.379705
v -0.140785 0.160840 0.389705
v -0.086545 0.174520 0.371815
v -0.114250 0.122415 0.351055
v -0.140815 0.116855 0.362355
v -0.086580 0.126795 0.342140
v -0.114270 0.071635 0.331940
v -0.140835 0.068380 0.344115
v -0.086600 0.074200 0.322345
v -0.114280 0.018105 0.323105
v -0.140845 0.017280 0.335675
v -0.086610 0.018750 0.313190
v -0.114280 -0.036125 0.324880
v -0.140840 -0.034485 0.337370
v -0.086610 -0.037420 0.315030
v -0.114265 -0.088965 0.337200
v -0.140830 -0.084925 0.349130
v -0.086595 -0.092150 0.327790
v -0.114240 -0.138385 0.359590
v -0.140805 -0.132100 0.370505
v -0.086570 -0.143340 0.350985
v -0.114205 -0.182490 0.391195
v -0.140770 -0.174200 0.400675
v -0.086530 -0.189020 0.383720
v -0.114160 -0.219580 0.430795
v -0.140730 -0.209605 0.438475
v -0.086485 -0.227435 0.424735
v -0.114110 -0.248230 0.476870
v -0.140680 -0.236955 0.482460
v -0.086435 -0.257115 0.472460
v -0.114050 -0.267345 0.527650
v -0.140625 -0.255200 0.530935
v -0.086375 -0.276910 0.525055
v -0.113990 -0.276180 0.581185
v -0.140565 -0.263640 0.582035
v -0.086310 -0.286065 0.580505
v -0.113930 -0.274405 0.635410
v -0.140510 -0.261945 0.633800
v -0.086250 -0.284225 0.636675
v -0.113870 -0.262085 0.688250
v -0.140455 -0.250180 0.684240
v -0.086185 -0.271465 0.691405
v -0.113815 -0.239695 0.737670
v -0.140400 -0.228805 0.731415
v -0.086130 -0.248270 0.742595
v -0.113765 -0.208090 0.781775
v -0.140355 -0.198640 0.773515
v -0.086080 -0.215535 0.788275
v -0.113725 -0.168490 0.818865
v -0.140315 -0.160835 0.808920
v -0.086035 -0.174520 0.826690
v -0.113695 -0.122415 0.847515
v -0.140280 -0.116855 0.836275
v -0.086000 -0.126795 0.856370
v -0.113670 -0.071635 0.866630
v -0.140260 -0.068380 0.854515
v -0.085980 -0.074195 0.876165
v -0.113660 -0.018100 0.875465
v -0.085970 -0.018750 0.885320
v -0.057445 -0.019215 0.892415
v -0.085970 0.037420 0.883480
v -0.057445 0.038355 0.890530
v -0.085985 0.092150 0.870720
v -0.057460 0.094445 0.877450
v -0.028375 0.095835 0.881505
v -0.057485 0.146910 0.853680
v -0.028400 0.149070 0.857385
v -0.057525 0.193730 0.820130
v -0.028440 0.196575 0.823340
v -0.057570 0.233105 0.778090
v -0.028490 0.236530 0.780685
v -0.057625 0.263520 0.729175
v -0.028545 0.267390 0.731050
v -0.057685 0.283810 0.675270
v -0.028605 0.287980 0.676355
v -0.057750 0.293195 0.618440
v -0.028670 0.297500 0.618690
v -0.057815 0.291310 0.560870
v -0.028735 0.295585 0.560275
v -0.057880 0.278230 0.504775
v -0.028800 0.282315 0.503355
v -0.057935 0.254460 0.452310
v -0.028860 0.258195 0.450120
v -0.057990 0.220910 0.405490
v -0.028910 0.224150 0.402615
v -0.058035 0.178870 0.366115
v -0.028955 0.181495 0.362665
v -0.058070 0.129955 0.335700
v -0.028990 0.131865 0.331800
v -0.058090 0.076050 0.315410
v -0.029015 0.077165 0.311215
v -0.058100 0.019220 0.306030
v -0.029025 0.019500 0.301690
v -0.058100 -0.038350 0.307915
v -0.029025 -0.038915 0.303605
v -0.058085 -0.094445 0.320995
v -0.029010 -0.095830 0.316875
v -0.058060 -0.146910 0.344765
v -0.028980 -0.149065 0.340995
v -0.058020 -0.193730 0.378315
v -0.028945 -0.196575 0.375040
v -0.057975 -0.233105 0.420355
v -0.028895 -0.236525 0.417695
v -0.057920 -0.263520 0.469270
v -0.028840 -0.267390 0.467325
v -0.057860 -0.283810 0.523175
v -0.028780 -0.287975 0.522025
v -0.057795 -0.293190 0.580005
v -0.028715 -0.297495 0.579690
v -0.057730 -0.291305 0.637575
v -0.028650 -0.295585 0.638105
v -0.057665 -0.278230 0.693670
v -0.028585 -0.282315 0.695020
v -0.057610 -0.254455 0.746135
v -0.028525 -0.258190 0.748255
v -0.057555 -0.220905 0.792950
v -0.028470 -0.224150 0.795765
v -0.057510 -0.178865 0.832325
v -0.028425 -0.181495 0.835715
v -0.057475 -0.129955 0.862745
v -0.028390 -0.131860 0.866580
v -0.057455 -0.076045 0.883030
v -0.028370 -0.077160 0.887165
v 0.000995 -0.077535 0.888525
v -0.028360 -0.019500 0.896685
v 0.001005 -0.019590 0.898095
v -0.028360 0.038915 0.894775
v 0.001005 0.039105 0.896170
v 0.030370 0.038915 0.894710
v 0.000990 0.096300 0.882835
v 0.030355 0.095835 0.881435
v 0.000965 0.149790 0.858600
v 0.000925 0.197525 0.824390
v 0.030325 0.149070 0.857315
v 0.059400 0.146910 0.853550
v 0.030285 0.196575 0.823275
v 0.059365 0.193730 0.820000
v 0.030240 0.236530 0.780615
v 0.000875 0.237675 0.781530
v 0.059320 0.233105 0.777960
v 0.030185 0.267390 0.730985
v 0.000820 0.268685 0.731655
v 0.059265 0.263520 0.729045
v 0.030125 0.287980 0.676285
v 0.000760 0.289370 0.676695
v 0.059205 0.283810 0.675140
v 0.030060 0.297500 0.618625
v 0.000695 0.298940 0.618750
v 0.059140 0.293195 0.618310
v 0.029995 0.295585 0.560210
v 0.000630 0.297015 0.560055
v 0.059075 0.291310 0.560740
v 0.029930 0.282315 0.503290
v 0.000565 0.283680 0.502860
v 0.059010 0.278230 0.504645
v 0.029870 0.258195 0.450055
v 0.000505 0.259445 0.449370
v 0.058955 0.254460 0.452180
v 0.029815 0.224150 0.402550
v 0.000450 0.225235 0.401630
v 0.058900 0.220910 0.405360
v 0.029770 0.181495 0.362595
v 0.000405 0.182375 0.361485
v 0.058855 0.178870 0.365985
v 0.029735 0.131865 0.331735
v 0.000370 0.132500 0.330475
v 0.058820 0.129955 0.335570
v 0.029715 0.077165 0.311145
v 0.000350 0.077540 0.309785
v 0.058800 0.076050 0.315280
v 0.029705 0.019500 0.301625
v 0.000335 0.019595 0.300220
v 0.058790 0.019220 0.305900
v 0.029705 -0.038915 0.303540
v 0.000340 -0.039100 0.302140
v 0.058790 -0.038350 0.307785
v 0.029720 -0.095830 0.316810
v 0.000355 -0.096295 0.315475
v 0.058805 -0.094445 0.320860
v 0.029745 -0.149065 0.340930
v 0.000380 -0.149790 0.339715
v 0.058830 -0.146910 0.344635
v 0.029785 -0.196575 0.374975
v 0.000420 -0.197525 0.373920
v 0.058870 -0.193730 0.378185
v 0.029835 -0.236525 0.417630
v 0.000470 -0.237670 0.416785
v 0.058915 -0.233105 0.420225
v 0.029890 -0.267390 0.467260
v 0.000525 -0.268685 0.466655
v 0.058970 -0.263520 0.469135
v 0.029950 -0.287975 0.521960
v 0.000585 -0.289370 0.521620
v 0.059030 -0.283810 0.523045
v 0.030015 -0.297495 0.579625
v 0.000650 -0.298935 0.579565
v 0.059095 -0.293190 0.579875
v 0.030080 -0.295585 0.638040
v 0.000715 -0.297015 0.638260
v 0.059160 -0.291305 0.637445
v 0.030145 -0.282315 0.694955
v 0.000780 -0.283680 0.695455
v 0.059225 -0.278230 0.693535
v 0.030205 -0.258190 0.748190
v 0.000840 -0.259440 0.748945
v 0.059280 -0.254455 0.746000
v 0.030255 -0.224150 0.795700
v 0.000895 -0.225235 0.796680
v 0.059335 -0.220905 0.792820
v 0.030300 -0.181495 0.835650
v 0.000940 -0.182370 0.836830
v 0.059380 -0.178865 0.832195
v 0.030335 -0.131860 0.866515
v 0.000975 -0.132500 0.867840
v 0.059415 -0.129955 0.862610
v 0.030360 -0.077160 0.887100
v 0.059435 -0.076045 0.882900
v 0.030370 -0.019500 0.896620
v 0.059445 -0.019215 0.892285
v 0.087955 -0.018750 0.885125
v 0.059445 0.038355 0.890400
v 0.087955 0.037420 0.883285
v 0.059430 0.094445 0.877320
v 0.087940 0.092150 0.870525
v 0.115610 0.088965 0.861115
v 0.087915 0.143340 0.847330
v 0.115585 0.138390 0.838720
v 0.087875 0.189020 0.814595
v 0.115550 0.182490 0.807120
v 0.087830 0.227440 0.773580
v 0.115505 0.219580 0.767515
v 0.087780 0.257115 0.725855
v 0.115455 0.248235 0.721440
v 0.087720 0.276910 0.673255
v 0.115395 0.267345 0.670660
v 0.087655 0.286065 0.617810
v 0.115335 0.276185 0.617130
v 0.087595 0.284225 0.561640
v 0.115275 0.274410 0.562900
v 0.087530 0.271465 0.506910
v 0.115215 0.262085 0.510060
v 0.087475 0.248270 0.455720
v 0.115160 0.239695 0.460640
v 0.087425 0.215540 0.410040
v 0.115110 0.208090 0.416540
v 0.087380 0.174520 0.371620
v 0.115070 0.168490 0.379450
v 0.087345 0.126795 0.341945
v 0.115040 0.122415 0.350795
v 0.087325 0.074200 0.322150
v 0.115015 0.071635 0.331685
v 0.087315 0.018750 0.312995
v 0.115005 0.018105 0.322845
v 0.087315 -0.037420 0.314835
v 0.115010 -0.036125 0.324620
v 0.087330 -0.092150 0.327595
v 0.115020 -0.088965 0.336940
v 0.087355 -0.143340 0.350790
v 0.115050 -0.138385 0.359335
v 0.087395 -0.189020 0.383525
v 0.115085 -0.182490 0.390940
v 0.087440 -0.227435 0.424540
v 0.115125 -0.219580 0.430540
v 0.087495 -0.257115 0.472265
v 0.115180 -0.248230 0.476615
v 0.087550 -0.276910 0.524860
v 0.115235 -0.267345 0.527395
v 0.087615 -0.286065 0.580310
v 0.115295 -0.276180 0.580925
v 0.087675 -0.284225 0.636480
v 0.115355 -0.274405 0.635155
v 0.087740 -0.271465 0.691210
v 0.115415 -0.262085 0.687995
v 0.087795 -0.248270 0.742400
v 0.115470 -0.239695 0.737415
v 0.087845 -0.215535 0.788080
v 0.115520 -0.208090 0.781520
v 0.087890 -0.174520 0.826495
v 0.115560 -0.168490 0.818610
v 0.087925 -0.126795 0.856175
v 0.115595 -0.122415 0.847260
v 0.087945 -0.074195 0.875970
v 0.115615 -0.071635 0.866370
v 0.142180 -0.068380 0.854200
v 0.115625 -0.018100 0.875210
v 0.142190 -0.017280 0.862635
v 0.115625 0.036130 0.873435
v 0.142185 0.034485 0.860945
v 0.167385 0.032515 0.845930
v 0.142175 0.084925 0.849180
v 0.167375 0.080070 0.834840
v 0.142150 0.132105 0.827805
v 0.167350 0.124545 0.814690
v 0.142115 0.174205 0.797640
v 0.167320 0.164240 0.786245
v 0.142075 0.209610 0.759835
v 0.167280 0.197620 0.750605
v 0.142025 0.236960 0.715855
v 0.167235 0.223405 0.709140
v 0.141970 0.255205 0.667380
v 0.167180 0.240605 0.663440
v 0.141910 0.263640 0.616280
v 0.167130 0.248560 0.615260
v 0.141855 0.261945 0.564515
v 0.167075 0.246960 0.566455
v 0.141800 0.250185 0.514075
v 0.167020 0.235870 0.518905
v 0.141745 0.228810 0.466895
v 0.166970 0.215720 0.474425
v 0.141700 0.198640 0.424795
v 0.166925 0.187275 0.434735
v 0.141660 0.160840 0.389390
v 0.166890 0.151640 0.401355
v 0.141625 0.116855 0.362040
v 0.166860 0.110170 0.375570
v 0.141605 0.068380 0.343795
v 0.166840 0.064470 0.358365
v 0.141595 0.017280 0.335360
v 0.166830 0.016290 0.350415
v 0.141600 -0.034485 0.337055
v 0.166835 -0.032510 0.352010
v 0.141610 -0.084925 0.348815
v 0.166845 -0.080065 0.363100
v 0.141635 -0.132100 0.370190
v 0.166870 -0.124545 0.383250
v 0.141670 -0.174200 0.400360
v 0.166900 -0.164235 0.411695
v 0.141710 -0.209605 0.438160
v 0.166940 -0.197615 0.447335
v 0.141760 -0.236955 0.482145
v 0.166985 -0.223400 0.488800
v 0.141815 -0.255200 0.530615
v 0.167035 -0.240600 0.534500
v 0.141875 -0.263640 0.581720
v 0.167090 -0.248555 0.582680
v 0.141930 -0.261945 0.633485
v 0.167145 -0.246960 0.631485
v 0.141990 -0.250180 0.683925
v 0.167200 -0.235870 0.679035
v 0.142040 -0.228805 0.731100
v 0.167250 -0.215720 0.723515
v 0.142090 -0.198640 0.773200
v 0.167295 -0.187275 0.763205
v 0.142130 -0.160835 0.808605
v 0.167330 -0.151635 0.796585
v 0.142160 -0.116855 0.835955
v 0.167360 -0.110170 0.822370
v 0.190955 -0.102425 0.806640
v 0.167380 -0.064470 0.839575
v 0.190975 -0.059935 0.822630
v 0.167390 -0.016290 0.847525
v 0.190980 -0.015145 0.830025
v 0.212745 -0.013855 0.810300
v 0.190980 0.030230 0.828540
v 0.212740 0.027650 0.808940
v 0.190970 0.074440 0.818230
v 0.212730 0.068095 0.799510
v 0.190950 0.115790 0.799495
v 0.212710 0.105920 0.782375
v 0.190920 0.152690 0.773050
v 0.212685 0.139675 0.758185
v 0.190880 0.183725 0.739920
v 0.212650 0.168060 0.727875
v 0.190840 0.207695 0.701365
v 0.212610 0.189990 0.692610
v 0.190790 0.223690 0.658880
v 0.212570 0.204615 0.653745
v 0.190740 0.231085 0.614090
v 0.212520 0.211380 0.612775
v 0.190690 0.229595 0.568715
v 0.212475 0.210025 0.571270
v 0.190640 0.219290 0.524505
v 0.212430 0.200595 0.530825
v 0.190595 0.200555 0.483155
v 0.212390 0.183455 0.493000
v 0.190550 0.174110 0.446255
v 0.212350 0.159265 0.459245
v 0.190515 0.140975 0.415220
v 0.212320 0.128955 0.430860
v 0.190490 0.102425 0.391250
v 0.212295 0.093695 0.408930
v 0.190470 0.059940 0.375255
v 0.212275 0.054830 0.394305
v 0.190465 0.015145 0.367860
v 0.212270 0.013855 0.387540
v 0.190465 -0.030225 0.369350
v 0.212270 -0.027650 0.388900
v 0.190475 -0.074435 0.379655
v 0.212280 -0.068090 0.398325
v 0.190500 -0.115790 0.398390
v 0.212300 -0.105915 0.415465
v 0.190530 -0.152690 0.424835
v 0.212330 -0.139670 0.439655
v 0.190565 -0.183720 0.457970
v 0.212360 -0.168060 0.469965
v 0.190610 -0.207695 0.496520
v 0.212400 -0.189985 0.505225
v 0.190655 -0.223685 0.539005
v 0.212445 -0.204615 0.544095
v 0.190705 -0.231080 0.583800
v 0.212490 -0.211380 0.585065
v 0.190755 -0.229595 0.629170
v 0.212535 -0.210020 0.626570
v 0.190805 -0.219285 0.673380
v 0.212585 -0.200590 0.667010
v 0.190855 -0.200550 0.714730
v 0.212625 -0.183455 0.704835
v 0.190895 -0.174110 0.751635
v 0.212665 -0.159265 0.738590
v 0.190930 -0.140975 0.782665
v 0.212695 -0.128955 0.766980
v 0.232420 -0.115695 0.749675
v 0.212720 -0.093690 0.788905
v 0.232440 -0.084055 0.769350
v 0.212735 -0.054825 0.803535
v 0.232455 -0.049190 0.782470
v 0.249945 -0.043075 0.759645
v 0.232460 -0.012430 0.788540
v 0.249950 -0.010885 0.764960
v 0.232460 0.024810 0.787320
v 0.249950 0.021725 0.763890
v 0.232450 0.061090 0.778860
v 0.249940 0.053500 0.756480
v 0.232435 0.095025 0.763485
v 0.249925 0.083220 0.743015
v 0.232410 0.125310 0.741785
v 0.249905 0.109740 0.724010
v 0.232380 0.150780 0.714590
v 0.249875 0.132045 0.700200
v 0.232345 0.170450 0.682955
v 0.249845 0.149275 0.672490
v 0.232305 0.183575 0.648085
v 0.249810 0.160765 0.641955
v 0.232265 0.189645 0.611325
v 0.249775 0.166080 0.609765
v 0.232220 0.188425 0.574090
v 0.249740 0.165015 0.577155
v 0.232180 0.179965 0.537805
v 0.249705 0.157605 0.545380
v 0.232145 0.164590 0.503870
v 0.249670 0.144140 0.515660
v 0.232110 0.142890 0.473590
v 0.249640 0.125135 0.489140
v 0.232080 0.115695 0.448120
v 0.249615 0.101320 0.466835
v 0.232060 0.084060 0.428445
v 0.249595 0.073615 0.449605
v 0.232045 0.049190 0.415320
v 0.249585 0.043080 0.438110
v 0.232035 0.012430 0.409255
v 0.249575 0.010885 0.432795
v 0.232040 -0.024805 0.410470
v 0.249580 -0.021725 0.433865
v 0.232050 -0.061090 0.418930
v 0.249585 -0.053500 0.441275
v 0.232065 -0.095025 0.434310
v 0.249600 -0.083215 0.454740
v 0.232090 -0.125310 0.456010
v 0.249625 -0.109740 0.473745
v 0.232120 -0.150775 0.483200
v 0.249650 -0.132040 0.497555
v 0.232155 -0.170450 0.514840
v 0.249680 -0.149270 0.525265
v 0.232195 -0.183575 0.549710
v 0.249715 -0.160765 0.555800
v 0.232235 -0.189645 0.586465
v 0.249750 -0.166080 0.587990
v 0.232275 -0.188425 0.623705
v 0.249785 -0.165010 0.620600
v 0.232320 -0.179965 0.659985
v 0.249825 -0.157605 0.652375
v 0.232355 -0.164590 0.693920
v 0.249855 -0.144135 0.682095
v 0.232390 -0.142885 0.724205
v 0.249885 -0.125135 0.708615
v 0.264980 -0.106175 0.691975
v 0.249910 -0.101320 0.730920
v 0.265005 -0.085970 0.710900
v 0.249930 -0.073610 0.748150
v 0.265020 -0.062460 0.725515
v 0.277560 -0.050705 0.701665
v 0.265030 -0.036550 0.735270
v 0.277570 -0.029670 0.709585
v 0.265035 -0.009235 0.739780
v 0.277575 -0.007495 0.713245
v 0.265035 0.018435 0.738875
v 0.277575 0.014965 0.712510
v 0.265025 0.045395 0.732585
v 0.277570 0.036850 0.707405
v 0.265015 0.070610 0.721160
v 0.277560 0.057325 0.698130
v 0.264995 0.093115 0.705035
v 0.277545 0.075590 0.685040
v 0.264975 0.112040 0.684830
v 0.277525 0.090955 0.668635
v 0.264945 0.126660 0.661320
v 0.277505 0.102820 0.649550
v 0.264920 0.136410 0.635410
v 0.277480 0.110740 0.628520
v 0.264885 0.140920 0.608095
v 0.277455 0.114400 0.606345
v 0.264855 0.140015 0.580425
v 0.277430 0.113665 0.583880
v 0.264825 0.133725 0.553465
v 0.277405 0.108560 0.561995
v 0.264800 0.122300 0.528250
v 0.277385 0.099285 0.541525
v 0.264775 0.106175 0.505745
v 0.277360 0.086195 0.523255
v 0.264750 0.085970 0.486825
v 0.277345 0.069790 0.507895
v 0.264735 0.062460 0.472205
v 0.277330 0.050705 0.496025
v 0.264725 0.036550 0.462450
v 0.277325 0.029675 0.488110
v 0.264720 0.009235 0.457945
v 0.277320 0.007500 0.484450
v 0.264720 -0.018430 0.458850
v 0.277320 -0.014965 0.485185
v 0.264725 -0.045395 0.465135
v 0.277325 -0.036850 0.490285
v 0.264740 -0.070610 0.476560
v 0.277335 -0.057320 0.499560
v 0.264760 -0.093110 0.492685
v 0.277350 -0.075590 0.512655
v 0.264780 -0.112035 0.512890
v 0.277370 -0.090950 0.529055
v 0.264805 -0.126655 0.536400
v 0.277390 -0.102820 0.548140
v 0.264835 -0.136405 0.562310
v 0.277415 -0.110735 0.569175
v 0.264865 -0.140915 0.589625
v 0.277440 -0.114395 0.591350
v 0.264900 -0.140010 0.617295
v 0.277465 -0.113660 0.613810
v 0.264930 -0.133725 0.644255
v 0.277490 -0.108560 0.635695
v 0.264955 -0.122300 0.669470
v 0.277510 -0.099285 0.656170
v 0.287400 -0.075310 0.642315
v 0.277530 -0.086195 0.674435
v 0.287415 -0.065380 0.656175
v 0.277550 -0.069790 0.689800
v 0.287430 -0.052940 0.667830
v 0.294545 -0.035580 0.645195
v 0.287440 -0.038460 0.676830
v 0.294555 -0.025850 0.651245
v 0.287445 -0.022505 0.682835
v 0.294560 -0.015125 0.655280
v 0.287450 -0.005685 0.685610
v 0.294560 -0.003820 0.657145
v 0.287450 0.011350 0.685055
v 0.294560 0.007630 0.656770
v 0.287445 0.027955 0.681185
v 0.294555 0.018790 0.654170
v 0.287435 0.043485 0.674145
v 0.287425 0.057340 0.664215
v 0.294550 0.029225 0.649440
v 0.298835 0.014685 0.624250
v 0.294545 0.038535 0.642770
v 0.298835 0.019360 0.620900
v 0.294535 0.046370 0.634405
v 0.287410 0.068995 0.651775
v 0.298830 0.023295 0.616700
v 0.294525 0.052420 0.624675
v 0.287395 0.077995 0.637300
v 0.298825 0.026335 0.611810
v 0.294510 0.056455 0.613955
v 0.287375 0.084000 0.621345
v 0.298815 0.028365 0.606420
v 0.294500 0.058320 0.602650
v 0.287360 0.086780 0.604525
v 0.298810 0.029300 0.600745
v 0.294485 0.057945 0.591200
v 0.287340 0.086220 0.587485
v 0.298805 0.029115 0.594990
v 0.294475 0.055345 0.580040
v 0.287320 0.082350 0.570880
v 0.298800 0.027805 0.589385
v 0.294460 0.050615 0.569605
v 0.287300 0.075315 0.555355
v 0.298790 0.025430 0.584140
v 0.294450 0.043940 0.560290
v 0.287285 0.065385 0.541495
v 0.298785 0.022080 0.579460
v 0.294445 0.035580 0.552460
v 0.287275 0.052940 0.529845
v 0.298780 0.017875 0.575525
v 0.294435 0.025850 0.546410
v 0.287265 0.038465 0.520840
v 0.298780 0.012990 0.572485
v 0.294430 0.015130 0.542375
v 0.287255 0.022510 0.514835
v 0.298775 0.007600 0.570460
v 0.294430 0.003825 0.540510
v 0.287255 0.005690 0.512060
v 0.298775 0.001920 0.569520
v 0.294430 -0.007625 0.540880
v 0.287255 -0.011350 0.512615
v 0.298775 -0.003830 0.569710
v 0.294435 -0.018785 0.543485
v 0.287260 -0.027950 0.516485
v 0.298775 -0.009440 0.571015
v 0.294440 -0.029220 0.548215
v 0.287265 -0.043480 0.523525
v 0.298780 -0.014680 0.573395
v 0.294445 -0.038535 0.554885
v 0.287280 -0.057340 0.533455
v 0.298785 -0.019360 0.576745
v 0.294455 -0.046365 0.563250
v 0.287290 -0.068990 0.545895
v 0.298790 -0.023295 0.580945
v 0.294465 -0.052415 0.572980
v 0.287310 -0.077995 0.560375
v 0.298795 -0.026335 0.585835
v 0.294480 -0.056450 0.583700
v 0.287325 -0.084000 0.576330
v 0.298800 -0.028360 0.591225
v 0.294490 -0.058320 0.595005
v 0.287345 -0.086775 0.593150
v 0.298805 -0.029300 0.596900
v 0.294505 -0.057945 0.606455
v 0.287365 -0.086220 0.610185
v 0.298815 -0.029110 0.602655
v 0.294515 -0.055340 0.617615
v 0.287380 -0.082345 0.626790
v 0.298820 -0.027805 0.608260
v 0.294525 -0.050615 0.628050
v 0.298825 -0.025430 0.613505
v 0.294540 -0.043940 0.637365
v 0.298830 -0.022075 0.618185
v 0.298835 -0.017875 0.622120
v 0.300250 0.000000 0.598820
v 0.298840 0.009440 0.626630
v 0.298840 0.003835 0.627935
v 0.298840 -0.001920 0.628125
v 0.298840 -0.007600 0.627185
v 0.298840 -0.012985 0.625160
v -0.263375 0.018435 0.739465
v -0.248240 0.053500 0.757040
v -0.263380 0.045395 0.733180
v -0.275980 0.036850 0.708025
v -0.263395 0.070610 0.721755
v -0.275990 0.057325 0.698750
v -0.263415 0.093115 0.705630
v -0.276005 0.075590 0.685660
v -0.263435 0.112040 0.685420
v -0.276025 0.090955 0.669255
v -0.263460 0.126660 0.661915
v -0.276045 0.102820 0.650170
v -0.263490 0.136410 0.636005
v -0.276070 0.110740 0.629140
v -0.263520 0.140920 0.608690
v -0.276095 0.114400 0.606965
v -0.263555 0.140015 0.581020
v -0.276120 0.113665 0.584505
v -0.263585 0.133725 0.554060
v -0.276145 0.108560 0.562615
v -0.263610 0.122300 0.528845
v -0.276165 0.099285 0.542145
v -0.263635 0.106175 0.506340
v -0.276185 0.086195 0.523875
v -0.263660 0.085970 0.487415
v -0.276205 0.069790 0.508515
v -0.263675 0.062460 0.472795
v -0.276215 0.050705 0.496645
v -0.263685 0.036550 0.463045
v -0.276225 0.029675 0.488730
v -0.263690 0.009235 0.458535
v -0.276230 0.007500 0.485070
v -0.263690 -0.018430 0.459440
v -0.276230 -0.014965 0.485805
v -0.263680 -0.045395 0.465725
v -0.276225 -0.036850 0.490905
v -0.263670 -0.070610 0.477150
v -0.276215 -0.057320 0.500180
v -0.263650 -0.093110 0.493280
v -0.276200 -0.075590 0.513275
v -0.263630 -0.112035 0.513485
v -0.276180 -0.090950 0.529675
v -0.263600 -0.126655 0.536995
v -0.276160 -0.102820 0.548760
v -0.263575 -0.136405 0.562900
v -0.276135 -0.110735 0.569795
v -0.263540 -0.140915 0.590215
v -0.276110 -0.114395 0.591970
v -0.263510 -0.140010 0.617885
v -0.276085 -0.113660 0.614430
v -0.263480 -0.133725 0.644845
v -0.276060 -0.108560 0.636320
v -0.263455 -0.122300 0.670065
v -0.276040 -0.099285 0.656790
v -0.263430 -0.106175 0.692565
v -0.276015 -0.086195 0.675055
v -0.263405 -0.085970 0.711490
v -0.276000 -0.069790 0.690420
v -0.263390 -0.062460 0.726110
v -0.275985 -0.050705 0.702290
v -0.263380 -0.036550 0.735860
v -0.275980 -0.029670 0.710205
v -0.263375 -0.009235 0.740370
v -0.275975 -0.007495 0.713865
v -0.285910 -0.005685 0.686255
v -0.275975 0.014965 0.713130
v -0.285910 0.011350 0.685695
v -0.293085 0.007630 0.657430
v -0.285915 0.027955 0.681825
v -0.293090 0.018790 0.654830
v -0.285920 0.043485 0.674790
v -0.293095 0.029225 0.650100
v -0.285935 0.057340 0.664860
v -0.293100 0.038535 0.643425
v -0.285945 0.068995 0.652420
v -0.293110 0.046370 0.635065
v -0.285965 0.077995 0.637940
v -0.293120 0.052420 0.625335
v -0.285980 0.084000 0.621985
v -0.293135 0.056455 0.614610
v -0.286000 0.086780 0.605165
v -0.293145 0.058320 0.603310
v -0.286020 0.086220 0.588125
v -0.293160 0.057945 0.591855
v -0.286040 0.082350 0.571525
v -0.293170 0.055345 0.580700
v -0.286055 0.075315 0.555995
v -0.293180 0.050615 0.570265
v -0.286070 0.065385 0.542140
v -0.293195 0.043940 0.560950
v -0.286085 0.052940 0.530485
v -0.293200 0.035580 0.553120
v -0.286095 0.038465 0.521485
v -0.293210 0.025850 0.547070
v -0.286100 0.022510 0.515480
v -0.293215 0.015130 0.543035
v -0.286105 0.005690 0.512700
v -0.293215 0.003825 0.541165
v -0.286105 -0.011350 0.513260
v -0.293215 -0.007625 0.541540
v -0.286100 -0.027950 0.517130
v -0.293210 -0.018785 0.544145
v -0.286090 -0.043480 0.524165
v -0.293205 -0.029220 0.548870
v -0.286080 -0.057340 0.534095
v -0.293200 -0.038535 0.555545
v -0.286065 -0.068990 0.546540
v -0.293190 -0.046365 0.563905
v -0.286050 -0.077995 0.561015
v -0.293180 -0.052415 0.573635
v -0.286030 -0.084000 0.576970
v -0.293165 -0.056450 0.584360
v -0.286015 -0.086775 0.593790
v -0.293155 -0.058320 0.595665
v -0.285995 -0.086220 0.610830
v -0.293140 -0.057945 0.607115
v -0.285975 -0.082345 0.627430
v -0.293130 -0.055340 0.618270
v -0.285955 -0.075310 0.642960
v -0.293115 -0.050615 0.628710
v -0.285940 -0.065380 0.656815
v -0.293105 -0.043940 0.638020
v -0.285930 -0.052940 0.668470
v -0.293100 -0.035580 0.645855
v -0.285920 -0.038460 0.677475
v -0.293090 -0.025850 0.651905
v -0.285910 -0.022505 0.683480
v -0.293085 -0.015125 0.655940
v -0.297430 -0.007600 0.627855
v -0.293085 -0.003820 0.657805
v -0.297430 -0.001920 0.628790
v -0.297430 0.003835 0.628605
v -0.298905 0.000000 0.599490
v -0.297495 -0.009440 0.571685
v -0.297435 0.014685 0.624920
v -0.297430 0.009440 0.627295
v -0.297435 -0.012985 0.625825
v -0.297435 -0.017875 0.622785
v -0.297440 -0.022075 0.618850
v -0.297445 -0.025430 0.614175
v -0.297455 -0.027805 0.608930
v -0.297460 -0.029110 0.603325
v -0.297465 -0.029300 0.597570
v -0.297470 -0.028360 0.591890
v -0.297480 -0.026335 0.586505
v -0.297485 -0.023295 0.581615
v -0.297490 -0.019360 0.577415
v -0.297490 -0.014680 0.574060
v -0.297495 -0.003830 0.570380
v -0.297495 0.001920 0.570190
v -0.297495 0.007600 0.571125
v -0.297495 0.012990 0.573155
v -0.297490 0.017875 0.576195
v -0.297485 0.022080 0.580130
v -0.297480 0.025430 0.584810
v -0.297475 0.027805 0.590050
v -0.297470 0.029115 0.595660
v -0.297460 0.029300 0.601410
v -0.297455 0.028365 0.607090
v -0.297450 0.026335 0.612480
v -0.297445 0.023295 0.617365
v -0.297440 0.019360 0.621570
vn -0.7056 -0.7087 0.0008
vn -0.7715 -0.6362 0.0009
vn -0.7717 -0.6240 -0.1232
vn -0.7057 -0.6951 -0.1375
vn -0.8300 -0.5577 0.0009
vn -0.8302 -0.5469 -0.1079
vn -0.7714 -0.6240 0.1250
vn -0.8299 -0.5470 0.1097
vn -0.7054 -0.6950 0.1390
vn -0.7712 -0.5878 0.2443
vn -0.8298 -0.5152 0.2144
vn -0.7053 -0.6547 0.2720
vn -0.7711 -0.5290 0.3543
vn -0.8297 -0.4637 0.3108
vn -0.7051 -0.5892 0.3945
vn -0.7710 -0.4499 0.4507
vn -0.8296 -0.3944 0.3953
vn -0.7050 -0.5011 0.5019
vn -0.7709 -0.3535 0.5298
vn -0.8295 -0.3099 0.4647
vn -0.7049 -0.3937 0.5900
vn -0.7709 -0.2435 0.5886
vn -0.8295 -0.2134 0.5162
vn -0.7048 -0.2712 0.6555
vn -0.7708 -0.1241 0.6249
vn -0.8294 -0.1088 0.5479
vn -0.7048 -0.1382 0.6958
vn -0.7708 -0.0000 0.6371
vn -0.8294 -0.0000 0.5586
vn -0.7047 -0.0000 0.7095
vn -0.7708 0.1241 0.6249
vn -0.8294 0.1088 0.5479
vn -0.7048 0.1382 0.6958
vn -0.7708 0.2435 0.5887
vn -0.8295 0.2134 0.5162
vn -0.7048 0.2712 0.6555
vn -0.7709 0.3535 0.5299
vn -0.8295 0.3099 0.4647
vn -0.7049 0.3937 0.5900
vn -0.7710 0.4499 0.4508
vn -0.8296 0.3944 0.3953
vn -0.7050 0.5011 0.5019
vn -0.7711 0.5290 0.3544
vn -0.8297 0.4637 0.3108
vn -0.7051 0.5892 0.3945
vn -0.7712 0.5878 0.2443
vn -0.8298 0.5152 0.2144
vn -0.7053 0.6547 0.2720
vn -0.7714 0.6240 0.1250
vn -0.8299 0.5470 0.1097
vn -0.7054 0.6950 0.1390
vn -0.7715 0.6362 0.0009
vn -0.8300 0.5577 0.0009
vn -0.7056 0.7086 0.0008
vn -0.7717 0.6240 -0.1232
vn -0.8302 0.5470 -0.1079
vn -0.7057 0.6950 -0.1375
vn -0.7718 0.5878 -0.2426
vn -0.8303 0.5152 -0.2125
vn -0.7059 0.6547 -0.2704
vn -0.7719 0.5290 -0.3526
vn -0.8304 0.4637 -0.3089
vn -0.7060 0.5892 -0.3929
vn -0.7720 0.4499 -0.4490
vn -0.8305 0.3943 -0.3934
vn -0.7061 0.5011 -0.5003
vn -0.7721 0.3535 -0.5281
vn -0.8306 0.3099 -0.4627
vn -0.7062 0.3937 -0.5884
vn -0.7722 0.2435 -0.5869
vn -0.8306 0.2134 -0.5143
vn -0.7063 0.2712 -0.6539
vn -0.7722 0.1241 -0.6232
vn -0.8307 0.1088 -0.5461
vn -0.7064 0.1382 -0.6942
vn -0.7722 -0.0000 -0.6354
vn -0.8307 -0.0000 -0.5568
vn -0.7064 -0.0000 -0.7078
vn -0.7722 -0.1241 -0.6232
vn -0.8307 -0.1088 -0.5460
vn -0.7064 -0.1382 -0.6942
vn -0.7722 -0.2435 -0.5869
vn -0.8306 -0.2134 -0.5143
vn -0.7063 -0.2712 -0.6539
vn -0.7721 -0.3535 -0.5281
vn -0.8306 -0.3098 -0.4627
vn -0.7062 -0.3937 -0.5884
vn -0.7720 -0.4499 -0.4490
vn -0.8305 -0.3943 -0.3934
vn -0.7061 -0.5011 -0.5003
vn -0.7719 -0.5290 -0.3526
vn -0.8304 -0.4637 -0.3089
vn -0.7060 -0.5892 -0.3929
vn -0.7718 -0.5877 -0.2426
vn -0.8303 -0.5152 -0.2125
vn -0.7059 -0.6547 -0.2704
vn -0.6332 -0.7153 -0.2956
vn -0.6334 -0.6438 -0.4294
vn -0.6330 -0.7594 -0.1503
vn -0.6329 -0.7743 0.0007
vn -0.5544 -0.8164 -0.1617
vn -0.5545 -0.7690 -0.3179
vn -0.5542 -0.8324 0.0006
vn -0.6327 -0.7594 0.1517
vn -0.5540 -0.8164 0.1630
vn -0.6325 -0.7153 0.2970
vn -0.5538 -0.7691 0.3192
vn -0.6324 -0.6438 0.4309
vn -0.5536 -0.6921 0.4631
vn -0.6323 -0.5475 0.5482
vn -0.5535 -0.5886 0.5892
vn -0.6322 -0.4302 0.6445
vn -0.5534 -0.4625 0.6927
vn -0.6321 -0.2963 0.7160
vn -0.5533 -0.3185 0.7697
vn -0.6320 -0.1510 0.7601
vn -0.5533 -0.1624 0.8170
vn -0.6320 -0.0000 0.7749
vn -0.5533 -0.0000 0.8330
vn -0.6320 0.1510 0.7601
vn -0.5533 0.1624 0.8170
vn -0.6321 0.2963 0.7160
vn -0.5533 0.3185 0.7697
vn -0.6322 0.4301 0.6444
vn -0.5534 0.4625 0.6927
vn -0.6323 0.5475 0.5482
vn -0.5535 0.5886 0.5892
vn -0.6324 0.6438 0.4309
vn -0.5537 0.6921 0.4631
vn -0.6325 0.7153 0.2970
vn -0.5538 0.7690 0.3192
vn -0.6327 0.7594 0.1518
vn -0.5540 0.8164 0.1630
vn -0.6329 0.7743 0.0007
vn -0.5541 0.8324 0.0006
vn -0.6330 0.7594 -0.1503
vn -0.5544 0.8164 -0.1618
vn -0.6332 0.7153 -0.2956
vn -0.5545 0.7690 -0.3179
vn -0.6334 0.6438 -0.4294
vn -0.5547 0.6921 -0.4618
vn -0.6335 0.5475 -0.5467
vn -0.5548 0.5886 -0.5880
vn -0.6336 0.4301 -0.6430
vn -0.5549 0.4625 -0.6915
vn -0.6337 0.2963 -0.7146
vn -0.5550 0.3185 -0.7684
vn -0.6337 0.1511 -0.7587
vn -0.5551 0.1624 -0.8158
vn -0.6337 -0.0000 -0.7735
vn -0.5551 -0.0000 -0.8318
vn -0.6337 -0.1511 -0.7587
vn -0.5551 -0.1624 -0.8158
vn -0.6337 -0.2963 -0.7146
vn -0.5550 -0.3185 -0.7684
vn -0.6336 -0.4301 -0.6431
vn -0.5550 -0.4624 -0.6915
vn -0.6335 -0.5475 -0.5468
vn -0.5548 -0.5886 -0.5880
vn -0.5547 -0.6921 -0.4619
vn -0.4707 -0.7339 -0.4898
vn -0.4708 -0.6241 -0.6236
vn -0.4705 -0.8154 -0.3372
vn -0.4703 -0.8656 -0.1717
vn -0.3820 -0.8540 -0.3533
vn -0.3822 -0.7686 -0.5131
vn -0.3818 -0.9066 -0.1799
vn -0.4701 -0.8826 0.0005
vn -0.3816 -0.9243 0.0004
vn -0.4699 -0.8656 0.1727
vn -0.3814 -0.9065 0.1808
vn -0.2892 -0.9388 0.1871
vn -0.2894 -0.9572 0.0003
vn -0.2896 -0.9388 -0.1864
vn -0.3812 -0.8540 0.3541
vn -0.4697 -0.8154 0.3383
vn -0.2890 -0.8843 0.3666
vn -0.3811 -0.7685 0.5139
vn -0.4696 -0.7339 0.4909
vn -0.2888 -0.7959 0.5321
vn -0.3809 -0.6536 0.6540
vn -0.4694 -0.6241 0.6246
vn -0.2887 -0.6768 0.6772
vn -0.3807 -0.5135 0.7690
vn -0.4693 -0.4904 0.7344
vn -0.2886 -0.5318 0.7962
vn -0.3806 -0.3537 0.8544
vn -0.4692 -0.3378 0.8160
vn -0.2885 -0.3663 0.8846
vn -0.3806 -0.1803 0.9070
vn -0.4691 -0.1722 0.8662
vn -0.2884 -0.1868 0.9391
vn -0.3806 -0.0000 0.9248
vn -0.4691 -0.0000 0.8831
vn -0.2884 -0.0000 0.9575
vn -0.3806 0.1803 0.9070
vn -0.4691 0.1722 0.8662
vn -0.2884 0.1868 0.9391
vn -0.3806 0.3537 0.8544
vn -0.4692 0.3378 0.8160
vn -0.2885 0.3663 0.8846
vn -0.3807 0.5135 0.7690
vn -0.4693 0.4904 0.7344
vn -0.2885 0.5318 0.7962
vn -0.3809 0.6536 0.6540
vn -0.4694 0.6241 0.6246
vn -0.2887 0.6769 0.6772
vn -0.3810 0.7686 0.5139
vn -0.4696 0.7339 0.4909
vn -0.2888 0.7959 0.5321
vn -0.3812 0.8540 0.3541
vn -0.4697 0.8154 0.3383
vn -0.2890 0.8843 0.3666
vn -0.3814 0.9066 0.1808
vn -0.4699 0.8656 0.1727
vn -0.2892 0.9388 0.1871
vn -0.3816 0.9243 0.0004
vn -0.4701 0.8826 0.0005
vn -0.2895 0.9572 0.0003
vn -0.3818 0.9066 -0.1799
vn -0.4703 0.8656 -0.1717
vn -0.2897 0.9388 -0.1864
vn -0.3820 0.8540 -0.3533
vn -0.4705 0.8154 -0.3372
vn -0.2899 0.8843 -0.3660
vn -0.3822 0.7686 -0.5131
vn -0.4707 0.7339 -0.4898
vn -0.2900 0.7959 -0.5314
vn -0.3823 0.6536 -0.6532
vn -0.4708 0.6241 -0.6236
vn -0.2902 0.6768 -0.6765
vn -0.3825 0.5135 -0.7681
vn -0.4709 0.4904 -0.7333
vn -0.2903 0.5318 -0.7956
vn -0.3825 0.3537 -0.8535
vn -0.4710 0.3377 -0.8149
vn -0.2904 0.3663 -0.8840
vn -0.3826 0.1803 -0.9061
vn -0.4711 0.1722 -0.8651
vn -0.2905 0.1868 -0.9385
vn -0.3826 -0.0000 -0.9239
vn -0.4711 -0.0000 -0.8821
vn -0.2905 -0.0000 -0.9569
vn -0.3826 -0.1803 -0.9061
vn -0.4711 -0.1722 -0.8651
vn -0.2905 -0.1868 -0.9385
vn -0.3825 -0.3537 -0.8536
vn -0.4710 -0.3378 -0.8149
vn -0.2905 -0.3663 -0.8840
vn -0.3824 -0.5135 -0.7681
vn -0.4709 -0.4903 -0.7333
vn -0.2903 -0.5318 -0.7956
vn -0.3823 -0.6536 -0.6532
vn -0.2902 -0.6768 -0.6765
vn -0.2900 -0.7959 -0.5315
vn -0.2899 -0.8843 -0.3660
vn -0.1951 -0.8156 -0.5447
vn -0.1953 -0.6936 -0.6934
vn -0.1949 -0.9062 -0.3752
vn -0.1947 -0.9621 -0.1912
vn -0.1945 -0.9809 0.0002
vn -0.0980 -0.9761 -0.1941
vn -0.0981 -0.9195 -0.3807
vn -0.0977 -0.9952 0.0001
vn -0.1943 -0.9621 0.1916
vn -0.0975 -0.9761 0.1943
vn -0.1941 -0.9062 0.3756
vn -0.0973 -0.9195 0.3809
vn -0.1939 -0.8156 0.5452
vn -0.0971 -0.8275 0.5530
vn -0.1938 -0.6936 0.6938
vn -0.0969 -0.7037 0.7038
vn -0.1936 -0.5450 0.8158
vn -0.0968 -0.5529 0.8276
vn -0.1935 -0.3754 0.9065
vn -0.0967 -0.3809 0.9196
vn -0.1934 -0.1914 0.9623
vn -0.0966 -0.1942 0.9762
vn -0.1934 -0.0000 0.9811
vn -0.0966 -0.0000 0.9953
vn -0.1934 0.1914 0.9623
vn -0.0966 0.1942 0.9762
vn -0.1935 0.3754 0.9065
vn -0.0967 0.3809 0.9196
vn -0.1936 0.5450 0.8158
vn -0.0968 0.5529 0.8276
vn -0.1937 0.6936 0.6938
vn -0.0969 0.7037 0.7038
vn -0.1939 0.8156 0.5452
vn -0.0971 0.8275 0.5530
vn -0.1941 0.9062 0.3756
vn -0.0973 0.9194 0.3810
vn -0.1943 0.9620 0.1916
vn -0.0975 0.9761 0.1943
vn -0.1945 0.9809 0.0002
vn -0.0977 0.9952 0.0001
vn -0.1947 0.9620 -0.1912
vn -0.0980 0.9761 -0.1941
vn -0.1949 0.9062 -0.3752
vn -0.0982 0.9194 -0.3808
vn -0.1951 0.8156 -0.5447
vn -0.0983 0.8275 -0.5528
vn -0.1953 0.6936 -0.6934
vn -0.0985 0.7037 -0.7036
vn -0.1954 0.5450 -0.8154
vn -0.0987 0.5529 -0.8274
vn -0.1955 0.3754 -0.9060
vn -0.0988 0.3809 -0.9193
vn -0.1956 0.1914 -0.9618
vn -0.0988 0.1942 -0.9760
vn -0.1956 -0.0000 -0.9807
vn -0.0988 -0.0000 -0.9951
vn -0.1956 -0.1914 -0.9618
vn -0.0988 -0.1942 -0.9760
vn -0.1955 -0.3754 -0.9060
vn -0.0988 -0.3809 -0.9193
vn -0.1954 -0.5450 -0.8154
vn -0.0987 -0.5529 -0.8274
vn -0.0985 -0.7037 -0.7036
vn -0.0983 -0.8275 -0.5528
vn -0.0008 -0.7071 -0.7071
vn -0.0009 -0.5556 -0.8315
vn -0.0006 -0.8315 -0.5556
vn -0.0004 -0.9239 -0.3827
vn -0.0002 -0.9808 -0.1951
vn 0.0973 -0.9195 -0.3810
vn 0.0971 -0.8275 -0.5530
vn 0.0975 -0.9761 -0.1943
vn -0.0000 -1.0000 -0.0000
vn 0.0977 -0.9952 -0.0001
vn 0.0980 -0.9761 0.1940
vn 0.0002 -0.9808 0.1951
vn 0.1947 -0.9621 0.1912
vn 0.1945 -0.9809 -0.0002
vn 0.1943 -0.9621 -0.1916
vn 0.0982 -0.9195 0.3807
vn 0.0004 -0.9239 0.3827
vn 0.1949 -0.9062 0.3751
vn 0.0983 -0.8275 0.5528
vn 0.0006 -0.8315 0.5556
vn 0.1951 -0.8156 0.5447
vn 0.0985 -0.7037 0.7036
vn 0.0008 -0.7071 0.7071
vn 0.1953 -0.6936 0.6934
vn 0.0986 -0.5529 0.8274
vn 0.0009 -0.5556 0.8315
vn 0.1954 -0.5450 0.8154
vn 0.0988 -0.3808 0.9193
vn 0.0010 -0.3827 0.9239
vn 0.1955 -0.3754 0.9060
vn 0.0988 -0.1942 0.9760
vn 0.0011 -0.1951 0.9808
vn 0.1956 -0.1914 0.9618
vn 0.0989 -0.0000 0.9951
vn 0.0011 -0.0000 1.0000
vn 0.1956 -0.0000 0.9807
vn 0.0988 0.1942 0.9760
vn 0.0011 0.1951 0.9808
vn 0.1956 0.1914 0.9618
vn 0.0988 0.3808 0.9193
vn 0.0010 0.3827 0.9239
vn 0.1955 0.3754 0.9060
vn 0.0986 0.5529 0.8274
vn 0.0009 0.5556 0.8315
vn 0.1954 0.5450 0.8154
vn 0.0985 0.7037 0.7036
vn 0.0008 0.7071 0.7071
vn 0.1953 0.6936 0.6934
vn 0.0983 0.8275 0.5528
vn 0.0006 0.8315 0.5556
vn 0.1951 0.8156 0.5447
vn 0.0982 0.9195 0.3808
vn 0.0004 0.9239 0.3827
vn 0.1949 0.9062 0.3751
vn 0.0980 0.9761 0.1941
vn 0.0002 0.9808 0.1951
vn 0.1947 0.9620 0.1912
vn 0.0977 0.9952 -0.0001
vn -0.0000 1.0000 -0.0000
vn 0.1945 0.9809 -0.0002
vn 0.0975 0.9761 -0.1943
vn -0.0002 0.9808 -0.1951
vn 0.1943 0.9620 -0.1916
vn 0.0973 0.9194 -0.3810
vn -0.0004 0.9239 -0.3827
vn 0.1941 0.9062 -0.3756
vn 0.0971 0.8275 -0.5530
vn -0.0006 0.8315 -0.5556
vn 0.1939 0.8156 -0.5452
vn 0.0969 0.7037 -0.7038
vn -0.0008 0.7071 -0.7071
vn 0.1937 0.6936 -0.6938
vn 0.0968 0.5529 -0.8276
vn -0.0009 0.5556 -0.8315
vn 0.1936 0.5450 -0.8158
vn 0.0967 0.3809 -0.9196
vn -0.0011 0.3827 -0.9239
vn 0.1935 0.3754 -0.9064
vn 0.0966 0.1941 -0.9762
vn -0.0011 0.1951 -0.9808
vn 0.1934 0.1914 -0.9623
vn 0.0966 -0.0000 -0.9953
vn -0.0011 -0.0000 -1.0000
vn 0.1934 -0.0000 -0.9811
vn 0.0966 -0.1941 -0.9762
vn -0.0011 -0.1951 -0.9808
vn 0.1935 -0.1914 -0.9623
vn 0.0967 -0.3809 -0.9196
vn -0.0011 -0.3827 -0.9239
vn 0.1935 -0.3754 -0.9064
vn 0.0968 -0.5529 -0.8276
vn 0.1936 -0.5450 -0.8158
vn 0.0969 -0.7037 -0.7038
vn 0.1937 -0.6936 -0.6938
vn 0.1939 -0.8156 -0.5452
vn 0.1941 -0.9062 -0.3756
vn 0.2888 -0.7959 -0.5321
vn 0.2887 -0.6768 -0.6772
vn 0.2890 -0.8843 -0.3666
vn 0.2892 -0.9388 -0.1871
vn 0.2894 -0.9572 -0.0003
vn 0.3814 -0.9066 -0.1808
vn 0.3812 -0.8540 -0.3542
vn 0.3816 -0.9243 -0.0004
vn 0.3818 -0.9066 0.1799
vn 0.2896 -0.9388 0.1864
vn 0.2898 -0.8843 0.3660
vn 0.3820 -0.8540 0.3533
vn 0.2900 -0.7959 0.5315
vn 0.3822 -0.7686 0.5131
vn 0.2902 -0.6768 0.6765
vn 0.3823 -0.6536 0.6532
vn 0.2903 -0.5318 0.7956
vn 0.3825 -0.5135 0.7681
vn 0.2904 -0.3663 0.8840
vn 0.3826 -0.3537 0.8535
vn 0.2905 -0.1868 0.9385
vn 0.3826 -0.1803 0.9061
vn 0.2905 -0.0000 0.9569
vn 0.3827 -0.0000 0.9239
vn 0.2905 0.1868 0.9385
vn 0.3827 0.1803 0.9061
vn 0.2904 0.3663 0.8840
vn 0.3826 0.3537 0.8535
vn 0.2903 0.5318 0.7956
vn 0.3825 0.5135 0.7681
vn 0.2902 0.6768 0.6765
vn 0.3824 0.6536 0.6532
vn 0.2900 0.7959 0.5314
vn 0.3822 0.7686 0.5131
vn 0.2898 0.8843 0.3660
vn 0.3820 0.8540 0.3533
vn 0.2896 0.9388 0.1864
vn 0.3818 0.9066 0.1799
vn 0.2894 0.9572 -0.0003
vn 0.3816 0.9243 -0.0004
vn 0.2892 0.9388 -0.1871
vn 0.3814 0.9066 -0.1808
vn 0.2890 0.8843 -0.3666
vn 0.3812 0.8540 -0.3542
vn 0.2888 0.7959 -0.5321
vn 0.3810 0.7685 -0.5140
vn 0.2887 0.6768 -0.6772
vn 0.3809 0.6536 -0.6540
vn 0.2885 0.5318 -0.7962
vn 0.3807 0.5135 -0.7690
vn 0.2884 0.3663 -0.8847
vn 0.3806 0.3537 -0.8544
vn 0.2884 0.1867 -0.9391
vn 0.3806 0.1803 -0.9070
vn 0.2883 -0.0000 -0.9575
vn 0.3806 -0.0000 -0.9248
vn 0.2884 -0.1868 -0.9391
vn 0.3806 -0.1803 -0.9070
vn 0.2884 -0.3663 -0.8847
vn 0.3806 -0.3537 -0.8544
vn 0.2886 -0.5318 -0.7962
vn 0.3807 -0.5135 -0.7690
vn 0.3809 -0.6536 -0.6540
vn 0.3810 -0.7685 -0.5140
vn 0.4694 -0.6241 -0.6246
vn 0.4693 -0.4904 -0.7344
vn 0.4696 -0.7338 -0.4909
vn 0.4697 -0.8154 -0.3383
vn 0.4699 -0.8656 -0.1727
vn 0.5538 -0.7690 -0.3192
vn 0.5536 -0.6921 -0.4631
vn 0.5540 -0.8164 -0.1630
vn 0.4701 -0.8826 -0.0005
vn 0.5542 -0.8324 -0.0006
vn 0.5543 -0.8164 0.1618
vn 0.4703 -0.8656 0.1717
vn 0.4705 -0.8154 0.3372
vn 0.5545 -0.7691 0.3179
vn 0.4707 -0.7339 0.4898
vn 0.5547 -0.6921 0.4618
vn 0.4708 -0.6241 0.6236
vn 0.5548 -0.5886 0.5880
vn 0.4709 -0.4903 0.7333
vn 0.5549 -0.4624 0.6915
vn 0.4711 -0.3378 0.8149
vn 0.5550 -0.3186 0.7684
vn 0.4711 -0.1722 0.8651
vn 0.5551 -0.1624 0.8158
vn 0.4711 -0.0000 0.8821
vn 0.5551 -0.0000 0.8318
vn 0.4711 0.1722 0.8651
vn 0.5551 0.1624 0.8158
vn 0.4711 0.3377 0.8149
vn 0.5550 0.3186 0.7684
vn 0.4710 0.4903 0.7333
vn 0.5549 0.4625 0.6915
vn 0.4708 0.6241 0.6236
vn 0.5548 0.5886 0.5880
vn 0.4707 0.7339 0.4898
vn 0.5547 0.6921 0.4618
vn 0.4705 0.8154 0.3372
vn 0.5545 0.7690 0.3179
vn 0.4703 0.8656 0.1716
vn 0.5544 0.8164 0.1618
vn 0.4701 0.8826 -0.0005
vn 0.5542 0.8324 -0.0006
vn 0.4699 0.8656 -0.1727
vn 0.5540 0.8164 -0.1630
vn 0.4697 0.8154 -0.3383
vn 0.5538 0.7690 -0.3192
vn 0.4696 0.7338 -0.4909
vn 0.5536 0.6921 -0.4631
vn 0.4694 0.6241 -0.6246
vn 0.5535 0.5886 -0.5892
vn 0.4693 0.4904 -0.7344
vn 0.5534 0.4625 -0.6927
vn 0.4692 0.3378 -0.8159
vn 0.5533 0.3186 -0.7697
vn 0.4692 0.1722 -0.8662
vn 0.5532 0.1624 -0.8170
vn 0.4691 -0.0000 -0.8831
vn 0.5532 -0.0000 -0.8330
vn 0.4692 -0.1722 -0.8662
vn 0.5532 -0.1624 -0.8170
vn 0.4692 -0.3378 -0.8159
vn 0.5533 -0.3186 -0.7697
vn 0.5534 -0.4624 -0.6927
vn 0.5535 -0.5886 -0.5892
vn 0.6322 -0.4301 -0.6445
vn 0.6321 -0.2963 -0.7160
vn 0.6323 -0.5475 -0.5482
vn 0.6324 -0.6438 -0.4309
vn 0.6326 -0.7153 -0.2970
vn 0.7051 -0.5892 -0.3945
vn 0.7050 -0.5011 -0.5019
vn 0.7053 -0.6547 -0.2720
vn 0.6327 -0.7594 -0.1517
vn 0.7054 -0.6950 -0.1390
vn 0.6329 -0.7743 -0.0007
vn 0.7056 -0.7087 -0.0008
vn 0.6331 -0.7594 0.1503
vn 0.7057 -0.6951 0.1374
vn 0.6332 -0.7153 0.2956
vn 0.7059 -0.6547 0.2704
vn 0.6334 -0.6438 0.4294
vn 0.7060 -0.5892 0.3929
vn 0.6335 -0.5475 0.5468
vn 0.7061 -0.5011 0.5003
vn 0.6336 -0.4301 0.6431
vn 0.7062 -0.3937 0.5884
vn 0.6337 -0.2963 0.7146
vn 0.7063 -0.2712 0.6539
vn 0.6337 -0.1510 0.7587
vn 0.7064 -0.1382 0.6942
vn 0.6338 -0.0000 0.7735
vn 0.7064 -0.0000 0.7079
vn 0.6337 0.1510 0.7587
vn 0.7063 0.1382 0.6942
vn 0.6337 0.2963 0.7146
vn 0.7063 0.2712 0.6539
vn 0.6336 0.4301 0.6430
vn 0.7062 0.3937 0.5884
vn 0.6335 0.5475 0.5467
vn 0.7061 0.5011 0.5003
vn 0.6334 0.6438 0.4294
vn 0.7060 0.5892 0.3929
vn 0.6332 0.7153 0.2956
vn 0.7059 0.6547 0.2704
vn 0.6330 0.7594 0.1503
vn 0.7057 0.6950 0.1375
vn 0.6329 0.7743 -0.0007
vn 0.7056 0.7086 -0.0008
vn 0.6327 0.7594 -0.1518
vn 0.7054 0.6950 -0.1390
vn 0.6325 0.7153 -0.2970
vn 0.7053 0.6547 -0.2720
vn 0.6324 0.6438 -0.4309
vn 0.7051 0.5892 -0.3945
vn 0.6323 0.5475 -0.5482
vn 0.7050 0.5011 -0.5019
vn 0.6322 0.4301 -0.6444
vn 0.7049 0.3937 -0.5900
vn 0.6321 0.2963 -0.7160
vn 0.7048 0.2712 -0.6555
vn 0.6321 0.1511 -0.7600
vn 0.7048 0.1382 -0.6958
vn 0.6321 -0.0000 -0.7749
vn 0.7048 -0.0000 -0.7094
vn 0.6321 -0.1511 -0.7600
vn 0.7048 -0.1382 -0.6958
vn 0.7048 -0.2712 -0.6555
vn 0.7049 -0.3937 -0.5900
vn 0.7708 -0.2435 -0.5887
vn 0.7708 -0.1241 -0.6249
vn 0.7709 -0.3535 -0.5299
vn 0.7710 -0.4499 -0.4507
vn 0.7711 -0.5290 -0.3543
vn 0.8296 -0.3944 -0.3953
vn 0.8295 -0.3098 -0.4646
vn 0.8297 -0.4637 -0.3107
vn 0.7713 -0.5878 -0.2443
vn 0.8298 -0.5152 -0.2144
vn 0.7714 -0.6240 -0.1250
vn 0.8299 -0.5470 -0.1097
vn 0.7715 -0.6362 -0.0009
vn 0.8300 -0.5577 -0.0009
vn 0.8302 -0.5469 0.1079
vn 0.7717 -0.6240 0.1232
vn 0.7718 -0.5878 0.2426
vn 0.8303 -0.5152 0.2125
vn 0.7719 -0.5290 0.3526
vn 0.8304 -0.4637 0.3089
vn 0.7720 -0.4499 0.4490
vn 0.8305 -0.3943 0.3934
vn 0.7721 -0.3535 0.5281
vn 0.8306 -0.3098 0.4627
vn 0.7722 -0.2435 0.5869
vn 0.8306 -0.2134 0.5143
vn 0.7722 -0.1241 0.6231
vn 0.8307 -0.1088 0.5460
vn 0.7722 -0.0000 0.6353
vn 0.8307 -0.0000 0.5568
vn 0.7722 0.1241 0.6231
vn 0.8307 0.1088 0.5460
vn 0.7722 0.2435 0.5869
vn 0.8306 0.2134 0.5143
vn 0.7721 0.3535 0.5281
vn 0.8306 0.3098 0.4627
vn 0.7720 0.4499 0.4490
vn 0.8305 0.3943 0.3934
vn 0.7719 0.5290 0.3526
vn 0.8304 0.4637 0.3089
vn 0.7718 0.5878 0.2426
vn 0.8303 0.5152 0.2125
vn 0.7717 0.6240 0.1232
vn 0.8302 0.5470 0.1079
vn 0.7715 0.6362 -0.0009
vn 0.8300 0.5577 -0.0009
vn 0.7714 0.6240 -0.1250
vn 0.8299 0.5470 -0.1097
vn 0.7712 0.5878 -0.2443
vn 0.8298 0.5152 -0.2144
vn 0.7711 0.5290 -0.3543
vn 0.8297 0.4637 -0.3108
vn 0.7710 0.4499 -0.4508
vn 0.8296 0.3944 -0.3953
vn 0.7709 0.3535 -0.5299
vn 0.8295 0.3099 -0.4647
vn 0.7708 0.2435 -0.5887
vn 0.8295 0.2134 -0.5162
vn 0.7708 0.1241 -0.6249
vn 0.8294 0.1088 -0.5479
vn 0.7708 -0.0000 -0.6371
vn 0.8294 -0.0000 -0.5586
vn 0.8294 -0.1088 -0.5479
vn 0.8295 -0.2134 -0.5162
vn 0.8801 -0.0924 -0.4656
vn 0.8801 -0.0000 -0.4747
vn 0.8802 -0.1813 -0.4387
vn 0.8802 -0.2632 -0.3949
vn 0.8803 -0.3350 -0.3360
vn 0.9224 -0.2140 -0.3214
vn 0.9224 -0.1474 -0.3570
vn 0.9225 -0.2725 -0.2735
vn 0.8803 -0.3940 -0.2642
vn 0.9226 -0.3204 -0.2151
vn 0.8804 -0.4377 -0.1823
vn 0.9226 -0.3560 -0.1485
vn 0.8805 -0.4647 -0.0934
vn 0.9227 -0.3779 -0.0762
vn 0.8806 -0.4738 -0.0010
vn 0.9228 -0.3853 -0.0010
vn 0.8807 -0.4647 0.0915
vn 0.9229 -0.3779 0.0741
vn 0.8808 -0.4377 0.1803
vn 0.9230 -0.3560 0.1464
vn 0.8809 -0.3939 0.2622
vn 0.9230 -0.3203 0.2130
vn 0.8810 -0.3350 0.3341
vn 0.9231 -0.2724 0.2715
vn 0.8811 -0.2632 0.3929
vn 0.9231 -0.2141 0.3193
vn 0.8811 -0.1813 0.4367
vn 0.9232 -0.1475 0.3550
vn 0.8812 -0.0924 0.4637
vn 0.9232 -0.0752 0.3769
vn 0.8812 -0.0000 0.4728
vn 0.9232 -0.0000 0.3842
vn 0.8812 0.0924 0.4637
vn 0.9232 0.0752 0.3769
vn 0.8811 0.1813 0.4367
vn 0.9232 0.1474 0.3550
vn 0.8811 0.2632 0.3929
vn 0.9231 0.2141 0.3193
vn 0.8810 0.3350 0.3341
vn 0.9231 0.2724 0.2715
vn 0.8809 0.3939 0.2622
vn 0.9230 0.3204 0.2130
vn 0.8808 0.4377 0.1803
vn 0.9229 0.3560 0.1464
vn 0.8807 0.4647 0.0914
vn 0.9229 0.3779 0.0741
vn 0.8806 0.4738 -0.0010
vn 0.9228 0.3853 -0.0010
vn 0.8806 0.4647 -0.0934
vn 0.9227 0.3779 -0.0762
vn 0.8804 0.4377 -0.1823
vn 0.9226 0.3560 -0.1485
vn 0.8803 0.3940 -0.2642
vn 0.9225 0.3204 -0.2151
vn 0.8803 0.3351 -0.3360
vn 0.9225 0.2725 -0.2735
vn 0.8802 0.2632 -0.3949
vn 0.9224 0.2140 -0.3214
vn 0.8802 0.1813 -0.4387
vn 0.9224 0.1474 -0.3570
vn 0.8801 0.0924 -0.4656
vn 0.9224 0.0751 -0.3789
vn 0.9224 -0.0000 -0.3863
vn 0.9224 -0.0751 -0.3789
vn 0.9557 -0.0000 -0.2942
vn 0.9558 0.0571 -0.2885
vn 0.9558 -0.0571 -0.2885
vn 0.9558 -0.1122 -0.2719
vn 0.9558 -0.1628 -0.2447
vn 0.9800 -0.0758 -0.1841
vn 0.9800 -0.0386 -0.1953
vn 0.9800 -0.1100 -0.1658
vn 0.9559 -0.2073 -0.2083
vn 0.9800 -0.1401 -0.1411
vn 0.9559 -0.2437 -0.1639
vn 0.9801 -0.1647 -0.1111
vn 0.9560 -0.2708 -0.1132
vn 0.9801 -0.1830 -0.0769
vn 0.9560 -0.2874 -0.0583
vn 0.9802 -0.1942 -0.0397
vn 0.9561 -0.2931 -0.0011
vn 0.9802 -0.1980 -0.0011
vn 0.9562 -0.2874 0.0561
vn 0.9802 -0.1942 0.0375
vn 0.9949 -0.0992 0.0185
vn 0.9949 -0.1011 -0.0009
vn 0.9949 -0.0992 -0.0207
vn 0.9803 -0.1830 0.0746
vn 0.9562 -0.2708 0.1111
vn 0.9949 -0.0933 0.0379
vn 0.9803 -0.1647 0.1088
vn 0.9563 -0.2437 0.1617
vn 0.9949 -0.0840 0.0550
vn 0.9804 -0.1400 0.1390
vn 0.9563 -0.2072 0.2062
vn 0.9950 -0.0715 0.0703
vn 0.9804 -0.1100 0.1636
vn 0.9564 -0.1629 0.2426
vn 0.9950 -0.0561 0.0830
vn 0.9804 -0.0758 0.1818
vn 0.9564 -0.1122 0.2697
vn 0.9950 -0.0387 0.0923
vn 0.9804 -0.0386 0.1932
vn 0.9564 -0.0571 0.2864
vn 0.9950 -0.0198 0.0980
vn 0.9804 -0.0000 0.1969
vn 0.9564 -0.0000 0.2920
vn 0.9950 -0.0000 0.1000
vn 0.9804 0.0386 0.1932
vn 0.9564 0.0571 0.2864
vn 0.9950 0.0198 0.0980
vn 0.9804 0.0758 0.1818
vn 0.9564 0.1122 0.2697
vn 0.9950 0.0387 0.0923
vn 0.9804 0.1100 0.1636
vn 0.9564 0.1628 0.2426
vn 0.9950 0.0561 0.0830
vn 0.9804 0.1399 0.1390
vn 0.9563 0.2072 0.2062
vn 0.9950 0.0715 0.0703
vn 0.9803 0.1647 0.1088
vn 0.9563 0.2437 0.1617
vn 0.9949 0.0840 0.0550
vn 0.9803 0.1830 0.0746
vn 0.9562 0.2708 0.1111
vn 0.9949 0.0935 0.0374
vn 0.9802 0.1942 0.0375
vn 0.9562 0.2874 0.0561
vn 0.9949 0.0992 0.0185
vn 0.9802 0.1980 -0.0011
vn 0.9561 0.2931 -0.0011
vn 0.9949 0.1011 -0.0009
vn 0.9802 0.1942 -0.0397
vn 0.9560 0.2874 -0.0583
vn 0.9949 0.0992 -0.0207
vn 0.9801 0.1830 -0.0769
vn 0.9560 0.2708 -0.1132
vn 0.9948 0.0934 -0.0397
vn 0.9801 0.1647 -0.1111
vn 0.9559 0.2437 -0.1638
vn 0.9948 0.0841 -0.0572
vn 0.9800 0.1401 -0.1411
vn 0.9559 0.2073 -0.2083
vn 0.9948 0.0715 -0.0726
vn 0.9800 0.1100 -0.1658
vn 0.9558 0.1628 -0.2447
vn 0.9948 0.0560 -0.0852
vn 0.9800 0.0758 -0.1841
vn 0.9558 0.1121 -0.2719
vn 0.9948 0.0387 -0.0945
vn 0.9800 0.0386 -0.1953
vn 0.9948 0.0198 -0.1002
vn 0.9800 -0.0000 -0.1992
vn 0.9948 -0.0000 -0.1022
vn 0.9948 -0.0195 -0.1002
vn 0.9948 -0.0387 -0.0945
vn 1.0000 -0.0000 -0.0011
vn 0.9948 -0.0934 -0.0397
vn 0.9948 -0.0841 -0.0572
vn 0.9948 -0.0715 -0.0726
vn 0.9948 -0.0560 -0.0853
vn -0.8808 -0.4377 -0.1803
vn -0.8809 -0.3939 -0.2622
vn -0.8807 -0.4647 -0.0915
vn -0.8806 -0.4738 0.0010
vn -0.9229 -0.3779 -0.0742
vn -0.9230 -0.3560 -0.1465
vn -0.9228 -0.3853 0.0010
vn -0.8805 -0.4647 0.0934
vn -0.9227 -0.3779 0.0762
vn -0.8804 -0.4377 0.1823
vn -0.9226 -0.3560 0.1485
vn -0.8803 -0.3940 0.2642
vn -0.9226 -0.3204 0.2151
vn -0.8803 -0.3350 0.3360
vn -0.9225 -0.2724 0.2735
vn -0.8802 -0.2632 0.3949
vn -0.9224 -0.2140 0.3214
vn -0.8802 -0.1813 0.4387
vn -0.9224 -0.1475 0.3570
vn -0.8801 -0.0924 0.4657
vn -0.9224 -0.0751 0.3789
vn -0.8801 -0.0000 0.4748
vn -0.9224 -0.0000 0.3863
vn -0.8801 0.0924 0.4657
vn -0.9224 0.0751 0.3789
vn -0.8802 0.1813 0.4387
vn -0.9224 0.1475 0.3570
vn -0.8802 0.2632 0.3949
vn -0.9224 0.2141 0.3214
vn -0.8803 0.3350 0.3360
vn -0.9225 0.2724 0.2735
vn -0.8803 0.3939 0.2642
vn -0.9225 0.3204 0.2151
vn -0.8804 0.4377 0.1823
vn -0.9226 0.3560 0.1485
vn -0.8806 0.4647 0.0934
vn -0.9227 0.3779 0.0762
vn -0.8806 0.4738 0.0010
vn -0.9228 0.3853 0.0010
vn -0.8807 0.4647 -0.0915
vn -0.9229 0.3779 -0.0741
vn -0.8808 0.4377 -0.1803
vn -0.9229 0.3560 -0.1464
vn -0.8809 0.3939 -0.2622
vn -0.9230 0.3204 -0.2131
vn -0.8810 0.3350 -0.3340
vn -0.9231 0.2725 -0.2714
vn -0.8811 0.2632 -0.3929
vn -0.9231 0.2141 -0.3193
vn -0.8811 0.1813 -0.4367
vn -0.9232 0.1475 -0.3549
vn -0.8812 0.0924 -0.4637
vn -0.9232 0.0752 -0.3769
vn -0.8812 -0.0000 -0.4728
vn -0.9232 -0.0000 -0.3842
vn -0.8812 -0.0924 -0.4637
vn -0.9232 -0.0752 -0.3769
vn -0.8811 -0.1813 -0.4367
vn -0.9232 -0.1475 -0.3549
vn -0.8811 -0.2632 -0.3929
vn -0.9231 -0.2141 -0.3193
vn -0.8810 -0.3350 -0.3340
vn -0.9231 -0.2725 -0.2714
vn -0.9230 -0.3204 -0.2131
vn -0.9563 -0.2437 -0.1618
vn -0.9563 -0.2072 -0.2062
vn -0.9562 -0.2708 -0.1111
vn -0.9562 -0.2874 -0.0561
vn -0.9803 -0.1830 -0.0746
vn -0.9803 -0.1647 -0.1089
vn -0.9802 -0.1942 -0.0375
vn -0.9561 -0.2931 0.0011
vn -0.9802 -0.1980 0.0011
vn -0.9560 -0.2874 0.0583
vn -0.9802 -0.1942 0.0397
vn -0.9560 -0.2708 0.1132
vn -0.9801 -0.1830 0.0770
vn -0.9559 -0.2437 0.1638
vn -0.9801 -0.1646 0.1111
vn -0.9559 -0.2072 0.2083
vn -0.9800 -0.1400 0.1411
vn -0.9558 -0.1628 0.2448
vn -0.9800 -0.1100 0.1658
vn -0.9558 -0.1123 0.2718
vn -0.9800 -0.0759 0.1840
vn -0.9558 -0.0571 0.2885
vn -0.9800 -0.0386 0.1953
vn -0.9558 -0.0000 0.2942
vn -0.9800 -0.0000 0.1992
vn -0.9558 0.0571 0.2885
vn -0.9800 0.0386 0.1953
vn -0.9558 0.1123 0.2718
vn -0.9800 0.0759 0.1840
vn -0.9558 0.1628 0.2448
vn -0.9800 0.1100 0.1658
vn -0.9559 0.2072 0.2084
vn -0.9800 0.1400 0.1411
vn -0.9559 0.2437 0.1638
vn -0.9801 0.1646 0.1111
vn -0.9560 0.2708 0.1132
vn -0.9801 0.1829 0.0770
vn -0.9560 0.2874 0.0583
vn -0.9802 0.1942 0.0397
vn -0.9561 0.2931 0.0011
vn -0.9802 0.1980 0.0011
vn -0.9562 0.2874 -0.0561
vn -0.9802 0.1942 -0.0375
vn -0.9562 0.2708 -0.1111
vn -0.9803 0.1830 -0.0746
vn -0.9563 0.2437 -0.1617
vn -0.9803 0.1647 -0.1089
vn -0.9563 0.2072 -0.2062
vn -0.9803 0.1400 -0.1390
vn -0.9564 0.1628 -0.2426
vn -0.9804 0.1099 -0.1636
vn -0.9564 0.1122 -0.2697
vn -0.9804 0.0758 -0.1819
vn -0.9564 0.0571 -0.2864
vn -0.9804 0.0387 -0.1931
vn -0.9564 -0.0000 -0.2920
vn -0.9804 -0.0000 -0.1970
vn -0.9564 -0.0571 -0.2863
vn -0.9804 -0.0386 -0.1931
vn -0.9564 -0.1122 -0.2697
vn -0.9804 -0.0758 -0.1819
vn -0.9564 -0.1629 -0.2426
vn -0.9804 -0.1100 -0.1636
vn -0.9803 -0.1400 -0.1390
vn -0.9950 -0.0715 -0.0704
vn -0.9950 -0.0560 -0.0830
vn -0.9949 -0.0841 -0.0550
vn -0.9949 -0.0935 -0.0374
vn -1.0000 -0.0000 0.0011
vn -0.9949 0.0992 0.0207
vn -0.9948 0.0935 0.0397
vn -0.9949 0.1011 0.0009
vn -0.9949 -0.0992 0.0207
vn -0.9949 -0.1011 0.0009
vn -0.9949 -0.0992 -0.0185
vn -0.9950 -0.0387 -0.0923
vn -0.9950 -0.0199 -0.0980
vn -0.9950 -0.0000 -0.1000
vn -0.9950 0.0199 -0.0980
vn -0.9950 0.0387 -0.0923
vn -0.9950 0.0560 -0.0830
vn -0.9950 0.0715 -0.0704
vn -0.9949 0.0841 -0.0550
vn -0.9949 0.0935 -0.0374
vn -0.9949 0.0992 -0.0185
vn -0.9948 0.0839 0.0575
vn -0.9948 0.0716 0.0725
vn -0.9948 0.0559 0.0851
vn -0.9948 0.0388 0.0945
vn -0.9948 0.0199 0.1002
vn -0.9948 -0.0000 0.1022
vn -0.9948 -0.0199 0.1002
vn -0.9948 -0.0388 0.0945
vn -0.9948 -0.0562 0.0851
vn -0.9948 -0.0714 0.0727
vn -0.9948 -0.0839 0.0575
vn -0.9948 -0.0933 0.0400
vn 0.5541 0.8324 -0.0006
vn 0.5543 0.8164 0.1618
vn -0.6329 0.7742 0.0007
vn 0.6329 0.7742 -0.0007
vn 0.6331 0.7593 0.1503
vn -0.4700 0.8656 0.1727
vn 0.7716 0.6240 0.1233
vn -0.3814 0.9066 0.1807
vn 0.8301 0.5577 -0.0009
vn -0.2892 0.9388 0.1870
vn 0.8807 0.4738 -0.0010
vn 0.8808 0.4646 0.0914
vn -0.1943 0.9621 0.1916
vn -0.9949 0.1010 0.0009
vn -0.9949 0.0990 0.0209
vn -0.0975 0.9761 0.1942
vn -0.9802 0.1981 0.0010
vn 0.9561 0.2875 0.0561
vn -0.9561 0.2931 0.0010
vn -0.9560 0.2874 0.0582
vn 0.9802 0.1942 0.0376
vn 0.0979 0.9761 0.1940
vn 0.9949 0.1010 -0.0012
vn 0.9949 0.0991 0.0188
vn 0.1947 0.9621 0.1911
vn -0.8805 0.4647 0.0935
vn 0.2895 0.9572 -0.0003
vn 0.2897 0.9388 0.1864
vn -0.8299 0.5469 0.1098
vn 0.0981 0.9195 0.3808
vn -0.9560 0.2708 0.1133
vn 0.9803 0.1829 0.0747
vn 0.9949 0.0933 0.0376
vn 0.1949 0.9062 0.3752
vn 0.2899 0.8843 0.3660
vn -0.8298 0.5152 0.2143
vn -0.6326 0.7153 0.2970
vn -0.4698 0.8154 0.3383
vn -0.3812 0.8540 0.3542
vn 0.8809 0.4377 0.1803
vn -0.9948 0.0933 0.0400
vn 0.9562 0.2708 0.1110
vn 0.1951 0.8156 0.5448
vn 0.2900 0.7959 0.5315
vn -0.8804 0.3939 0.2642
vn -0.8297 0.4637 0.3107
vn 0.3822 0.7685 0.5131
vn -0.7711 0.5290 0.3543
vn 0.4707 0.7338 0.4898
vn -0.6324 0.6438 0.4308
vn -0.5536 0.6921 0.4631
vn -0.4696 0.7338 0.4909
vn -0.3810 0.7685 0.5140
vn -0.9948 0.0840 0.0572
vn -0.9801 0.1646 0.1110
vn 0.9563 0.2437 0.1618
vn -0.9559 0.2437 0.1639
vn 0.9803 0.1646 0.1089
vn 0.9949 0.0840 0.0551
vn 0.3823 0.6536 0.6532
vn 0.4708 0.6241 0.6235
vn -0.7710 0.4499 0.4507
vn 0.8305 0.3944 0.3934
vn -0.2887 0.6768 0.6772
vn 0.8810 0.3350 0.3340
vn -0.9948 0.0717 0.0726
vn 0.9231 0.2724 0.2714
vn -0.9800 0.1399 0.1412
vn -0.9558 0.2072 0.2084
vn 0.9804 0.1401 0.1389
vn -0.9225 0.2725 0.2735
vn -0.8296 0.3943 0.3952
vn 0.6336 0.4301 0.6431
vn -0.6322 0.4301 0.6445
vn -0.5534 0.4625 0.6928
vn 0.7063 0.3937 0.5884
vn 0.7721 0.3534 0.5281
vn -0.3808 0.5135 0.7690
vn 0.8305 0.3098 0.4628
vn -0.9948 0.0562 0.0851
vn 0.9232 0.2141 0.3193
vn 0.9804 0.1101 0.1636
vn 0.0987 0.5529 0.8274
vn 0.9950 0.0563 0.0828
vn -0.8296 0.3098 0.4646
vn 0.3824 0.5135 0.7681
vn -0.7709 0.3535 0.5298
vn 0.4710 0.4904 0.7333
vn -0.4692 0.3378 0.8159
vn -0.2884 0.3663 0.8847
vn -0.1935 0.3754 0.9064
vn -0.9948 0.0387 0.0944
vn 0.9232 0.1474 0.3549
vn -0.9800 0.0758 0.1841
vn 0.9564 0.1121 0.2697
vn 0.0011 0.3827 0.9239
vn -0.9558 0.1121 0.2718
vn 0.9804 0.0758 0.1819
vn 0.0987 0.3809 0.9193
vn -0.9224 0.1474 0.3570
vn 0.9950 0.0387 0.0922
vn 0.3825 0.3537 0.8536
vn -0.7709 0.2434 0.5886
vn 0.4710 0.3377 0.8149
vn 0.5550 0.3185 0.7684
vn -0.5533 0.3186 0.7697
vn 0.8307 0.1088 0.5461
vn -0.2884 0.1867 0.9391
vn -0.1935 0.1914 0.9623
vn -0.9948 0.0196 0.1003
vn 0.9232 0.0751 0.3769
vn -0.0966 0.1941 0.9762
vn -0.9800 0.0386 0.1954
vn 0.9564 0.0572 0.2864
vn -0.9558 0.0572 0.2885
vn 0.9804 0.0386 0.1931
vn -0.9224 0.0752 0.3789
vn 0.9950 0.0196 0.0980
vn 0.3826 0.1803 0.9061
vn -0.7708 0.1241 0.6248
vn -0.7048 0.1383 0.6958
vn -0.6320 0.1511 0.7601
vn 0.6337 0.1511 0.7587
vn -0.5532 0.1624 0.8170
vn 0.7064 0.1383 0.6942
vn -0.4692 0.1722 0.8662
vn -0.9948 -0.0000 0.1021
vn -0.9800 -0.0000 0.1991
vn 0.9232 -0.0000 0.3843
vn -0.9558 -0.0000 0.2941
vn 0.0988 -0.0000 0.9951
vn 0.9950 -0.0000 0.0999
vn 0.3826 -0.0000 0.9239
vn -0.7048 -0.0000 0.7094
vn -0.6320 -0.0000 0.7750
vn 0.6337 -0.0000 0.7736
vn -0.5532 -0.0000 0.8330
vn 0.8307 -0.0000 0.5567
vn -0.9558 -0.0572 0.2885
vn -0.9224 -0.0752 0.3789
vn 0.9804 -0.0386 0.1931
vn 0.9950 -0.0196 0.0980
vn -0.7708 -0.1241 0.6248
vn -0.5532 -0.1624 0.8170
vn 0.7064 -0.1383 0.6942
vn -0.4692 -0.1722 0.8662
vn -0.2884 -0.1867 0.9391
vn -0.1935 -0.1914 0.9623
vn -0.9948 -0.0196 0.1003
vn -0.0966 -0.1941 0.9762
vn -0.9800 -0.0386 0.1954
vn 0.9564 -0.0572 0.2864
vn 0.3828 -0.3537 0.8534
vn -0.7709 -0.2434 0.5886
vn 0.4710 -0.3377 0.8149
vn 0.5550 -0.3185 0.7684
vn -0.5533 -0.3186 0.7697
vn -0.4692 -0.3378 0.8159
vn 0.8306 -0.2135 0.5143
vn -0.2884 -0.3663 0.8847
vn -0.1935 -0.3754 0.9064
vn -0.9948 -0.0386 0.0944
vn 0.9232 -0.1474 0.3549
vn -0.9800 -0.0758 0.1841
vn 0.9564 -0.1121 0.2697
vn 0.0011 -0.3827 0.9239
vn -0.9558 -0.1122 0.2719
vn 0.9804 -0.0758 0.1819
vn 0.0987 -0.3808 0.9194
vn 0.9950 -0.0387 0.0922
vn 0.4710 -0.4903 0.7333
vn 0.5550 -0.4625 0.6915
vn -0.6322 -0.4301 0.6445
vn -0.5534 -0.4625 0.6928
vn -0.4693 -0.4903 0.7344
vn 0.7721 -0.3534 0.5281
vn 0.8306 -0.3098 0.4628
vn 0.8811 -0.2632 0.3930
vn 0.9232 -0.2141 0.3193
vn 0.9564 -0.1628 0.2426
vn 0.0009 -0.5555 0.8315
vn 0.9804 -0.1101 0.1635
vn -0.9224 -0.2141 0.3214
vn 0.9950 -0.0560 0.0830
vn -0.8296 -0.3098 0.4646
vn 0.3824 -0.5135 0.7681
vn -0.2886 -0.6768 0.6772
vn 0.8810 -0.3350 0.3340
vn -0.1937 -0.6936 0.6938
vn -0.9948 -0.0717 0.0726
vn 0.9231 -0.2725 0.2714
vn -0.9800 -0.1399 0.1412
vn 0.9563 -0.2073 0.2062
vn -0.9558 -0.2072 0.2084
vn 0.9804 -0.1401 0.1389
vn -0.9225 -0.2725 0.2735
vn -0.8296 -0.3943 0.3952
vn 0.4709 -0.6241 0.6235
vn -0.4696 -0.7338 0.4909
vn -0.9948 -0.0840 0.0572
vn 0.9230 -0.3204 0.2130
vn 0.9563 -0.2437 0.1618
vn -0.9559 -0.2437 0.1639
vn 0.9803 -0.1646 0.1090
vn -0.9225 -0.3204 0.2151
vn 0.9949 -0.0840 0.0551
vn -0.8803 -0.3939 0.2642
vn 0.3822 -0.7685 0.5131
vn 0.4707 -0.7338 0.4898
vn -0.7052 -0.5892 0.3945
vn 0.5547 -0.6921 0.4619
vn 0.8809 -0.4377 0.1803
vn -0.0973 -0.9195 0.3810
vn -0.9801 -0.1829 0.0769
vn -0.9560 -0.2708 0.1133
vn 0.9803 -0.1829 0.0747
vn 0.0981 -0.9195 0.3807
vn 0.9949 -0.0933 0.0376
vn 0.1949 -0.9062 0.3752
vn 0.2899 -0.8843 0.3660
vn -0.8298 -0.5152 0.2143
vn -0.6326 -0.7153 0.2970
vn 0.6333 -0.7153 0.2956
vn -0.4698 -0.8154 0.3383
vn -0.3813 -0.8540 0.3541
vn -0.9560 -0.2874 0.0582
vn 0.9561 -0.2875 0.0561
vn 0.9802 -0.1942 0.0376
vn 0.0979 -0.9761 0.1940
vn 0.9949 -0.0991 0.0188
vn 0.1947 -0.9621 0.1911
vn -0.8805 -0.4647 0.0935
vn -0.8300 -0.5469 0.1097
vn -0.6328 -0.7593 0.1517
vn 0.6331 -0.7593 0.1503
vn 0.7057 -0.6950 0.1375
vn 0.7716 -0.6240 0.1233
vn -0.3814 -0.9066 0.1808
vn 0.8302 -0.5469 0.1078
vn 0.8808 -0.4646 0.0914
vn -0.9949 -0.0992 0.0206
vn 0.9949 -0.1010 -0.0012
vn -0.8301 -0.5577 0.0009
vn -0.7056 -0.7086 0.0008
vn -0.6329 -0.7742 0.0007
vn 0.6329 -0.7742 -0.0007
vn 0.7055 -0.7087 -0.0008
vn 0.8301 -0.5577 -0.0009
vn 0.8807 -0.4738 -0.0010
vn -0.9949 -0.1010 0.0009
vn -0.9802 -0.1981 0.0010
vn -0.9561 -0.2931 0.0010
vn 0.9802 -0.1981 -0.0011
vn -0.8302 -0.5470 -0.1079
vn -0.7716 -0.6240 -0.1233
vn -0.7057 -0.6950 -0.1374
vn -0.6331 -0.7594 -0.1503
vn 0.6327 -0.7593 -0.1517
vn -0.5543 -0.8164 -0.1618
vn -0.1947 -0.9621 -0.1911
vn -0.9949 -0.0991 -0.0187
vn -0.0979 -0.9761 -0.1940
vn 0.9560 -0.2875 -0.0582
vn 0.9801 -0.1943 -0.0398
vn -0.9229 -0.3778 -0.0741
vn 0.9949 -0.0991 -0.0206
vn 0.5538 -0.7691 -0.3192
vn -0.5545 -0.7691 -0.3179
vn 0.7053 -0.6547 -0.2719
vn 0.7712 -0.5878 -0.2443
vn 0.8298 -0.5152 -0.2143
vn -0.2898 -0.8843 -0.3660
vn -0.1949 -0.9062 -0.3751
vn -0.9949 -0.0938 -0.0374
vn -0.0982 -0.9195 -0.3807
vn -0.9803 -0.1829 -0.0748
vn 0.9801 -0.1829 -0.0769
vn 0.0973 -0.9195 -0.3809
vn -0.9230 -0.3559 -0.1464
vn -0.8808 -0.4377 -0.1804
vn 0.3812 -0.8540 -0.3541
vn -0.7718 -0.5878 -0.2426
vn 0.7052 -0.5892 -0.3945
vn -0.5547 -0.6921 -0.4618
vn 0.8297 -0.4637 -0.3108
vn 0.8804 -0.3939 -0.2642
vn -0.9949 -0.0840 -0.0551
vn 0.9226 -0.3203 -0.2151
vn -0.0984 -0.8275 -0.5528
vn -0.9803 -0.1646 -0.1090
vn -0.9230 -0.3204 -0.2130
vn -0.8809 -0.3940 -0.2623
vn 0.3810 -0.7686 -0.5139
vn 0.7710 -0.4498 -0.4507
vn 0.8296 -0.3943 -0.3953
vn -0.9950 -0.0715 -0.0703
vn 0.9225 -0.2724 -0.2735
vn -0.9804 -0.1401 -0.1388
vn 0.9558 -0.2073 -0.2083
vn -0.9563 -0.2073 -0.2061
vn 0.9948 -0.0714 -0.0726
vn 0.1938 -0.6936 -0.6938
vn 0.2886 -0.6768 -0.6772
vn 0.4695 -0.6241 -0.6246
vn 0.6322 -0.5475 -0.5482
vn -0.0986 -0.5529 -0.8274
vn -0.9804 -0.1100 -0.1635
vn 0.9558 -0.1628 -0.2448
vn -0.0009 -0.5555 -0.8315
vn -0.9564 -0.1628 -0.2426
vn -0.9231 -0.2140 -0.3194
vn 0.9948 -0.0560 -0.0852
vn -0.8811 -0.2632 -0.3930
vn 0.2885 -0.5318 -0.7962
vn -0.8306 -0.3098 -0.4628
vn -0.7721 -0.3534 -0.5281
vn 0.5534 -0.4625 -0.6927
vn -0.6336 -0.4302 -0.6431
vn 0.6321 -0.4302 -0.6445
vn -0.5549 -0.4625 -0.6915
vn -0.4710 -0.4903 -0.7333
vn 0.7709 -0.3534 -0.5298
vn -0.3825 -0.5135 -0.7681
vn -0.2903 -0.5318 -0.7955
vn 0.9800 -0.0758 -0.1840
vn -0.0010 -0.3827 -0.9239
vn 0.1935 -0.3754 -0.9065
vn 0.2885 -0.3663 -0.8847
vn -0.7722 -0.2434 -0.5869
vn 0.4692 -0.3377 -0.8160
vn 0.5533 -0.3185 -0.7697
vn -0.5550 -0.3186 -0.7684
vn 0.7049 -0.2712 -0.6555
vn -0.4711 -0.3378 -0.8149
vn 0.7709 -0.2435 -0.5886
vn -0.3826 -0.3537 -0.8535
vn -0.2904 -0.3663 -0.8840
vn -0.9950 -0.0386 -0.0922
vn -0.0987 -0.3809 -0.9194
vn 0.1934 -0.1914 -0.9623
vn 0.2884 -0.1867 -0.9391
vn -0.7722 -0.1242 -0.6231
vn 0.4691 -0.1722 -0.8662
vn -0.7064 -0.1383 -0.6942
vn 0.5533 -0.1624 -0.8170
vn -0.6337 -0.1510 -0.7587
vn 0.6320 -0.1510 -0.7601
vn 0.7708 -0.1241 -0.6248
vn -0.2905 -0.1867 -0.9385
vn 0.8801 -0.0925 -0.4656
vn -0.9950 -0.0196 -0.0980
vn 0.9224 -0.0752 -0.3789
vn 0.9558 -0.0572 -0.2885
vn -0.9564 -0.0572 -0.2864
vn 0.9800 -0.0387 -0.1953
vn 0.0966 -0.1942 -0.9762
vn 0.3806 -0.0000 -0.9247
vn -0.7722 -0.0000 -0.6353
vn -0.7064 -0.0000 -0.7079
vn -0.6338 -0.0000 -0.7735
vn 0.6320 -0.0000 -0.7750
vn 0.8801 -0.0000 -0.4748
vn -0.9950 -0.0000 -0.0999
vn -0.9804 -0.0000 -0.1969
vn 0.9558 -0.0000 -0.2941
vn 0.9800 -0.0000 -0.1991
vn -0.9232 -0.0000 -0.3843
vn 0.9948 -0.0000 -0.1021
vn 0.2884 -0.0000 -0.9575
vn -0.8307 -0.0000 -0.5567
vn 0.5533 0.1624 -0.8170
vn 0.6320 0.1510 -0.7601
vn -0.6337 0.1510 -0.7587
vn 0.7048 0.1383 -0.6958
vn 0.7708 0.1241 -0.6248
vn 0.8801 0.0925 -0.4657
vn -0.9950 0.0196 -0.0980
vn 0.9224 0.0752 -0.3789
vn -0.9804 0.0386 -0.1931
vn 0.9558 0.0572 -0.2885
vn -0.9564 0.0572 -0.2864
vn 0.9800 0.0387 -0.1953
vn 0.0966 0.1942 -0.9762
vn 0.9948 0.0195 -0.1002
vn -0.8307 0.1088 -0.5460
vn -0.7722 0.1242 -0.6231
vn 0.4691 0.1722 -0.8662
vn -0.7064 0.1383 -0.6942
vn 0.7049 0.2712 -0.6555
vn 0.7709 0.2435 -0.5886
vn -0.4711 0.3378 -0.8149
vn -0.3826 0.3537 -0.8535
vn -0.9950 0.0386 -0.0922
vn 0.9558 0.1122 -0.2719
vn -0.0010 0.3827 -0.9239
vn 0.9800 0.0758 -0.1840
vn 0.1935 0.3754 -0.9065
vn 0.2885 0.3663 -0.8847
vn -0.7722 0.2434 -0.5869
vn 0.4692 0.3377 -0.8160
vn 0.5533 0.3185 -0.7697
vn -0.5550 0.3186 -0.7684
vn -0.8306 0.3098 -0.4628
vn -0.7721 0.3534 -0.5281
vn -0.6336 0.4302 -0.6430
vn 0.6321 0.4302 -0.6445
vn -0.4710 0.4903 -0.7333
vn 0.7709 0.3534 -0.5299
vn 0.8295 0.3098 -0.4646
vn -0.1954 0.5449 -0.8154
vn -0.9950 0.0563 -0.0828
vn -0.9804 0.1100 -0.1635
vn 0.9558 0.1628 -0.2448
vn -0.9232 0.2140 -0.3193
vn 0.4695 0.6241 -0.6246
vn -0.6335 0.5475 -0.5468
vn 0.6322 0.5475 -0.5482
vn 0.7710 0.4499 -0.4507
vn 0.8296 0.3943 -0.3953
vn 0.8803 0.3350 -0.3360
vn -0.9950 0.0715 -0.0703
vn 0.9225 0.2724 -0.2734
vn -0.9804 0.1401 -0.1388
vn 0.9559 0.2070 -0.2083
vn -0.9563 0.2073 -0.2061
vn 0.9948 0.0714 -0.0726
vn 0.2887 0.6769 -0.6772
vn -0.8305 0.3944 -0.3934
vn 0.5537 0.6921 -0.4631
vn -0.6333 0.6438 -0.4295
vn 0.7052 0.5892 -0.3945
vn -0.4707 0.7338 -0.4898
vn -0.3822 0.7685 -0.5131
vn -0.2900 0.7959 -0.5315
vn 0.8804 0.3939 -0.2642
vn -0.9949 0.0840 -0.0551
vn 0.9226 0.3203 -0.2151
vn -0.9803 0.1646 -0.1089
vn 0.9559 0.2437 -0.1639
vn -0.9230 0.3204 -0.2130
vn 0.8298 0.5153 -0.2143
vn -0.2898 0.8843 -0.3660
vn 0.8805 0.4377 -0.1823
vn -0.9949 0.0935 -0.0375
vn -0.0982 0.9195 -0.3808
vn -0.9803 0.1829 -0.0748
vn 0.9801 0.1829 -0.0769
vn 0.0973 0.9195 -0.3810
vn -0.9230 0.3560 -0.1464
vn -0.8808 0.4377 -0.1804
vn 0.3812 0.8540 -0.3541
vn 0.4698 0.8154 -0.3383
vn 0.8805 0.4647 -0.0934
vn -0.1947 0.9621 -0.1912
vn -0.9949 0.0990 -0.0187
vn -0.0979 0.9761 -0.1940
vn 0.9560 0.2875 -0.0582
vn 0.9801 0.1943 -0.0398
vn -0.9229 0.3779 -0.0742
vn 0.9949 0.0991 -0.0210
vn 0.1943 0.9621 -0.1916
vn 0.2893 0.9388 -0.1871
vn -0.8301 0.5470 -0.1079
vn 0.3814 0.9066 -0.1807
vn -0.7716 0.6240 -0.1233
vn -0.7058 0.6950 -0.1374
vn -0.5543 0.8164 -0.1618
vn -0.4703 0.8656 -0.1716
vn -0.7063 0.3543 -0.6129
vn -0.7721 0.3181 -0.5501
vn -0.7720 0.4195 -0.4775
vn -0.7062 0.4672 -0.5320
vn -0.8306 0.2789 -0.4821
vn -0.8305 0.3677 -0.4184
vn -0.7722 0.2045 -0.6015
vn -0.8306 0.1793 -0.5271
vn -0.7063 0.2278 -0.6702
vn -0.7722 0.0830 -0.6299
vn -0.8307 0.0728 -0.5520
vn -0.7064 0.0925 -0.7018
vn -0.7722 -0.0416 -0.6340
vn -0.8307 -0.0365 -0.5555
vn -0.7064 -0.0464 -0.7063
vn -0.7722 -0.1647 -0.6137
vn -0.8307 -0.1443 -0.5377
vn -0.7063 -0.1834 -0.6837
vn -0.7722 -0.2814 -0.5697
vn -0.8306 -0.2466 -0.4992
vn -0.7063 -0.3134 -0.6348
vn -0.7721 -0.3873 -0.5039
vn -0.8305 -0.3395 -0.4415
vn -0.7062 -0.4314 -0.5614
vn -0.7720 -0.4783 -0.4187
vn -0.8304 -0.4193 -0.3668
vn -0.7061 -0.5328 -0.4664
vn -0.7718 -0.5510 -0.3173
vn -0.8304 -0.4830 -0.2779
vn -0.7060 -0.6137 -0.3535
vn -0.7717 -0.6025 -0.2037
vn -0.8303 -0.5281 -0.1783
vn -0.7058 -0.6710 -0.2270
vn -0.7716 -0.6308 -0.0822
vn -0.8301 -0.5529 -0.0719
vn -0.7057 -0.7026 -0.0917
vn -0.7715 -0.6348 0.0425
vn -0.8300 -0.5565 0.0374
vn -0.7055 -0.7071 0.0472
vn -0.7713 -0.6146 0.1655
vn -0.8299 -0.5387 0.1453
vn -0.7054 -0.6845 0.1842
vn -0.7712 -0.5706 0.2823
vn -0.8298 -0.5002 0.2476
vn -0.7052 -0.6356 0.3142
vn -0.7711 -0.5047 0.3882
vn -0.8297 -0.4424 0.3405
vn -0.7051 -0.5622 0.4322
vn -0.7710 -0.4195 0.4792
vn -0.8296 -0.3677 0.4202
vn -0.7050 -0.4673 0.5336
vn -0.7709 -0.3181 0.5518
vn -0.8295 -0.2788 0.4839
vn -0.7049 -0.3543 0.6145
vn -0.7708 -0.2045 0.6033
vn -0.8295 -0.1792 0.5290
vn -0.7048 -0.2278 0.6718
vn -0.7708 -0.0830 0.6316
vn -0.8294 -0.0728 0.5538
vn -0.7048 -0.0925 0.7034
vn -0.7708 0.0416 0.6357
vn -0.8294 0.0365 0.5574
vn -0.7048 0.0464 0.7079
vn -0.7708 0.1647 0.6154
vn -0.8295 0.1443 0.5396
vn -0.7048 0.1834 0.6853
vn -0.7709 0.2814 0.5715
vn -0.8295 0.2466 0.5011
vn -0.7049 0.3134 0.6363
vn -0.7710 0.3873 0.5056
vn -0.8296 0.3395 0.4433
vn -0.7049 0.4314 0.5630
vn -0.7710 0.4783 0.4203
vn -0.8296 0.4193 0.3686
vn -0.7051 0.5328 0.4680
vn -0.7712 0.5510 0.3190
vn -0.8297 0.4830 0.2798
vn -0.7052 0.6137 0.3551
vn -0.7713 0.6024 0.2054
vn -0.8299 0.5281 0.1802
vn -0.7053 0.6710 0.2286
vn -0.7714 0.6307 0.0839
vn -0.8300 0.5529 0.0737
vn -0.7055 0.7026 0.0933
vn -0.7716 0.6348 -0.0408
vn -0.8301 0.5565 -0.0356
vn -0.7056 0.7071 -0.0456
vn -0.7717 0.6145 -0.1638
vn -0.8302 0.5387 -0.1434
vn -0.7058 0.6845 -0.1826
vn -0.7718 0.5706 -0.2805
vn -0.8303 0.5002 -0.2457
vn -0.7059 0.6355 -0.3126
vn -0.7719 0.5047 -0.3865
vn -0.8304 0.4424 -0.3386
vn -0.7061 0.5622 -0.4306
vn -0.6334 0.6142 -0.4706
vn -0.6333 0.6944 -0.3417
vn -0.6336 0.5105 -0.5814
vn -0.6336 0.3871 -0.6698
vn -0.5549 0.5488 -0.6252
vn -0.5547 0.6604 -0.5061
vn -0.5550 0.4162 -0.7203
vn -0.6337 0.2489 -0.7325
vn -0.5550 0.2676 -0.7876
vn -0.6337 0.1010 -0.7669
vn -0.5551 0.1086 -0.8247
vn -0.6338 -0.0507 -0.7719
vn -0.5551 -0.0545 -0.8300
vn -0.6337 -0.2004 -0.7471
vn -0.5551 -0.2154 -0.8034
vn -0.6337 -0.3424 -0.6937
vn -0.5550 -0.3681 -0.7460
vn -0.6336 -0.4713 -0.6135
vn -0.5549 -0.5067 -0.6598
vn -0.6335 -0.5821 -0.5098
vn -0.5548 -0.6259 -0.5482
vn -0.6333 -0.6705 -0.3864
vn -0.5546 -0.7209 -0.4156
vn -0.6332 -0.7331 -0.2482
vn -0.5544 -0.7882 -0.2670
vn -0.6330 -0.7676 -0.1004
vn -0.5543 -0.8253 -0.1080
vn -0.6328 -0.7726 0.0514
vn -0.5541 -0.8306 0.0551
vn -0.6327 -0.7479 0.2011
vn -0.5539 -0.8041 0.2161
vn -0.6325 -0.6944 0.3432
vn -0.5537 -0.7466 0.3688
vn -0.6323 -0.6143 0.4720
vn -0.5536 -0.6604 0.5074
vn -0.6322 -0.5105 0.5828
vn -0.5534 -0.5489 0.6265
vn -0.6321 -0.3871 0.6712
vn -0.5534 -0.4162 0.7215
vn -0.6320 -0.2489 0.7339
vn -0.5533 -0.2676 0.7888
vn -0.6320 -0.1011 0.7683
vn -0.5533 -0.1087 0.8259
vn -0.6320 0.0506 0.7733
vn -0.5532 0.0545 0.8312
vn -0.6320 0.2004 0.7486
vn -0.5533 0.2154 0.8047
vn -0.6321 0.3424 0.6951
vn -0.5533 0.3682 0.7472
vn -0.6322 0.4713 0.6149
vn -0.5534 0.5067 0.6610
vn -0.6323 0.5821 0.5112
vn -0.5535 0.6258 0.5495
vn -0.6325 0.6705 0.3878
vn -0.5537 0.7209 0.4168
vn -0.6326 0.7332 0.2496
vn -0.5539 0.7882 0.2682
vn -0.6328 0.7676 0.1018
vn -0.5540 0.8253 0.1093
vn -0.6330 0.7726 -0.0499
vn -0.5542 0.8306 -0.0538
vn -0.6331 0.7478 -0.1997
vn -0.5544 0.8041 -0.2148
vn -0.5546 0.7466 -0.3675
vn -0.4706 0.7916 -0.3898
vn -0.4704 0.8525 -0.2279
vn -0.4707 0.7002 -0.5368
vn -0.4708 0.5820 -0.6631
vn -0.3822 0.7333 -0.5623
vn -0.3820 0.8290 -0.4084
vn -0.3823 0.6095 -0.6945
vn -0.4710 0.4413 -0.7638
vn -0.3824 0.4622 -0.8001
vn -0.4710 0.2837 -0.8353
vn -0.3825 0.2971 -0.8749
vn -0.2904 0.3077 -0.9061
vn -0.2903 0.4786 -0.8286
vn -0.2902 0.6311 -0.7193
vn -0.3826 0.1207 -0.9160
vn -0.4711 0.1152 -0.8745
vn -0.2905 0.1249 -0.9487
vn -0.3826 -0.0604 -0.9219
vn -0.4711 -0.0577 -0.8802
vn -0.2905 -0.0626 -0.9548
vn -0.3826 -0.2392 -0.8924
vn -0.4711 -0.2284 -0.8520
vn -0.2905 -0.2477 -0.9243
vn -0.3825 -0.4088 -0.8286
vn -0.4710 -0.3903 -0.7911
vn -0.2904 -0.4233 -0.8582
vn -0.3824 -0.5627 -0.7329
vn -0.4709 -0.5373 -0.6997
vn -0.2903 -0.5827 -0.7591
vn -0.3823 -0.6950 -0.6090
vn -0.4708 -0.6636 -0.5814
vn -0.2901 -0.7197 -0.6308
vn -0.3822 -0.8005 -0.4617
vn -0.4706 -0.7644 -0.4408
vn -0.2900 -0.8289 -0.4783
vn -0.3820 -0.8753 -0.2967
vn -0.4704 -0.8357 -0.2832
vn -0.2898 -0.9064 -0.3074
vn -0.3817 -0.9164 -0.1202
vn -0.4702 -0.8751 -0.1147
vn -0.2896 -0.9490 -0.1246
vn -0.3815 -0.9224 0.0609
vn -0.4701 -0.8807 0.0583
vn -0.2894 -0.9552 0.0629
vn -0.3814 -0.8928 0.2397
vn -0.4699 -0.8525 0.2290
vn -0.2892 -0.9246 0.2481
vn -0.3812 -0.8290 0.4092
vn -0.4697 -0.7916 0.3909
vn -0.2890 -0.8585 0.4237
vn -0.3810 -0.7333 0.5631
vn -0.4695 -0.7002 0.5378
vn -0.2888 -0.7594 0.5830
vn -0.3808 -0.6095 0.6954
vn -0.4694 -0.5819 0.6641
vn -0.2886 -0.6311 0.7200
vn -0.3807 -0.4622 0.8009
vn -0.4693 -0.4413 0.7649
vn -0.2885 -0.4786 0.8293
vn -0.3806 -0.2971 0.8757
vn -0.4692 -0.2837 0.8363
vn -0.2884 -0.3077 0.9067
vn -0.3806 -0.1206 0.9168
vn -0.4691 -0.1152 0.8756
vn -0.2884 -0.1249 0.9493
vn -0.3806 0.0604 0.9228
vn -0.4691 0.0577 0.8812
vn -0.2884 0.0626 0.9555
vn -0.3806 0.2392 0.8933
vn -0.4692 0.2284 0.8530
vn -0.2884 0.2477 0.9249
vn -0.3807 0.4088 0.8294
vn -0.4692 0.3904 0.7921
vn -0.2885 0.4234 0.8588
vn -0.3808 0.5627 0.7337
vn -0.4693 0.5373 0.7007
vn -0.2886 0.5827 0.7597
vn -0.3810 0.6949 0.6099
vn -0.4695 0.6636 0.5825
vn -0.2888 0.7197 0.6314
vn -0.3811 0.8005 0.4626
vn -0.4696 0.7644 0.4418
vn -0.2889 0.8289 0.4789
vn -0.3813 0.8753 0.2976
vn -0.4698 0.8358 0.2842
vn -0.2891 0.9064 0.3080
vn -0.3815 0.9164 0.1211
vn -0.4700 0.8750 0.1157
vn -0.2893 0.9490 0.1253
vn -0.3817 0.9224 -0.0600
vn -0.4702 0.8807 -0.0572
vn -0.2895 0.9552 -0.0623
vn -0.3818 0.8928 -0.2388
vn -0.2897 0.9246 -0.2474
vn -0.2899 0.8585 -0.4230
vn -0.2901 0.7594 -0.5824
vn -0.1950 0.8797 -0.4336
vn -0.1948 0.9475 -0.2537
vn -0.1952 0.7782 -0.5969
vn -0.1954 0.6467 -0.7373
vn -0.1955 0.4904 -0.8493
vn -0.0986 0.6562 -0.7481
vn -0.0984 0.7895 -0.6057
vn -0.0987 0.4976 -0.8618
vn -0.1956 0.3153 -0.9286
vn -0.0988 0.3199 -0.9423
vn -0.1956 0.1281 -0.9723
vn -0.0989 0.1299 -0.9866
vn -0.1956 -0.0641 -0.9786
vn -0.0988 -0.0651 -0.9930
vn -0.1956 -0.2539 -0.9473
vn -0.0988 -0.2576 -0.9612
vn -0.1955 -0.4338 -0.8795
vn -0.0987 -0.4402 -0.8925
vn -0.1953 -0.5971 -0.7780
vn -0.0986 -0.6058 -0.7895
vn -0.1952 -0.7375 -0.6465
vn -0.0985 -0.7482 -0.6561
vn -0.1951 -0.8495 -0.4903
vn -0.0983 -0.8619 -0.4975
vn -0.1949 -0.9288 -0.3151
vn -0.0981 -0.9424 -0.3198
vn -0.1947 -0.9725 -0.1278
vn -0.0979 -0.9867 -0.1298
vn -0.1944 -0.9788 0.0644
vn -0.0977 -0.9931 0.0652
vn -0.1942 -0.9475 0.2541
vn -0.0974 -0.9613 0.2577
vn -0.1940 -0.8797 0.4341
vn -0.0972 -0.8926 0.4403
vn -0.1938 -0.7782 0.5973
vn -0.0970 -0.7896 0.6060
vn -0.1937 -0.6468 0.7377
vn -0.0969 -0.6562 0.7483
vn -0.1936 -0.4905 0.8497
vn -0.0968 -0.4976 0.8620
vn -0.1935 -0.3153 0.9291
vn -0.0966 -0.3199 0.9425
vn -0.1934 -0.1280 0.9727
vn -0.0966 -0.1299 0.9868
vn -0.1934 0.0642 0.9790
vn -0.0966 0.0651 0.9932
vn -0.1934 0.2539 0.9477
vn -0.0966 0.2576 0.9614
vn -0.1935 0.4338 0.8800
vn -0.0967 0.4402 0.8927
vn -0.1936 0.5971 0.7784
vn -0.0968 0.6059 0.7897
vn -0.1938 0.7375 0.6470
vn -0.0970 0.7482 0.6563
vn -0.1939 0.8495 0.4907
vn -0.0971 0.8619 0.4977
vn -0.1942 0.9288 0.3155
vn -0.0973 0.9424 0.3200
vn -0.1944 0.9725 0.1283
vn -0.0976 0.9867 0.1300
vn -0.1946 0.9788 -0.0639
vn -0.0978 0.9931 -0.0650
vn -0.0980 0.9613 -0.2575
vn -0.0982 0.8926 -0.4401
vn -0.0003 0.9659 -0.2588
vn -0.0001 0.9979 -0.0654
vn -0.0005 0.8969 -0.4423
vn -0.0007 0.7933 -0.6088
vn -0.0008 0.6593 -0.7519
vn 0.0971 0.7895 -0.6060
vn 0.0972 0.8926 -0.4403
vn 0.0969 0.6562 -0.7484
vn -0.0010 0.5000 -0.8660
vn 0.0968 0.4976 -0.8620
vn 0.0967 0.3199 -0.9425
vn -0.0011 0.3214 -0.9469
vn 0.1935 0.3153 -0.9291
vn 0.1936 0.4905 -0.8497
vn 0.1937 0.6467 -0.7377
vn 0.0967 0.1299 -0.9868
vn -0.0011 0.1305 -0.9914
vn 0.1934 0.1280 -0.9727
vn 0.0966 -0.0651 -0.9932
vn -0.0011 -0.0654 -0.9979
vn 0.1934 -0.0641 -0.9790
vn 0.0966 -0.2576 -0.9614
vn -0.0011 -0.2588 -0.9659
vn 0.1935 -0.2539 -0.9477
vn 0.0967 -0.4402 -0.8927
vn -0.0010 -0.4423 -0.8969
vn 0.1935 -0.4338 -0.8800
vn 0.0968 -0.6058 -0.7897
vn -0.0009 -0.6087 -0.7934
vn 0.1936 -0.5971 -0.7784
vn 0.0970 -0.7482 -0.6563
vn -0.0007 -0.7518 -0.6594
vn 0.1938 -0.7375 -0.6470
vn 0.0972 -0.8619 -0.4977
vn -0.0006 -0.8660 -0.5000
vn 0.1939 -0.8495 -0.4907
vn 0.0974 -0.9424 -0.3200
vn -0.0004 -0.9469 -0.3214
vn 0.1942 -0.9288 -0.3155
vn 0.0976 -0.9867 -0.1300
vn -0.0001 -0.9914 -0.1305
vn 0.1944 -0.9725 -0.1282
vn 0.0978 -0.9931 0.0650
vn 0.0001 -0.9979 0.0654
vn 0.1946 -0.9788 0.0639
vn 0.0980 -0.9613 0.2575
vn 0.0003 -0.9659 0.2588
vn 0.1948 -0.9475 0.2537
vn 0.0982 -0.8926 0.4401
vn 0.0005 -0.8969 0.4423
vn 0.1950 -0.8797 0.4336
vn 0.0984 -0.7896 0.6057
vn 0.0007 -0.7934 0.6088
vn 0.1951 -0.7782 0.5969
vn 0.0985 -0.6562 0.7481
vn 0.0009 -0.6594 0.7518
vn 0.1953 -0.6468 0.7373
vn 0.0987 -0.4976 0.8618
vn 0.0010 -0.5000 0.8660
vn 0.1954 -0.4904 0.8493
vn 0.0988 -0.3199 0.9423
vn 0.0011 -0.3214 0.9469
vn 0.1955 -0.3153 0.9286
vn 0.0988 -0.1299 0.9866
vn 0.0011 -0.1305 0.9914
vn 0.1956 -0.1280 0.9723
vn 0.0988 0.0651 0.9930
vn 0.0011 0.0654 0.9979
vn 0.1956 0.0642 0.9786
vn 0.0988 0.2576 0.9612
vn 0.0011 0.2588 0.9659
vn 0.1955 0.2539 0.9473
vn 0.0987 0.4402 0.8925
vn 0.0010 0.4423 0.8969
vn 0.1955 0.4338 0.8795
vn 0.0986 0.6059 0.7894
vn 0.0009 0.6088 0.7933
vn 0.1954 0.5971 0.7780
vn 0.0984 0.7482 0.6561
vn 0.0007 0.7518 0.6593
vn 0.1952 0.7375 0.6465
vn 0.0983 0.8619 0.4975
vn 0.0006 0.8660 0.5000
vn 0.1950 0.8495 0.4902
vn 0.0981 0.9424 0.3198
vn 0.0004 0.9469 0.3214
vn 0.1949 0.9288 0.3151
vn 0.0979 0.9867 0.1298
vn 0.0001 0.9914 0.1305
vn 0.1947 0.9725 0.1278
vn 0.0976 0.9931 -0.0652
vn 0.1945 0.9788 -0.0644
vn 0.0974 0.9613 -0.2577
vn 0.1943 0.9475 -0.2541
vn 0.1940 0.8797 -0.4341
vn 0.1938 0.7782 -0.5974
vn 0.2890 0.8585 -0.4237
vn 0.2891 0.9246 -0.2481
vn 0.2888 0.7594 -0.5830
vn 0.2886 0.6311 -0.7200
vn 0.2885 0.4786 -0.8293
vn 0.3808 0.6095 -0.6954
vn 0.3810 0.7333 -0.5631
vn 0.3807 0.4622 -0.8009
vn 0.3806 0.2971 -0.8757
vn 0.2884 0.3077 -0.9067
vn 0.2883 0.1249 -0.9493
vn 0.3806 0.1207 -0.9168
vn 0.2883 -0.0626 -0.9555
vn 0.3806 -0.0604 -0.9228
vn 0.2884 -0.2477 -0.9249
vn 0.3806 -0.2392 -0.8933
vn 0.2885 -0.4233 -0.8588
vn 0.3807 -0.4088 -0.8294
vn 0.2886 -0.5827 -0.7597
vn 0.3808 -0.5627 -0.7337
vn 0.2887 -0.7197 -0.6314
vn 0.3809 -0.6950 -0.6099
vn 0.2889 -0.8289 -0.4789
vn 0.3811 -0.8005 -0.4626
vn 0.2891 -0.9064 -0.3080
vn 0.3813 -0.8753 -0.2976
vn 0.2893 -0.9490 -0.1253
vn 0.3815 -0.9164 -0.1211
vn 0.2895 -0.9552 0.0623
vn 0.3817 -0.9223 0.0600
vn 0.2897 -0.9246 0.2474
vn 0.3819 -0.8928 0.2388
vn 0.2899 -0.8585 0.4230
vn 0.3821 -0.8290 0.4084
vn 0.2901 -0.7594 0.5824
vn 0.3823 -0.7333 0.5622
vn 0.2903 -0.6311 0.7193
vn 0.3824 -0.6094 0.6945
vn 0.2904 -0.4786 0.8286
vn 0.3825 -0.4622 0.8001
vn 0.2904 -0.3077 0.9061
vn 0.3826 -0.2971 0.8748
vn 0.2905 -0.1250 0.9487
vn 0.3826 -0.1206 0.9160
vn 0.2905 0.0626 0.9548
vn 0.3827 0.0605 0.9219
vn 0.2905 0.2478 0.9243
vn 0.3827 0.2392 0.8924
vn 0.2904 0.4234 0.8582
vn 0.3826 0.4088 0.8286
vn 0.2903 0.5827 0.7591
vn 0.3824 0.5627 0.7329
vn 0.2901 0.7197 0.6308
vn 0.3823 0.6949 0.6090
vn 0.2900 0.8290 0.4783
vn 0.3821 0.8005 0.4617
vn 0.2898 0.9064 0.3074
vn 0.3819 0.8753 0.2967
vn 0.2896 0.9490 0.1246
vn 0.3817 0.9164 0.1202
vn 0.2893 0.9552 -0.0629
vn 0.3815 0.9224 -0.0609
vn 0.3813 0.8928 -0.2397
vn 0.3811 0.8290 -0.4093
vn 0.4699 0.8525 -0.2290
vn 0.4701 0.8807 -0.0582
vn 0.4697 0.7916 -0.3909
vn 0.4695 0.7002 -0.5378
vn 0.4694 0.5820 -0.6641
vn 0.5536 0.6604 -0.5074
vn 0.5538 0.7466 -0.3688
vn 0.5535 0.5488 -0.6264
vn 0.4693 0.4413 -0.7649
vn 0.5534 0.4162 -0.7215
vn 0.5533 0.2676 -0.7889
vn 0.4692 0.2837 -0.8363
vn 0.4692 0.1152 -0.8756
vn 0.5532 0.1086 -0.8259
vn 0.4692 -0.0577 -0.8812
vn 0.5532 -0.0544 -0.8313
vn 0.4692 -0.2284 -0.8530
vn 0.5533 -0.2155 -0.8047
vn 0.4693 -0.3904 -0.7921
vn 0.5533 -0.3682 -0.7472
vn 0.4694 -0.5373 -0.7007
vn 0.5534 -0.5067 -0.6610
vn 0.4695 -0.6636 -0.5825
vn 0.5535 -0.6258 -0.5495
vn 0.4696 -0.7644 -0.4418
vn 0.5537 -0.7209 -0.4168
vn 0.4698 -0.8357 -0.2842
vn 0.5539 -0.7882 -0.2682
vn 0.4700 -0.8750 -0.1157
vn 0.5540 -0.8253 -0.1093
vn 0.4702 -0.8807 0.0572
vn 0.5542 -0.8306 0.0538
vn 0.4704 -0.8525 0.2279
vn 0.5544 -0.8041 0.2148
vn 0.4706 -0.7916 0.3898
vn 0.5545 -0.7466 0.3676
vn 0.4708 -0.7002 0.5367
vn 0.5547 -0.6604 0.5061
vn 0.4709 -0.5819 0.6630
vn 0.5549 -0.5489 0.6252
vn 0.4710 -0.4413 0.7638
vn 0.5550 -0.4162 0.7203
vn 0.4711 -0.2837 0.8352
vn 0.5550 -0.2676 0.7876
vn 0.4711 -0.1152 0.8745
vn 0.5551 -0.1086 0.8247
vn 0.4711 0.0577 0.8802
vn 0.5551 0.0545 0.8300
vn 0.4711 0.2284 0.8520
vn 0.5550 0.2154 0.8034
vn 0.4710 0.3903 0.7910
vn 0.5550 0.3682 0.7460
vn 0.4709 0.5373 0.6997
vn 0.5549 0.5067 0.6598
vn 0.4708 0.6636 0.5814
vn 0.5548 0.6258 0.5482
vn 0.4706 0.7643 0.4408
vn 0.5546 0.7209 0.4156
vn 0.4704 0.8358 0.2832
vn 0.5545 0.7882 0.2669
vn 0.4703 0.8750 0.1147
vn 0.5543 0.8253 0.1080
vn 0.5541 0.8306 -0.0550
vn 0.5539 0.8040 -0.2161
vn 0.6329 0.7726 -0.0513
vn 0.6330 0.7676 0.1004
vn 0.6327 0.7478 -0.2011
vn 0.6325 0.6944 -0.3432
vn 0.6324 0.6142 -0.4720
vn 0.7052 0.6356 -0.3142
vn 0.7054 0.6845 -0.1842
vn 0.7051 0.5622 -0.4322
vn 0.6322 0.5105 -0.5828
vn 0.7050 0.4672 -0.5336
vn 0.6321 0.3871 -0.6712
vn 0.7049 0.3543 -0.6145
vn 0.6321 0.2489 -0.7339
vn 0.7048 0.2278 -0.6718
vn 0.6320 0.1010 -0.7683
vn 0.7048 0.0925 -0.7033
vn 0.6320 -0.0506 -0.7733
vn 0.7048 -0.0463 -0.7079
vn 0.6321 -0.2004 -0.7486
vn 0.7048 -0.1834 -0.6852
vn 0.6321 -0.3425 -0.6951
vn 0.7049 -0.3134 -0.6363
vn 0.6322 -0.4713 -0.6150
vn 0.7050 -0.4314 -0.5630
vn 0.6323 -0.5821 -0.5112
vn 0.7051 -0.5328 -0.4680
vn 0.6324 -0.6705 -0.3878
vn 0.7052 -0.6137 -0.3551
vn 0.6326 -0.7332 -0.2496
vn 0.7053 -0.6710 -0.2286
vn 0.6328 -0.7676 -0.1018
vn 0.7055 -0.7026 -0.0933
vn 0.6329 -0.7726 0.0499
vn 0.7056 -0.7071 0.0456
vn 0.6331 -0.7479 0.1997
vn 0.7058 -0.6845 0.1826
vn 0.6333 -0.6944 0.3417
vn 0.7059 -0.6355 0.3126
vn 0.6334 -0.6143 0.4706
vn 0.7061 -0.5622 0.4306
vn 0.6335 -0.5105 0.5814
vn 0.7062 -0.4672 0.5320
vn 0.6336 -0.3871 0.6698
vn 0.7063 -0.3543 0.6129
vn 0.6337 -0.2489 0.7324
vn 0.7063 -0.2278 0.6702
vn 0.6338 -0.1011 0.7669
vn 0.7064 -0.0925 0.7018
vn 0.6338 0.0506 0.7719
vn 0.7064 0.0463 0.7063
vn 0.6337 0.2004 0.7472
vn 0.7063 0.1834 0.6837
vn 0.6336 0.3424 0.6937
vn 0.7063 0.3134 0.6348
vn 0.6336 0.4713 0.6135
vn 0.7062 0.4314 0.5614
vn 0.6334 0.5821 0.5098
vn 0.7061 0.5328 0.4665
vn 0.6333 0.6705 0.3864
vn 0.7060 0.6137 0.3535
vn 0.6332 0.7332 0.2482
vn 0.7058 0.6710 0.2270
vn 0.7057 0.7026 0.0917
vn 0.7056 0.7071 -0.0471
vn 0.7716 0.6308 0.0822
vn 0.7718 0.6024 0.2036
vn 0.7715 0.6348 -0.0425
vn 0.7713 0.6145 -0.1655
vn 0.7712 0.5706 -0.2822
vn 0.8299 0.5387 -0.1453
vn 0.8300 0.5565 -0.0374
vn 0.8298 0.5002 -0.2475
vn 0.7711 0.5047 -0.3882
vn 0.8297 0.4424 -0.3405
vn 0.7710 0.4195 -0.4792
vn 0.8296 0.3677 -0.4202
vn 0.7709 0.3181 -0.5518
vn 0.8295 0.2789 -0.4839
vn 0.8294 0.1792 -0.5291
vn 0.7709 0.2045 -0.6033
vn 0.7708 0.0830 -0.6316
vn 0.8294 0.0728 -0.5539
vn 0.7708 -0.0416 -0.6357
vn 0.8294 -0.0365 -0.5574
vn 0.7708 -0.1647 -0.6154
vn 0.8294 -0.1443 -0.5396
vn 0.7709 -0.2814 -0.5715
vn 0.8295 -0.2466 -0.5011
vn 0.7709 -0.3873 -0.5056
vn 0.8295 -0.3395 -0.4434
vn 0.7710 -0.4783 -0.4203
vn 0.8296 -0.4193 -0.3686
vn 0.7712 -0.5509 -0.3190
vn 0.8297 -0.4830 -0.2798
vn 0.7713 -0.6024 -0.2054
vn 0.8299 -0.5281 -0.1802
vn 0.7714 -0.6308 -0.0839
vn 0.8300 -0.5529 -0.0737
vn 0.7716 -0.6349 0.0407
vn 0.8301 -0.5565 0.0355
vn 0.7717 -0.6146 0.1638
vn 0.8302 -0.5387 0.1434
vn 0.7718 -0.5706 0.2806
vn 0.8303 -0.5002 0.2458
vn 0.7720 -0.5048 0.3864
vn 0.8304 -0.4424 0.3386
vn 0.7721 -0.4195 0.4774
vn 0.8305 -0.3677 0.4184
vn 0.7722 -0.3181 0.5501
vn 0.8306 -0.2788 0.4820
vn 0.7722 -0.2045 0.6016
vn 0.8306 -0.1793 0.5271
vn 0.7722 -0.0830 0.6299
vn 0.8307 -0.0728 0.5520
vn 0.7722 0.0416 0.6340
vn 0.8307 0.0365 0.5556
vn 0.7722 0.1646 0.6137
vn 0.8307 0.1443 0.5378
vn 0.7721 0.2814 0.5698
vn 0.8306 0.2467 0.4992
vn 0.7721 0.3873 0.5039
vn 0.8306 0.3395 0.4415
vn 0.7720 0.4783 0.4186
vn 0.8305 0.4193 0.3668
vn 0.7719 0.5510 0.3172
vn 0.8304 0.4830 0.2779
vn 0.8303 0.5281 0.1783
vn 0.8301 0.5529 0.0719
vn 0.8808 0.4486 0.1513
vn 0.8809 0.4103 0.2359
vn 0.8807 0.4697 0.0609
vn 0.8806 0.4728 -0.0320
vn 0.8805 0.4576 -0.1236
vn 0.9228 0.3845 -0.0262
vn 0.9228 0.3820 0.0493
vn 0.9227 0.3722 -0.1007
vn 0.8804 0.4249 -0.2105
vn 0.9226 0.3455 -0.1714
vn 0.8803 0.3759 -0.2894
vn 0.9225 0.3057 -0.2356
vn 0.8802 0.3124 -0.3572
vn 0.9225 0.2541 -0.2907
vn 0.8802 0.2369 -0.4113
vn 0.9224 0.1926 -0.3347
vn 0.8801 0.1523 -0.4496
vn 0.9224 0.1238 -0.3659
vn 0.8801 0.0618 -0.4707
vn 0.9224 0.0502 -0.3830
vn 0.8801 -0.0310 -0.4737
vn 0.9224 -0.0252 -0.3855
vn 0.8801 -0.1226 -0.4586
vn 0.9224 -0.0997 -0.3732
vn 0.8802 -0.2095 -0.4259
vn 0.9224 -0.1704 -0.3466
vn 0.8802 -0.2884 -0.3768
vn 0.9225 -0.2345 -0.3067
vn 0.8803 -0.3562 -0.3133
vn 0.9225 -0.2897 -0.2551
vn 0.8804 -0.4103 -0.2379
vn 0.9226 -0.3337 -0.1937
vn 0.8805 -0.4487 -0.1533
vn 0.9227 -0.3648 -0.1249
vn 0.8806 -0.4698 -0.0628
vn 0.9227 -0.3820 -0.0513
vn 0.8807 -0.4728 0.0300
vn 0.9228 -0.3845 0.0242
vn 0.8808 -0.4576 0.1216
vn 0.9229 -0.3722 0.0987
vn 0.8809 -0.4249 0.2086
vn 0.9230 -0.3456 0.1694
vn 0.8810 -0.3759 0.2874
vn 0.9231 -0.3057 0.2335
vn 0.8810 -0.3124 0.3552
vn 0.9231 -0.2540 0.2887
vn 0.8811 -0.2369 0.4093
vn 0.9232 -0.1926 0.3327
vn 0.8811 -0.1523 0.4476
vn 0.9232 -0.1238 0.3638
vn 0.8812 -0.0619 0.4687
vn 0.9232 -0.0503 0.3809
vn 0.8812 0.0309 0.4718
vn 0.9232 0.0251 0.3834
vn 0.8812 0.1227 0.4566
vn 0.9232 0.0998 0.3711
vn 0.8811 0.2096 0.4239
vn 0.9232 0.1705 0.3445
vn 0.8811 0.2884 0.3749
vn 0.9231 0.2345 0.3047
vn 0.8810 0.3562 0.3114
vn 0.9231 0.2897 0.2531
vn 0.9230 0.3337 0.1916
vn 0.9229 0.3649 0.1228
vn 0.9563 0.2538 0.1454
vn 0.9563 0.2203 0.1922
vn 0.9562 0.2776 0.0931
vn 0.9561 0.2906 0.0372
vn 0.9561 0.2925 -0.0202
vn 0.9802 0.1963 0.0248
vn 0.9803 0.1875 0.0625
vn 0.9802 0.1976 -0.0140
vn 0.9560 0.2831 -0.0770
vn 0.9801 0.1913 -0.0524
vn 0.9559 0.2628 -0.1307
vn 0.9801 0.1776 -0.0888
vn 0.9559 0.2325 -0.1795
vn 0.9801 0.1571 -0.1216
vn 0.9558 0.1933 -0.2214
vn 0.9800 0.1306 -0.1499
vn 0.9558 0.1465 -0.2549
vn 0.9800 0.0990 -0.1726
vn 0.9558 0.0941 -0.2786
vn 0.9800 0.0636 -0.1887
vn 0.9948 0.0325 -0.0969
vn 0.9948 0.0506 -0.0886
vn 0.9948 0.0668 -0.0770
vn 0.9800 0.0258 -0.1975
vn 0.9558 0.0382 -0.2917
vn 0.9948 0.0133 -0.1013
vn 0.9800 -0.0129 -0.1988
vn 0.9558 -0.0191 -0.2935
vn 0.9948 -0.0066 -0.1020
vn 0.9800 -0.0512 -0.1924
vn 0.9558 -0.0758 -0.2842
vn 0.9948 -0.0263 -0.0987
vn 0.9800 -0.0876 -0.1787
vn 0.9558 -0.1296 -0.2639
vn 0.9948 -0.0447 -0.0918
vn 0.9800 -0.1205 -0.1583
vn 0.9558 -0.1784 -0.2336
vn 0.9948 -0.0614 -0.0814
vn 0.9800 -0.1489 -0.1317
vn 0.9559 -0.2203 -0.1943
vn 0.9948 -0.0760 -0.0678
vn 0.9801 -0.1715 -0.1001
vn 0.9559 -0.2538 -0.1476
vn 0.9948 -0.0876 -0.0516
vn 0.9801 -0.1875 -0.0647
vn 0.9560 -0.2775 -0.0953
vn 0.9948 -0.0956 -0.0338
vn 0.9802 -0.1963 -0.0270
vn 0.9560 -0.2906 -0.0393
vn 0.9949 -0.1002 -0.0144
vn 0.9802 -0.1976 0.0118
vn 0.9561 -0.2924 0.0181
vn 0.9949 -0.1009 0.0054
vn 0.9803 -0.1913 0.0502
vn 0.9562 -0.2831 0.0748
vn 0.9949 -0.0976 0.0252
vn 0.9803 -0.1776 0.0866
vn 0.9562 -0.2628 0.1286
vn 0.9949 -0.0906 0.0437
vn 0.9803 -0.1571 0.1194
vn 0.9563 -0.2325 0.1773
vn 0.9949 -0.0802 0.0604
vn 0.9804 -0.1306 0.1477
vn 0.9563 -0.1933 0.2193
vn 0.9950 -0.0668 0.0748
vn 0.9804 -0.0990 0.1704
vn 0.9564 -0.1466 0.2527
vn 0.9950 -0.0505 0.0864
vn 0.9804 -0.0636 0.1865
vn 0.9564 -0.0942 0.2765
vn 0.9950 -0.0325 0.0946
vn 0.9804 -0.0259 0.1953
vn 0.9564 -0.0383 0.2895
vn 0.9950 -0.0131 0.0991
vn 0.9804 0.0129 0.1965
vn 0.9564 0.0196 0.2915
vn 0.9950 0.0065 0.0998
vn 0.9804 0.0513 0.1902
vn 0.9564 0.0759 0.2820
vn 0.9950 0.0263 0.0965
vn 0.9804 0.0876 0.1765
vn 0.9564 0.1297 0.2618
vn 0.9950 0.0449 0.0895
vn 0.9804 0.1205 0.1561
vn 0.9563 0.1784 0.2315
vn 0.9950 0.0614 0.0792
vn 0.9803 0.1488 0.1295
vn 0.9950 0.0758 0.0657
vn 0.9803 0.1715 0.0979
vn 0.9949 0.0876 0.0492
vn 0.9949 0.0957 0.0315
vn 0.9949 0.1002 0.0122
vn 0.9948 0.0802 -0.0626
vn 0.9948 0.0907 -0.0455
vn 0.9949 0.0976 -0.0274
vn 0.9949 0.1008 -0.0076
vn -0.8810 0.3758 -0.2874
vn -0.8809 0.4249 -0.2085
vn -0.8811 0.3124 -0.3552
vn -0.8811 0.2369 -0.4093
vn -0.9231 0.2541 -0.2886
vn -0.9231 0.3057 -0.2335
vn -0.9232 0.1927 -0.3326
vn -0.8811 0.1523 -0.4476
vn -0.9232 0.1238 -0.3638
vn -0.8812 0.0618 -0.4687
vn -0.9232 0.0502 -0.3810
vn -0.8812 -0.0310 -0.4718
vn -0.9232 -0.0252 -0.3835
vn -0.8811 -0.1226 -0.4567
vn -0.9232 -0.0997 -0.3712
vn -0.8811 -0.2095 -0.4240
vn -0.9232 -0.1704 -0.3445
vn -0.8811 -0.2884 -0.3749
vn -0.9231 -0.2345 -0.3047
vn -0.8810 -0.3562 -0.3114
vn -0.9231 -0.2896 -0.2530
vn -0.8809 -0.4103 -0.2359
vn -0.9230 -0.3337 -0.1916
vn -0.8808 -0.4486 -0.1513
vn -0.9229 -0.3649 -0.1228
vn -0.8807 -0.4697 -0.0608
vn -0.9229 -0.3820 -0.0492
vn -0.8806 -0.4727 0.0320
vn -0.9228 -0.3845 0.0262
vn -0.8805 -0.4576 0.1236
vn -0.9227 -0.3722 0.1007
vn -0.8804 -0.4249 0.2105
vn -0.9226 -0.3456 0.1715
vn -0.8803 -0.3759 0.2894
vn -0.9225 -0.3057 0.2355
vn -0.8802 -0.3124 0.3572
vn -0.9225 -0.2541 0.2907
vn -0.8802 -0.2369 0.4113
vn -0.9224 -0.1926 0.3347
vn -0.8802 -0.1523 0.4496
vn -0.9224 -0.1238 0.3659
vn -0.8801 -0.0618 0.4707
vn -0.9224 -0.0503 0.3830
vn -0.8801 0.0310 0.4737
vn -0.9224 0.0252 0.3855
vn -0.8801 0.1226 0.4586
vn -0.9224 0.0997 0.3732
vn -0.8802 0.2095 0.4259
vn -0.9224 0.1704 0.3466
vn -0.8802 0.2884 0.3768
vn -0.9225 0.2346 0.3067
vn -0.8803 0.3562 0.3134
vn -0.9225 0.2897 0.2551
vn -0.8804 0.4103 0.2379
vn -0.9226 0.3337 0.1937
vn -0.8805 0.4486 0.1533
vn -0.9227 0.3648 0.1249
vn -0.8806 0.4697 0.0628
vn -0.9227 0.3820 0.0513
vn -0.8807 0.4728 -0.0300
vn -0.9228 0.3845 -0.0242
vn -0.8808 0.4576 -0.1216
vn -0.9229 0.3722 -0.0987
vn -0.9230 0.3455 -0.1694
vn -0.9562 0.2629 -0.1286
vn -0.9562 0.2831 -0.0748
vn -0.9563 0.2325 -0.1774
vn -0.9563 0.1933 -0.2193
vn -0.9803 0.1571 -0.1195
vn -0.9803 0.1776 -0.0866
vn -0.9804 0.1306 -0.1477
vn -0.9564 0.1466 -0.2527
vn -0.9804 0.0990 -0.1704
vn -0.9564 0.0941 -0.2765
vn -0.9804 0.0636 -0.1865
vn -0.9564 0.0382 -0.2895
vn -0.9804 0.0258 -0.1953
vn -0.9564 -0.0191 -0.2914
vn -0.9804 -0.0130 -0.1965
vn -0.9564 -0.0758 -0.2820
vn -0.9804 -0.0512 -0.1902
vn -0.9564 -0.1297 -0.2618
vn -0.9804 -0.0876 -0.1765
vn -0.9563 -0.1784 -0.2315
vn -0.9804 -0.1205 -0.1560
vn -0.9563 -0.2203 -0.1922
vn -0.9803 -0.1489 -0.1294
vn -0.9563 -0.2538 -0.1455
vn -0.9803 -0.1715 -0.0979
vn -0.9562 -0.2775 -0.0931
vn -0.9803 -0.1875 -0.0626
vn -0.9561 -0.2906 -0.0372
vn -0.9802 -0.1964 -0.0248
vn -0.9561 -0.2925 0.0202
vn -0.9802 -0.1976 0.0141
vn -0.9560 -0.2831 0.0769
vn -0.9801 -0.1913 0.0524
vn -0.9559 -0.2629 0.1308
vn -0.9801 -0.1776 0.0887
vn -0.9559 -0.2326 0.1795
vn -0.9801 -0.1571 0.1216
vn -0.9558 -0.1933 0.2214
vn -0.9800 -0.1306 0.1499
vn -0.9558 -0.1465 0.2549
vn -0.9800 -0.0990 0.1726
vn -0.9558 -0.0941 0.2786
vn -0.9800 -0.0636 0.1886
vn -0.9558 -0.0383 0.2917
vn -0.9800 -0.0257 0.1972
vn -0.9558 0.0191 0.2935
vn -0.9800 0.0129 0.1988
vn -0.9558 0.0758 0.2842
vn -0.9800 0.0512 0.1924
vn -0.9558 0.1297 0.2639
vn -0.9800 0.0876 0.1787
vn -0.9558 0.1784 0.2336
vn -0.9800 0.1206 0.1582
vn -0.9559 0.2203 0.1944
vn -0.9800 0.1489 0.1317
vn -0.9559 0.2538 0.1476
vn -0.9801 0.1716 0.1000
vn -0.9560 0.2775 0.0952
vn -0.9801 0.1876 0.0647
vn -0.9560 0.2906 0.0394
vn -0.9802 0.1963 0.0270
vn -0.9561 0.2925 -0.0181
vn -0.9802 0.1976 -0.0118
vn -0.9803 0.1913 -0.0502
vn -0.9949 0.0976 -0.0252
vn -0.9949 0.1008 -0.0054
vn -0.9949 0.0906 -0.0437
vn -0.9949 0.0802 -0.0605
vn -0.9948 -0.0666 0.0771
vn -0.9948 -0.0802 0.0626
vn -0.9948 -0.0506 0.0886
vn -0.9950 0.0325 -0.0946
vn -0.9950 0.0505 -0.0864
vn -0.9950 0.0668 -0.0748
vn -0.9949 0.1002 0.0144
vn -0.9948 0.0957 0.0335
vn -0.9948 0.0876 0.0516
vn -0.9948 0.0760 0.0678
vn -0.9948 0.0614 0.0813
vn -0.9948 0.0448 0.0917
vn -0.9948 0.0263 0.0987
vn -0.9948 0.0066 0.1020
vn -0.9948 -0.0133 0.1014
vn -0.9948 -0.0327 0.0968
vn -0.9948 -0.0907 0.0458
vn -0.9949 -0.0976 0.0271
vn -0.9949 -0.1008 0.0078
vn -0.9949 -0.1002 -0.0122
vn -0.9949 -0.0957 -0.0315
vn -0.9949 -0.0875 -0.0495
vn -0.9950 -0.0760 -0.0655
vn -0.9950 -0.0616 -0.0790
vn -0.9950 -0.0447 -0.0895
vn -0.9950 -0.0263 -0.0966
vn -0.9950 -0.0065 -0.0997
vn -0.9950 0.0133 -0.0991
vn -0.7063 -0.3543 -0.6129
vn -0.7721 -0.3181 -0.5501
vn -0.7722 -0.2045 -0.6016
vn -0.7063 -0.2278 -0.6702
vn -0.8306 -0.2788 -0.4820
vn -0.8307 -0.1793 -0.5271
vn -0.7721 -0.4195 -0.4775
vn -0.8305 -0.3677 -0.4184
vn -0.7062 -0.4672 -0.5320
vn -0.7720 -0.5048 -0.3864
vn -0.8304 -0.4424 -0.3386
vn -0.7061 -0.5622 -0.4306
vn -0.7718 -0.5706 -0.2806
vn -0.8303 -0.5002 -0.2457
vn -0.7059 -0.6355 -0.3126
vn -0.7717 -0.6146 -0.1638
vn -0.8302 -0.5387 -0.1434
vn -0.7058 -0.6845 -0.1826
vn -0.7716 -0.6349 -0.0407
vn -0.8301 -0.5565 -0.0355
vn -0.7056 -0.7071 -0.0456
vn -0.7714 -0.6308 0.0839
vn -0.8300 -0.5529 0.0737
vn -0.7055 -0.7026 0.0933
vn -0.7713 -0.6024 0.2054
vn -0.8299 -0.5281 0.1802
vn -0.7053 -0.6710 0.2286
vn -0.7711 -0.5510 0.3190
vn -0.8297 -0.4830 0.2798
vn -0.7052 -0.6137 0.3551
vn -0.7710 -0.4783 0.4204
vn -0.8296 -0.4193 0.3686
vn -0.7051 -0.5328 0.4680
vn -0.7709 -0.3873 0.5056
vn -0.8296 -0.3395 0.4434
vn -0.7050 -0.4314 0.5630
vn -0.7709 -0.2814 0.5715
vn -0.8295 -0.2466 0.5011
vn -0.7049 -0.3134 0.6363
vn -0.7708 -0.1647 0.6154
vn -0.8294 -0.1443 0.5396
vn -0.7048 -0.1834 0.6853
vn -0.7708 -0.0416 0.6357
vn -0.8294 -0.0365 0.5574
vn -0.7048 -0.0464 0.7079
vn -0.7708 0.0831 0.6316
vn -0.8294 0.0728 0.5539
vn -0.7048 0.0925 0.7033
vn -0.7708 0.2045 0.6033
vn -0.8294 0.1792 0.5291
vn -0.7049 0.2278 0.6718
vn -0.7709 0.3181 0.5518
vn -0.8295 0.2788 0.4839
vn -0.7049 0.3543 0.6145
vn -0.7710 0.4195 0.4792
vn -0.8296 0.3677 0.4202
vn -0.7050 0.4673 0.5336
vn -0.7711 0.5047 0.3882
vn -0.8297 0.4424 0.3404
vn -0.7051 0.5622 0.4322
vn -0.7712 0.5706 0.2823
vn -0.8298 0.5002 0.2476
vn -0.7052 0.6356 0.3142
vn -0.7713 0.6146 0.1655
vn -0.8299 0.5387 0.1453
vn -0.7054 0.6845 0.1842
vn -0.7715 0.6349 0.0425
vn -0.8300 0.5565 0.0374
vn -0.7055 0.7071 0.0471
vn -0.7716 0.6308 -0.0822
vn -0.8301 0.5529 -0.0719
vn -0.7057 0.7026 -0.0917
vn -0.7718 0.6024 -0.2036
vn -0.8303 0.5281 -0.1783
vn -0.7058 0.6710 -0.2270
vn -0.7719 0.5510 -0.3172
vn -0.8304 0.4830 -0.2779
vn -0.7060 0.6137 -0.3535
vn -0.7720 0.4783 -0.4186
vn -0.8305 0.4193 -0.3668
vn -0.7061 0.5328 -0.4665
vn -0.7721 0.3873 -0.5039
vn -0.8306 0.3395 -0.4415
vn -0.7062 0.4314 -0.5614
vn -0.7722 0.2814 -0.5697
vn -0.8306 0.2467 -0.4992
vn -0.7063 0.3134 -0.6348
vn -0.7722 0.1646 -0.6137
vn -0.8306 0.1443 -0.5378
vn -0.7063 0.1834 -0.6837
vn -0.7722 0.0416 -0.6340
vn -0.8307 0.0365 -0.5556
vn -0.7064 0.0463 -0.7063
vn -0.7722 -0.0830 -0.6299
vn -0.8307 -0.0728 -0.5520
vn -0.7064 -0.0925 -0.7018
vn -0.6338 -0.1011 -0.7669
vn -0.6338 0.0506 -0.7719
vn -0.6337 -0.2489 -0.7324
vn -0.6336 -0.3871 -0.6698
vn -0.5550 -0.2676 -0.7876
vn -0.5551 -0.1087 -0.8247
vn -0.5550 -0.4162 -0.7203
vn -0.6335 -0.5105 -0.5814
vn -0.5548 -0.5489 -0.6252
vn -0.6334 -0.6143 -0.4706
vn -0.5547 -0.6604 -0.5061
vn -0.6333 -0.6944 -0.3417
vn -0.5545 -0.7466 -0.3676
vn -0.6331 -0.7479 -0.1997
vn -0.5544 -0.8040 -0.2148
vn -0.6329 -0.7726 -0.0499
vn -0.5542 -0.8306 -0.0538
vn -0.6328 -0.7676 0.1018
vn -0.5540 -0.8253 0.1093
vn -0.6326 -0.7331 0.2496
vn -0.5538 -0.7883 0.2682
vn -0.6325 -0.6705 0.3878
vn -0.5537 -0.7209 0.4168
vn -0.6323 -0.5821 0.5112
vn -0.5536 -0.6258 0.5495
vn -0.6322 -0.4713 0.6150
vn -0.5534 -0.5067 0.6610
vn -0.6321 -0.3424 0.6951
vn -0.5533 -0.3682 0.7472
vn -0.6321 -0.2004 0.7486
vn -0.5533 -0.2154 0.8046
vn -0.6320 -0.0506 0.7733
vn -0.5533 -0.0544 0.8312
vn -0.6321 0.1010 0.7683
vn -0.5532 0.1086 0.8259
vn -0.6321 0.2489 0.7339
vn -0.5533 0.2676 0.7889
vn -0.6321 0.3871 0.6712
vn -0.5534 0.4162 0.7215
vn -0.6323 0.5105 0.5828
vn -0.5535 0.5488 0.6264
vn -0.6324 0.6142 0.4720
vn -0.5536 0.6604 0.5073
vn -0.6325 0.6944 0.3432
vn -0.5538 0.7466 0.3688
vn -0.6327 0.7478 0.2011
vn -0.5539 0.8041 0.2161
vn -0.6329 0.7726 0.0513
vn -0.5541 0.8306 0.0550
vn -0.6330 0.7676 -0.1004
vn -0.5543 0.8253 -0.1081
vn -0.6331 0.7332 -0.2482
vn -0.5545 0.7882 -0.2670
vn -0.6333 0.6705 -0.3864
vn -0.5546 0.7209 -0.4156
vn -0.6334 0.5821 -0.5098
vn -0.5548 0.6258 -0.5482
vn -0.6336 0.4714 -0.6135
vn -0.5549 0.5068 -0.6598
vn -0.6337 0.3424 -0.6937
vn -0.5550 0.3682 -0.7460
vn -0.6337 0.2004 -0.7471
vn -0.5550 0.2154 -0.8034
vn -0.5551 0.0545 -0.8300
vn -0.4711 0.0577 -0.8802
vn -0.4711 0.2285 -0.8520
vn -0.4711 -0.1152 -0.8745
vn -0.4711 -0.2837 -0.8352
vn -0.3826 -0.1206 -0.9160
vn -0.3826 0.0605 -0.9219
vn -0.3826 -0.2971 -0.8748
vn -0.4710 -0.4413 -0.7638
vn -0.3825 -0.4622 -0.8001
vn -0.4709 -0.5819 -0.6630
vn -0.3824 -0.6094 -0.6945
vn -0.2903 -0.6311 -0.7193
vn -0.2904 -0.4786 -0.8286
vn -0.2904 -0.3077 -0.9061
vn -0.3823 -0.7333 -0.5623
vn -0.4708 -0.7002 -0.5367
vn -0.2901 -0.7594 -0.5824
vn -0.3821 -0.8290 -0.4084
vn -0.4706 -0.7915 -0.3898
vn -0.2899 -0.8585 -0.4230
vn -0.3819 -0.8928 -0.2388
vn -0.4704 -0.8525 -0.2279
vn -0.2897 -0.9246 -0.2474
vn -0.3817 -0.9224 -0.0600
vn -0.4702 -0.8807 -0.0572
vn -0.2895 -0.9552 -0.0623
vn -0.3815 -0.9164 0.1211
vn -0.4700 -0.8750 0.1157
vn -0.2893 -0.9490 0.1253
vn -0.3813 -0.8753 0.2975
vn -0.4698 -0.8358 0.2842
vn -0.2891 -0.9064 0.3080
vn -0.3811 -0.8005 0.4626
vn -0.4696 -0.7644 0.4418
vn -0.2889 -0.8290 0.4789
vn -0.3809 -0.6949 0.6099
vn -0.4695 -0.6636 0.5825
vn -0.2887 -0.7197 0.6314
vn -0.3808 -0.5627 0.7337
vn -0.4694 -0.5373 0.7007
vn -0.2886 -0.5827 0.7597
vn -0.3807 -0.4088 0.8294
vn -0.4693 -0.3904 0.7921
vn -0.2885 -0.4233 0.8588
vn -0.3806 -0.2392 0.8933
vn -0.4692 -0.2284 0.8530
vn -0.2884 -0.2477 0.9249
vn -0.3806 -0.0604 0.9228
vn -0.4692 -0.0577 0.8812
vn -0.2883 -0.0626 0.9555
vn -0.3806 0.1207 0.9168
vn -0.4691 0.1152 0.8756
vn -0.2883 0.1250 0.9493
vn -0.3806 0.2971 0.8757
vn -0.4692 0.2837 0.8363
vn -0.2884 0.3077 0.9067
vn -0.3807 0.4622 0.8009
vn -0.4692 0.4413 0.7649
vn -0.2885 0.4786 0.8293
vn -0.3808 0.6095 0.6954
vn -0.4693 0.5820 0.6641
vn -0.2886 0.6311 0.7200
vn -0.3810 0.7333 0.5631
vn -0.4695 0.7002 0.5378
vn -0.2888 0.7594 0.5830
vn -0.3811 0.8290 0.4092
vn -0.4697 0.7916 0.3909
vn -0.2889 0.8585 0.4237
vn -0.3813 0.8928 0.2397
vn -0.4699 0.8525 0.2290
vn -0.2891 0.9246 0.2481
vn -0.3815 0.9224 0.0609
vn -0.4701 0.8807 0.0582
vn -0.2893 0.9552 0.0629
vn -0.3817 0.9164 -0.1202
vn -0.4703 0.8750 -0.1147
vn -0.2896 0.9490 -0.1246
vn -0.3819 0.8753 -0.2967
vn -0.4705 0.8357 -0.2832
vn -0.2898 0.9064 -0.3074
vn -0.3821 0.8005 -0.4617
vn -0.4706 0.7643 -0.4408
vn -0.2900 0.8290 -0.4783
vn -0.3823 0.6949 -0.6090
vn -0.4708 0.6636 -0.5814
vn -0.2902 0.7197 -0.6308
vn -0.3824 0.5627 -0.7329
vn -0.4709 0.5373 -0.6997
vn -0.2903 0.5827 -0.7591
vn -0.3826 0.4088 -0.8286
vn -0.4710 0.3904 -0.7911
vn -0.2904 0.4234 -0.8582
vn -0.3826 0.2392 -0.8924
vn -0.2905 0.2477 -0.9242
vn -0.2905 0.0626 -0.9548
vn -0.2905 -0.1249 -0.9487
vn -0.1956 0.0642 -0.9786
vn -0.1956 0.2539 -0.9473
vn -0.1956 -0.1280 -0.9723
vn -0.1955 -0.3153 -0.9286
vn -0.1954 -0.4904 -0.8493
vn -0.0988 -0.3199 -0.9423
vn -0.0988 -0.1299 -0.9866
vn -0.0987 -0.4976 -0.8618
vn -0.1953 -0.6467 -0.7373
vn -0.0985 -0.6562 -0.7481
vn -0.1952 -0.7782 -0.5969
vn -0.0984 -0.7896 -0.6057
vn -0.1950 -0.8798 -0.4336
vn -0.0982 -0.8926 -0.4401
vn -0.1948 -0.9475 -0.2537
vn -0.0980 -0.9613 -0.2575
vn -0.1946 -0.9788 -0.0639
vn -0.0978 -0.9931 -0.0650
vn -0.1944 -0.9725 0.1282
vn -0.0976 -0.9867 0.1300
vn -0.1942 -0.9288 0.3155
vn -0.0974 -0.9424 0.3200
vn -0.1939 -0.8495 0.4907
vn -0.0972 -0.8619 0.4977
vn -0.1938 -0.7375 0.6470
vn -0.0970 -0.7483 0.6563
vn -0.1936 -0.5971 0.7784
vn -0.0968 -0.6058 0.7897
vn -0.1935 -0.4338 0.8800
vn -0.0967 -0.4402 0.8927
vn -0.1935 -0.2539 0.9477
vn -0.0966 -0.2576 0.9614
vn -0.1934 -0.0641 0.9790
vn -0.0966 -0.0651 0.9932
vn -0.1934 0.1280 0.9727
vn -0.0967 0.1299 0.9868
vn -0.1935 0.3153 0.9291
vn -0.0967 0.3199 0.9425
vn -0.1936 0.4904 0.8497
vn -0.0968 0.4976 0.8620
vn -0.1937 0.6467 0.7377
vn -0.0969 0.6562 0.7484
vn -0.1938 0.7782 0.5974
vn -0.0971 0.7895 0.6060
vn -0.1940 0.8797 0.4341
vn -0.0973 0.8926 0.4403
vn -0.1943 0.9475 0.2541
vn -0.0974 0.9613 0.2577
vn -0.1945 0.9788 0.0644
vn -0.0976 0.9931 0.0652
vn -0.1947 0.9725 -0.1278
vn -0.0978 0.9867 -0.1298
vn -0.1949 0.9288 -0.3151
vn -0.0981 0.9424 -0.3198
vn -0.1950 0.8495 -0.4902
vn -0.0983 0.8619 -0.4975
vn -0.1952 0.7375 -0.6465
vn -0.0985 0.7482 -0.6561
vn -0.1954 0.5971 -0.7780
vn -0.0986 0.6059 -0.7894
vn -0.1955 0.4338 -0.8795
vn -0.0987 0.4402 -0.8925
vn -0.0988 0.2576 -0.9612
vn -0.0989 0.0651 -0.9930
vn -0.0011 0.2588 -0.9659
vn -0.0010 0.4423 -0.8969
vn -0.0011 0.0654 -0.9979
vn -0.0011 -0.1305 -0.9914
vn -0.0011 -0.3215 -0.9469
vn 0.0966 -0.1299 -0.9868
vn 0.0966 0.0651 -0.9932
vn 0.0967 -0.3199 -0.9425
vn -0.0010 -0.5000 -0.8660
vn 0.0968 -0.4976 -0.8620
vn 0.0969 -0.6562 -0.7483
vn -0.0009 -0.6593 -0.7518
vn 0.1937 -0.6468 -0.7377
vn 0.1936 -0.4904 -0.8497
vn 0.1935 -0.3153 -0.9291
vn 0.0970 -0.7896 -0.6060
vn -0.0007 -0.7934 -0.6088
vn 0.1938 -0.7782 -0.5973
vn 0.0972 -0.8926 -0.4403
vn -0.0005 -0.8969 -0.4423
vn 0.1940 -0.8797 -0.4341
vn 0.0974 -0.9613 -0.2577
vn -0.0003 -0.9659 -0.2588
vn 0.1942 -0.9475 -0.2541
vn 0.0977 -0.9931 -0.0652
vn -0.0001 -0.9979 -0.0654
vn 0.1944 -0.9788 -0.0644
vn 0.0979 -0.9867 0.1298
vn 0.0001 -0.9914 0.1305
vn 0.1946 -0.9725 0.1278
vn 0.0981 -0.9424 0.3198
vn 0.0004 -0.9469 0.3215
vn 0.1949 -0.9288 0.3151
vn 0.0983 -0.8619 0.4975
vn 0.0005 -0.8660 0.5000
vn 0.1951 -0.8495 0.4903
vn 0.0985 -0.7482 0.6561
vn 0.0007 -0.7519 0.6593
vn 0.1952 -0.7375 0.6465
vn 0.0986 -0.6058 0.7894
vn 0.0009 -0.6087 0.7934
vn 0.1954 -0.5971 0.7780
vn 0.0987 -0.4402 0.8925
vn 0.0010 -0.4423 0.8969
vn 0.1955 -0.4339 0.8795
vn 0.0988 -0.2576 0.9612
vn 0.0011 -0.2588 0.9659
vn 0.1955 -0.2539 0.9473
vn 0.0988 -0.0651 0.9930
vn 0.0012 -0.0654 0.9979
vn 0.1956 -0.0641 0.9786
vn 0.0989 0.1299 0.9866
vn 0.0011 0.1305 0.9914
vn 0.1956 0.1280 0.9723
vn 0.0988 0.3199 0.9423
vn 0.0010 0.3214 0.9469
vn 0.1956 0.3153 0.9286
vn 0.0987 0.4976 0.8618
vn 0.0010 0.5000 0.8660
vn 0.1955 0.4904 0.8493
vn 0.0986 0.6562 0.7481
vn 0.0008 0.6593 0.7519
vn 0.1954 0.6467 0.7373
vn 0.0984 0.7896 0.6057
vn 0.0007 0.7934 0.6088
vn 0.1952 0.7782 0.5969
vn 0.0983 0.8926 0.4400
vn 0.0005 0.8969 0.4423
vn 0.1950 0.8797 0.4336
vn 0.0980 0.9613 0.2575
vn 0.0003 0.9659 0.2588
vn 0.1948 0.9475 0.2537
vn 0.0978 0.9931 0.0650
vn 0.0001 0.9979 0.0654
vn 0.1946 0.9788 0.0639
vn 0.0976 0.9867 -0.1300
vn -0.0001 0.9914 -0.1305
vn 0.1944 0.9725 -0.1283
vn 0.0973 0.9424 -0.3200
vn -0.0004 0.9469 -0.3214
vn 0.1942 0.9288 -0.3155
vn 0.0971 0.8619 -0.4977
vn -0.0006 0.8660 -0.5000
vn 0.1940 0.8495 -0.4907
vn 0.0970 0.7482 -0.6563
vn -0.0007 0.7518 -0.6593
vn 0.1938 0.7375 -0.6470
vn 0.0968 0.6058 -0.7897
vn -0.0009 0.6088 -0.7934
vn 0.1936 0.5971 -0.7784
vn 0.0967 0.4402 -0.8927
vn 0.1935 0.4339 -0.8800
vn 0.0966 0.2576 -0.9614
vn 0.1934 0.2539 -0.9477
vn 0.1934 0.0642 -0.9790
vn 0.1934 -0.1280 -0.9727
vn 0.2884 0.0626 -0.9555
vn 0.2884 0.2477 -0.9249
vn 0.2884 -0.1249 -0.9493
vn 0.2884 -0.3077 -0.9067
vn 0.2885 -0.4786 -0.8293
vn 0.3806 -0.2971 -0.8757
vn 0.3806 -0.1206 -0.9168
vn 0.3807 -0.4622 -0.8009
vn 0.3808 -0.6095 -0.6954
vn 0.2886 -0.6311 -0.7200
vn 0.2888 -0.7594 -0.5830
vn 0.3810 -0.7333 -0.5631
vn 0.2890 -0.8585 -0.4237
vn 0.3812 -0.8290 -0.4093
vn 0.2891 -0.9246 -0.2481
vn 0.3813 -0.8928 -0.2397
vn 0.2893 -0.9552 -0.0629
vn 0.3815 -0.9224 -0.0609
vn 0.2896 -0.9490 0.1246
vn 0.3817 -0.9164 0.1202
vn 0.2898 -0.9064 0.3073
vn 0.3820 -0.8753 0.2967
vn 0.2900 -0.8290 0.4783
vn 0.3821 -0.8005 0.4617
vn 0.2901 -0.7197 0.6308
vn 0.3823 -0.6949 0.6090
vn 0.2903 -0.5827 0.7591
vn 0.3825 -0.5627 0.7329
vn 0.2904 -0.4234 0.8582
vn 0.3825 -0.4088 0.8286
vn 0.2905 -0.2477 0.9243
vn 0.3826 -0.2392 0.8924
vn 0.2905 -0.0626 0.9548
vn 0.3826 -0.0604 0.9219
vn 0.2905 0.1250 0.9487
vn 0.3826 0.1207 0.9160
vn 0.2904 0.3077 0.9061
vn 0.3826 0.2971 0.8749
vn 0.2903 0.4786 0.8286
vn 0.3825 0.4622 0.8001
vn 0.2902 0.6311 0.7193
vn 0.3824 0.6095 0.6945
vn 0.2901 0.7594 0.5824
vn 0.3822 0.7333 0.5623
vn 0.2899 0.8585 0.4230
vn 0.3821 0.8290 0.4084
vn 0.2897 0.9246 0.2474
vn 0.3818 0.8928 0.2388
vn 0.2895 0.9552 0.0623
vn 0.3817 0.9224 0.0600
vn 0.2893 0.9490 -0.1253
vn 0.3815 0.9164 -0.1211
vn 0.2891 0.9064 -0.3080
vn 0.3813 0.8753 -0.2975
vn 0.2889 0.8290 -0.4789
vn 0.3811 0.8005 -0.4626
vn 0.2888 0.7197 -0.6314
vn 0.3809 0.6949 -0.6099
vn 0.2886 0.5827 -0.7597
vn 0.3808 0.5627 -0.7337
vn 0.2885 0.4234 -0.8588
vn 0.3807 0.4088 -0.8294
vn 0.3806 0.2392 -0.8933
vn 0.3806 0.0604 -0.9228
vn 0.4692 0.2284 -0.8530
vn 0.4692 0.3903 -0.7921
vn 0.4691 0.0577 -0.8812
vn 0.4691 -0.1152 -0.8756
vn 0.4692 -0.2837 -0.8363
vn 0.5532 -0.1086 -0.8259
vn 0.5532 0.0545 -0.8312
vn 0.5533 -0.2676 -0.7888
vn 0.4693 -0.4413 -0.7649
vn 0.5534 -0.4162 -0.7215
vn 0.5535 -0.5489 -0.6265
vn 0.4694 -0.5819 -0.6641
vn 0.4695 -0.7002 -0.5378
vn 0.5536 -0.6604 -0.5074
vn 0.4697 -0.7916 -0.3909
vn 0.5537 -0.7466 -0.3688
vn 0.4699 -0.8525 -0.2290
vn 0.5539 -0.8040 -0.2161
vn 0.4701 -0.8807 -0.0583
vn 0.5541 -0.8306 -0.0551
vn 0.4702 -0.8751 0.1147
vn 0.5543 -0.8253 0.1080
vn 0.4704 -0.8358 0.2832
vn 0.5544 -0.7882 0.2670
vn 0.4706 -0.7643 0.4408
vn 0.5546 -0.7209 0.4156
vn 0.4708 -0.6636 0.5814
vn 0.5547 -0.6259 0.5482
vn 0.4709 -0.5373 0.6997
vn 0.5549 -0.5068 0.6598
vn 0.4710 -0.3904 0.7911
vn 0.5550 -0.3682 0.7460
vn 0.4711 -0.2284 0.8520
vn 0.5551 -0.2154 0.8034
vn 0.4711 -0.0577 0.8802
vn 0.5551 -0.0544 0.8300
vn 0.4711 0.1152 0.8745
vn 0.5551 0.1087 0.8246
vn 0.4710 0.2837 0.8352
vn 0.5551 0.2676 0.7876
vn 0.4710 0.4413 0.7638
vn 0.5550 0.4162 0.7203
vn 0.4709 0.5819 0.6630
vn 0.5548 0.5488 0.6252
vn 0.4707 0.7002 0.5368
vn 0.5547 0.6604 0.5061
vn 0.4706 0.7916 0.3898
vn 0.5546 0.7466 0.3675
vn 0.4704 0.8525 0.2279
vn 0.5544 0.8040 0.2148
vn 0.4702 0.8807 0.0572
vn 0.5542 0.8306 0.0538
vn 0.4700 0.8750 -0.1157
vn 0.5540 0.8253 -0.1093
vn 0.4698 0.8357 -0.2842
vn 0.5539 0.7882 -0.2682
vn 0.4697 0.7643 -0.4418
vn 0.5537 0.7209 -0.4168
vn 0.4695 0.6636 -0.5825
vn 0.5535 0.6259 -0.5495
vn 0.4693 0.5373 -0.7007
vn 0.5534 0.5067 -0.6610
vn 0.5533 0.3681 -0.7472
vn 0.5533 0.2154 -0.8047
vn 0.6321 0.3424 -0.6951
vn 0.6322 0.4713 -0.6150
vn 0.6320 0.2004 -0.7486
vn 0.6320 0.0507 -0.7733
vn 0.6320 -0.1010 -0.7683
vn 0.7048 0.0464 -0.7079
vn 0.7048 0.1834 -0.6853
vn 0.7048 -0.0925 -0.7033
vn 0.6321 -0.2489 -0.7339
vn 0.7048 -0.2278 -0.6718
vn 0.6321 -0.3871 -0.6712
vn 0.7049 -0.3543 -0.6145
vn 0.6322 -0.5105 -0.5828
vn 0.7050 -0.4672 -0.5335
vn 0.6323 -0.6143 -0.4720
vn 0.7051 -0.5622 -0.4322
vn 0.6325 -0.6944 -0.3432
vn 0.7052 -0.6355 -0.3142
vn 0.6327 -0.7479 -0.2011
vn 0.7054 -0.6845 -0.1842
vn 0.6328 -0.7726 -0.0514
vn 0.7055 -0.7071 -0.0472
vn 0.6330 -0.7676 0.1004
vn 0.7057 -0.7026 0.0917
vn 0.6332 -0.7331 0.2482
vn 0.7058 -0.6710 0.2270
vn 0.6333 -0.6705 0.3864
vn 0.7060 -0.6137 0.3535
vn 0.6335 -0.5821 0.5098
vn 0.7061 -0.5328 0.4664
vn 0.6336 -0.4713 0.6135
vn 0.7062 -0.4314 0.5614
vn 0.6337 -0.3424 0.6937
vn 0.7063 -0.3134 0.6348
vn 0.6337 -0.2004 0.7471
vn 0.7063 -0.1834 0.6837
vn 0.6338 -0.0506 0.7719
vn 0.7064 -0.0463 0.7063
vn 0.6338 0.1011 0.7669
vn 0.7063 0.0925 0.7018
vn 0.6337 0.2489 0.7324
vn 0.7063 0.2278 0.6703
vn 0.6336 0.3871 0.6698
vn 0.7063 0.3543 0.6129
vn 0.6335 0.5105 0.5814
vn 0.7062 0.4672 0.5320
vn 0.6334 0.6142 0.4706
vn 0.7061 0.5622 0.4306
vn 0.6333 0.6944 0.3417
vn 0.7060 0.6355 0.3126
vn 0.6331 0.7478 0.1997
vn 0.7058 0.6845 0.1826
vn 0.6330 0.7726 0.0499
vn 0.7056 0.7071 0.0456
vn 0.6328 0.7676 -0.1018
vn 0.7055 0.7026 -0.0933
vn 0.6326 0.7332 -0.2496
vn 0.7053 0.6710 -0.2286
vn 0.6324 0.6705 -0.3878
vn 0.7052 0.6137 -0.3551
vn 0.6323 0.5821 -0.5112
vn 0.7051 0.5328 -0.4680
vn 0.7049 0.4314 -0.5630
vn 0.7048 0.3134 -0.6364
vn 0.7709 0.3873 -0.5056
vn 0.7710 0.4783 -0.4203
vn 0.7709 0.2814 -0.5715
vn 0.7708 0.1646 -0.6154
vn 0.7708 0.0416 -0.6357
vn 0.8295 0.1443 -0.5396
vn 0.8295 0.2466 -0.5011
vn 0.8294 0.0365 -0.5574
vn 0.7708 -0.0830 -0.6316
vn 0.8294 -0.0728 -0.5538
vn 0.7708 -0.2045 -0.6033
vn 0.8295 -0.1793 -0.5290
vn 0.7709 -0.3181 -0.5518
vn 0.8295 -0.2789 -0.4839
vn 0.8296 -0.3677 -0.4202
vn 0.7710 -0.4195 -0.4792
vn 0.7711 -0.5047 -0.3881
vn 0.8296 -0.4425 -0.3404
vn 0.7712 -0.5706 -0.2823
vn 0.8298 -0.5002 -0.2476
vn 0.7713 -0.6145 -0.1656
vn 0.8299 -0.5387 -0.1453
vn 0.7715 -0.6349 -0.0425
vn 0.8300 -0.5565 -0.0374
vn 0.7716 -0.6308 0.0822
vn 0.8302 -0.5529 0.0719
vn 0.7717 -0.6025 0.2036
vn 0.8303 -0.5281 0.1783
vn 0.7719 -0.5510 0.3173
vn 0.8304 -0.4830 0.2779
vn 0.7720 -0.4783 0.4187
vn 0.8304 -0.4193 0.3668
vn 0.7721 -0.3873 0.5039
vn 0.8305 -0.3395 0.4415
vn 0.7722 -0.2814 0.5697
vn 0.8306 -0.2466 0.4992
vn 0.7722 -0.1647 0.6137
vn 0.8307 -0.1443 0.5377
vn 0.7722 -0.0416 0.6340
vn 0.8307 -0.0365 0.5555
vn 0.7722 0.0830 0.6299
vn 0.8307 0.0728 0.5520
vn 0.7722 0.2045 0.6016
vn 0.8307 0.1793 0.5271
vn 0.7721 0.3181 0.5501
vn 0.8306 0.2789 0.4820
vn 0.7720 0.4195 0.4775
vn 0.8305 0.3677 0.4184
vn 0.7719 0.5047 0.3864
vn 0.8304 0.4425 0.3386
vn 0.7718 0.5706 0.2805
vn 0.8303 0.5002 0.2457
vn 0.7717 0.6145 0.1638
vn 0.8302 0.5387 0.1434
vn 0.7716 0.6348 0.0408
vn 0.8301 0.5565 0.0356
vn 0.7714 0.6308 -0.0839
vn 0.8300 0.5529 -0.0737
vn 0.7713 0.6024 -0.2054
vn 0.8299 0.5281 -0.1802
vn 0.7712 0.5510 -0.3190
vn 0.8297 0.4830 -0.2798
vn 0.8296 0.4193 -0.3686
vn 0.8296 0.3395 -0.4433
vn 0.8803 0.3562 -0.3134
vn 0.8804 0.4103 -0.2379
vn 0.8802 0.2884 -0.3768
vn 0.8802 0.2095 -0.4259
vn 0.8801 0.1226 -0.4586
vn 0.9224 0.1704 -0.3466
vn 0.9224 0.2346 -0.3067
vn 0.9224 0.0997 -0.3732
vn 0.8801 0.0310 -0.4737
vn 0.9224 0.0252 -0.3855
vn 0.8801 -0.0618 -0.4707
vn 0.9224 -0.0503 -0.3830
vn 0.8802 -0.1523 -0.4496
vn 0.9224 -0.1238 -0.3659
vn 0.8802 -0.2369 -0.4113
vn 0.9224 -0.1926 -0.3347
vn 0.8803 -0.3124 -0.3572
vn 0.9225 -0.2541 -0.2907
vn 0.8803 -0.3759 -0.2894
vn 0.9225 -0.3057 -0.2356
vn 0.8804 -0.4249 -0.2105
vn 0.9226 -0.3456 -0.1714
vn 0.8805 -0.4576 -0.1236
vn 0.9227 -0.3722 -0.1007
vn 0.8806 -0.4727 -0.0320
vn 0.9228 -0.3845 -0.0262
vn 0.8807 -0.4697 0.0608
vn 0.9229 -0.3820 0.0492
vn 0.8808 -0.4486 0.1513
vn 0.9229 -0.3649 0.1228
vn 0.8809 -0.4103 0.2359
vn 0.9230 -0.3336 0.1916
vn 0.8810 -0.3562 0.3114
vn 0.9231 -0.2896 0.2530
vn 0.8811 -0.2884 0.3749
vn 0.9231 -0.2345 0.3046
vn 0.8811 -0.2095 0.4240
vn 0.9232 -0.1704 0.3445
vn 0.8811 -0.1226 0.4567
vn 0.9232 -0.0997 0.3711
vn 0.8812 -0.0310 0.4718
vn 0.9232 -0.0252 0.3835
vn 0.8812 0.0618 0.4687
vn 0.9232 0.0503 0.3810
vn 0.8812 0.1523 0.4476
vn 0.9232 0.1238 0.3638
vn 0.8811 0.2369 0.4093
vn 0.9232 0.1927 0.3327
vn 0.8811 0.3123 0.3552
vn 0.9231 0.2541 0.2886
vn 0.8810 0.3759 0.2874
vn 0.9231 0.3057 0.2335
vn 0.8809 0.4249 0.2085
vn 0.9230 0.3455 0.1694
vn 0.8808 0.4576 0.1216
vn 0.9229 0.3722 0.0987
vn 0.8807 0.4728 0.0300
vn 0.9228 0.3845 0.0242
vn 0.8806 0.4697 -0.0628
vn 0.9227 0.3820 -0.0513
vn 0.8805 0.4486 -0.1533
vn 0.9227 0.3648 -0.1249
vn 0.9226 0.3337 -0.1937
vn 0.9225 0.2897 -0.2551
vn 0.9559 0.2538 -0.1476
vn 0.9560 0.2775 -0.0952
vn 0.9559 0.2203 -0.1944
vn 0.9558 0.1784 -0.2336
vn 0.9558 0.1297 -0.2639
vn 0.9800 0.1206 -0.1582
vn 0.9800 0.1489 -0.1317
vn 0.9800 0.0877 -0.1787
vn 0.9558 0.0758 -0.2842
vn 0.9800 0.0511 -0.1924
vn 0.9558 0.0194 -0.2934
vn 0.9800 0.0129 -0.1987
vn 0.9558 -0.0383 -0.2917
vn 0.9800 -0.0258 -0.1975
vn 0.9558 -0.0941 -0.2786
vn 0.9800 -0.0637 -0.1886
vn 0.9558 -0.1465 -0.2549
vn 0.9800 -0.0990 -0.1726
vn 0.9558 -0.1933 -0.2214
vn 0.9800 -0.1306 -0.1500
vn 0.9948 -0.0666 -0.0772
vn 0.9948 -0.0503 -0.0886
vn 0.9948 -0.0327 -0.0968
vn 0.9801 -0.1570 -0.1217
vn 0.9559 -0.2325 -0.1795
vn 0.9948 -0.0802 -0.0627
vn 0.9801 -0.1776 -0.0887
vn 0.9559 -0.2629 -0.1307
vn 0.9948 -0.0907 -0.0458
vn 0.9801 -0.1913 -0.0523
vn 0.9560 -0.2831 -0.0769
vn 0.9948 -0.0976 -0.0274
vn 0.9802 -0.1976 -0.0141
vn 0.9561 -0.2925 -0.0202
vn 0.9949 -0.1009 -0.0078
vn 0.9802 -0.1964 0.0247
vn 0.9561 -0.2906 0.0371
vn 0.9949 -0.1002 0.0122
vn 0.9803 -0.1875 0.0626
vn 0.9562 -0.2775 0.0931
vn 0.9949 -0.0957 0.0315
vn 0.9803 -0.1715 0.0980
vn 0.9563 -0.2538 0.1455
vn 0.9949 -0.0875 0.0495
vn 0.9803 -0.1489 0.1295
vn 0.9563 -0.2203 0.1922
vn 0.9950 -0.0760 0.0655
vn 0.9804 -0.1206 0.1560
vn 0.9563 -0.1784 0.2314
vn 0.9950 -0.0616 0.0790
vn 0.9804 -0.0875 0.1766
vn 0.9564 -0.1296 0.2618
vn 0.9950 -0.0446 0.0896
vn 0.9804 -0.0513 0.1902
vn 0.9564 -0.0758 0.2820
vn 0.9950 -0.0262 0.0965
vn 0.9804 -0.0130 0.1965
vn 0.9564 -0.0192 0.2914
vn 0.9950 -0.0068 0.0998
vn 0.9804 0.0258 0.1953
vn 0.9564 0.0382 0.2895
vn 0.9950 0.0133 0.0991
vn 0.9804 0.0639 0.1863
vn 0.9564 0.0942 0.2765
vn 0.9950 0.0325 0.0946
vn 0.9804 0.0990 0.1704
vn 0.9564 0.1466 0.2528
vn 0.9950 0.0505 0.0864
vn 0.9804 0.1307 0.1477
vn 0.9563 0.1933 0.2192
vn 0.9950 0.0665 0.0750
vn 0.9803 0.1571 0.1195
vn 0.9563 0.2325 0.1774
vn 0.9949 0.0802 0.0605
vn 0.9803 0.1776 0.0866
vn 0.9562 0.2629 0.1286
vn 0.9949 0.0906 0.0434
vn 0.9803 0.1913 0.0501
vn 0.9562 0.2831 0.0748
vn 0.9949 0.0977 0.0249
vn 0.9802 0.1976 0.0118
vn 0.9561 0.2925 0.0181
vn 0.9949 0.1009 0.0054
vn 0.9802 0.1963 -0.0269
vn 0.9560 0.2906 -0.0393
vn 0.9949 0.1002 -0.0141
vn 0.9801 0.1876 -0.0647
vn 0.9948 0.0957 -0.0335
vn 0.9801 0.1715 -0.1001
vn 0.9948 0.0876 -0.0516
vn 0.9948 0.0760 -0.0678
vn 0.9948 0.0614 -0.0814
vn 0.9948 -0.0133 -0.1013
vn 0.9948 0.0066 -0.1020
vn 0.9948 0.0263 -0.0987
vn 0.9948 0.0448 -0.0917
vn -0.8812 -0.0619 -0.4687
vn -0.8812 0.0309 -0.4718
vn -0.8812 -0.1523 -0.4476
vn -0.8811 -0.2369 -0.4093
vn -0.9232 -0.1238 -0.3638
vn -0.9232 -0.0504 -0.3810
vn -0.9232 -0.1926 -0.3327
vn -0.8810 -0.3124 -0.3552
vn -0.9231 -0.2540 -0.2887
vn -0.8810 -0.3759 -0.2874
vn -0.9231 -0.3057 -0.2335
vn -0.8809 -0.4249 -0.2086
vn -0.9230 -0.3456 -0.1694
vn -0.8808 -0.4576 -0.1216
vn -0.9229 -0.3722 -0.0987
vn -0.8807 -0.4728 -0.0300
vn -0.9228 -0.3845 -0.0242
vn -0.8806 -0.4697 0.0628
vn -0.9227 -0.3820 0.0513
vn -0.8805 -0.4487 0.1533
vn -0.9227 -0.3648 0.1249
vn -0.8804 -0.4103 0.2379
vn -0.9226 -0.3337 0.1937
vn -0.8803 -0.3562 0.3133
vn -0.9225 -0.2897 0.2551
vn -0.8802 -0.2884 0.3768
vn -0.9225 -0.2345 0.3067
vn -0.8802 -0.2095 0.4259
vn -0.9224 -0.1704 0.3466
vn -0.8801 -0.1226 0.4586
vn -0.9224 -0.0997 0.3732
vn -0.8801 -0.0310 0.4737
vn -0.9223 -0.0253 0.3855
vn -0.8801 0.0618 0.4707
vn -0.9224 0.0502 0.3830
vn -0.8801 0.1523 0.4496
vn -0.9224 0.1239 0.3659
vn -0.8802 0.2369 0.4113
vn -0.9224 0.1926 0.3347
vn -0.8802 0.3124 0.3572
vn -0.9225 0.2540 0.2907
vn -0.8803 0.3759 0.2894
vn -0.9225 0.3057 0.2356
vn -0.8804 0.4249 0.2105
vn -0.9226 0.3455 0.1714
vn -0.8805 0.4576 0.1236
vn -0.9227 0.3722 0.1007
vn -0.8806 0.4727 0.0320
vn -0.9228 0.3845 0.0262
vn -0.8807 0.4697 -0.0609
vn -0.9228 0.3820 -0.0493
vn -0.8808 0.4486 -0.1513
vn -0.9229 0.3649 -0.1228
vn -0.8809 0.4103 -0.2359
vn -0.9230 0.3337 -0.1916
vn -0.8810 0.3562 -0.3114
vn -0.9231 0.2897 -0.2531
vn -0.8811 0.2884 -0.3749
vn -0.9231 0.2345 -0.3047
vn -0.8811 0.2096 -0.4239
vn -0.9232 0.1705 -0.3445
vn -0.8812 0.1226 -0.4567
vn -0.9232 0.0998 -0.3711
vn -0.9232 0.0251 -0.3834
vn -0.9564 0.0191 -0.2914
vn -0.9564 0.0759 -0.2820
vn -0.9564 -0.0383 -0.2895
vn -0.9564 -0.0942 -0.2765
vn -0.9804 -0.0259 -0.1953
vn -0.9804 0.0130 -0.1965
vn -0.9804 -0.0637 -0.1864
vn -0.9564 -0.1466 -0.2528
vn -0.9804 -0.0991 -0.1703
vn -0.9563 -0.1932 -0.2193
vn -0.9804 -0.1306 -0.1478
vn -0.9563 -0.2325 -0.1773
vn -0.9803 -0.1571 -0.1194
vn -0.9562 -0.2629 -0.1286
vn -0.9803 -0.1776 -0.0865
vn -0.9562 -0.2831 -0.0748
vn -0.9803 -0.1913 -0.0502
vn -0.9561 -0.2924 -0.0181
vn -0.9802 -0.1976 -0.0118
vn -0.9560 -0.2906 0.0393
vn -0.9802 -0.1963 0.0270
vn -0.9560 -0.2775 0.0953
vn -0.9801 -0.1875 0.0647
vn -0.9559 -0.2538 0.1476
vn -0.9801 -0.1715 0.1001
vn -0.9559 -0.2203 0.1943
vn -0.9800 -0.1489 0.1317
vn -0.9558 -0.1784 0.2336
vn -0.9800 -0.1205 0.1583
vn -0.9558 -0.1296 0.2639
vn -0.9800 -0.0876 0.1787
vn -0.9558 -0.0758 0.2842
vn -0.9800 -0.0512 0.1924
vn -0.9558 -0.0192 0.2935
vn -0.9800 -0.0130 0.1987
vn -0.9558 0.0382 0.2916
vn -0.9800 0.0258 0.1974
vn -0.9558 0.0943 0.2786
vn -0.9800 0.0638 0.1886
vn -0.9558 0.1465 0.2549
vn -0.9800 0.0990 0.1726
vn -0.9558 0.1932 0.2214
vn -0.9800 0.1305 0.1500
vn -0.9559 0.2325 0.1795
vn -0.9801 0.1571 0.1216
vn -0.9559 0.2629 0.1307
vn -0.9801 0.1776 0.0887
vn -0.9560 0.2831 0.0770
vn -0.9801 0.1913 0.0524
vn -0.9561 0.2925 0.0202
vn -0.9802 0.1976 0.0140
vn -0.9561 0.2906 -0.0372
vn -0.9802 0.1963 -0.0248
vn -0.9562 0.2776 -0.0931
vn -0.9803 0.1875 -0.0625
vn -0.9563 0.2538 -0.1454
vn -0.9803 0.1715 -0.0979
vn -0.9563 0.2203 -0.1922
vn -0.9803 0.1489 -0.1295
vn -0.9563 0.1784 -0.2315
vn -0.9804 0.1205 -0.1561
vn -0.9564 0.1297 -0.2618
vn -0.9804 0.0876 -0.1766
vn -0.9804 0.0514 -0.1902
vn -0.9950 0.0263 -0.0965
vn -0.9950 0.0447 -0.0896
vn -0.9950 0.0066 -0.0997
vn -0.9950 -0.0131 -0.0991
vn -0.9948 0.0325 0.0969
vn -0.9948 0.0133 0.1013
vn -0.9948 0.0506 0.0886
vn -0.9950 -0.0667 -0.0748
vn -0.9950 -0.0507 -0.0863
vn -0.9950 -0.0326 -0.0945
vn -0.9950 0.0614 -0.0792
vn -0.9950 0.0760 -0.0655
vn -0.9949 0.0876 -0.0492
vn -0.9949 0.0958 -0.0312
vn -0.9949 0.1002 -0.0122
vn -0.9949 0.1008 0.0076
vn -0.9949 0.0977 0.0269
vn -0.9948 0.0906 0.0456
vn -0.9948 0.0802 0.0626
vn -0.9948 0.0667 0.0770
vn -0.9948 -0.0067 0.1020
vn -0.9948 -0.0263 0.0987
vn -0.9948 -0.0447 0.0918
vn -0.9948 -0.0614 0.0814
vn -0.9948 -0.0760 0.0678
vn -0.9948 -0.0876 0.0516
vn -0.9948 -0.0956 0.0338
vn -0.9949 -0.1002 0.0144
vn -0.9949 -0.1009 -0.0054
vn -0.9949 -0.0976 -0.0252
vn -0.9949 -0.0906 -0.0436
vn -0.9949 -0.0802 -0.0604
vn -0.7709 -0.3181 0.5519
vn -0.7050 -0.4672 0.5336
vn -0.8295 -0.2789 0.4839
vn -0.8295 -0.1793 0.5290
vn -0.7049 -0.2278 0.6718
vn -0.7708 -0.0831 0.6317
vn -0.7048 0.0463 0.7079
vn -0.8295 0.1444 0.5396
vn -0.8295 0.2467 0.5011
vn -0.7049 0.3134 0.6364
vn -0.7709 0.3873 0.5056
vn -0.8296 0.3395 0.4434
vn -0.7050 0.4314 0.5630
vn -0.7710 0.4783 0.4204
vn -0.8296 0.4193 0.3687
vn -0.7713 0.6025 0.2054
vn -0.7714 0.6308 0.0839
vn -0.7054 0.7026 0.0933
vn -0.7716 0.6349 -0.0407
vn -0.7059 0.6356 -0.3126
vn -0.8304 0.4425 -0.3386
vn -0.8306 0.2788 -0.4821
vn -0.7722 0.2045 -0.6016
vn -0.8307 -0.0365 -0.5556
vn -0.8307 -0.1444 -0.5378
vn -0.7064 -0.1834 -0.6837
vn -0.8306 -0.2467 -0.4992
vn -0.7720 -0.4783 -0.4186
vn -0.7719 -0.5510 -0.3173
vn -0.7717 -0.6025 -0.2036
vn -0.8301 -0.5529 -0.0718
vn -0.7713 -0.6145 0.1655
vn -0.7712 -0.5706 0.2822
vn -0.8297 -0.4425 0.3404
vn -0.6323 -0.6143 0.4721
vn -0.6322 -0.3871 0.6712
vn -0.5534 -0.5489 0.6264
vn -0.5533 -0.4162 0.7215
vn -0.6321 -0.2488 0.7339
vn -0.5533 -0.2675 0.7889
vn -0.6320 -0.1010 0.7683
vn -0.5533 -0.1086 0.8259
vn -0.5533 0.0544 0.8312
vn -0.5533 0.2154 0.8046
vn -0.5534 0.3681 0.7472
vn -0.6322 0.4713 0.6150
vn -0.5536 0.6258 0.5495
vn -0.6324 0.6705 0.3878
vn -0.5541 0.8253 0.1093
vn -0.6330 0.7725 -0.0499
vn -0.5543 0.8306 -0.0538
vn -0.5544 0.8040 -0.2148
vn -0.6334 0.6143 -0.4706
vn -0.6335 0.5105 -0.5814
vn -0.5549 0.5489 -0.6252
vn -0.6337 0.2489 -0.7324
vn -0.6338 0.1011 -0.7669
vn -0.5551 0.1087 -0.8247
vn -0.6338 -0.0506 -0.7719
vn -0.5550 -0.2154 -0.8034
vn -0.5550 -0.3682 -0.7459
vn -0.5549 -0.5068 -0.6598
vn -0.5548 -0.6258 -0.5482
vn -0.5545 -0.7882 -0.2670
vn -0.6326 -0.7479 0.2011
vn -0.5539 -0.8040 0.2161
vn -0.5538 -0.7465 0.3688
vn -0.4696 -0.7002 0.5378
vn -0.3811 -0.8290 0.4093
vn -0.3806 -0.1207 0.9168
vn -0.4692 -0.1152 0.8756
vn -0.2883 -0.1250 0.9493
vn -0.3805 0.0605 0.9228
vn -0.4692 0.0577 0.8812
vn -0.2883 0.0626 0.9555
vn -0.4693 0.3904 0.7921
vn -0.2885 0.4233 0.8588
vn -0.4694 0.5373 0.7007
vn -0.3809 0.6950 0.6099
vn -0.4697 0.7643 0.4418
vn -0.3813 0.8753 0.2975
vn -0.4700 0.8751 0.1157
vn -0.2895 0.9551 -0.0623
vn -0.3821 0.8290 -0.4084
vn -0.4706 0.7916 -0.3899
vn -0.4708 0.7002 -0.5368
vn -0.3824 0.6094 -0.6945
vn -0.4709 0.5819 -0.6630
vn -0.3825 0.4622 -0.8001
vn -0.2904 0.4786 -0.8286
vn -0.3826 0.2971 -0.8748
vn -0.4710 0.2837 -0.8352
vn -0.2905 0.3077 -0.9061
vn -0.3826 0.1206 -0.9160
vn -0.2905 0.1250 -0.9487
vn -0.3827 -0.0605 -0.9219
vn -0.4711 -0.0578 -0.8802
vn -0.4710 -0.3904 -0.7910
vn -0.2904 -0.4234 -0.8582
vn -0.4710 -0.5373 -0.6997
vn -0.2902 -0.5827 -0.7591
vn -0.3823 -0.6949 -0.6090
vn -0.4708 -0.6635 -0.5814
vn -0.3821 -0.8005 -0.4617
vn -0.4706 -0.7643 -0.4408
vn -0.2899 -0.8290 -0.4783
vn -0.3819 -0.8753 -0.2967
vn -0.4705 -0.8358 -0.2832
vn -0.4703 -0.8750 -0.1147
vn -0.2894 -0.9551 0.0629
vn -0.3813 -0.8928 0.2397
vn -0.1939 -0.7782 0.5974
vn -0.1936 -0.4904 0.8497
vn -0.0970 -0.7895 0.6060
vn -0.0967 -0.3199 0.9425
vn -0.0967 -0.1299 0.9868
vn -0.1934 0.0641 0.9790
vn -0.1935 0.2539 0.9477
vn -0.1937 0.5971 0.7784
vn -0.0968 0.6058 0.7897
vn -0.0969 0.7482 0.6563
vn -0.1940 0.8495 0.4907
vn -0.0975 0.9867 0.1300
vn -0.0977 0.9931 -0.0650
vn -0.1951 0.7782 -0.5969
vn -0.0984 0.7896 -0.6057
vn -0.1953 0.6468 -0.7373
vn -0.0985 0.6562 -0.7481
vn -0.1956 0.1280 -0.9723
vn -0.0988 0.1299 -0.9866
vn -0.1956 -0.0642 -0.9786
vn -0.1954 -0.5971 -0.7780
vn -0.0987 -0.6058 -0.7894
vn -0.1953 -0.7375 -0.6465
vn -0.1951 -0.8495 -0.4902
vn -0.1946 -0.9725 -0.1278
vn -0.0978 -0.9867 -0.1298
vn -0.0976 -0.9931 0.0652
vn 0.0007 -0.7933 0.6088
vn 0.0008 -0.6593 0.7518
vn 0.0986 -0.6562 0.7481
vn 0.0010 -0.3214 0.9469
vn 0.1956 -0.3153 0.9286
vn 0.1955 -0.4904 0.8493
vn 0.1954 -0.6467 0.7373
vn 0.0989 -0.1299 0.9866
vn 0.0012 0.0654 0.9979
vn 0.1956 0.0641 0.9786
vn 0.1956 0.2539 0.9473
vn 0.0009 0.6088 0.7934
vn 0.0007 0.7518 0.6594
vn 0.0982 0.8619 0.4975
vn 0.1951 0.8495 0.4902
vn 0.0978 0.9867 0.1298
vn 0.0970 0.7896 -0.6060
vn 0.1938 0.7782 -0.5973
vn 0.0969 0.6562 -0.7483
vn -0.0009 0.6594 -0.7518
vn 0.1936 0.4904 -0.8497
vn 0.0966 0.1299 -0.9868
vn 0.1934 -0.2539 -0.9477
vn 0.1935 -0.4339 -0.8800
vn 0.0969 -0.6058 -0.7897
vn -0.0007 -0.7518 -0.6593
vn 0.1940 -0.8495 -0.4907
vn 0.0973 -0.9424 -0.3200
vn 0.0975 -0.9867 -0.1300
vn 0.0977 -0.9931 0.0650
vn 0.1945 -0.9788 0.0639
vn 0.1952 -0.7782 0.5969
vn 0.2902 -0.6311 0.7193
vn 0.2903 -0.4786 0.8286
vn 0.3824 -0.6095 0.6945
vn 0.3822 -0.7333 0.5623
vn 0.3826 -0.2971 0.8749
vn 0.2905 -0.1249 0.9487
vn 0.3826 0.0604 0.9219
vn 0.2905 0.2477 0.9243
vn 0.3826 0.2392 0.8924
vn 0.3825 0.4088 0.8286
vn 0.2902 0.7197 0.6308
vn 0.2900 0.8289 0.4783
vn 0.2898 0.9064 0.3073
vn 0.2894 0.9551 -0.0629
vn 0.2892 0.9246 -0.2481
vn 0.3811 0.8290 -0.4092
vn 0.2884 0.1249 -0.9493
vn 0.3806 0.1206 -0.9168
vn 0.2884 -0.0626 -0.9555
vn 0.3806 -0.2392 -0.8932
vn 0.2885 -0.4234 -0.8588
vn 0.2887 -0.7197 -0.6315
vn 0.3809 -0.6949 -0.6099
vn 0.3813 -0.8753 -0.2975
vn 0.3814 -0.9164 -0.1211
vn 0.2895 -0.9551 0.0623
vn 0.3817 -0.9224 0.0600
vn 0.4707 -0.7002 0.5368
vn 0.4709 -0.5820 0.6630
vn 0.5546 -0.7466 0.3675
vn 0.5549 -0.5488 0.6252
vn 0.5551 -0.2675 0.7876
vn 0.5551 -0.1086 0.8246
vn 0.5551 0.2154 0.8034
vn 0.4710 0.3904 0.7911
vn 0.5550 0.3681 0.7460
vn 0.5549 0.5068 0.6598
vn 0.5548 0.6259 0.5482
vn 0.5545 0.7882 0.2670
vn 0.4702 0.8751 0.1147
vn 0.4700 0.8807 -0.0582
vn 0.5541 0.8306 -0.0551
vn 0.4698 0.8525 -0.2290
vn 0.4696 0.7916 -0.3909
vn 0.5538 0.7465 -0.3688
vn 0.4694 0.5819 -0.6641
vn 0.5535 0.5488 -0.6265
vn 0.5533 0.2676 -0.7888
vn 0.4691 0.1152 -0.8756
vn 0.5533 0.1086 -0.8259
vn 0.4691 -0.0577 -0.8812
vn 0.5533 -0.0545 -0.8312
vn 0.4692 -0.2284 -0.8531
vn 0.5533 -0.2154 -0.8047
vn 0.4692 -0.3904 -0.7921
vn 0.4698 -0.8358 -0.2842
vn 0.4700 -0.8751 -0.1157
vn 0.5541 -0.8253 -0.1093
vn 0.5544 -0.8040 0.2148
vn 0.6332 -0.6944 0.3417
vn 0.6334 -0.6142 0.4706
vn 0.7059 -0.6356 0.3126
vn 0.7060 -0.5622 0.4306
vn 0.6336 -0.5105 0.5814
vn 0.6337 -0.3871 0.6698
vn 0.7062 -0.3543 0.6129
vn 0.7063 -0.2278 0.6703
vn 0.7063 -0.0925 0.7018
vn 0.6337 0.2004 0.7471
vn 0.6337 0.3424 0.6937
vn 0.6335 0.5821 0.5098
vn 0.6330 0.7676 0.1003
vn 0.7055 0.7071 -0.0471
vn 0.7053 0.6845 -0.1842
vn 0.6325 0.6944 -0.3431
vn 0.6321 0.2489 -0.7338
vn 0.6321 0.1010 -0.7683
vn 0.7048 0.0925 -0.7034
vn 0.7048 -0.0464 -0.7079
vn 0.7048 -0.1834 -0.6853
vn 0.6321 -0.3424 -0.6951
vn 0.7049 -0.4314 -0.5630
vn 0.7050 -0.5328 -0.4680
vn 0.6325 -0.6705 -0.3878
vn 0.6326 -0.7331 -0.2496
vn 0.7713 -0.6025 -0.2054
vn 0.7715 -0.6349 0.0407
vn 0.7717 -0.6145 0.1638
vn 0.7718 -0.5706 0.2805
vn 0.8303 -0.5002 0.2457
vn 0.7719 -0.5047 0.3864
vn 0.8305 -0.4424 0.3385
vn 0.7720 -0.4195 0.4775
vn 0.8305 -0.3677 0.4183
vn 0.7721 -0.3181 0.5501
vn 0.8306 -0.2789 0.4820
vn 0.8307 -0.1792 0.5272
vn 0.8307 -0.0727 0.5520
vn 0.8307 0.1443 0.5377
vn 0.7722 0.2814 0.5697
vn 0.7720 0.4783 0.4187
vn 0.7717 0.6025 0.2036
vn 0.7715 0.6349 -0.0424
vn 0.7712 0.5706 -0.2823
vn 0.8298 0.5002 -0.2476
vn 0.7711 0.5048 -0.3882
vn 0.8297 0.4424 -0.3404
vn 0.7709 0.3181 -0.5519
vn 0.8295 0.2788 -0.4839
vn 0.7708 0.2045 -0.6033
vn 0.7708 0.0831 -0.6316
vn 0.8294 -0.0365 -0.5575
vn 0.8294 -0.1443 -0.5397
vn 0.7708 -0.2814 -0.5715
vn 0.7709 -0.3873 -0.5057
vn 0.8296 -0.3395 -0.4434
vn 0.7710 -0.4784 -0.4204
vn 0.7711 -0.5510 -0.3190
vn 0.8805 -0.4486 -0.1533
vn 0.8806 -0.4697 -0.0628
vn 0.8808 -0.4576 0.1217
vn 0.9230 -0.3057 0.2335
vn 0.8811 -0.3124 0.3552
vn 0.8811 -0.2369 0.4092
vn 0.9232 -0.1926 0.3326
vn 0.8812 -0.1522 0.4476
vn 0.9232 -0.1239 0.3638
vn 0.8812 -0.0618 0.4688
vn 0.8812 0.0310 0.4718
vn 0.9232 0.0252 0.3834
vn 0.8811 0.1226 0.4567
vn 0.9232 0.0997 0.3711
vn 0.9229 0.3820 0.0493
vn 0.8806 0.4727 -0.0320
vn 0.9227 0.3722 -0.1008
vn 0.9225 0.2540 -0.2907
vn 0.9224 0.1239 -0.3658
vn 0.9224 0.0503 -0.3830
vn 0.8801 -0.0310 -0.4738
vn 0.9225 -0.2346 -0.3067
vn 0.9561 -0.2905 -0.0393
vn 0.9802 -0.1963 -0.0269
vn 0.9803 -0.1913 0.0501
vn 0.9562 -0.2629 0.1285
vn 0.9803 -0.1776 0.0865
vn 0.9563 -0.1932 0.2193
vn 0.9804 -0.1305 0.1478
vn 0.9565 -0.1464 0.2523
vn 0.9804 -0.0991 0.1704
vn 0.9804 -0.0637 0.1864
vn 0.9950 -0.0325 0.0945
vn 0.9950 -0.0507 0.0863
vn 0.9950 -0.0667 0.0748
vn 0.9804 0.0130 0.1965
vn 0.9564 0.0192 0.2914
vn 0.9950 0.0066 0.0997
vn 0.9804 0.0514 0.1902
vn 0.9950 0.0263 0.0964
vn 0.9804 0.0876 0.1766
vn 0.9950 0.0447 0.0896
vn 0.9950 0.0614 0.0791
vn 0.9803 0.1489 0.1295
vn 0.9950 0.0760 0.0655
vn 0.9949 0.0876 0.0493
vn 0.9949 0.0958 0.0312
vn 0.9801 0.1776 -0.0887
vn 0.9559 0.2629 -0.1307
vn 0.9948 0.0906 -0.0456
vn 0.9948 0.0801 -0.0626
vn 0.9800 0.1305 -0.1500
vn 0.9558 0.1932 -0.2215
vn 0.9800 0.0637 -0.1886
vn 0.9558 0.0943 -0.2786
vn 0.9948 0.0325 -0.0968
vn 0.9800 0.0256 -0.1974
vn 0.9558 0.0383 -0.2916
vn 0.9948 0.0128 -0.1013
vn 0.9800 -0.0130 -0.1987
vn 0.9557 -0.0192 -0.2936
vn 0.9948 -0.0067 -0.1019
vn 0.9800 -0.0513 -0.1924
vn 0.9948 -0.0260 -0.0987
vn 0.9948 -0.0448 -0.0917
vn 0.9800 -0.1206 -0.1582
vn 0.9948 -0.0759 -0.0678
vn 0.9948 -0.0958 -0.0335
vn 0.9949 -0.1008 0.0054
vn -0.8804 -0.4249 0.2106
vn -0.8803 -0.3124 0.3572
vn -0.8802 -0.2369 0.4112
vn -0.9225 -0.2540 0.2907
vn -0.9225 -0.3057 0.2356
vn -0.9224 -0.1927 0.3347
vn -0.8802 0.2884 0.3769
vn -0.9224 0.2345 0.3067
vn -0.9226 0.3337 0.1936
vn -0.9228 0.3820 0.0513
vn -0.8810 0.3759 -0.2874
vn -0.8811 0.3123 -0.3552
vn -0.9231 0.2540 -0.2886
vn -0.9232 0.1926 -0.3326
vn -0.9232 0.1239 -0.3638
vn -0.9232 0.0503 -0.3810
vn -0.9232 -0.0252 -0.3834
vn -0.8812 -0.1226 -0.4566
vn -0.9232 -0.0997 -0.3711
vn -0.8811 -0.2096 -0.4239
vn -0.8810 -0.2884 -0.3749
vn -0.9231 -0.2345 -0.3046
vn -0.8810 -0.3562 -0.3115
vn -0.9230 -0.3336 -0.1916
vn -0.9229 -0.3648 -0.1228
vn -0.8807 -0.4697 -0.0609
vn -0.9229 -0.3820 -0.0493
vn -0.8806 -0.4728 0.0320
vn -0.9228 -0.3844 0.0262
vn -0.9227 -0.3721 0.1008
vn -0.9559 -0.2629 0.1307
vn -0.9559 -0.2325 0.1795
vn -0.9800 -0.1306 0.1500
vn -0.9558 -0.1466 0.2549
vn -0.9800 -0.0991 0.1725
vn -0.9558 -0.0942 0.2786
vn -0.9800 -0.0639 0.1885
vn -0.9558 -0.0382 0.2917
vn -0.9800 -0.0258 0.1975
vn -0.9800 0.0128 0.1987
vn -0.9800 0.1207 0.1581
vn -0.9559 0.2539 0.1475
vn -0.9801 0.1715 0.1000
vn -0.9560 0.2776 0.0953
vn -0.9560 0.2906 0.0393
vn -0.9802 0.1963 0.0269
vn -0.9803 0.1913 -0.0501
vn -0.9804 0.1307 -0.1478
vn -0.9564 0.1466 -0.2528
vn -0.9804 0.0991 -0.1704
vn -0.9564 0.0942 -0.2765
vn -0.9564 -0.0192 -0.2914
vn -0.9564 -0.1296 -0.2618
vn -0.9804 -0.0875 -0.1766
vn -0.9804 -0.1206 -0.1560
vn -0.9563 -0.2204 -0.1922
vn -0.9803 -0.1489 -0.1295
vn -0.9561 -0.2906 -0.0371
vn -0.9802 -0.1963 -0.0248
vn -0.9802 -0.1976 0.0140
vn -0.9949 -0.0975 0.0270
vn -0.9949 -0.1009 0.0078
vn -0.9948 -0.0802 0.0627
vn -0.9950 0.0665 -0.0750
vn -0.9948 -0.0324 0.0968
vn -0.9948 -0.0507 0.0886
vn -0.9948 -0.0666 0.0772
vn -0.9949 -0.0875 -0.0494
vn -0.9950 -0.0446 -0.0896
vn -0.9950 -0.0262 -0.0965
vn -0.9950 -0.0068 -0.0998
vn -0.9949 0.0977 -0.0249
vn -0.9949 0.1009 -0.0054
vn -0.9949 0.1002 0.0141
vn -0.9948 0.0614 0.0814
vn -0.9948 0.0448 0.0918
vn -0.9948 0.0264 0.0986
vn -0.9948 0.0067 0.1020
vn -0.9948 -0.0133 0.1013
vn -0.7709 0.3181 0.5519
vn -0.7048 0.2278 0.6718
vn -0.8295 0.1793 0.5290
vn -0.7050 0.4672 0.5336
vn -0.7711 0.5048 0.3882
vn -0.8297 0.4425 0.3404
vn -0.7051 0.5622 0.4321
vn -0.7052 0.6355 0.3142
vn -0.7716 0.6308 -0.0821
vn -0.8301 0.5529 -0.0718
vn -0.8304 0.4829 -0.2779
vn -0.8305 0.3395 -0.4415
vn -0.8307 0.1443 -0.5378
vn -0.7064 0.0464 -0.7063
vn -0.8306 -0.1793 -0.5272
vn -0.7720 -0.4195 -0.4775
vn -0.8305 -0.3677 -0.4183
vn -0.7719 -0.5048 -0.3864
vn -0.8304 -0.4424 -0.3385
vn -0.7718 -0.5706 -0.2805
vn -0.8303 -0.5001 -0.2457
vn -0.7059 -0.6355 -0.3127
vn -0.7717 -0.6145 -0.1638
vn -0.8302 -0.5386 -0.1434
vn -0.8301 -0.5564 -0.0355
vn -0.7056 -0.7071 -0.0455
vn -0.7713 -0.6025 0.2053
vn -0.7053 -0.6710 0.2285
vn -0.7712 -0.5510 0.3190
vn -0.7050 -0.5328 0.4680
vn -0.7049 -0.4314 0.5630
vn -0.8295 -0.2467 0.5011
vn -0.7049 -0.3134 0.6364
vn -0.8295 -0.1443 0.5396
vn -0.7708 0.0830 0.6317
vn -0.8294 0.0728 0.5538
vn -0.7048 0.0925 0.7034
vn -0.6320 0.1011 0.7683
vn -0.6321 0.2489 0.7338
vn -0.6322 0.3871 0.6712
vn -0.5533 0.2676 0.7888
vn -0.5533 0.1087 0.8259
vn -0.5533 0.4162 0.7215
vn -0.5534 0.5488 0.6265
vn -0.5536 0.6604 0.5074
vn -0.6325 0.6944 0.3431
vn -0.5537 0.7466 0.3688
vn -0.6330 0.7676 -0.1003
vn -0.5543 0.8253 -0.1080
vn -0.6331 0.7332 -0.2481
vn -0.5545 0.7882 -0.2669
vn -0.6335 0.5821 -0.5098
vn -0.5548 0.6259 -0.5482
vn -0.6336 0.4713 -0.6135
vn -0.5549 0.5067 -0.6598
vn -0.5550 0.3681 -0.7459
vn -0.6338 0.2004 -0.7471
vn -0.5551 0.2154 -0.8034
vn -0.5551 0.0544 -0.8300
vn -0.6338 -0.1010 -0.7669
vn -0.5551 -0.1086 -0.8247
vn -0.5551 -0.2675 -0.7876
vn -0.6337 -0.3871 -0.6698
vn -0.6336 -0.5105 -0.5814
vn -0.5549 -0.5488 -0.6252
vn -0.6334 -0.6142 -0.4706
vn -0.5546 -0.7466 -0.3675
vn -0.6330 -0.7726 -0.0499
vn -0.5542 -0.8306 -0.0539
vn -0.5541 -0.8253 0.1093
vn -0.5538 -0.7882 0.2682
vn -0.5535 -0.6258 0.5495
vn -0.6322 -0.4713 0.6149
vn -0.5533 -0.2154 0.8047
vn -0.5532 -0.0545 0.8312
vn -0.4691 -0.0577 0.8812
vn -0.4692 -0.2284 0.8531
vn -0.4693 0.4413 0.7649
vn -0.4694 0.5819 0.6641
vn -0.2894 0.9552 0.0629
vn -0.4704 0.8358 -0.2832
vn -0.4706 0.7644 -0.4408
vn -0.2900 0.8289 -0.4783
vn -0.3823 0.6950 -0.6090
vn -0.3825 0.4088 -0.8286
vn -0.4710 0.3903 -0.7911
vn -0.2904 0.4233 -0.8582
vn -0.4711 0.2284 -0.8520
vn -0.2905 0.2477 -0.9243
vn -0.3826 -0.2971 -0.8749
vn -0.3824 -0.6095 -0.6945
vn -0.2902 -0.6311 -0.7193
vn -0.3822 -0.7333 -0.5623
vn -0.4707 -0.7002 -0.5368
vn -0.4706 -0.7916 -0.3898
vn -0.3817 -0.9223 -0.0600
vn -0.4700 -0.8751 0.1157
vn -0.2889 -0.8289 0.4789
vn -0.2887 -0.7197 0.6315
vn -0.4693 -0.5373 0.7007
vn -0.4692 -0.3904 0.7921
vn -0.2885 -0.4234 0.8588
vn -0.2884 -0.0626 0.9555
vn -0.2884 0.1249 0.9493
vn -0.1934 -0.0642 0.9790
vn -0.1934 -0.2539 0.9477
vn -0.0966 0.1299 0.9868
vn -0.1938 0.7782 0.5973
vn -0.0971 0.7896 0.6060
vn -0.1940 0.8797 0.4340
vn -0.1951 0.8495 -0.4902
vn -0.0982 0.8619 -0.4975
vn -0.0984 0.7482 -0.6561
vn -0.0988 0.0651 -0.9930
vn -0.0989 -0.1299 -0.9866
vn -0.1956 -0.3153 -0.9286
vn -0.1955 -0.4904 -0.8493
vn -0.1954 -0.6467 -0.7373
vn -0.0986 -0.6562 -0.7481
vn -0.0984 -0.7895 -0.6057
vn -0.1950 -0.8797 -0.4336
vn -0.1948 -0.9475 -0.2536
vn -0.1941 -0.9288 0.3155
vn -0.0970 -0.7482 0.6563
vn -0.0969 -0.6059 0.7897
vn 0.0011 -0.0654 0.9979
vn 0.0011 0.3214 0.9469
vn 0.0988 0.1299 0.9866
vn 0.0985 0.6562 0.7481
vn 0.0009 0.6593 0.7518
vn 0.1953 0.6467 0.7373
vn 0.1954 0.4904 0.8493
vn 0.1955 0.3153 0.9286
vn 0.0982 0.8926 0.4401
vn 0.1935 0.4338 -0.8800
vn 0.1935 0.2539 -0.9477
vn 0.1934 0.0641 -0.9790
vn -0.0010 -0.3214 -0.9469
vn 0.1936 -0.4905 -0.8497
vn -0.0008 -0.6593 -0.7518
vn 0.1937 -0.6467 -0.7377
vn 0.0971 -0.7895 -0.6060
vn -0.0007 -0.7933 -0.6088
vn 0.1938 -0.7782 -0.5974
vn 0.1947 -0.9725 0.1278
vn 0.0006 -0.8660 0.5000
vn 0.1950 -0.8495 0.4902
vn 0.0985 -0.7483 0.6561
vn 0.0986 -0.6059 0.7894
vn 0.0009 -0.6088 0.7934
vn 0.1955 -0.4338 0.8795
vn 0.1956 -0.0642 0.9786
vn 0.2905 0.1249 0.9487
vn 0.2905 0.3077 0.9061
vn 0.2904 0.4786 0.8286
vn 0.3826 0.2971 0.8748
vn 0.3820 0.8290 0.4084
vn 0.2895 0.9551 0.0623
vn 0.3816 0.9224 0.0600
vn 0.3814 0.9164 -0.1211
vn 0.3812 0.8753 -0.2976
vn 0.3809 0.6950 -0.6099
vn 0.2885 0.4233 -0.8588
vn 0.2883 0.0626 -0.9555
vn 0.3806 0.0605 -0.9228
vn 0.2883 -0.1249 -0.9493
vn 0.3806 -0.1206 -0.9169
vn 0.3814 -0.8928 -0.2397
vn 0.2898 -0.9064 0.3074
vn 0.2899 -0.8290 0.4783
vn 0.2902 -0.5827 0.7591
vn 0.3824 -0.5627 0.7329
vn 0.3826 -0.0605 0.9219
vn 0.4710 -0.3904 0.7910
vn 0.4711 0.2837 0.8352
vn 0.5551 0.1086 0.8247
vn 0.5550 0.2676 0.7876
vn 0.5549 0.5488 0.6252
vn 0.4709 0.5819 0.6631
vn 0.5548 0.6604 0.5061
vn 0.4705 0.7916 0.3898
vn 0.4698 0.8358 -0.2842
vn 0.4696 0.7644 -0.4418
vn 0.5536 0.6258 -0.5495
vn 0.5535 0.5067 -0.6610
vn 0.4692 0.3904 -0.7921
vn 0.5533 0.3682 -0.7472
vn 0.4692 0.2284 -0.8531
vn 0.5532 0.2154 -0.8047
vn 0.5532 0.0544 -0.8313
vn 0.4692 -0.1152 -0.8756
vn 0.5533 -0.2676 -0.7889
vn 0.5533 -0.4162 -0.7215
vn 0.5537 -0.5485 -0.6266
vn 0.5545 -0.7882 0.2669
vn 0.4706 -0.7644 0.4408
vn 0.5548 -0.6258 0.5482
vn 0.4710 -0.5373 0.6997
vn 0.5549 -0.5067 0.6598
vn 0.5550 -0.3682 0.7459
vn 0.6336 -0.4713 0.6136
vn 0.7064 -0.1834 0.6837
vn 0.7064 0.0925 0.7018
vn 0.7064 0.2278 0.6702
vn 0.7059 0.6355 0.3126
vn 0.7053 0.6710 -0.2285
vn 0.6324 0.6705 -0.3879
vn 0.7050 0.5328 -0.4681
vn 0.6321 0.2004 -0.7486
vn 0.6320 0.0506 -0.7733
vn 0.7048 0.0463 -0.7079
vn 0.6321 -0.1011 -0.7683
vn 0.7048 -0.0925 -0.7034
vn 0.6321 -0.2488 -0.7339
vn 0.7048 -0.2278 -0.6719
vn 0.6322 -0.3871 -0.6712
vn 0.6324 -0.6143 -0.4720
vn 0.6325 -0.6944 -0.3431
vn 0.6326 -0.7479 -0.2011
vn 0.6328 -0.7726 -0.0513
vn 0.7055 -0.7071 -0.0471
vn 0.6330 -0.7676 0.1003
vn 0.6332 -0.7331 0.2481
vn 0.7058 -0.6711 0.2270
vn 0.7720 -0.4783 0.4186
vn 0.7721 -0.2814 0.5698
vn 0.8306 -0.1444 0.5378
vn 0.8306 -0.2467 0.4992
vn 0.8306 -0.0365 0.5556
vn 0.7722 0.0831 0.6299
vn 0.8306 0.1793 0.5272
vn 0.8306 0.2788 0.4820
vn 0.7719 0.5048 0.3864
vn 0.8304 0.4424 0.3386
vn 0.7716 0.6349 0.0407
vn 0.7713 0.6025 -0.2053
vn 0.7711 0.4783 -0.4204
vn 0.8296 0.4193 -0.3687
vn 0.7710 0.3873 -0.5056
vn 0.8296 0.3395 -0.4434
vn 0.8295 0.2467 -0.5011
vn 0.7708 0.0416 -0.6358
vn 0.7708 -0.0830 -0.6317
vn 0.8295 -0.0728 -0.5538
vn 0.8295 -0.2788 -0.4839
vn 0.7711 -0.5048 -0.3882
vn 0.8297 -0.4425 -0.3404
vn 0.8298 -0.5001 -0.2476
vn 0.7713 -0.6145 -0.1655
vn 0.8299 -0.5386 -0.1453
vn 0.7715 -0.6349 -0.0424
vn 0.8301 -0.5529 0.0718
vn 0.8304 -0.4829 0.2779
vn 0.8305 -0.4193 0.3668
vn 0.8810 -0.3563 0.3114
vn 0.8811 -0.2095 0.4239
vn 0.8812 -0.1226 0.4566
vn 0.8812 -0.0310 0.4717
vn 0.9232 -0.0252 0.3834
vn 0.8812 0.0619 0.4687
vn 0.8811 0.1523 0.4477
vn 0.9232 0.1239 0.3638
vn 0.9232 0.1927 0.3326
vn 0.8810 0.3124 0.3552
vn 0.9231 0.2540 0.2886
vn 0.8809 0.4249 0.2086
vn 0.9227 0.3820 -0.0514
vn 0.9226 0.3649 -0.1249
vn 0.9226 0.3336 -0.1937
vn 0.9225 0.2896 -0.2551
vn 0.8802 0.2884 -0.3769
vn 0.8802 0.2096 -0.4259
vn 0.9224 0.1705 -0.3466
vn 0.8801 0.0309 -0.4737
vn 0.8801 -0.0619 -0.4707
vn 0.9224 -0.0503 -0.3831
vn 0.8801 -0.1523 -0.4496
vn 0.9224 -0.1239 -0.3659
vn 0.9225 -0.2540 -0.2907
vn 0.9226 -0.3456 -0.1715
vn 0.9227 -0.3722 -0.1008
vn 0.8806 -0.4728 -0.0320
vn 0.9228 -0.3845 -0.0263
vn 0.8808 -0.4696 0.0612
vn 0.9229 -0.3648 0.1228
vn 0.9230 -0.3337 0.1916
vn 0.9231 -0.2897 0.2530
vn 0.9563 -0.2538 0.1454
vn 0.9562 -0.2775 0.0932
vn 0.9563 -0.2204 0.1921
vn 0.9563 -0.1784 0.2315
vn 0.9803 -0.1489 0.1294
vn 0.9804 -0.0876 0.1765
vn 0.9564 -0.0759 0.2821
vn 0.9804 -0.0512 0.1902
vn 0.9804 -0.0129 0.1965
vn 0.9804 0.0258 0.1952
vn 0.9564 0.0942 0.2764
vn 0.9804 0.0637 0.1864
vn 0.9564 0.1465 0.2527
vn 0.9563 0.1932 0.2193
vn 0.9804 0.1305 0.1479
vn 0.9950 0.0664 0.0750
vn 0.9950 0.0504 0.0865
vn 0.9950 0.0326 0.0945
vn 0.9950 0.0801 0.0604
vn 0.9803 0.1775 0.0867
vn 0.9562 0.2629 0.1285
vn 0.9949 0.0907 0.0434
vn 0.9802 0.1913 0.0501
vn 0.9802 0.1976 0.0119
vn 0.9561 0.2924 0.0181
vn 0.9949 0.1008 0.0057
vn 0.9560 0.2906 -0.0394
vn 0.9801 0.1875 -0.0648
vn 0.9560 0.2775 -0.0953
vn 0.9949 0.0956 -0.0337
vn 0.9801 0.1715 -0.1002
vn 0.9559 0.2538 -0.1477
vn 0.9948 0.0874 -0.0519
vn 0.9800 0.1490 -0.1316
vn 0.9559 0.2204 -0.1943
vn 0.9948 0.0760 -0.0677
vn 0.9800 0.1206 -0.1581
vn 0.9558 0.1785 -0.2336
vn 0.9948 0.0616 -0.0812
vn 0.9800 0.0878 -0.1786
vn 0.9558 0.1296 -0.2640
vn 0.9948 0.0447 -0.0917
vn 0.9800 0.0513 -0.1924
vn 0.9558 0.0759 -0.2842
vn 0.9948 0.0264 -0.0986
vn 0.9800 0.0130 -0.1987
vn 0.9558 0.0192 -0.2935
vn 0.9948 0.0067 -0.1019
vn 0.9800 -0.0258 -0.1974
vn 0.9558 -0.0382 -0.2917
vn 0.9948 -0.0132 -0.1012
vn 0.9800 -0.0636 -0.1886
vn 0.9558 -0.0943 -0.2786
vn 0.9948 -0.0324 -0.0968
vn 0.9558 -0.1466 -0.2549
vn 0.9948 -0.0507 -0.0885
vn 0.9558 -0.1932 -0.2214
vn 0.9948 -0.0666 -0.0771
vn 0.9801 -0.1571 -0.1216
vn 0.9948 -0.0802 -0.0626
vn 0.9559 -0.2628 -0.1307
vn 0.9948 -0.0907 -0.0457
vn 0.9949 -0.0976 -0.0271
vn 0.9561 -0.2925 -0.0203
vn 0.9949 -0.1008 -0.0079
vn 0.9802 -0.1963 0.0248
vn 0.9561 -0.2906 0.0372
vn 0.9949 -0.1001 0.0120
vn 0.9803 -0.1875 0.0627
vn 0.9949 -0.0956 0.0315
vn 0.9803 -0.1716 0.0979
vn 0.9949 -0.0875 0.0494
vn 0.9950 0.0131 0.0991
vn 0.9950 -0.0065 0.0997
vn 0.9950 -0.0259 0.0965
vn 0.9950 -0.0447 0.0895
vn -0.8801 0.0619 0.4707
vn -0.8801 -0.0310 0.4738
vn -0.8802 0.2368 0.4113
vn -0.9224 0.0503 0.3830
vn -0.8803 0.3124 0.3572
vn -0.9226 0.3456 0.1715
vn -0.8805 0.4577 0.1236
vn -0.9227 0.3722 0.1008
vn -0.8806 0.4728 0.0320
vn -0.9228 0.3845 0.0263
vn -0.8807 0.4698 -0.0608
vn -0.9228 0.3820 -0.0492
vn -0.9229 0.3648 -0.1229
vn -0.9230 0.3337 -0.1917
vn -0.9231 0.2897 -0.2530
vn -0.9231 0.2346 -0.3046
vn -0.8811 0.2095 -0.4239
vn -0.9232 0.1704 -0.3445
vn -0.8812 0.1226 -0.4566
vn -0.9232 0.0997 -0.3711
vn -0.8812 0.0310 -0.4717
vn -0.9232 0.0252 -0.3834
vn -0.8812 -0.0618 -0.4687
vn -0.9232 -0.0503 -0.3810
vn -0.8811 -0.1523 -0.4477
vn -0.9232 -0.1927 -0.3326
vn -0.9231 -0.2541 -0.2886
vn -0.9230 -0.3057 -0.2335
vn -0.8807 -0.4727 -0.0300
vn -0.8805 -0.4486 0.1532
vn -0.9227 -0.3649 0.1249
vn -0.9226 -0.3336 0.1937
vn -0.8803 -0.3562 0.3134
vn -0.9225 -0.2896 0.2551
vn -0.8802 -0.2884 0.3769
vn -0.9225 -0.2346 0.3067
vn -0.8802 -0.2096 0.4259
vn -0.9224 -0.0252 0.3855
vn -0.9558 -0.0759 0.2842
vn -0.9558 0.0383 0.2917
vn -0.9558 0.0942 0.2786
vn -0.9800 0.0636 0.1886
vn -0.9558 0.1466 0.2549
vn -0.9800 0.1306 0.1500
vn -0.9801 0.1571 0.1217
vn -0.9560 0.2831 0.0769
vn -0.9801 0.1913 0.0523
vn -0.9561 0.2924 0.0203
vn -0.9802 0.1976 0.0141
vn -0.9802 0.1963 -0.0247
vn -0.9562 0.2775 -0.0932
vn -0.9803 0.1875 -0.0627
vn -0.9562 0.2538 -0.1455
vn -0.9563 0.2204 -0.1922
vn -0.9803 0.1489 -0.1294
vn -0.9804 0.1206 -0.1560
vn -0.9564 0.1296 -0.2618
vn -0.9804 0.0876 -0.1765
vn -0.9564 0.0759 -0.2821
vn -0.9804 0.0512 -0.1902
vn -0.9564 0.0192 -0.2914
vn -0.9804 0.0129 -0.1965
vn -0.9804 -0.0259 -0.1952
vn -0.9564 -0.0942 -0.2764
vn -0.9564 -0.1465 -0.2527
vn -0.9804 -0.0989 -0.1705
vn -0.9804 -0.1305 -0.1478
vn -0.9563 -0.2325 -0.1774
vn -0.9803 -0.1571 -0.1195
vn -0.9562 -0.2629 -0.1285
vn -0.9803 -0.1775 -0.0867
vn -0.9803 -0.1913 -0.0501
vn -0.9561 -0.2925 -0.0182
vn -0.9802 -0.1976 -0.0119
vn -0.9560 -0.2906 0.0394
vn -0.9802 -0.1963 0.0269
vn -0.9801 -0.1875 0.0648
vn -0.9559 -0.2538 0.1477
vn -0.9801 -0.1715 0.1003
vn -0.9559 -0.2204 0.1943
vn -0.9800 -0.1490 0.1316
vn -0.9558 -0.1785 0.2336
vn -0.9800 -0.1206 0.1581
vn -0.9558 -0.1296 0.2640
vn -0.9800 -0.0875 0.1787
vn -0.9800 -0.0513 0.1924
vn -0.9948 -0.0264 0.0986
vn -0.9948 -0.0447 0.0917
vn -0.9948 -0.0067 0.1019
vn -0.9948 0.0132 0.1013
vn -0.9950 -0.0325 -0.0946
vn -0.9950 -0.0504 -0.0865
vn -0.9948 0.0666 0.0771
vn -0.9948 0.0507 0.0885
vn -0.9948 0.0324 0.0968
vn -0.9948 -0.0616 0.0812
vn -0.9948 -0.0760 0.0677
vn -0.9948 -0.0874 0.0519
vn -0.9948 -0.0959 0.0334
vn -0.9949 -0.1002 0.0142
vn -0.9949 -0.1008 -0.0057
vn -0.9949 -0.0977 -0.0249
vn -0.9949 -0.0907 -0.0433
vn -0.9950 -0.0801 -0.0604
vn -0.9950 0.0065 -0.0997
vn -0.9950 0.0447 -0.0895
vn -0.9950 0.0616 -0.0790
vn -0.9949 0.0875 -0.0494
vn -0.9949 0.0956 -0.0316
vn -0.9949 0.1002 -0.0119
vn -0.9949 0.1008 0.0078
vn -0.9949 0.0976 0.0271
vn -0.9948 0.0906 0.0458
vt 0.750000 0.750000
vt 0.750000 0.781250
vt 0.718750 0.781250
vt 0.718750 0.750000
vt 0.750000 0.812500
vt 0.718750 0.812500
vt 0.781250 0.781250
vt 0.781250 0.812500
vt 0.781250 0.750000
vt 0.812500 0.781250
vt 0.812500 0.812500
vt 0.812500 0.750000
vt 0.843750 0.781250
vt 0.843750 0.812500
vt 0.843750 0.750000
vt 0.875000 0.781250
vt 0.875000 0.812500
vt 0.875000 0.750000
vt 0.906250 0.781250
vt 0.906250 0.812500
vt 0.906250 0.750000
vt 0.937500 0.781250
vt 0.937500 0.812500
vt 0.937500 0.750000
vt 0.968750 0.781250
vt 0.968750 0.812500
vt 0.968750 0.750000
vt 1.000000 0.781250
vt 1.000000 0.812500
vt 1.000000 0.750000
vt 0.031250 0.781250
vt 0.031250 0.812500
vt 0.000000 0.812500
vt 0.000000 0.781250
vt 0.031250 0.750000
vt 0.000000 0.750000
vt 0.062500 0.781250
vt 0.062500 0.812500
vt 0.062500 0.750000
vt 0.093750 0.781250
vt 0.093750 0.812500
vt 0.093750 0.750000
vt 0.125000 0.781250
vt 0.125000 0.812500
vt 0.125000 0.750000
vt 0.156250 0.781250
vt 0.156250 0.812500
vt 0.156250 0.750000
vt 0.187500 0.781250
vt 0.187500 0.812500
vt 0.187500 0.750000
vt 0.218750 0.781250
vt 0.218750 0.812500
vt 0.218750 0.750000
vt 0.250000 0.781250
vt 0.250000 0.812500
vt 0.250000 0.750000
vt 0.281250 0.781250
vt 0.281250 0.812500
vt 0.281250 0.750000
vt 0.312500 0.781250
vt 0.312500 0.812500
vt 0.312500 0.750000
vt 0.343750 0.781250
vt 0.343750 0.812500
vt 0.343750 0.750000
vt 0.375000 0.781250
vt 0.375000 0.812500
vt 0.375000 0.750000
vt 0.406250 0.781250
vt 0.406250 0.812500
vt 0.406250 0.750000
vt 0.437500 0.781250
vt 0.437500 0.812500
vt 0.437500 0.750000
vt 0.468750 0.781250
vt 0.468750 0.812500
vt 0.468750 0.750000
vt 0.500000 0.781250
vt 0.500000 0.812500
vt 0.500000 0.750000
vt 0.531250 0.781250
vt 0.531250 0.812500
vt 0.531250 0.750000
vt 0.562500 0.781250
vt 0.562500 0.812500
vt 0.562500 0.750000
vt 0.593750 0.781250
vt 0.593750 0.812500
vt 0.593750 0.750000
vt 0.625000 0.781250
vt 0.625000 0.812500
vt 0.625000 0.750000
vt 0.656250 0.781250
vt 0.656250 0.812500
vt 0.656250 0.750000
vt 0.687500 0.781250
vt 0.687500 0.812500
vt 0.687500 0.750000
vt 0.687500 0.718750
vt 0.656250 0.718750
vt 0.718750 0.718750
vt 0.750000 0.718750
vt 0.718750 0.687500
vt 0.687500 0.687500
vt 0.750000 0.687500
vt 0.781250 0.718750
vt 0.781250 0.687500
vt 0.812500 0.718750
vt 0.812500 0.687500
vt 0.843750 0.718750
vt 0.843750 0.687500
vt 0.875000 0.718750
vt 0.875000 0.687500
vt 0.906250 0.718750
vt 0.906250 0.687500
vt 0.937500 0.718750
vt 0.937500 0.687500
vt 0.968750 0.718750
vt 0.968750 0.687500
vt 1.000000 0.718750
vt 1.000000 0.687500
vt 0.031250 0.718750
vt 0.000000 0.718750
vt 0.031250 0.687500
vt 0.000000 0.687500
vt 0.062500 0.718750
vt 0.062500 0.687500
vt 0.093750 0.718750
vt 0.093750 0.687500
vt 0.125000 0.718750
vt 0.125000 0.687500
vt 0.156250 0.718750
vt 0.156250 0.687500
vt 0.187500 0.718750
vt 0.187500 0.687500
vt 0.218750 0.718750
vt 0.218750 0.687500
vt 0.250000 0.718750
vt 0.250000 0.687500
vt 0.281250 0.718750
vt 0.281250 0.687500
vt 0.312500 0.718750
vt 0.312500 0.687500
vt 0.343750 0.718750
vt 0.343750 0.687500
vt 0.375000 0.718750
vt 0.375000 0.687500
vt 0.406250 0.718750
vt 0.406250 0.687500
vt 0.437500 0.718750
vt 0.437500 0.687500
vt 0.468750 0.718750
vt 0.468750 0.687500
vt 0.500000 0.718750
vt 0.500000 0.687500
vt 0.531250 0.718750
vt 0.531250 0.687500
vt 0.562500 0.718750
vt 0.562500 0.687500
vt 0.593750 0.718750
vt 0.593750 0.687500
vt 0.625000 0.718750
vt 0.625000 0.687500
vt 0.656250 0.687500
vt 0.656250 0.656250
vt 0.625000 0.656250
vt 0.687500 0.656250
vt 0.718750 0.656250
vt 0.687500 0.625000
vt 0.656250 0.625000
vt 0.718750 0.625000
vt 0.750000 0.656250
vt 0.750000 0.625000
vt 0.781250 0.656250
vt 0.781250 0.625000
vt 0.781250 0.593750
vt 0.750000 0.593750
vt 0.718750 0.593750
vt 0.812500 0.625000
vt 0.812500 0.656250
vt 0.812500 0.593750
vt 0.843750 0.625000
vt 0.843750 0.656250
vt 0.843750 0.593750
vt 0.875000 0.625000
vt 0.875000 0.656250
vt 0.875000 0.593750
vt 0.906250 0.625000
vt 0.906250 0.656250
vt 0.906250 0.593750
vt 0.937500 0.625000
vt 0.937500 0.656250
vt 0.937500 0.593750
vt 0.968750 0.625000
vt 0.968750 0.656250
vt 0.968750 0.593750
vt 1.000000 0.625000
vt 1.000000 0.656250
vt 1.000000 0.593750
vt 0.031250 0.625000
vt 0.031250 0.656250
vt 0.000000 0.656250
vt 0.000000 0.625000
vt 0.031250 0.593750
vt 0.000000 0.593750
vt 0.062500 0.625000
vt 0.062500 0.656250
vt 0.062500 0.593750
vt 0.093750 0.625000
vt 0.093750 0.656250
vt 0.093750 0.593750
vt 0.125000 0.625000
vt 0.125000 0.656250
vt 0.125000 0.593750
vt 0.156250 0.625000
vt 0.156250 0.656250
vt 0.156250 0.593750
vt 0.187500 0.625000
vt 0.187500 0.656250
vt 0.187500 0.593750
vt 0.218750 0.625000
vt 0.218750 0.656250
vt 0.218750 0.593750
vt 0.250000 0.625000
vt 0.250000 0.656250
vt 0.250000 0.593750
vt 0.281250 0.625000
vt 0.281250 0.656250
vt 0.281250 0.593750
vt 0.312500 0.625000
vt 0.312500 0.656250
vt 0.312500 0.593750
vt 0.343750 0.625000
vt 0.343750 0.656250
vt 0.343750 0.593750
vt 0.375000 0.625000
vt 0.375000 0.656250
vt 0.375000 0.593750
vt 0.406250 0.625000
vt 0.406250 0.656250
vt 0.406250 0.593750
vt 0.437500 0.625000
vt 0.437500 0.656250
vt 0.437500 0.593750
vt 0.468750 0.625000
vt 0.468750 0.656250
vt 0.468750 0.593750
vt 0.500000 0.625000
vt 0.500000 0.656250
vt 0.500000 0.593750
vt 0.531250 0.625000
vt 0.531250 0.656250
vt 0.531250 0.593750
vt 0.562500 0.625000
vt 0.562500 0.656250
vt 0.562500 0.593750
vt 0.593750 0.625000
vt 0.593750 0.656250
vt 0.593750 0.593750
vt 0.625000 0.625000
vt 0.625000 0.593750
vt 0.656250 0.593750
vt 0.687500 0.593750
vt 0.656250 0.562500
vt 0.625000 0.562500
vt 0.687500 0.562500
vt 0.718750 0.562500
vt 0.750000 0.562500
vt 0.718750 0.531250
vt 0.687500 0.531250
vt 0.750000 0.531250
vt 0.781250 0.562500
vt 0.781250 0.531250
vt 0.812500 0.562500
vt 0.812500 0.531250
vt 0.843750 0.562500
vt 0.843750 0.531250
vt 0.875000 0.562500
vt 0.875000 0.531250
vt 0.906250 0.562500
vt 0.906250 0.531250
vt 0.937500 0.562500
vt 0.937500 0.531250
vt 0.968750 0.562500
vt 0.968750 0.531250
vt 1.000000 0.562500
vt 1.000000 0.531250
vt 0.031250 0.562500
vt 0.000000 0.562500
vt 0.031250 0.531250
vt 0.000000 0.531250
vt 0.062500 0.562500
vt 0.062500 0.531250
vt 0.093750 0.562500
vt 0.093750 0.531250
vt 0.125000 0.562500
vt 0.125000 0.531250
vt 0.156250 0.562500
vt 0.156250 0.531250
vt 0.187500 0.562500
vt 0.187500 0.531250
vt 0.218750 0.562500
vt 0.218750 0.531250
vt 0.250000 0.562500
vt 0.250000 0.531250
vt 0.281250 0.562500
vt 0.281250 0.531250
vt 0.312500 0.562500
vt 0.312500 0.531250
vt 0.343750 0.562500
vt 0.343750 0.531250
vt 0.375000 0.562500
vt 0.375000 0.531250
vt 0.406250 0.562500
vt 0.406250 0.531250
vt 0.437500 0.562500
vt 0.437500 0.531250
vt 0.468750 0.562500
vt 0.468750 0.531250
vt 0.500000 0.562500
vt 0.500000 0.531250
vt 0.531250 0.562500
vt 0.531250 0.531250
vt 0.562500 0.562500
vt 0.562500 0.531250
vt 0.593750 0.562500
vt 0.593750 0.531250
vt 0.625000 0.531250
vt 0.656250 0.531250
vt 0.625000 0.500000
vt 0.593750 0.500000
vt 0.656250 0.500000
vt 0.687500 0.500000
vt 0.718750 0.500000
vt 0.687500 0.468750
vt 0.656250 0.468750
vt 0.718750 0.468750
vt 0.750000 0.500000
vt 0.750000 0.468750
vt 0.781250 0.468750
vt 0.781250 0.500000
vt 0.781250 0.437500
vt 0.750000 0.437500
vt 0.718750 0.437500
vt 0.812500 0.468750
vt 0.812500 0.500000
vt 0.812500 0.437500
vt 0.843750 0.468750
vt 0.843750 0.500000
vt 0.843750 0.437500
vt 0.875000 0.468750
vt 0.875000 0.500000
vt 0.875000 0.437500
vt 0.906250 0.468750
vt 0.906250 0.500000
vt 0.906250 0.437500
vt 0.937500 0.468750
vt 0.937500 0.500000
vt 0.937500 0.437500
vt 0.968750 0.468750
vt 0.968750 0.500000
vt 0.968750 0.437500
vt 1.000000 0.468750
vt 1.000000 0.500000
vt 1.000000 0.437500
vt 0.031250 0.468750
vt 0.031250 0.500000
vt 0.000000 0.500000
vt 0.000000 0.468750
vt 0.031250 0.437500
vt 0.000000 0.437500
vt 0.062500 0.468750
vt 0.062500 0.500000
vt 0.062500 0.437500
vt 0.093750 0.468750
vt 0.093750 0.500000
vt 0.093750 0.437500
vt 0.125000 0.468750
vt 0.125000 0.500000
vt 0.125000 0.437500
vt 0.156250 0.468750
vt 0.156250 0.500000
vt 0.156250 0.437500
vt 0.187500 0.468750
vt 0.187500 0.500000
vt 0.187500 0.437500
vt 0.218750 0.468750
vt 0.218750 0.500000
vt 0.218750 0.437500
vt 0.250000 0.468750
vt 0.250000 0.500000
vt 0.250000 0.437500
vt 0.281250 0.468750
vt 0.281250 0.500000
vt 0.281250 0.437500
vt 0.312500 0.468750
vt 0.312500 0.500000
vt 0.312500 0.437500
vt 0.343750 0.468750
vt 0.343750 0.500000
vt 0.343750 0.437500
vt 0.375000 0.468750
vt 0.375000 0.500000
vt 0.375000 0.437500
vt 0.406250 0.468750
vt 0.406250 0.500000
vt 0.406250 0.437500
vt 0.437500 0.468750
vt 0.437500 0.500000
vt 0.437500 0.437500
vt 0.468750 0.468750
vt 0.468750 0.500000
vt 0.468750 0.437500
vt 0.500000 0.468750
vt 0.500000 0.500000
vt 0.500000 0.437500
vt 0.531250 0.468750
vt 0.531250 0.500000
vt 0.531250 0.437500
vt 0.562500 0.468750
vt 0.562500 0.500000
vt 0.562500 0.437500
vt 0.593750 0.468750
vt 0.593750 0.437500
vt 0.625000 0.468750
vt 0.625000 0.437500
vt 0.656250 0.437500
vt 0.687500 0.437500
vt 0.656250 0.406250
vt 0.625000 0.406250
vt 0.687500 0.406250
vt 0.718750 0.406250
vt 0.750000 0.406250
vt 0.718750 0.375000
vt 0.687500 0.375000
vt 0.750000 0.375000
vt 0.781250 0.375000
vt 0.781250 0.406250
vt 0.812500 0.406250
vt 0.812500 0.375000
vt 0.843750 0.406250
vt 0.843750 0.375000
vt 0.875000 0.406250
vt 0.875000 0.375000
vt 0.906250 0.406250
vt 0.906250 0.375000
vt 0.937500 0.406250
vt 0.937500 0.375000
vt 0.968750 0.406250
vt 0.968750 0.375000
vt 1.000000 0.406250
vt 1.000000 0.375000
vt 0.031250 0.406250
vt 0.000000 0.406250
vt 0.031250 0.375000
vt 0.000000 0.375000
vt 0.062500 0.406250
vt 0.062500 0.375000
vt 0.093750 0.406250
vt 0.093750 0.375000
vt 0.125000 0.406250
vt 0.125000 0.375000
vt 0.156250 0.406250
vt 0.156250 0.375000
vt 0.187500 0.406250
vt 0.187500 0.375000
vt 0.218750 0.406250
vt 0.218750 0.375000
vt 0.250000 0.406250
vt 0.250000 0.375000
vt 0.281250 0.406250
vt 0.281250 0.375000
vt 0.312500 0.406250
vt 0.312500 0.375000
vt 0.343750 0.406250
vt 0.343750 0.375000
vt 0.375000 0.406250
vt 0.375000 0.375000
vt 0.406250 0.406250
vt 0.406250 0.375000
vt 0.437500 0.406250
vt 0.437500 0.375000
vt 0.468750 0.406250
vt 0.468750 0.375000
vt 0.500000 0.406250
vt 0.500000 0.375000
vt 0.531250 0.406250
vt 0.531250 0.375000
vt 0.562500 0.406250
vt 0.562500 0.375000
vt 0.593750 0.406250
vt 0.593750 0.375000
vt 0.625000 0.375000
vt 0.656250 0.375000
vt 0.625000 0.343750
vt 0.593750 0.343750
vt 0.656250 0.343750
vt 0.687500 0.343750
vt 0.718750 0.343750
vt 0.687500 0.312500
vt 0.656250 0.312500
vt 0.718750 0.312500
vt 0.750000 0.343750
vt 0.750000 0.312500
vt 0.781250 0.312500
vt 0.781250 0.343750
vt 0.812500 0.343750
vt 0.812500 0.312500
vt 0.843750 0.343750
vt 0.843750 0.312500
vt 0.875000 0.343750
vt 0.875000 0.312500
vt 0.906250 0.343750
vt 0.906250 0.312500
vt 0.937500 0.343750
vt 0.937500 0.312500
vt 0.968750 0.343750
vt 0.968750 0.312500
vt 1.000000 0.343750
vt 1.000000 0.312500
vt 0.031250 0.343750
vt 0.000000 0.343750
vt 0.031250 0.312500
vt 0.000000 0.312500
vt 0.062500 0.343750
vt 0.062500 0.312500
vt 0.093750 0.343750
vt 0.093750 0.312500
vt 0.125000 0.343750
vt 0.125000 0.312500
vt 0.156250 0.343750
vt 0.156250 0.312500
vt 0.187500 0.343750
vt 0.187500 0.312500
vt 0.218750 0.343750
vt 0.218750 0.312500
vt 0.250000 0.343750
vt 0.250000 0.312500
vt 0.281250 0.343750
vt 0.281250 0.312500
vt 0.312500 0.343750
vt 0.312500 0.312500
vt 0.343750 0.343750
vt 0.343750 0.312500
vt 0.375000 0.343750
vt 0.375000 0.312500
vt 0.406250 0.343750
vt 0.406250 0.312500
vt 0.437500 0.343750
vt 0.437500 0.312500
vt 0.468750 0.343750
vt 0.468750 0.312500
vt 0.500000 0.343750
vt 0.500000 0.312500
vt 0.531250 0.343750
vt 0.531250 0.312500
vt 0.562500 0.343750
vt 0.562500 0.312500
vt 0.593750 0.312500
vt 0.625000 0.312500
vt 0.593750 0.281250
vt 0.562500 0.281250
vt 0.625000 0.281250
vt 0.656250 0.281250
vt 0.687500 0.281250
vt 0.656250 0.250000
vt 0.625000 0.250000
vt 0.687500 0.250000
vt 0.718750 0.281250
vt 0.718750 0.250000
vt 0.750000 0.281250
vt 0.750000 0.250000
vt 0.781250 0.281250
vt 0.781250 0.250000
vt 0.812500 0.281250
vt 0.812500 0.250000
vt 0.843750 0.281250
vt 0.843750 0.250000
vt 0.875000 0.281250
vt 0.875000 0.250000
vt 0.906250 0.281250
vt 0.906250 0.250000
vt 0.937500 0.281250
vt 0.937500 0.250000
vt 0.968750 0.281250
vt 0.968750 0.250000
vt 1.000000 0.281250
vt 1.000000 0.250000
vt 0.031250 0.281250
vt 0.000000 0.281250
vt 0.031250 0.250000
vt 0.000000 0.250000
vt 0.062500 0.281250
vt 0.062500 0.250000
vt 0.093750 0.281250
vt 0.093750 0.250000
vt 0.125000 0.281250
vt 0.125000 0.250000
vt 0.156250 0.281250
vt 0.156250 0.250000
vt 0.187500 0.281250
vt 0.187500 0.250000
vt 0.218750 0.281250
vt 0.218750 0.250000
vt 0.250000 0.281250
vt 0.250000 0.250000
vt 0.281250 0.281250
vt 0.281250 0.250000
vt 0.312500 0.281250
vt 0.312500 0.250000
vt 0.343750 0.281250
vt 0.343750 0.250000
vt 0.375000 0.281250
vt 0.375000 0.250000
vt 0.406250 0.281250
vt 0.406250 0.250000
vt 0.437500 0.281250
vt 0.437500 0.250000
vt 0.468750 0.281250
vt 0.468750 0.250000
vt 0.500000 0.281250
vt 0.500000 0.250000
vt 0.531250 0.281250
vt 0.531250 0.250000
vt 0.562500 0.250000
vt 0.593750 0.250000
vt 0.562500 0.218750
vt 0.531250 0.218750
vt 0.593750 0.218750
vt 0.625000 0.218750
vt 0.656250 0.218750
vt 0.625000 0.187500
vt 0.593750 0.187500
vt 0.656250 0.187500
vt 0.687500 0.218750
vt 0.687500 0.187500
vt 0.718750 0.218750
vt 0.718750 0.187500
vt 0.750000 0.218750
vt 0.750000 0.187500
vt 0.781250 0.187500
vt 0.781250 0.218750
vt 0.812500 0.218750
vt 0.812500 0.187500
vt 0.843750 0.218750
vt 0.843750 0.187500
vt 0.875000 0.218750
vt 0.875000 0.187500
vt 0.906250 0.218750
vt 0.906250 0.187500
vt 0.937500 0.218750
vt 0.937500 0.187500
vt 0.968750 0.218750
vt 0.968750 0.187500
vt 1.000000 0.218750
vt 1.000000 0.187500
vt 0.031250 0.218750
vt 0.000000 0.218750
vt 0.031250 0.187500
vt 0.000000 0.187500
vt 0.062500 0.218750
vt 0.062500 0.187500
vt 0.093750 0.218750
vt 0.093750 0.187500
vt 0.125000 0.218750
vt 0.125000 0.187500
vt 0.156250 0.218750
vt 0.156250 0.187500
vt 0.187500 0.218750
vt 0.187500 0.187500
vt 0.218750 0.218750
vt 0.218750 0.187500
vt 0.250000 0.218750
vt 0.250000 0.187500
vt 0.281250 0.218750
vt 0.281250 0.187500
vt 0.312500 0.218750
vt 0.312500 0.187500
vt 0.343750 0.218750
vt 0.343750 0.187500
vt 0.375000 0.218750
vt 0.375000 0.187500
vt 0.406250 0.218750
vt 0.406250 0.187500
vt 0.437500 0.218750
vt 0.437500 0.187500
vt 0.468750 0.218750
vt 0.468750 0.187500
vt 0.500000 0.218750
vt 0.500000 0.187500
vt 0.531250 0.187500
vt 0.562500 0.187500
vt 0.531250 0.156250
vt 0.500000 0.156250
vt 0.562500 0.156250
vt 0.593750 0.156250
vt 0.625000 0.156250
vt 0.593750 0.125000
vt 0.562500 0.125000
vt 0.625000 0.125000
vt 0.656250 0.156250
vt 0.656250 0.125000
vt 0.687500 0.156250
vt 0.687500 0.125000
vt 0.718750 0.156250
vt 0.718750 0.125000
vt 0.750000 0.156250
vt 0.750000 0.125000
vt 0.781250 0.156250
vt 0.781250 0.125000
vt 0.812500 0.156250
vt 0.812500 0.125000
vt 0.843750 0.156250
vt 0.843750 0.125000
vt 0.875000 0.156250
vt 0.875000 0.125000
vt 0.906250 0.156250
vt 0.906250 0.125000
vt 0.937500 0.156250
vt 0.937500 0.125000
vt 0.968750 0.156250
vt 0.968750 0.125000
vt 1.000000 0.156250
vt 1.000000 0.125000
vt 0.031250 0.156250
vt 0.000000 0.156250
vt 0.031250 0.125000
vt 0.000000 0.125000
vt 0.062500 0.156250
vt 0.062500 0.125000
vt 0.093750 0.156250
vt 0.093750 0.125000
vt 0.125000 0.156250
vt 0.125000 0.125000
vt 0.156250 0.156250
vt 0.156250 0.125000
vt 0.187500 0.156250
vt 0.187500 0.125000
vt 0.218750 0.156250
vt 0.218750 0.125000
vt 0.250000 0.156250
vt 0.250000 0.125000
vt 0.281250 0.156250
vt 0.281250 0.125000
vt 0.312500 0.156250
vt 0.312500 0.125000
vt 0.343750 0.156250
vt 0.343750 0.125000
vt 0.375000 0.156250
vt 0.375000 0.125000
vt 0.406250 0.156250
vt 0.406250 0.125000
vt 0.437500 0.156250
vt 0.437500 0.125000
vt 0.468750 0.156250
vt 0.468750 0.125000
vt 0.500000 0.125000
vt 0.531250 0.125000
vt 0.500000 0.093750
vt 0.468750 0.093750
vt 0.531250 0.093750
vt 0.562500 0.093750
vt 0.593750 0.093750
vt 0.562500 0.062500
vt 0.531250 0.062500
vt 0.593750 0.062500
vt 0.625000 0.093750
vt 0.625000 0.062500
vt 0.656250 0.093750
vt 0.656250 0.062500
vt 0.687500 0.093750
vt 0.687500 0.062500
vt 0.718750 0.093750
vt 0.718750 0.062500
vt 0.750000 0.093750
vt 0.750000 0.062500
vt 0.781250 0.093750
vt 0.781250 0.062500
vt 0.781250 0.031250
vt 0.750000 0.031250
vt 0.718750 0.031250
vt 0.812500 0.062500
vt 0.812500 0.093750
vt 0.812500 0.031250
vt 0.843750 0.062500
vt 0.843750 0.093750
vt 0.843750 0.031250
vt 0.875000 0.062500
vt 0.875000 0.093750
vt 0.875000 0.031250
vt 0.906250 0.062500
vt 0.906250 0.093750
vt 0.906250 0.031250
vt 0.937500 0.062500
vt 0.937500 0.093750
vt 0.937500 0.031250
vt 0.968750 0.062500
vt 0.968750 0.093750
vt 0.968750 0.031250
vt 1.000000 0.062500
vt 1.000000 0.093750
vt 1.000000 0.031250
vt 0.031250 0.062500
vt 0.031250 0.093750
vt 0.000000 0.093750
vt 0.000000 0.062500
vt 0.031250 0.031250
vt 0.000000 0.031250
vt 0.062500 0.062500
vt 0.062500 0.093750
vt 0.062500 0.031250
vt 0.093750 0.062500
vt 0.093750 0.093750
vt 0.093750 0.031250
vt 0.125000 0.062500
vt 0.125000 0.093750
vt 0.125000 0.031250
vt 0.156250 0.062500
vt 0.156250 0.093750
vt 0.156250 0.031250
vt 0.187500 0.062500
vt 0.187500 0.093750
vt 0.187500 0.031250
vt 0.218750 0.062500
vt 0.218750 0.093750
vt 0.218750 0.031250
vt 0.250000 0.062500
vt 0.250000 0.093750
vt 0.250000 0.031250
vt 0.281250 0.062500
vt 0.281250 0.093750
vt 0.281250 0.031250
vt 0.312500 0.062500
vt 0.312500 0.093750
vt 0.312500 0.031250
vt 0.343750 0.062500
vt 0.343750 0.093750
vt 0.343750 0.031250
vt 0.375000 0.062500
vt 0.375000 0.093750
vt 0.375000 0.031250
vt 0.406250 0.062500
vt 0.406250 0.093750
vt 0.406250 0.031250
vt 0.437500 0.062500
vt 0.437500 0.093750
vt 0.437500 0.031250
vt 0.468750 0.062500
vt 0.468750 0.031250
vt 0.500000 0.062500
vt 0.500000 0.031250
vt 0.531250 0.031250
vt 0.562500 0.031250
vt 0.546875 0.000000
vt 0.515625 0.000000
vt 0.234375 0.000000
vt 0.265625 0.000000
vt 0.765625 0.000000
vt 0.734375 0.000000
vt 0.703125 0.000000
vt 0.687500 0.031250
vt 0.671875 0.000000
vt 0.656250 0.031250
vt 0.640625 0.000000
vt 0.625000 0.031250
vt 0.609375 0.000000
vt 0.593750 0.031250
vt 0.578125 0.000000
vt 0.484375 0.000000
vt 0.453125 0.000000
vt 0.421875 0.000000
vt 0.390625 0.000000
vt 0.359375 0.000000
vt 0.328125 0.000000
vt 0.296875 0.000000
vt 0.203125 0.000000
vt 0.171875 0.000000
vt 0.140625 0.000000
vt 0.109375 0.000000
vt 0.078125 0.000000
vt 0.046875 0.000000
vt 0.015625 0.000000
vt 0.984375 0.000000
vt 0.953125 0.000000
vt 0.921875 0.000000
vt 0.890625 0.000000
vt 0.859375 0.000000
vt 0.828125 0.000000
vt 0.796875 0.000000
vt 0.687500 0.843750
vt 0.656250 0.843750
vt 0.718750 0.843750
vt 0.750000 0.843750
vt 0.718750 0.875000
vt 0.687500 0.875000
vt 0.750000 0.875000
vt 0.781250 0.843750
vt 0.781250 0.875000
vt 0.812500 0.843750
vt 0.812500 0.875000
vt 0.843750 0.843750
vt 0.843750 0.875000
vt 0.875000 0.843750
vt 0.875000 0.875000
vt 0.906250 0.843750
vt 0.906250 0.875000
vt 0.937500 0.843750
vt 0.937500 0.875000
vt 0.968750 0.843750
vt 0.968750 0.875000
vt 1.000000 0.843750
vt 1.000000 0.875000
vt 0.031250 0.843750
vt 0.031250 0.875000
vt 0.000000 0.875000
vt 0.000000 0.843750
vt 0.062500 0.843750
vt 0.062500 0.875000
vt 0.093750 0.843750
vt 0.093750 0.875000
vt 0.125000 0.843750
vt 0.125000 0.875000
vt 0.156250 0.843750
vt 0.156250 0.875000
vt 0.187500 0.843750
vt 0.187500 0.875000
vt 0.218750 0.843750
vt 0.218750 0.875000
vt 0.250000 0.843750
vt 0.250000 0.875000
vt 0.281250 0.843750
vt 0.281250 0.875000
vt 0.312500 0.843750
vt 0.312500 0.875000
vt 0.343750 0.843750
vt 0.343750 0.875000
vt 0.375000 0.843750
vt 0.375000 0.875000
vt 0.406250 0.843750
vt 0.406250 0.875000
vt 0.437500 0.843750
vt 0.437500 0.875000
vt 0.468750 0.843750
vt 0.468750 0.875000
vt 0.500000 0.843750
vt 0.500000 0.875000
vt 0.531250 0.843750
vt 0.531250 0.875000
vt 0.562500 0.843750
vt 0.562500 0.875000
vt 0.593750 0.843750
vt 0.593750 0.875000
vt 0.625000 0.843750
vt 0.625000 0.875000
vt 0.656250 0.875000
vt 0.656250 0.906250
vt 0.625000 0.906250
vt 0.687500 0.906250
vt 0.718750 0.906250
vt 0.687500 0.937500
vt 0.656250 0.937500
vt 0.718750 0.937500
vt 0.750000 0.906250
vt 0.750000 0.937500
vt 0.781250 0.906250
vt 0.781250 0.937500
vt 0.812500 0.906250
vt 0.812500 0.937500
vt 0.843750 0.906250
vt 0.843750 0.937500
vt 0.875000 0.906250
vt 0.875000 0.937500
vt 0.906250 0.906250
vt 0.906250 0.937500
vt 0.937500 0.906250
vt 0.937500 0.937500
vt 0.968750 0.906250
vt 0.968750 0.937500
vt 1.000000 0.906250
vt 1.000000 0.937500
vt 0.031250 0.906250
vt 0.031250 0.937500
vt 0.000000 0.937500
vt 0.000000 0.906250
vt 0.062500 0.906250
vt 0.062500 0.937500
vt 0.093750 0.906250
vt 0.093750 0.937500
vt 0.125000 0.906250
vt 0.125000 0.937500
vt 0.156250 0.906250
vt 0.156250 0.937500
vt 0.187500 0.906250
vt 0.187500 0.937500
vt 0.218750 0.906250
vt 0.218750 0.937500
vt 0.250000 0.906250
vt 0.250000 0.937500
vt 0.281250 0.906250
vt 0.281250 0.937500
vt 0.312500 0.906250
vt 0.312500 0.937500
vt 0.343750 0.906250
vt 0.343750 0.937500
vt 0.375000 0.906250
vt 0.375000 0.937500
vt 0.406250 0.906250
vt 0.406250 0.937500
vt 0.437500 0.906250
vt 0.437500 0.937500
vt 0.468750 0.906250
vt 0.468750 0.937500
vt 0.500000 0.906250
vt 0.500000 0.937500
vt 0.531250 0.906250
vt 0.531250 0.937500
vt 0.562500 0.906250
vt 0.562500 0.937500
vt 0.593750 0.906250
vt 0.593750 0.937500
vt 0.625000 0.937500
vt 0.625000 0.968750
vt 0.593750 0.968750
vt 0.656250 0.968750
vt 0.687500 0.968750
vt 0.671875 1.000000
vt 0.640625 1.000000
vt 0.218750 0.968750
vt 0.203125 1.000000
vt 0.187500 0.968750
vt 0.250000 0.968750
vt 0.234375 1.000000
vt 0.781250 0.968750
vt 0.765625 1.000000
vt 0.750000 0.968750
vt 0.734375 1.000000
vt 0.718750 0.968750
vt 0.703125 1.000000
vt 0.609375 1.000000
vt 0.578125 1.000000
vt 0.562500 0.968750
vt 0.546875 1.000000
vt 0.531250 0.968750
vt 0.515625 1.000000
vt 0.500000 0.968750
vt 0.484375 1.000000
vt 0.468750 0.968750
vt 0.453125 1.000000
vt 0.437500 0.968750
vt 0.421875 1.000000
vt 0.406250 0.968750
vt 0.390625 1.000000
vt 0.375000 0.968750
vt 0.359375 1.000000
vt 0.343750 0.968750
vt 0.328125 1.000000
vt 0.312500 0.968750
vt 0.296875 1.000000
vt 0.281250 0.968750
vt 0.265625 1.000000
vt 0.171875 1.000000
vt 0.156250 0.968750
vt 0.140625 1.000000
vt 0.125000 0.968750
vt 0.109375 1.000000
vt 0.093750 0.968750
vt 0.078125 1.000000
vt 0.062500 0.968750
vt 0.046875 1.000000
vt 0.031250 0.968750
vt 0.015625 1.000000
vt 0.000000 0.968750
vt 1.000000 0.968750
vt 0.984375 1.000000
vt 0.968750 0.968750
vt 0.953125 1.000000
vt 0.937500 0.968750
vt 0.921875 1.000000
vt 0.906250 0.968750
vt 0.890625 1.000000
vt 0.875000 0.968750
vt 0.859375 1.000000
vt 0.843750 0.968750
vt 0.828125 1.000000
vt 0.812500 0.968750
vt 0.796875 1.000000
s 1
usemtl Material.004
f 4/1/1 1/2/2 2/3/3 96/4/4
f 1/2/2 3/5/5 834/6/6 2/3/3
f 5/7/7 6/8/8 3/5/5 1/2/2
f 7/9/9 5/7/7 1/2/2 4/1/1
f 8/10/10 9/11/11 6/8/8 5/7/7
f 10/12/12 8/10/10 5/7/7 7/9/9
f 11/13/13 12/14/14 9/11/11 8/10/10
f 13/15/15 11/13/13 8/10/10 10/12/12
f 14/16/16 15/17/17 12/14/14 11/13/13
f 16/18/18 14/16/16 11/13/13 13/15/15
f 17/19/19 18/20/20 15/17/17 14/16/16
f 19/21/21 17/19/19 14/16/16 16/18/18
f 20/22/22 21/23/23 18/20/20 17/19/19
f 22/24/24 20/22/22 17/19/19 19/21/21
f 23/25/25 24/26/26 21/23/23 20/22/22
f 25/27/27 23/25/25 20/22/22 22/24/24
f 26/28/28 27/29/29 24/26/26 23/25/25
f 28/30/30 26/28/28 23/25/25 25/27/27
f 29/31/31 30/32/32 27/33/29 26/34/28
f 31/35/33 29/31/31 26/34/28 28/36/30
f 32/37/34 33/38/35 30/32/32 29/31/31
f 34/39/36 32/37/34 29/31/31 31/35/33
f 35/40/37 36/41/38 33/38/35 32/37/34
f 37/42/39 35/40/37 32/37/34 34/39/36
f 38/43/40 39/44/41 36/41/38 35/40/37
f 40/45/42 38/43/40 35/40/37 37/42/39
f 41/46/43 42/47/44 39/44/41 38/43/40
f 43/48/45 41/46/43 38/43/40 40/45/42
f 44/49/46 45/50/47 42/47/44 41/46/43
f 46/51/48 44/49/46 41/46/43 43/48/45
f 47/52/49 48/53/50 45/50/47 44/49/46
f 49/54/51 47/52/49 44/49/46 46/51/48
f 50/55/52 51/56/53 48/53/50 47/52/49
f 52/57/54 50/55/52 47/52/49 49/54/51
f 53/58/55 54/59/56 51/56/53 50/55/52
f 55/60/57 53/58/55 50/55/52 52/57/54
f 56/61/58 57/62/59 54/59/56 53/58/55
f 58/63/60 56/61/58 53/58/55 55/60/57
f 59/64/61 60/65/62 57/62/59 56/61/58
f 61/66/63 59/64/61 56/61/58 58/63/60
f 62/67/64 63/68/65 60/65/62 59/64/61
f 64/69/66 62/67/64 59/64/61 61/66/63
f 65/70/67 66/71/68 63/68/65 62/67/64
f 67/72/69 65/70/67 62/67/64 64/69/66
f 68/73/70 69/74/71 66/71/68 65/70/67
f 70/75/72 68/73/70 65/70/67 67/72/69
f 71/76/73 72/77/74 69/74/71 68/73/70
f 73/78/75 71/76/73 68/73/70 70/75/72
f 74/79/76 75/80/77 72/77/74 71/76/73
f 76/81/78 74/79/76 71/76/73 73/78/75
f 77/82/79 78/83/80 75/80/77 74/79/76
f 79/84/81 77/82/79 74/79/76 76/81/78
f 80/85/82 81/86/83 78/83/80 77/82/79
f 82/87/84 80/85/82 77/82/79 79/84/81
f 83/88/85 84/89/86 81/86/83 80/85/82
f 85/90/87 83/88/85 80/85/82 82/87/84
f 86/91/88 87/92/89 84/89/86 83/88/85
f 88/93/90 86/91/88 83/88/85 85/90/87
f 89/94/91 90/95/92 87/92/89 86/91/88
f 91/96/93 89/94/91 86/91/88 88/93/90
f 92/97/94 93/98/95 90/95/92 89/94/91
f 94/99/96 92/97/94 89/94/91 91/96/93
f 2/3/3 834/6/6 93/98/95 92/97/94
f 96/4/4 2/3/3 92/97/94 94/99/96
f 95/100/97 94/99/96 91/96/93 157/101/98
f 97/102/99 96/4/4 94/99/96 95/100/97
f 99/103/100 4/1/1 96/4/4 97/102/99
f 98/104/101 97/102/99 95/100/97 160/105/102
f 100/106/103 99/103/100 97/102/99 98/104/101
f 101/107/104 7/9/9 4/1/1 99/103/100
f 102/108/105 101/107/104 99/103/100 100/106/103
f 103/109/106 10/12/12 7/9/9 101/107/104
f 104/110/107 103/109/106 101/107/104 102/108/105
f 105/111/108 13/15/15 10/12/12 103/109/106
f 106/112/109 105/111/108 103/109/106 104/110/107
f 107/113/110 16/18/18 13/15/15 105/111/108
f 108/114/111 107/113/110 105/111/108 106/112/109
f 109/115/112 19/21/21 16/18/18 107/113/110
f 110/116/113 109/115/112 107/113/110 108/114/111
f 111/117/114 22/24/24 19/21/21 109/115/112
f 112/118/115 111/117/114 109/115/112 110/116/113
f 113/119/116 25/27/27 22/24/24 111/117/114
f 114/120/117 113/119/116 111/117/114 112/118/115
f 115/121/118 28/30/30 25/27/27 113/119/116
f 116/122/119 115/121/118 113/119/116 114/120/117
f 117/123/120 31/35/33 28/36/30 115/124/118
f 118/125/121 117/123/120 115/124/118 116/126/119
f 119/127/122 34/39/36 31/35/33 117/123/120
f 120/128/123 119/127/122 117/123/120 118/125/121
f 121/129/124 37/42/39 34/39/36 119/127/122
f 122/130/125 121/129/124 119/127/122 120/128/123
f 123/131/126 40/45/42 37/42/39 121/129/124
f 124/132/127 123/131/126 121/129/124 122/130/125
f 125/133/128 43/48/45 40/45/42 123/131/126
f 126/134/129 125/133/128 123/131/126 124/132/127
f 127/135/130 46/51/48 43/48/45 125/133/128
f 128/136/131 127/135/130 125/133/128 126/134/129
f 129/137/132 49/54/51 46/51/48 127/135/130
f 130/138/133 129/137/132 127/135/130 128/136/131
f 131/139/134 52/57/54 49/54/51 129/137/132
f 132/140/135 131/139/134 129/137/132 130/138/133
f 133/141/136 55/60/57 52/57/54 131/139/134
f 134/142/137 133/141/136 131/139/134 132/140/135
f 135/143/138 58/63/60 55/60/57 133/141/136
f 136/144/139 135/143/138 133/141/136 134/142/137
f 137/145/140 61/66/63 58/63/60 135/143/138
f 138/146/141 137/145/140 135/143/138 136/144/139
f 139/147/142 64/69/66 61/66/63 137/145/140
f 140/148/143 139/147/142 137/145/140 138/146/141
f 141/149/144 67/72/69 64/69/66 139/147/142
f 142/150/145 141/149/144 139/147/142 140/148/143
f 143/151/146 70/75/72 67/72/69 141/149/144
f 144/152/147 143/151/146 141/149/144 142/150/145
f 145/153/148 73/78/75 70/75/72 143/151/146
f 146/154/149 145/153/148 143/151/146 144/152/147
f 147/155/150 76/81/78 73/78/75 145/153/148
f 148/156/151 147/155/150 145/153/148 146/154/149
f 149/157/152 79/84/81 76/81/78 147/155/150
f 150/158/153 149/157/152 147/155/150 148/156/151
f 151/159/154 82/87/84 79/84/81 149/157/152
f 152/160/155 151/159/154 149/157/152 150/158/153
f 153/161/156 85/90/87 82/87/84 151/159/154
f 154/162/157 153/161/156 151/159/154 152/160/155
f 155/163/158 88/93/90 85/90/87 153/161/156
f 156/164/159 155/163/158 153/161/156 154/162/157
f 157/101/98 91/96/93 88/93/90 155/163/158
f 158/165/160 157/101/98 155/163/158 156/164/159
f 160/105/102 95/100/97 157/101/98 158/165/160
f 159/166/161 158/165/160 156/164/159 250/167/162
f 161/168/163 160/105/102 158/165/160 159/166/161
f 163/169/164 98/104/101 160/105/102 161/168/163
f 162/170/165 161/168/163 159/166/161 252/171/166
f 164/172/167 163/169/164 161/168/163 162/170/165
f 165/173/168 100/106/103 98/104/101 163/169/164
f 167/174/169 165/173/168 163/169/164 164/172/167
f 166/175/170 102/108/105 100/106/103 165/173/168
f 169/176/171 166/175/170 165/173/168 167/174/169
f 170/177/172 169/176/171 167/174/169 168/178/173
f 168/178/173 167/174/169 164/172/167 257/179/174
f 171/180/175 172/181/176 166/175/170 169/176/171
f 173/182/177 171/180/175 169/176/171 170/177/172
f 174/183/178 175/184/179 172/181/176 171/180/175
f 176/185/180 174/183/178 171/180/175 173/182/177
f 177/186/181 178/187/182 175/184/179 174/183/178
f 179/188/183 177/186/181 174/183/178 176/185/180
f 180/189/184 181/190/185 178/187/182 177/186/181
f 182/191/186 180/189/184 177/186/181 179/188/183
f 183/192/187 184/193/188 181/190/185 180/189/184
f 185/194/189 183/192/187 180/189/184 182/191/186
f 186/195/190 187/196/191 184/193/188 183/192/187
f 188/197/192 186/195/190 183/192/187 185/194/189
f 189/198/193 190/199/194 187/196/191 186/195/190
f 191/200/195 189/198/193 186/195/190 188/197/192
f 192/201/196 193/202/197 190/203/194 189/204/193
f 194/205/198 192/201/196 189/204/193 191/206/195
f 195/207/199 196/208/200 193/202/197 192/201/196
f 197/209/201 195/207/199 192/201/196 194/205/198
f 198/210/202 199/211/203 196/208/200 195/207/199
f 200/212/204 198/210/202 195/207/199 197/209/201
f 201/213/205 202/214/206 199/211/203 198/210/202
f 203/215/207 201/213/205 198/210/202 200/212/204
f 204/216/208 205/217/209 202/214/206 201/213/205
f 206/218/210 204/216/208 201/213/205 203/215/207
f 207/219/211 208/220/212 205/217/209 204/216/208
f 209/221/213 207/219/211 204/216/208 206/218/210
f 210/222/214 211/223/215 208/220/212 207/219/211
f 212/224/216 210/222/214 207/219/211 209/221/213
f 213/225/217 214/226/218 211/223/215 210/222/214
f 215/227/219 213/225/217 210/222/214 212/224/216
f 216/228/220 217/229/221 214/226/218 213/225/217
f 218/230/222 216/228/220 213/225/217 215/227/219
f 219/231/223 220/232/224 217/229/221 216/228/220
f 221/233/225 219/231/223 216/228/220 218/230/222
f 222/234/226 223/235/227 220/232/224 219/231/223
f 224/236/228 222/234/226 219/231/223 221/233/225
f 225/237/229 226/238/230 223/235/227 222/234/226
f 227/239/231 225/237/229 222/234/226 224/236/228
f 228/240/232 229/241/233 226/238/230 225/237/229
f 230/242/234 228/240/232 225/237/229 227/239/231
f 231/243/235 232/244/236 229/241/233 228/240/232
f 233/245/237 231/243/235 228/240/232 230/242/234
f 234/246/238 235/247/239 232/244/236 231/243/235
f 236/248/240 234/246/238 231/243/235 233/245/237
f 237/249/241 238/250/242 235/247/239 234/246/238
f 239/251/243 237/249/241 234/246/238 236/248/240
f 240/252/244 241/253/245 238/250/242 237/249/241
f 242/254/246 240/252/244 237/249/241 239/251/243
f 243/255/247 244/256/248 241/253/245 240/252/244
f 245/257/249 243/255/247 240/252/244 242/254/246
f 246/258/250 247/259/251 244/256/248 243/255/247
f 248/260/252 246/258/250 243/255/247 245/257/249
f 249/261/253 250/167/162 247/259/251 246/258/250
f 251/262/254 249/261/253 246/258/250 248/260/252
f 252/171/166 159/166/161 250/167/162 249/261/253
f 253/263/255 252/171/166 249/261/253 251/262/254
f 255/264/256 162/170/165 252/171/166 253/263/255
f 254/265/257 253/263/255 251/262/254 316/266/258
f 256/267/259 255/264/256 253/263/255 254/265/257
f 257/179/174 164/172/167 162/170/165 255/264/256
f 258/268/260 257/179/174 255/264/256 256/267/259
f 260/269/261 168/178/173 257/179/174 258/268/260
f 259/270/262 258/268/260 256/267/259 321/271/263
f 261/272/264 260/269/261 258/268/260 259/270/262
f 262/273/265 170/177/172 168/178/173 260/269/261
f 263/274/266 262/273/265 260/269/261 261/272/264
f 264/275/267 173/182/177 170/177/172 262/273/265
f 265/276/268 264/275/267 262/273/265 263/274/266
f 266/277/269 176/185/180 173/182/177 264/275/267
f 267/278/270 266/277/269 264/275/267 265/276/268
f 268/279/271 179/188/183 176/185/180 266/277/269
f 269/280/272 268/279/271 266/277/269 267/278/270
f 270/281/273 182/191/186 179/188/183 268/279/271
f 271/282/274 270/281/273 268/279/271 269/280/272
f 272/283/275 185/194/189 182/191/186 270/281/273
f 273/284/276 272/283/275 270/281/273 271/282/274
f 274/285/277 188/197/192 185/194/189 272/283/275
f 275/286/278 274/285/277 272/283/275 273/284/276
f 276/287/279 191/200/195 188/197/192 274/285/277
f 277/288/280 276/287/279 274/285/277 275/286/278
f 278/289/281 194/205/198 191/206/195 276/290/279
f 279/291/282 278/289/281 276/290/279 277/292/280
f 280/293/283 197/209/201 194/205/198 278/289/281
f 281/294/284 280/293/283 278/289/281 279/291/282
f 282/295/285 200/212/204 197/209/201 280/293/283
f 283/296/286 282/295/285 280/293/283 281/294/284
f 284/297/287 203/215/207 200/212/204 282/295/285
f 285/298/288 284/297/287 282/295/285 283/296/286
f 286/299/289 206/218/210 203/215/207 284/297/287
f 287/300/290 286/299/289 284/297/287 285/298/288
f 288/301/291 209/221/213 206/218/210 286/299/289
f 289/302/292 288/301/291 286/299/289 287/300/290
f 290/303/293 212/224/216 209/221/213 288/301/291
f 291/304/294 290/303/293 288/301/291 289/302/292
f 292/305/295 215/227/219 212/224/216 290/303/293
f 293/306/296 292/305/295 290/303/293 291/304/294
f 294/307/297 218/230/222 215/227/219 292/305/295
f 295/308/298 294/307/297 292/305/295 293/306/296
f 296/309/299 221/233/225 218/230/222 294/307/297
f 297/310/300 296/309/299 294/307/297 295/308/298
f 298/311/301 224/236/228 221/233/225 296/309/299
f 299/312/302 298/311/301 296/309/299 297/310/300
f 300/313/303 227/239/231 224/236/228 298/311/301
f 301/314/304 300/313/303 298/311/301 299/312/302
f 302/315/305 230/242/234 227/239/231 300/313/303
f 303/316/306 302/315/305 300/313/303 301/314/304
f 304/317/307 233/245/237 230/242/234 302/315/305
f 305/318/308 304/317/307 302/315/305 303/316/306
f 306/319/309 236/248/240 233/245/237 304/317/307
f 307/320/310 306/319/309 304/317/307 305/318/308
f 308/321/311 239/251/243 236/248/240 306/319/309
f 309/322/312 308/321/311 306/319/309 307/320/310
f 310/323/313 242/254/246 239/251/243 308/321/311
f 311/324/314 310/323/313 308/321/311 309/322/312
f 312/325/315 245/257/249 242/254/246 310/323/313
f 313/326/316 312/325/315 310/323/313 311/324/314
f 314/327/317 248/260/252 245/257/249 312/325/315
f 315/328/318 314/327/317 312/325/315 313/326/316
f 316/266/258 251/262/254 248/260/252 314/327/317
f 317/329/319 316/266/258 314/327/317 315/328/318
f 319/330/320 254/265/257 316/266/258 317/329/319
f 318/331/321 317/329/319 315/328/318 408/332/322
f 320/333/323 319/330/320 317/329/319 318/331/321
f 321/271/263 256/267/259 254/265/257 319/330/320
f 322/334/324 321/271/263 319/330/320 320/333/323
f 324/335/325 259/270/262 321/271/263 322/334/324
f 323/336/326 322/334/324 320/333/323 412/337/327
f 325/338/328 324/335/325 322/334/324 323/336/326
f 326/339/329 261/272/264 259/270/262 324/335/325
f 328/340/330 326/339/329 324/335/325 325/338/328
f 330/341/331 327/342/332 326/339/329 328/340/330
f 327/342/332 263/274/266 261/272/264 326/339/329
f 331/343/333 330/341/331 328/340/330 329/344/334
f 329/344/334 328/340/330 325/338/328 417/345/335
f 332/346/336 333/347/337 327/342/332 330/341/331
f 334/348/338 332/346/336 330/341/331 331/343/333
f 335/349/339 336/350/340 333/347/337 332/346/336
f 337/351/341 335/349/339 332/346/336 334/348/338
f 338/352/342 339/353/343 336/350/340 335/349/339
f 340/354/344 338/352/342 335/349/339 337/351/341
f 341/355/345 342/356/346 339/353/343 338/352/342
f 343/357/347 341/355/345 338/352/342 340/354/344
f 344/358/348 345/359/349 342/356/346 341/355/345
f 346/360/350 344/358/348 341/355/345 343/357/347
f 347/361/351 348/362/352 345/359/349 344/358/348
f 349/363/353 347/361/351 344/358/348 346/360/350
f 350/364/354 351/365/355 348/362/352 347/361/351
f 352/366/356 350/364/354 347/361/351 349/363/353
f 353/367/357 354/368/358 351/369/355 350/370/354
f 355/371/359 353/367/357 350/370/354 352/372/356
f 356/373/360 357/374/361 354/368/358 353/367/357
f 358/375/362 356/373/360 353/367/357 355/371/359
f 359/376/363 360/377/364 357/374/361 356/373/360
f 361/378/365 359/376/363 356/373/360 358/375/362
f 362/379/366 363/380/367 360/377/364 359/376/363
f 364/381/368 362/379/366 359/376/363 361/378/365
f 365/382/369 366/383/370 363/380/367 362/379/366
f 367/384/371 365/382/369 362/379/366 364/381/368
f 368/385/372 369/386/373 366/383/370 365/382/369
f 370/387/374 368/385/372 365/382/369 367/384/371
f 371/388/375 372/389/376 369/386/373 368/385/372
f 373/390/377 371/388/375 368/385/372 370/387/374
f 374/391/378 375/392/379 372/389/376 371/388/375
f 376/393/380 374/391/378 371/388/375 373/390/377
f 377/394/381 378/395/382 375/392/379 374/391/378
f 379/396/383 377/394/381 374/391/378 376/393/380
f 380/397/384 381/398/385 378/395/382 377/394/381
f 382/399/386 380/397/384 377/394/381 379/396/383
f 383/400/387 384/401/388 381/398/385 380/397/384
f 385/402/389 383/400/387 380/397/384 382/399/386
f 386/403/390 387/404/391 384/401/388 383/400/387
f 388/405/392 386/403/390 383/400/387 385/402/389
f 389/406/393 390/407/394 387/404/391 386/403/390
f 391/408/395 389/406/393 386/403/390 388/405/392
f 392/409/396 393/410/397 390/407/394 389/406/393
f 394/411/398 392/409/396 389/406/393 391/408/395
f 395/412/399 396/413/400 393/410/397 392/409/396
f 397/414/401 395/412/399 392/409/396 394/411/398
f 398/415/402 399/416/403 396/413/400 395/412/399
f 400/417/404 398/415/402 395/412/399 397/414/401
f 401/418/405 402/419/406 399/416/403 398/415/402
f 403/420/407 401/418/405 398/415/402 400/417/404
f 404/421/408 405/422/409 402/419/406 401/418/405
f 406/423/410 404/421/408 401/418/405 403/420/407
f 407/424/411 408/332/322 405/422/409 404/421/408
f 409/425/412 407/424/411 404/421/408 406/423/410
f 410/426/413 318/331/321 408/332/322 407/424/411
f 411/427/414 410/426/413 407/424/411 409/425/412
f 412/337/327 320/333/323 318/331/321 410/426/413
f 413/428/415 412/337/327 410/426/413 411/427/414
f 415/429/416 323/336/326 412/337/327 413/428/415
f 414/430/417 413/428/415 411/427/414 476/431/418
f 416/432/419 415/429/416 413/428/415 414/430/417
f 417/345/335 325/338/328 323/336/326 415/429/416
f 418/433/420 417/345/335 415/429/416 416/432/419
f 420/434/421 329/344/334 417/345/335 418/433/420
f 419/435/422 418/433/420 416/432/419 481/436/423
f 421/437/424 420/434/421 418/433/420 419/435/422
f 423/438/425 422/439/426 420/434/421 421/437/424
f 422/439/426 331/343/333 329/344/334 420/434/421
f 424/440/427 334/348/338 331/343/333 422/439/426
f 425/441/428 424/440/427 422/439/426 423/438/425
f 426/442/429 337/351/341 334/348/338 424/440/427
f 427/443/430 426/442/429 424/440/427 425/441/428
f 428/444/431 340/354/344 337/351/341 426/442/429
f 429/445/432 428/444/431 426/442/429 427/443/430
f 430/446/433 343/357/347 340/354/344 428/444/431
f 431/447/434 430/446/433 428/444/431 429/445/432
f 432/448/435 346/360/350 343/357/347 430/446/433
f 433/449/436 432/448/435 430/446/433 431/447/434
f 434/450/437 349/363/353 346/360/350 432/448/435
f 435/451/438 434/450/437 432/448/435 433/449/436
f 436/452/439 352/366/356 349/363/353 434/450/437
f 437/453/440 436/452/439 434/450/437 435/451/438
f 438/454/441 355/371/359 352/372/356 436/455/439
f 439/456/442 438/454/441 436/455/439 437/457/440
f 440/458/443 358/375/362 355/371/359 438/454/441
f 441/459/444 440/458/443 438/454/441 439/456/442
f 442/460/445 361/378/365 358/375/362 440/458/443
f 443/461/446 442/460/445 440/458/443 441/459/444
f 444/462/447 364/381/368 361/378/365 442/460/445
f 445/463/448 444/462/447 442/460/445 443/461/446
f 446/464/449 367/384/371 364/381/368 444/462/447
f 447/465/450 446/464/449 444/462/447 445/463/448
f 448/466/451 370/387/374 367/384/371 446/464/449
f 449/467/452 448/466/451 446/464/449 447/465/450
f 450/468/453 373/390/377 370/387/374 448/466/451
f 451/469/454 450/468/453 448/466/451 449/467/452
f 452/470/455 376/393/380 373/390/377 450/468/453
f 453/471/456 452/470/455 450/468/453 451/469/454
f 454/472/457 379/396/383 376/393/380 452/470/455
f 455/473/458 454/472/457 452/470/455 453/471/456
f 456/474/459 382/399/386 379/396/383 454/472/457
f 457/475/460 456/474/459 454/472/457 455/473/458
f 458/476/461 385/402/389 382/399/386 456/474/459
f 459/477/462 458/476/461 456/474/459 457/475/460
f 460/478/463 388/405/392 385/402/389 458/476/461
f 461/479/464 460/478/463 458/476/461 459/477/462
f 462/480/465 391/408/395 388/405/392 460/478/463
f 463/481/466 462/480/465 460/478/463 461/479/464
f 464/482/467 394/411/398 391/408/395 462/480/465
f 465/483/468 464/482/467 462/480/465 463/481/466
f 466/484/469 397/414/401 394/411/398 464/482/467
f 467/485/470 466/484/469 464/482/467 465/483/468
f 468/486/471 400/417/404 397/414/401 466/484/469
f 469/487/472 468/486/471 466/484/469 467/485/470
f 470/488/473 403/420/407 400/417/404 468/486/471
f 471/489/474 470/488/473 468/486/471 469/487/472
f 472/490/475 406/423/410 403/420/407 470/488/473
f 473/491/476 472/490/475 470/488/473 471/489/474
f 474/492/477 409/425/412 406/423/410 472/490/475
f 475/493/478 474/492/477 472/490/475 473/491/476
f 476/431/418 411/427/414 409/425/412 474/492/477
f 477/494/479 476/431/418 474/492/477 475/493/478
f 479/495/480 414/430/417 476/431/418 477/494/479
f 478/496/481 477/494/479 475/493/478 540/497/482
f 480/498/483 479/495/480 477/494/479 478/496/481
f 481/436/423 416/432/419 414/430/417 479/495/480
f 482/499/484 481/436/423 479/495/480 480/498/483
f 484/500/485 419/435/422 481/436/423 482/499/484
f 483/501/486 482/499/484 480/498/483 545/502/487
f 485/503/488 484/500/485 482/499/484 483/501/486
f 486/504/489 421/437/424 419/435/422 484/500/485
f 487/505/490 486/504/489 484/500/485 485/503/488
f 489/506/491 488/507/492 486/504/489 487/505/490
f 488/507/492 423/438/425 421/437/424 486/504/489
f 490/508/493 425/441/428 423/438/425 488/507/492
f 491/509/494 490/508/493 488/507/492 489/506/491
f 492/510/495 427/443/430 425/441/428 490/508/493
f 493/511/496 492/510/495 490/508/493 491/509/494
f 494/512/497 429/445/432 427/443/430 492/510/495
f 495/513/498 494/512/497 492/510/495 493/511/496
f 496/514/499 431/447/434 429/445/432 494/512/497
f 497/515/500 496/514/499 494/512/497 495/513/498
f 498/516/501 433/449/436 431/447/434 496/514/499
f 499/517/502 498/516/501 496/514/499 497/515/500
f 500/518/503 435/451/438 433/449/436 498/516/501
f 501/519/504 500/518/503 498/516/501 499/517/502
f 502/520/505 437/453/440 435/451/438 500/518/503
f 503/521/506 502/520/505 500/518/503 501/519/504
f 504/522/507 439/456/442 437/457/440 502/523/505
f 505/524/508 504/522/507 502/523/505 503/525/506
f 506/526/509 441/459/444 439/456/442 504/522/507
f 507/527/510 506/526/509 504/522/507 505/524/508
f 508/528/511 443/461/446 441/459/444 506/526/509
f 509/529/512 508/528/511 506/526/509 507/527/510
f 510/530/513 445/463/448 443/461/446 508/528/511
f 511/531/514 510/530/513 508/528/511 509/529/512
f 512/532/515 447/465/450 445/463/448 510/530/513
f 513/533/516 512/532/515 510/530/513 511/531/514
f 514/534/517 449/467/452 447/465/450 512/532/515
f 515/535/518 514/534/517 512/532/515 513/533/516
f 516/536/519 451/469/454 449/467/452 514/534/517
f 517/537/520 516/536/519 514/534/517 515/535/518
f 518/538/521 453/471/456 451/469/454 516/536/519
f 519/539/522 518/538/521 516/536/519 517/537/520
f 520/540/523 455/473/458 453/471/456 518/538/521
f 521/541/524 520/540/523 518/538/521 519/539/522
f 522/542/525 457/475/460 455/473/458 520/540/523
f 523/543/526 522/542/525 520/540/523 521/541/524
f 524/544/527 459/477/462 457/475/460 522/542/525
f 525/545/528 524/544/527 522/542/525 523/543/526
f 526/546/529 461/479/464 459/477/462 524/544/527
f 527/547/530 526/546/529 524/544/527 525/545/528
f 528/548/531 463/481/466 461/479/464 526/546/529
f 529/549/532 528/548/531 526/546/529 527/547/530
f 530/550/533 465/483/468 463/481/466 528/548/531
f 531/551/534 530/550/533 528/548/531 529/549/532
f 532/552/535 467/485/470 465/483/468 530/550/533
f 533/553/536 532/552/535 530/550/533 531/551/534
f 534/554/537 469/487/472 467/485/470 532/552/535
f 535/555/538 534/554/537 532/552/535 533/553/536
f 536/556/539 471/489/474 469/487/472 534/554/537
f 537/557/540 536/556/539 534/554/537 535/555/538
f 538/558/541 473/491/476 471/489/474 536/556/539
f 539/559/542 538/558/541 536/556/539 537/557/540
f 540/497/482 475/493/478 473/491/476 538/558/541
f 541/560/543 540/497/482 538/558/541 539/559/542
f 543/561/544 478/496/481 540/497/482 541/560/543
f 542/562/545 541/560/543 539/559/542 604/563/546
f 544/564/547 543/561/544 541/560/543 542/562/545
f 545/502/487 480/498/483 478/496/481 543/561/544
f 546/565/548 545/502/487 543/561/544 544/564/547
f 548/566/549 483/501/486 545/502/487 546/565/548
f 547/567/550 546/565/548 544/564/547 609/568/551
f 549/569/552 548/566/549 546/565/548 547/567/550
f 550/570/553 485/503/488 483/501/486 548/566/549
f 551/571/554 550/570/553 548/566/549 549/569/552
f 552/572/555 487/505/490 485/503/488 550/570/553
f 553/573/556 552/572/555 550/570/553 551/571/554
f 554/574/557 489/506/491 487/505/490 552/572/555
f 555/575/558 554/574/557 552/572/555 553/573/556
f 556/576/559 491/509/494 489/506/491 554/574/557
f 557/577/560 556/576/559 554/574/557 555/575/558
f 558/578/561 493/511/496 491/509/494 556/576/559
f 559/579/562 558/578/561 556/576/559 557/577/560
f 560/580/563 495/513/498 493/511/496 558/578/561
f 561/581/564 560/580/563 558/578/561 559/579/562
f 562/582/565 497/515/500 495/513/498 560/580/563
f 563/583/566 562/582/565 560/580/563 561/581/564
f 564/584/567 499/517/502 497/515/500 562/582/565
f 565/585/568 564/584/567 562/582/565 563/583/566
f 566/586/569 501/519/504 499/517/502 564/584/567
f 567/587/570 566/586/569 564/584/567 565/585/568
f 568/588/571 503/521/506 501/519/504 566/586/569
f 569/589/572 568/588/571 566/586/569 567/587/570
f 570/590/573 505/524/508 503/525/506 568/591/571
f 571/592/574 570/590/573 568/591/571 569/593/572
f 572/594/575 507/527/510 505/524/508 570/590/573
f 573/595/576 572/594/575 570/590/573 571/592/574
f 574/596/577 509/529/512 507/527/510 572/594/575
f 575/597/578 574/596/577 572/594/575 573/595/576
f 576/598/579 511/531/514 509/529/512 574/596/577
f 577/599/580 576/598/579 574/596/577 575/597/578
f 578/600/581 513/533/516 511/531/514 576/598/579
f 579/601/582 578/600/581 576/598/579 577/599/580
f 580/602/583 515/535/518 513/533/516 578/600/581
f 581/603/584 580/602/583 578/600/581 579/601/582
f 582/604/585 517/537/520 515/535/518 580/602/583
f 583/605/586 582/604/585 580/602/583 581/603/584
f 584/606/587 519/539/522 517/537/520 582/604/585
f 585/607/588 584/606/587 582/604/585 583/605/586
f 586/608/589 521/541/524 519/539/522 584/606/587
f 587/609/590 586/608/589 584/606/587 585/607/588
f 588/610/591 523/543/526 521/541/524 586/608/589
f 589/611/592 588/610/591 586/608/589 587/609/590
f 590/612/593 525/545/528 523/543/526 588/610/591
f 591/613/594 590/612/593 588/610/591 589/611/592
f 592/614/595 527/547/530 525/545/528 590/612/593
f 593/615/596 592/614/595 590/612/593 591/613/594
f 594/616/597 529/549/532 527/547/530 592/614/595
f 595/617/598 594/616/597 592/614/595 593/615/596
f 596/618/599 531/551/534 529/549/532 594/616/597
f 597/619/600 596/618/599 594/616/597 595/617/598
f 598/620/601 533/553/536 531/551/534 596/618/599
f 599/621/602 598/620/601 596/618/599 597/619/600
f 600/622/603 535/555/538 533/553/536 598/620/601
f 601/623/604 600/622/603 598/620/601 599/621/602
f 602/624/605 537/557/540 535/555/538 600/622/603
f 603/625/606 602/624/605 600/622/603 601/623/604
f 604/563/546 539/559/542 537/557/540 602/624/605
f 605/626/607 604/563/546 602/624/605 603/625/606
f 607/627/608 542/562/545 604/563/546 605/626/607
f 606/628/609 605/626/607 603/625/606 668/629/610
f 608/630/611 607/627/608 605/626/607 606/628/609
f 609/568/551 544/564/547 542/562/545 607/627/608
f 610/631/612 609/568/551 607/627/608 608/630/611
f 612/632/613 547/567/550 609/568/551 610/631/612
f 611/633/614 610/631/612 608/630/611 673/634/615
f 613/635/616 612/632/613 610/631/612 611/633/614
f 614/636/617 549/569/552 547/567/550 612/632/613
f 615/637/618 614/636/617 612/632/613 613/635/616
f 616/638/619 551/571/554 549/569/552 614/636/617
f 617/639/620 616/638/619 614/636/617 615/637/618
f 618/640/621 553/573/556 551/571/554 616/638/619
f 619/641/622 618/640/621 616/638/619 617/639/620
f 621/642/623 620/643/624 618/640/621 619/641/622
f 620/643/624 555/575/558 553/573/556 618/640/621
f 622/644/625 557/577/560 555/575/558 620/643/624
f 623/645/626 622/644/625 620/643/624 621/642/623
f 624/646/627 559/579/562 557/577/560 622/644/625
f 625/647/628 624/646/627 622/644/625 623/645/626
f 626/648/629 561/581/564 559/579/562 624/646/627
f 627/649/630 626/648/629 624/646/627 625/647/628
f 628/650/631 563/583/566 561/581/564 626/648/629
f 629/651/632 628/650/631 626/648/629 627/649/630
f 630/652/633 565/585/568 563/583/566 628/650/631
f 631/653/634 630/652/633 628/650/631 629/651/632
f 632/654/635 567/587/570 565/585/568 630/652/633
f 633/655/636 632/654/635 630/652/633 631/653/634
f 634/656/637 569/589/572 567/587/570 632/654/635
f 635/657/638 634/656/637 632/654/635 633/655/636
f 636/658/639 571/592/574 569/593/572 634/659/637
f 637/660/640 636/658/639 634/659/637 635/661/638
f 638/662/641 573/595/576 571/592/574 636/658/639
f 639/663/642 638/662/641 636/658/639 637/660/640
f 640/664/643 575/597/578 573/595/576 638/662/641
f 641/665/644 640/664/643 638/662/641 639/663/642
f 642/666/645 577/599/580 575/597/578 640/664/643
f 643/667/646 642/666/645 640/664/643 641/665/644
f 644/668/647 579/601/582 577/599/580 642/666/645
f 645/669/648 644/668/647 642/666/645 643/667/646
f 646/670/649 581/603/584 579/601/582 644/668/647
f 647/671/650 646/670/649 644/668/647 645/669/648
f 648/672/651 583/605/586 581/603/584 646/670/649
f 649/673/652 648/672/651 646/670/649 647/671/650
f 650/674/653 585/607/588 583/605/586 648/672/651
f 651/675/654 650/674/653 648/672/651 649/673/652
f 652/676/655 587/609/590 585/607/588 650/674/653
f 653/677/656 652/676/655 650/674/653 651/675/654
f 654/678/657 589/611/592 587/609/590 652/676/655
f 655/679/658 654/678/657 652/676/655 653/677/656
f 656/680/659 591/613/594 589/611/592 654/678/657
f 657/681/660 656/680/659 654/678/657 655/679/658
f 658/682/661 593/615/596 591/613/594 656/680/659
f 659/683/662 658/682/661 656/680/659 657/681/660
f 660/684/663 595/617/598 593/615/596 658/682/661
f 661/685/664 660/684/663 658/682/661 659/683/662
f 662/686/665 597/619/600 595/617/598 660/684/663
f 663/687/666 662/686/665 660/684/663 661/685/664
f 664/688/667 599/621/602 597/619/600 662/686/665
f 665/689/668 664/688/667 662/686/665 663/687/666
f 666/690/669 601/623/604 599/621/602 664/688/667
f 667/691/670 666/690/669 664/688/667 665/689/668
f 668/629/610 603/625/606 601/623/604 666/690/669
f 669/692/671 668/629/610 666/690/669 667/691/670
f 671/693/672 606/628/609 668/629/610 669/692/671
f 670/694/673 669/692/671 667/691/670 732/695/674
f 672/696/675 671/693/672 669/692/671 670/694/673
f 673/634/615 608/630/611 606/628/609 671/693/672
f 674/697/676 673/634/615 671/693/672 672/696/675
f 676/698/677 611/633/614 673/634/615 674/697/676
f 675/699/678 674/697/676 672/696/675 737/700/679
f 677/701/680 676/698/677 674/697/676 675/699/678
f 678/702/681 613/635/616 611/633/614 676/698/677
f 679/703/682 678/702/681 676/698/677 677/701/680
f 680/704/683 615/637/618 613/635/616 678/702/681
f 681/705/684 680/704/683 678/702/681 679/703/682
f 682/706/685 617/639/620 615/637/618 680/704/683
f 683/707/686 682/706/685 680/704/683 681/705/684
f 684/708/687 619/641/622 617/639/620 682/706/685
f 685/709/688 684/708/687 682/706/685 683/707/686
f 686/710/689 621/642/623 619/641/622 684/708/687
f 687/711/690 686/710/689 684/708/687 685/709/688
f 688/712/691 623/645/626 621/642/623 686/710/689
f 689/713/692 688/712/691 686/710/689 687/711/690
f 690/714/693 625/647/628 623/645/626 688/712/691
f 691/715/694 690/714/693 688/712/691 689/713/692
f 692/716/695 627/649/630 625/647/628 690/714/693
f 693/717/696 692/716/695 690/714/693 691/715/694
f 694/718/697 629/651/632 627/649/630 692/716/695
f 695/719/698 694/718/697 692/716/695 693/717/696
f 696/720/699 631/653/634 629/651/632 694/718/697
f 697/721/700 696/720/699 694/718/697 695/719/698
f 698/722/701 633/655/636 631/653/634 696/720/699
f 699/723/702 698/722/701 696/720/699 697/721/700
f 700/724/703 635/657/638 633/655/636 698/722/701
f 701/725/704 700/724/703 698/722/701 699/723/702
f 702/726/705 637/660/640 635/661/638 700/727/703
f 703/728/706 702/726/705 700/727/703 701/729/704
f 704/730/707 639/663/642 637/660/640 702/726/705
f 705/731/708 704/730/707 702/726/705 703/728/706
f 706/732/709 641/665/644 639/663/642 704/730/707
f 707/733/710 706/732/709 704/730/707 705/731/708
f 708/734/711 643/667/646 641/665/644 706/732/709
f 709/735/712 708/734/711 706/732/709 707/733/710
f 710/736/713 645/669/648 643/667/646 708/734/711
f 711/737/714 710/736/713 708/734/711 709/735/712
f 712/738/715 647/671/650 645/669/648 710/736/713
f 713/739/716 712/738/715 710/736/713 711/737/714
f 714/740/717 649/673/652 647/671/650 712/738/715
f 715/741/718 714/740/717 712/738/715 713/739/716
f 716/742/719 651/675/654 649/673/652 714/740/717
f 717/743/720 716/742/719 714/740/717 715/741/718
f 718/744/721 653/677/656 651/675/654 716/742/719
f 719/745/722 718/744/721 716/742/719 717/743/720
f 720/746/723 655/679/658 653/677/656 718/744/721
f 721/747/724 720/746/723 718/744/721 719/745/722
f 722/748/725 657/681/660 655/679/658 720/746/723
f 723/749/726 722/748/725 720/746/723 721/747/724
f 724/750/727 659/683/662 657/681/660 722/748/725
f 725/751/728 724/750/727 722/748/725 723/749/726
f 726/752/729 661/685/664 659/683/662 724/750/727
f 727/753/730 726/752/729 724/750/727 725/751/728
f 728/754/731 663/687/666 661/685/664 726/752/729
f 729/755/732 728/754/731 726/752/729 727/753/730
f 730/756/733 665/689/668 663/687/666 728/754/731
f 731/757/734 730/756/733 728/754/731 729/755/732
f 732/695/674 667/691/670 665/689/668 730/756/733
f 733/758/735 732/695/674 730/756/733 731/757/734
f 735/759/736 670/694/673 732/695/674 733/758/735
f 734/760/737 733/758/735 731/757/734 820/761/738
f 736/762/739 735/759/736 733/758/735 734/760/737
f 737/700/679 672/696/675 670/694/673 735/759/736
f 738/763/740 737/700/679 735/759/736 736/762/739
f 740/764/741 675/699/678 737/700/679 738/763/740
f 739/765/742 738/763/740 736/762/739 824/766/743
f 741/767/744 740/764/741 738/763/740 739/765/742
f 742/768/745 677/701/680 675/699/678 740/764/741
f 743/769/746 742/768/745 740/764/741 741/767/744
f 744/770/747 679/703/682 677/701/680 742/768/745
f 745/771/748 744/770/747 742/768/745 743/769/746
f 746/772/749 681/705/684 679/703/682 744/770/747
f 747/773/750 746/772/749 744/770/747 745/771/748
f 748/774/751 683/707/686 681/705/684 746/772/749
f 749/775/752 748/774/751 746/772/749 747/773/750
f 750/776/753 685/709/688 683/707/686 748/774/751
f 752/777/754 750/776/753 748/774/751 749/775/752
f 751/778/755 687/711/690 685/709/688 750/776/753
f 754/779/756 751/778/755 750/776/753 752/777/754
f 755/780/757 754/779/756 752/777/754 753/781/758
f 753/781/758 752/777/754 749/775/752 828/782/759
f 756/783/760 757/784/761 751/778/755 754/779/756
f 758/785/762 756/783/760 754/779/756 755/780/757
f 759/786/763 760/787/764 757/784/761 756/783/760
f 761/788/765 759/786/763 756/783/760 758/785/762
f 762/789/766 763/790/767 760/787/764 759/786/763
f 764/791/768 762/789/766 759/786/763 761/788/765
f 765/792/769 766/793/770 763/790/767 762/789/766
f 767/794/771 765/792/769 762/789/766 764/791/768
f 768/795/772 769/796/773 766/793/770 765/792/769
f 770/797/774 768/795/772 765/792/769 767/794/771
f 771/798/775 772/799/776 769/796/773 768/795/772
f 773/800/777 771/798/775 768/795/772 770/797/774
f 774/801/778 775/802/779 772/799/776 771/798/775
f 776/803/780 774/801/778 771/798/775 773/800/777
f 777/804/781 778/805/782 775/806/779 774/807/778
f 779/808/783 777/804/781 774/807/778 776/809/780
f 780/810/784 781/811/785 778/805/782 777/804/781
f 782/812/786 780/810/784 777/804/781 779/808/783
f 783/813/787 784/814/788 781/811/785 780/810/784
f 785/815/789 783/813/787 780/810/784 782/812/786
f 786/816/790 787/817/791 784/814/788 783/813/787
f 788/818/792 786/816/790 783/813/787 785/815/789
f 789/819/793 790/820/794 787/817/791 786/816/790
f 791/821/795 789/819/793 786/816/790 788/818/792
f 792/822/796 793/823/797 790/820/794 789/819/793
f 794/824/798 792/822/796 789/819/793 791/821/795
f 795/825/799 796/826/800 793/823/797 792/822/796
f 797/827/801 795/825/799 792/822/796 794/824/798
f 798/828/802 799/829/803 796/826/800 795/825/799
f 800/830/804 798/828/802 795/825/799 797/827/801
f 801/831/805 802/832/806 799/829/803 798/828/802
f 803/833/807 801/831/805 798/828/802 800/830/804
f 804/834/808 805/835/809 802/832/806 801/831/805
f 806/836/810 804/834/808 801/831/805 803/833/807
f 807/837/811 808/838/812 805/835/809 804/834/808
f 809/839/813 807/837/811 804/834/808 806/836/810
f 810/840/814 811/841/815 808/838/812 807/837/811
f 812/842/816 810/840/814 807/837/811 809/839/813
f 813/843/817 814/844/818 811/841/815 810/840/814
f 815/845/819 813/843/817 810/840/814 812/842/816
f 816/846/820 817/847/821 814/844/818 813/843/817
f 818/848/822 816/846/820 813/843/817 815/845/819
f 819/849/823 820/761/738 817/847/821 816/846/820
f 821/850/824 819/849/823 816/846/820 818/848/822
f 822/851/825 734/760/737 820/761/738 819/849/823
f 823/852/826 822/851/825 819/849/823 821/850/824
f 824/766/743 736/762/739 734/760/737 822/851/825
f 825/853/827 824/766/743 822/851/825 823/852/826
f 826/854/828 739/765/742 824/766/743 825/853/827
f 827/855/829 826/854/828 825/853/827
f 827/856/829 825/853/827 823/852/826
f 827/857/829 800/830/804 797/827/801
f 827/858/829 803/833/807 800/830/804
f 827/859/829 755/780/757 753/781/758
f 827/860/829 753/781/758 828/782/759
f 827/861/829 828/782/759 829/862/830
f 827/863/829 829/862/830 830/864/831
f 827/865/829 830/864/831 831/866/832
f 827/867/829 831/866/832 832/868/833
f 827/869/829 832/868/833 826/854/828
f 827/870/829 823/852/826 821/850/824
f 827/871/829 821/850/824 818/848/822
f 827/872/829 818/848/822 815/845/819
f 827/873/829 815/845/819 812/842/816
f 827/874/829 812/842/816 809/839/813
f 827/875/829 809/839/813 806/836/810
f 827/876/829 806/836/810 803/833/807
f 827/877/829 797/827/801 794/824/798
f 827/878/829 794/824/798 791/821/795
f 827/879/829 791/821/795 788/818/792
f 827/880/829 788/818/792 785/815/789
f 827/881/829 785/815/789 782/812/786
f 827/882/829 782/812/786 779/808/783
f 827/883/829 779/808/783 776/809/780
f 827/884/829 776/803/780 773/800/777
f 827/885/829 773/800/777 770/797/774
f 827/886/829 770/797/774 767/794/771
f 827/887/829 767/794/771 764/791/768
f 827/888/829 764/791/768 761/788/765
f 827/889/829 761/788/765 758/785/762
f 827/890/829 758/785/762 755/780/757
f 832/868/833 741/767/744 739/765/742 826/854/828
f 831/866/832 743/769/746 741/767/744 832/868/833
f 830/864/831 745/771/748 743/769/746 831/866/832
f 829/862/830 747/773/750 745/771/748 830/864/831
f 828/782/759 749/775/752 747/773/750 829/862/830
f 820/761/738 731/757/734 729/755/732 817/847/821
f 817/847/821 729/755/732 727/753/730 814/844/818
f 814/844/818 727/753/730 725/751/728 811/841/815
f 811/841/815 725/751/728 723/749/726 808/838/812
f 808/838/812 723/749/726 721/747/724 805/835/809
f 805/835/809 721/747/724 719/745/722 802/832/806
f 802/832/806 719/745/722 717/743/720 799/829/803
f 799/829/803 717/743/720 715/741/718 796/826/800
f 796/826/800 715/741/718 713/739/716 793/823/797
f 793/823/797 713/739/716 711/737/714 790/820/794
f 790/820/794 711/737/714 709/735/712 787/817/791
f 787/817/791 709/735/712 707/733/710 784/814/788
f 784/814/788 707/733/710 705/731/708 781/811/785
f 781/811/785 705/731/708 703/728/706 778/805/782
f 778/805/782 703/728/706 701/729/704 775/806/779
f 775/802/779 701/725/704 699/723/702 772/799/776
f 772/799/776 699/723/702 697/721/700 769/796/773
f 769/796/773 697/721/700 695/719/698 766/793/770
f 766/793/770 695/719/698 693/717/696 763/790/767
f 763/790/767 693/717/696 691/715/694 760/787/764
f 760/787/764 691/715/694 689/713/692 757/784/761
f 757/784/761 689/713/692 687/711/690 751/778/755
f 408/332/322 315/328/318 313/326/316 405/422/409
f 405/422/409 313/326/316 311/324/314 402/419/406
f 402/419/406 311/324/314 309/322/312 399/416/403
f 399/416/403 309/322/312 307/320/310 396/413/400
f 396/413/400 307/320/310 305/318/308 393/410/397
f 393/410/397 305/318/308 303/316/306 390/407/394
f 390/407/394 303/316/306 301/314/304 387/404/391
f 387/404/391 301/314/304 299/312/302 384/401/388
f 384/401/388 299/312/302 297/310/300 381/398/385
f 381/398/385 297/310/300 295/308/298 378/395/382
f 378/395/382 295/308/298 293/306/296 375/392/379
f 375/392/379 293/306/296 291/304/294 372/389/376
f 372/389/376 291/304/294 289/302/292 369/386/373
f 369/386/373 289/302/292 287/300/290 366/383/370
f 366/383/370 287/300/290 285/298/288 363/380/367
f 363/380/367 285/298/288 283/296/286 360/377/364
f 360/377/364 283/296/286 281/294/284 357/374/361
f 357/374/361 281/294/284 279/291/282 354/368/358
f 354/368/358 279/291/282 277/292/280 351/369/355
f 351/365/355 277/288/280 275/286/278 348/362/352
f 348/362/352 275/286/278 273/284/276 345/359/349
f 345/359/349 273/284/276 271/282/274 342/356/346
f 342/356/346 271/282/274 269/280/272 339/353/343
f 339/353/343 269/280/272 267/278/270 336/350/340
f 336/350/340 267/278/270 265/276/268 333/347/337
f 333/347/337 265/276/268 263/274/266 327/342/332
f 250/167/162 156/164/159 154/162/157 247/259/251
f 247/259/251 154/162/157 152/160/155 244/256/248
f 244/256/248 152/160/155 150/158/153 241/253/245
f 241/253/245 150/158/153 148/156/151 238/250/242
f 238/250/242 148/156/151 146/154/149 235/247/239
f 235/247/239 146/154/149 144/152/147 232/244/236
f 232/244/236 144/152/147 142/150/145 229/241/233
f 229/241/233 142/150/145 140/148/143 226/238/230
f 226/238/230 140/148/143 138/146/141 223/235/227
f 223/235/227 138/146/141 136/144/139 220/232/224
f 220/232/224 136/144/139 134/142/137 217/229/221
f 217/229/221 134/142/137 132/140/135 214/226/218
f 214/226/218 132/140/135 130/138/133 211/223/215
f 211/223/215 130/138/133 128/136/131 208/220/212
f 208/220/212 128/136/131 126/134/129 205/217/209
f 205/217/209 126/134/129 124/132/127 202/214/206
f 202/214/206 124/132/127 122/130/125 199/211/203
f 199/211/203 122/130/125 120/128/123 196/208/200
f 196/208/200 120/128/123 118/125/121 193/202/197
f 193/202/197 118/125/121 116/126/119 190/203/194
f 190/199/194 116/122/119 114/120/117 187/196/191
f 187/196/191 114/120/117 112/118/115 184/193/188
f 184/193/188 112/118/115 110/116/113 181/190/185
f 181/190/185 110/116/113 108/114/111 178/187/182
f 178/187/182 108/114/111 106/112/109 175/184/179
f 175/184/179 106/112/109 104/110/107 172/181/176
f 172/181/176 104/110/107 102/108/105 166/175/170
f 93/98/95 833/891/834 895/892/835 90/95/92
f 834/6/6 835/893/836 833/891/834 93/98/95
f 3/5/5 837/894/837 835/893/836 834/6/6
f 835/893/836 836/895/838 898/896/839 833/891/834
f 837/894/837 838/897/840 836/895/838 835/893/836
f 839/898/841 840/899/842 838/897/840 837/894/837
f 6/8/8 839/898/841 837/894/837 3/5/5
f 841/900/843 842/901/844 840/899/842 839/898/841
f 9/11/11 841/900/843 839/898/841 6/8/8
f 843/902/845 844/903/846 842/901/844 841/900/843
f 12/14/14 843/902/845 841/900/843 9/11/11
f 845/904/847 846/905/848 844/903/846 843/902/845
f 15/17/17 845/904/847 843/902/845 12/14/14
f 847/906/849 848/907/850 846/905/848 845/904/847
f 18/20/20 847/906/849 845/904/847 15/17/17
f 849/908/851 850/909/852 848/907/850 847/906/849
f 21/23/23 849/908/851 847/906/849 18/20/20
f 851/910/853 852/911/854 850/909/852 849/908/851
f 24/26/26 851/910/853 849/908/851 21/23/23
f 853/912/855 854/913/856 852/911/854 851/910/853
f 27/29/29 853/912/855 851/910/853 24/26/26
f 855/914/857 856/915/858 854/916/856 853/917/855
f 30/32/32 855/914/857 853/917/855 27/33/29
f 857/918/859 858/919/860 856/915/858 855/914/857
f 33/38/35 857/918/859 855/914/857 30/32/32
f 859/920/861 860/921/862 858/919/860 857/918/859
f 36/41/38 859/920/861 857/918/859 33/38/35
f 861/922/863 862/923/864 860/921/862 859/920/861
f 39/44/41 861/922/863 859/920/861 36/41/38
f 863/924/865 864/925/866 862/923/864 861/922/863
f 42/47/44 863/924/865 861/922/863 39/44/41
f 865/926/867 866/927/868 864/925/866 863/924/865
f 45/50/47 865/926/867 863/924/865 42/47/44
f 867/928/869 868/929/870 866/927/868 865/926/867
f 48/53/50 867/928/869 865/926/867 45/50/47
f 869/930/871 870/931/872 868/929/870 867/928/869
f 51/56/53 869/930/871 867/928/869 48/53/50
f 871/932/873 872/933/874 870/931/872 869/930/871
f 54/59/56 871/932/873 869/930/871 51/56/53
f 873/934/875 874/935/876 872/933/874 871/932/873
f 57/62/59 873/934/875 871/932/873 54/59/56
f 875/936/877 876/937/878 874/935/876 873/934/875
f 60/65/62 875/936/877 873/934/875 57/62/59
f 877/938/879 878/939/880 876/937/878 875/936/877
f 63/68/65 877/938/879 875/936/877 60/65/62
f 879/940/881 880/941/882 878/939/880 877/938/879
f 66/71/68 879/940/881 877/938/879 63/68/65
f 881/942/883 882/943/884 880/941/882 879/940/881
f 69/74/71 881/942/883 879/940/881 66/71/68
f 883/944/885 884/945/886 882/943/884 881/942/883
f 72/77/74 883/944/885 881/942/883 69/74/71
f 885/946/887 886/947/888 884/945/886 883/944/885
f 75/80/77 885/946/887 883/944/885 72/77/74
f 887/948/889 888/949/890 886/947/888 885/946/887
f 78/83/80 887/948/889 885/946/887 75/80/77
f 889/950/891 890/951/892 888/949/890 887/948/889
f 81/86/83 889/950/891 887/948/889 78/83/80
f 891/952/893 892/953/894 890/951/892 889/950/891
f 84/89/86 891/952/893 889/950/891 81/86/83
f 893/954/895 894/955/896 892/953/894 891/952/893
f 87/92/89 893/954/895 891/952/893 84/89/86
f 895/892/835 896/956/897 894/955/896 893/954/895
f 90/95/92 895/892/835 893/954/895 87/92/89
f 833/891/834 898/896/839 896/956/897 895/892/835
f 896/956/897 897/957/898 959/958/899 894/955/896
f 898/896/839 899/959/900 897/957/898 896/956/897
f 836/895/838 901/960/901 899/959/900 898/896/839
f 899/959/900 900/961/902 962/962/903 897/957/898
f 901/960/901 902/963/904 900/961/902 899/959/900
f 903/964/905 904/965/906 902/963/904 901/960/901
f 838/897/840 903/964/905 901/960/901 836/895/838
f 905/966/907 906/967/908 904/965/906 903/964/905
f 840/899/842 905/966/907 903/964/905 838/897/840
f 907/968/909 908/969/910 906/967/908 905/966/907
f 842/901/844 907/968/909 905/966/907 840/899/842
f 909/970/911 910/971/912 908/969/910 907/968/909
f 844/903/846 909/970/911 907/968/909 842/901/844
f 911/972/913 912/973/914 910/971/912 909/970/911
f 846/905/848 911/972/913 909/970/911 844/903/846
f 913/974/915 914/975/916 912/973/914 911/972/913
f 848/907/850 913/974/915 911/972/913 846/905/848
f 915/976/917 916/977/918 914/975/916 913/974/915
f 850/909/852 915/976/917 913/974/915 848/907/850
f 917/978/919 918/979/920 916/977/918 915/976/917
f 852/911/854 917/978/919 915/976/917 850/909/852
f 919/980/921 920/981/922 918/979/920 917/978/919
f 854/913/856 919/980/921 917/978/919 852/911/854
f 921/982/923 922/983/924 920/984/922 919/985/921
f 856/915/858 921/982/923 919/985/921 854/916/856
f 923/986/925 924/987/926 922/983/924 921/982/923
f 858/919/860 923/986/925 921/982/923 856/915/858
f 925/988/927 926/989/928 924/987/926 923/986/925
f 860/921/862 925/988/927 923/986/925 858/919/860
f 927/990/929 928/991/930 926/989/928 925/988/927
f 862/923/864 927/990/929 925/988/927 860/921/862
f 929/992/931 930/993/932 928/991/930 927/990/929
f 864/925/866 929/992/931 927/990/929 862/923/864
f 931/994/933 932/995/934 930/993/932 929/992/931
f 866/927/868 931/994/933 929/992/931 864/925/866
f 933/996/935 934/997/936 932/995/934 931/994/933
f 868/929/870 933/996/935 931/994/933 866/927/868
f 935/998/937 936/999/938 934/997/936 933/996/935
f 870/931/872 935/998/937 933/996/935 868/929/870
f 937/1000/939 938/1001/940 936/999/938 935/998/937
f 872/933/874 937/1000/939 935/998/937 870/931/872
f 939/1002/941 940/1003/942 938/1001/940 937/1000/939
f 874/935/876 939/1002/941 937/1000/939 872/933/874
f 941/1004/943 942/1005/944 940/1003/942 939/1002/941
f 876/937/878 941/1004/943 939/1002/941 874/935/876
f 943/1006/945 944/1007/946 942/1005/944 941/1004/943
f 878/939/880 943/1006/945 941/1004/943 876/937/878
f 945/1008/947 946/1009/948 944/1007/946 943/1006/945
f 880/941/882 945/1008/947 943/1006/945 878/939/880
f 947/1010/949 948/1011/950 946/1009/948 945/1008/947
f 882/943/884 947/1010/949 945/1008/947 880/941/882
f 949/1012/951 950/1013/952 948/1011/950 947/1010/949
f 884/945/886 949/1012/951 947/1010/949 882/943/884
f 951/1014/953 952/1015/954 950/1013/952 949/1012/951
f 886/947/888 951/1014/953 949/1012/951 884/945/886
f 953/1016/955 954/1017/956 952/1015/954 951/1014/953
f 888/949/890 953/1016/955 951/1014/953 886/947/888
f 955/1018/957 956/1019/958 954/1017/956 953/1016/955
f 890/951/892 955/1018/957 953/1016/955 888/949/890
f 957/1020/959 958/1021/960 956/1019/958 955/1018/957
f 892/953/894 957/1020/959 955/1018/957 890/951/892
f 959/958/899 960/1022/961 958/1021/960 957/1020/959
f 894/955/896 959/958/899 957/1020/959 892/953/894
f 897/957/898 962/962/903 960/1022/961 959/958/899
f 960/1022/961 961/1023/962 969/1024/963 958/1021/960
f 962/962/903 963/1025/964 961/1023/962 960/1022/961
f 900/961/902 964/1026/965 963/1025/964 962/962/903
f 964/1026/965 965/1027/966 963/1025/964
f 963/1025/964 965/1028/966 961/1023/962
f 966/1029/967 965/1030/966 981/1031/968
f 980/1032/969 965/1033/966 966/1029/967
f 994/1034/970 965/1035/966 967/1036/971
f 967/1036/971 965/1037/966 968/1038/972
f 968/1038/972 965/1039/966 964/1026/965
f 961/1023/962 965/1040/966 969/1024/963
f 969/1024/963 965/1041/966 970/1042/973
f 970/1042/973 965/1043/966 971/1044/974
f 971/1044/974 965/1045/966 972/1046/975
f 972/1046/975 965/1047/966 973/1048/976
f 973/1048/976 965/1049/966 974/1050/977
f 974/1050/977 965/1051/966 975/1052/978
f 975/1052/978 965/1053/966 976/1054/979
f 976/1054/979 965/1055/966 977/1056/980
f 977/1056/980 965/1057/966 978/1058/981
f 978/1058/981 965/1059/966 979/1060/982
f 979/1060/982 965/1061/966 980/1032/969
f 981/1031/968 965/1062/966 982/1063/983
f 982/1063/983 965/1064/966 983/1065/984
f 983/1065/984 965/1066/966 984/1067/985
f 984/1067/985 965/1068/966 985/1069/986
f 985/1069/986 965/1070/966 986/1071/987
f 986/1071/987 965/1072/966 987/1073/988
f 987/1074/988 965/1075/966 988/1076/989
f 988/1076/989 965/1077/966 989/1078/990
f 989/1078/990 965/1079/966 990/1080/991
f 990/1080/991 965/1081/966 991/1082/992
f 991/1082/992 965/1083/966 992/1084/993
f 992/1084/993 965/1085/966 993/1086/994
f 993/1086/994 965/1087/966 994/1034/970
f 906/967/908 994/1034/970 967/1036/971 904/965/906
f 908/969/910 993/1086/994 994/1034/970 906/967/908
f 910/971/912 992/1084/993 993/1086/994 908/969/910
f 912/973/914 991/1082/992 992/1084/993 910/971/912
f 914/975/916 990/1080/991 991/1082/992 912/973/914
f 916/977/918 989/1078/990 990/1080/991 914/975/916
f 918/979/920 988/1076/989 989/1078/990 916/977/918
f 920/981/922 987/1074/988 988/1076/989 918/979/920
f 922/983/924 986/1071/987 987/1073/988 920/984/922
f 924/987/926 985/1069/986 986/1071/987 922/983/924
f 926/989/928 984/1067/985 985/1069/986 924/987/926
f 928/991/930 983/1065/984 984/1067/985 926/989/928
f 930/993/932 982/1063/983 983/1065/984 928/991/930
f 932/995/934 981/1031/968 982/1063/983 930/993/932
f 934/997/936 966/1029/967 981/1031/968 932/995/934
f 936/999/938 980/1032/969 966/1029/967 934/997/936
f 938/1001/940 979/1060/982 980/1032/969 936/999/938
f 940/1003/942 978/1058/981 979/1060/982 938/1001/940
f 942/1005/944 977/1056/980 978/1058/981 940/1003/942
f 944/1007/946 976/1054/979 977/1056/980 942/1005/944
f 946/1009/948 975/1052/978 976/1054/979 944/1007/946
f 948/1011/950 974/1050/977 975/1052/978 946/1009/948
f 950/1013/952 973/1048/976 974/1050/977 948/1011/950
f 952/1015/954 972/1046/975 973/1048/976 950/1013/952
f 954/1017/956 971/1044/974 972/1046/975 952/1015/954
f 956/1019/958 970/1042/973 971/1044/974 954/1017/956
f 958/1021/960 969/1024/963 970/1042/973 956/1019/958
f 902/963/904 968/1038/972 964/1026/965 900/961/902
f 904/965/906 967/1036/971 968/1038/972 902/963/904
usemtl Material.001
f 1004/505/995 1003/504/521 1031/500/519 1032/503/996
f 996/103/997 1980/1/54 1018/4/51 1019/102/132
f 1005/572/998 1004/505/995 1032/503/996 1033/570/999
f 1981/106/135 996/103/997 1019/102/132 1020/104/133
f 1986/573/588 1005/572/998 1033/570/999 1034/571/586
f 1982/173/218 1981/106/135 1020/104/133 1021/169/1000
f 1006/640/653 1986/573/588 1034/571/586 1035/638/1001
f 997/174/217 1982/173/218 1021/169/1000 1022/172/1002
f 1007/641/1003 1006/640/653 1035/638/1001 1036/639/652
f 998/178/219 997/174/217 1022/172/1002 1023/179/1004
f 1008/708/1005 1007/641/1003 1036/639/652 1037/706/1006
f 999/269/295 998/178/219 1023/179/1004 1024/268/1007
f 1974/1036/1008 1508/1037/966 1011/1038/1009
f 1987/709/720 1008/708/1005 1037/706/1006 1038/707/718
f 1000/272/296 999/269/295 1024/268/1007 1025/270/1010
f 1975/965/1011 1974/1036/1008 1011/1038/1009 1012/963/936
f 1988/776/803 1987/709/720 1038/707/718 1039/774/1012
f 1983/339/379 1000/272/296 1025/270/1010 1026/335/376
f 1976/964/1013 1975/965/1011 1012/963/936 1013/960/1014
f 1009/777/802 1988/776/803 1039/774/1012 1040/775/1015
f 1001/340/378 1983/339/379 1026/335/376 1027/338/1016
f 1977/897/872 1976/964/1013 1013/960/1014 1014/895/870
f 1010/781/1017 1009/777/802 1040/775/1015 1041/782/1018
f 1002/344/380 1001/340/378 1027/338/1016 1028/345/1019
f 1978/894/871 1977/897/872 1014/895/870 1015/893/1020
f 1507/860/829 1010/781/1017 1041/782/1018
f 1984/434/1021 1002/344/380 1028/345/1019 1029/433/1022
f 1979/5/53 1978/894/871 1015/893/1020 1016/6/1023
f 1985/437/456 1984/434/1021 1029/433/1022 1030/435/454
f 995/2/52 1979/5/53 1016/6/1023 1017/3/49
f 1003/504/521 1985/437/456 1030/435/454 1031/500/519
f 1980/1/54 995/2/52 1017/3/49 1018/4/51
f 1027/338/1016 1026/335/376 1057/334/373 1058/336/1024
f 1014/895/870 1013/960/1014 1044/959/1025 1045/896/868
f 1041/782/1018 1040/775/1015 1071/773/1026 1072/862/1027
f 1028/345/1019 1027/338/1016 1058/336/1024 1059/429/1028
f 1015/893/1020 1014/895/870 1045/896/868 1046/891/867
f 1507/861/829 1041/782/1018 1072/862/1027
f 1029/433/1022 1028/345/1019 1059/429/1028 1060/432/1029
f 1016/6/1023 1015/893/1020 1046/891/867 1047/98/1030
f 1030/435/454 1029/433/1022 1060/432/1029 1061/436/452
f 1017/3/49 1016/6/1023 1047/98/1030 1048/97/46
f 1031/500/519 1030/435/454 1061/436/452 1062/499/517
f 1018/4/51 1017/3/49 1048/97/46 1049/99/48
f 1032/503/996 1031/500/519 1062/499/517 1063/501/518
f 1019/102/132 1018/4/51 1049/99/48 1050/100/1031
f 1033/570/999 1032/503/996 1063/501/518 1064/566/583
f 1020/104/133 1019/102/132 1050/100/1031 1051/105/131
f 1034/571/586 1033/570/999 1064/566/583 1065/569/584
f 1021/169/1000 1020/104/133 1051/105/131 1052/168/1032
f 1035/638/1001 1034/571/586 1065/569/584 1066/636/649
f 1022/172/1002 1021/169/1000 1052/168/1032 1053/170/1033
f 1036/639/652 1035/638/1001 1066/636/649 1067/637/650
f 1023/179/1004 1022/172/1002 1053/170/1033 1054/264/213
f 1037/706/1006 1036/639/652 1067/637/650 1068/704/1034
f 1024/268/1007 1023/179/1004 1054/264/213 1055/267/291
f 1011/1038/1009 1508/1039/966 1042/1026/1035
f 1038/707/718 1037/706/1006 1068/704/1034 1069/705/716
f 1025/270/1010 1024/268/1007 1055/267/291 1056/271/292
f 1012/963/936 1011/1038/1009 1042/1026/1035 1043/961/934
f 1039/774/1012 1038/707/718 1069/705/716 1070/772/1036
f 1026/335/376 1025/270/1010 1056/271/292 1057/334/373
f 1013/960/1014 1012/963/936 1043/961/934 1044/959/1025
f 1040/775/1015 1039/774/1012 1070/772/1036 1071/773/1026
f 1060/432/1029 1059/429/1028 1090/428/1037 1091/430/1038
f 1047/98/1030 1046/891/867 1077/892/1039 1078/95/1040
f 1061/436/452 1060/432/1029 1091/430/1038 1092/495/1041
f 1048/97/46 1047/98/1030 1078/95/1040 1079/94/1042
f 1062/499/517 1061/436/452 1092/495/1041 1093/498/1043
f 1049/99/48 1048/97/46 1079/94/1042 1080/96/45
f 1063/501/518 1062/499/517 1093/498/1043 1094/502/516
f 1050/100/1031 1049/99/48 1080/96/45 1081/101/1044
f 1064/566/583 1063/501/518 1094/502/516 1095/565/581
f 1051/105/131 1050/100/1031 1081/101/1044 1082/165/1045
f 1065/569/584 1064/566/583 1095/565/581 1096/567/582
f 1052/168/1032 1051/105/131 1082/165/1045 1083/166/1046
f 1066/636/649 1065/569/584 1096/567/582 1097/632/647
f 1053/170/1033 1052/168/1032 1083/166/1046 1084/171/1047
f 1067/637/650 1066/636/649 1097/632/647 1098/635/648
f 1054/264/213 1053/170/1033 1084/171/1047 1085/263/210
f 1068/704/1034 1067/637/650 1098/635/648 1099/702/713
f 1055/267/291 1054/264/213 1085/263/210 1086/265/289
f 1042/1026/1035 1508/1027/966 1073/1025/1048
f 1069/705/716 1068/704/1034 1099/702/713 1100/703/714
f 1056/271/292 1055/267/291 1086/265/289 1087/330/290
f 1043/961/934 1042/1026/1035 1073/1025/1048 1074/962/1049
f 1070/772/1036 1069/705/716 1100/703/714 1101/770/1050
f 1057/334/373 1056/271/292 1087/330/290 1088/333/370
f 1044/959/1025 1043/961/934 1074/962/1049 1075/957/1051
f 1071/773/1026 1070/772/1036 1101/770/1050 1102/771/1052
f 1058/336/1024 1057/334/373 1088/333/370 1089/337/369
f 1045/896/868 1044/959/1025 1075/957/1051 1076/956/866
f 1072/862/1027 1071/773/1026 1102/771/1052 1103/864/1053
f 1059/429/1028 1058/336/1024 1089/337/369 1090/428/1037
f 1046/891/867 1045/896/868 1076/956/866 1077/892/1039
f 1507/863/829 1072/862/1027 1103/864/1053
f 1093/498/1043 1092/495/1041 1123/494/1054 1124/496/1055
f 1080/96/45 1079/94/1042 1110/91/1056 1111/93/42
f 1094/502/516 1093/498/1043 1124/496/1055 1125/561/514
f 1081/101/1044 1080/96/45 1111/93/42 1112/163/126
f 1095/565/581 1094/502/516 1125/561/514 1126/564/579
f 1082/165/1045 1081/101/1044 1112/163/126 1113/164/127
f 1096/567/582 1095/565/581 1126/564/579 1127/568/580
f 1083/166/1046 1082/165/1045 1113/164/127 1114/167/206
f 1097/632/647 1096/567/582 1127/568/580 1128/631/645
f 1084/171/1047 1083/166/1046 1114/167/206 1115/261/205
f 1098/635/648 1097/632/647 1128/631/645 1129/633/1057
f 1085/263/210 1084/171/1047 1115/261/205 1116/262/1058
f 1099/702/713 1098/635/648 1129/633/1057 1130/698/1059
f 1086/265/289 1085/263/210 1116/262/1058 1117/266/287
f 1073/1025/1048 1508/1028/966 1104/1023/1060
f 1100/703/714 1099/702/713 1130/698/1059 1131/701/1061
f 1087/330/290 1086/265/289 1117/266/287 1118/329/288
f 1074/962/1049 1073/1025/1048 1104/1023/1060 1105/1022/1062
f 1101/770/1050 1100/703/714 1131/701/1061 1132/768/791
f 1088/333/370 1087/330/290 1118/329/288 1119/331/367
f 1075/957/1051 1074/962/1049 1105/1022/1062 1106/958/1063
f 1102/771/1052 1101/770/1050 1132/768/791 1133/769/1064
f 1089/337/369 1088/333/370 1119/331/367 1120/426/366
f 1076/956/866 1075/957/1051 1106/958/1063 1107/955/1065
f 1103/864/1053 1102/771/1052 1133/769/1064 1134/866/792
f 1090/428/1037 1089/337/369 1120/426/366 1121/427/368
f 1077/892/1039 1076/956/866 1107/955/1065 1108/954/863
f 1507/865/829 1103/864/1053 1134/866/792
f 1091/430/1038 1090/428/1037 1121/427/368 1122/431/447
f 1078/95/1040 1077/892/1039 1108/954/863 1109/92/1066
f 1092/495/1041 1091/430/1038 1122/431/447 1123/494/1054
f 1079/94/1042 1078/95/1040 1109/92/1066 1110/91/1056
f 1126/564/579 1125/561/514 1156/560/512 1157/562/1067
f 1113/164/127 1112/163/126 1143/161/1068 1144/162/1069
f 1127/568/580 1126/564/579 1157/562/1067 1158/627/1070
f 1114/167/206 1113/164/127 1144/162/1069 1145/259/203
f 1128/631/645 1127/568/580 1158/627/1070 1159/630/1071
f 1115/261/205 1114/167/206 1145/259/203 1146/258/1072
f 1129/633/1057 1128/631/645 1159/630/1071 1160/634/1073
f 1116/262/1058 1115/261/205 1146/258/1072 1147/260/204
f 1130/698/1059 1129/633/1057 1160/634/1073 1161/697/709
f 1117/266/287 1116/262/1058 1147/260/204 1148/327/285
f 1104/1023/1060 1508/1040/966 1135/1024/1074
f 1131/701/1061 1130/698/1059 1161/697/709 1162/699/1075
f 1118/329/288 1117/266/287 1148/327/285 1149/328/286
f 1105/1022/1062 1104/1023/1060 1135/1024/1074 1136/1021/928
f 1132/768/791 1131/701/1061 1162/699/1075 1163/764/788
f 1119/331/367 1118/329/288 1149/328/286 1150/332/364
f 1106/958/1063 1105/1022/1062 1136/1021/928 1137/1020/927
f 1133/769/1064 1132/768/791 1163/764/788 1164/767/1076
f 1120/426/366 1119/331/367 1150/332/364 1151/424/1077
f 1107/955/1065 1106/958/1063 1137/1020/927 1138/953/862
f 1134/866/792 1133/769/1064 1164/767/1076 1165/868/1078
f 1121/427/368 1120/426/366 1151/424/1077 1152/425/365
f 1108/954/863 1107/955/1065 1138/953/862 1139/952/861
f 1507/867/829 1134/866/792 1165/868/1078
f 1122/431/447 1121/427/368 1152/425/365 1153/492/445
f 1109/92/1066 1108/954/863 1139/952/861 1140/89/1079
f 1123/494/1054 1122/431/447 1153/492/445 1154/493/1080
f 1110/91/1056 1109/92/1066 1140/89/1079 1141/88/1081
f 1124/496/1055 1123/494/1054 1154/493/1080 1155/497/1082
f 1111/93/42 1110/91/1056 1141/88/1081 1142/90/39
f 1125/561/514 1124/496/1055 1155/497/1082 1156/560/512
f 1112/163/126 1111/93/42 1142/90/39 1143/161/1068
f 1159/630/1071 1158/627/1070 1189/626/576 1190/628/641
f 1146/258/1072 1145/259/203 1176/256/1083 1177/255/199
f 1160/634/1073 1159/630/1071 1190/628/641 1191/693/642
f 1147/260/204 1146/258/1072 1177/255/199 1178/257/1084
f 1161/697/709 1160/634/1073 1191/693/642 1192/696/707
f 1148/327/285 1147/260/204 1178/257/1084 1179/325/1085
f 1135/1024/1074 1508/1041/966 1166/1042/1086
f 1162/699/1075 1161/697/709 1192/696/707 1193/700/1087
f 1149/328/286 1148/327/285 1179/325/1085 1180/326/284
f 1136/1021/928 1135/1024/1074 1166/1042/1086 1167/1019/1088
f 1163/764/788 1162/699/1075 1193/700/1087 1194/763/1089
f 1150/332/364 1149/328/286 1180/326/284 1181/422/1090
f 1137/1020/927 1136/1021/928 1167/1019/1088 1168/1018/1091
f 1164/767/1076 1163/764/788 1194/763/1089 1195/765/1092
f 1151/424/1077 1150/332/364 1181/422/1090 1182/421/1093
f 1138/953/862 1137/1020/927 1168/1018/1091 1169/951/1094
f 1165/868/1078 1164/767/1076 1195/765/1092 1196/854/1095
f 1152/425/365 1151/424/1077 1182/421/1093 1183/423/362
f 1139/952/861 1138/953/862 1169/951/1094 1170/950/859
f 1507/869/829 1165/868/1078 1196/854/1095
f 1153/492/445 1152/425/365 1183/423/362 1184/490/443
f 1140/89/1079 1139/952/861 1170/950/859 1171/86/35
f 1154/493/1080 1153/492/445 1184/490/443 1185/491/1096
f 1141/88/1081 1140/89/1079 1171/86/35 1172/85/1097
f 1155/497/1082 1154/493/1080 1185/491/1096 1186/558/1098
f 1142/90/39 1141/88/1081 1172/85/1097 1173/87/36
f 1156/560/512 1155/497/1082 1186/558/1098 1187/559/1099
f 1143/161/1068 1142/90/39 1173/87/36 1174/159/122
f 1157/562/1067 1156/560/512 1187/559/1099 1188/563/575
f 1144/162/1069 1143/161/1068 1174/159/122 1175/160/1100
f 1158/627/1070 1157/562/1067 1188/563/575 1189/626/576
f 1145/259/203 1144/162/1069 1175/160/1100 1176/256/1083
f 1192/696/707 1191/693/642 1222/692/1101 1223/694/705
f 1179/325/1085 1178/257/1084 1209/254/1102 1210/323/1103
f 1166/1042/1086 1508/1043/966 1197/1044/1104
f 1193/700/1087 1192/696/707 1223/694/705 1224/759/1105
f 1180/326/284 1179/325/1085 1210/323/1103 1211/324/1106
f 1167/1019/1088 1166/1042/1086 1197/1044/1104 1198/1017/1107
f 1194/763/1089 1193/700/1087 1224/759/1105 1225/762/1108
f 1181/422/1090 1180/326/284 1211/324/1106 1212/419/358
f 1168/1018/1091 1167/1019/1088 1198/1017/1107 1199/1016/1109
f 1195/765/1092 1194/763/1089 1225/762/1108 1226/766/1110
f 1182/421/1093 1181/422/1090 1212/419/358 1213/418/357
f 1169/951/1094 1168/1018/1091 1199/1016/1109 1200/949/1111
f 1196/854/1095 1195/765/1092 1226/766/1110 1227/853/1112
f 1183/423/362 1182/421/1093 1213/418/357 1214/420/359
f 1170/950/859 1169/951/1094 1200/949/1111 1201/948/857
f 1507/855/829 1196/854/1095 1227/853/1112
f 1184/490/443 1183/423/362 1214/420/359 1215/488/441
f 1171/86/35 1170/950/859 1201/948/857 1202/83/32
f 1185/491/1096 1184/490/443 1215/488/441 1216/489/1113
f 1172/85/1097 1171/86/35 1202/83/32 1203/82/1114
f 1186/558/1098 1185/491/1096 1216/489/1113 1217/556/507
f 1173/87/36 1172/85/1097 1203/82/1114 1204/84/1115
f 1187/559/1099 1186/558/1098 1217/556/507 1218/557/508
f 1174/159/122 1173/87/36 1204/84/1115 1205/157/1116
f 1188/563/575 1187/559/1099 1218/557/508 1219/624/1117
f 1175/160/1100 1174/159/122 1205/157/1116 1206/158/1118
f 1189/626/576 1188/563/575 1219/624/1117 1220/625/1119
f 1176/256/1083 1175/160/1100 1206/158/1118 1207/253/1120
f 1190/628/641 1189/626/576 1220/625/1119 1221/629/639
f 1177/255/199 1176/256/1083 1207/253/1120 1208/252/196
f 1191/693/642 1190/628/641 1221/629/639 1222/692/1101
f 1178/257/1084 1177/255/199 1208/252/196 1209/254/1102
f 1198/1017/1107 1197/1044/1104 1228/1046/1121 1229/1015/1122
f 1225/762/1108 1224/759/1105 1255/758/1123 1256/760/779
f 1212/419/358 1211/324/1106 1242/322/280 1243/416/355
f 1199/1016/1109 1198/1017/1107 1229/1015/1122 1230/1014/1124
f 1226/766/1110 1225/762/1108 1256/760/779 1257/851/778
f 1213/418/357 1212/419/358 1243/416/355 1244/415/1125
f 1200/949/1111 1199/1016/1109 1230/1014/1124 1231/947/856
f 1227/853/1112 1226/766/1110 1257/851/778 1258/852/1126
f 1214/420/359 1213/418/357 1244/415/1125 1245/417/356
f 1201/948/857 1200/949/1111 1231/947/856 1232/946/855
f 1507/856/829 1227/853/1112 1258/852/1126
f 1215/488/441 1214/420/359 1245/417/356 1246/486/439
f 1202/83/32 1201/948/857 1232/946/855 1233/80/29
f 1216/489/1113 1215/488/441 1246/486/439 1247/487/1127
f 1203/82/1114 1202/83/32 1233/80/29 1234/79/28
f 1217/556/507 1216/489/1113 1247/487/1127 1248/554/505
f 1204/84/1115 1203/82/1114 1234/79/28 1235/81/1128
f 1218/557/508 1217/556/507 1248/554/505 1249/555/506
f 1205/157/1116 1204/84/1115 1235/81/1128 1236/155/1129
f 1219/624/1117 1218/557/508 1249/555/506 1250/622/1130
f 1206/158/1118 1205/157/1116 1236/155/1129 1237/156/1131
f 1220/625/1119 1219/624/1117 1250/622/1130 1251/623/572
f 1207/253/1120 1206/158/1118 1237/156/1131 1238/250/194
f 1221/629/639 1220/625/1119 1251/623/572 1252/690/637
f 1208/252/196 1207/253/1120 1238/250/194 1239/249/193
f 1222/692/1101 1221/629/639 1252/690/637 1253/691/1132
f 1209/254/1102 1208/252/196 1239/249/193 1240/251/195
f 1223/694/705 1222/692/1101 1253/691/1132 1254/695/703
f 1210/323/1103 1209/254/1102 1240/251/195 1241/321/279
f 1197/1044/1104 1508/1045/966 1228/1046/1121
f 1224/759/1105 1223/694/705 1254/695/703 1255/758/1123
f 1211/324/1106 1210/323/1103 1241/321/279 1242/322/280
f 1231/947/856 1230/1014/1124 1261/1012/1133 1262/945/1134
f 1258/852/1126 1257/851/778 1288/849/1135 1289/850/1136
f 1245/417/356 1244/415/1125 1275/412/351 1276/414/353
f 1232/946/855 1231/947/856 1262/945/1134 1263/944/853
f 1507/870/829 1258/852/1126 1289/850/1136
f 1246/486/439 1245/417/356 1276/414/353 1277/484/437
f 1233/80/29 1232/946/855 1263/944/853 1264/77/26
f 1247/487/1127 1246/486/439 1277/484/437 1278/485/438
f 1234/79/28 1233/80/29 1264/77/26 1265/76/1137
f 1248/554/505 1247/487/1127 1278/485/438 1279/552/503
f 1235/81/1128 1234/79/28 1265/76/1137 1266/78/27
f 1249/555/506 1248/554/505 1279/552/503 1280/553/504
f 1236/155/1129 1235/81/1128 1266/78/27 1267/153/116
f 1250/622/1130 1249/555/506 1280/553/504 1281/620/569
f 1237/156/1131 1236/155/1129 1267/153/116 1268/154/1138
f 1251/623/572 1250/622/1130 1281/620/569 1282/621/1139
f 1238/250/194 1237/156/1131 1268/154/1138 1269/247/1140
f 1252/690/637 1251/623/572 1282/621/1139 1283/688/635
f 1239/249/193 1238/250/194 1269/247/1140 1270/246/190
f 1253/691/1132 1252/690/637 1283/688/635 1284/689/636
f 1240/251/195 1239/249/193 1270/246/190 1271/248/1141
f 1254/695/703 1253/691/1132 1284/689/636 1285/756/701
f 1241/321/279 1240/251/195 1271/248/1141 1272/319/1142
f 1228/1046/1121 1508/1047/966 1259/1048/1143
f 1255/758/1123 1254/695/703 1285/756/701 1286/757/702
f 1242/322/280 1241/321/279 1272/319/1142 1273/320/1144
f 1229/1015/1122 1228/1046/1121 1259/1048/1143 1260/1013/1145
f 1256/760/779 1255/758/1123 1286/757/702 1287/761/1146
f 1243/416/355 1242/322/280 1273/320/1144 1274/413/352
f 1230/1014/1124 1229/1015/1122 1260/1013/1145 1261/1012/1133
f 1257/851/778 1256/760/779 1287/761/1146 1288/849/1135
f 1244/415/1125 1243/416/355 1274/413/352 1275/412/351
f 1264/77/26 1263/944/853 1294/942/851 1295/74/23
f 1278/485/438 1277/484/437 1308/482/435 1309/483/1147
f 1265/76/1137 1264/77/26 1295/74/23 1296/73/1148
f 1279/552/503 1278/485/438 1309/483/1147 1310/550/1149
f 1266/78/27 1265/76/1137 1296/73/1148 1297/75/24
f 1280/553/504 1279/552/503 1310/550/1149 1311/551/1150
f 1267/153/116 1266/78/27 1297/75/24 1298/151/114
f 1281/620/569 1280/553/504 1311/551/1150 1312/618/567
f 1268/154/1138 1267/153/116 1298/151/114 1299/152/1151
f 1282/621/1139 1281/620/569 1312/618/567 1313/619/568
f 1269/247/1140 1268/154/1138 1299/152/1151 1300/244/1152
f 1283/688/635 1282/621/1139 1313/619/568 1314/686/633
f 1270/246/190 1269/247/1140 1300/244/1152 1301/243/187
f 1284/689/636 1283/688/635 1314/686/633 1315/687/1153
f 1271/248/1141 1270/246/190 1301/243/187 1302/245/1154
f 1285/756/701 1284/689/636 1315/687/1153 1316/754/699
f 1272/319/1142 1271/248/1141 1302/245/1154 1303/317/1155
f 1259/1048/1143 1508/1049/966 1290/1050/1156
f 1286/757/702 1285/756/701 1316/754/699 1317/755/1157
f 1273/320/1144 1272/319/1142 1303/317/1155 1304/318/276
f 1260/1013/1145 1259/1048/1143 1290/1050/1156 1291/1011/1158
f 1287/761/1146 1286/757/702 1317/755/1157 1318/847/1159
f 1274/413/352 1273/320/1144 1304/318/276 1305/410/1160
f 1261/1012/1133 1260/1013/1145 1291/1011/1158 1292/1010/1161
f 1288/849/1135 1287/761/1146 1318/847/1159 1319/846/1162
f 1275/412/351 1274/413/352 1305/410/1160 1306/409/1163
f 1262/945/1134 1261/1012/1133 1292/1010/1161 1293/943/852
f 1289/850/1136 1288/849/1135 1319/846/1162 1320/848/1164
f 1276/414/353 1275/412/351 1306/409/1163 1307/411/350
f 1263/944/853 1262/945/1134 1293/943/852 1294/942/851
f 1507/871/829 1289/850/1136 1320/848/1164
f 1277/484/437 1276/414/353 1307/411/350 1308/482/435
f 1297/75/24 1296/73/1148 1327/70/19 1328/72/21
f 1311/551/1150 1310/550/1149 1341/548/1165 1342/549/1166
f 1298/151/114 1297/75/24 1328/72/21 1329/149/1167
f 1312/618/567 1311/551/1150 1342/549/1166 1343/616/565
f 1299/152/1151 1298/151/114 1329/149/1167 1330/150/1168
f 1313/619/568 1312/618/567 1343/616/565 1344/617/566
f 1300/244/1152 1299/152/1151 1330/150/1168 1331/241/1169
f 1314/686/633 1313/619/568 1344/617/566 1345/684/1170
f 1301/243/187 1300/244/1152 1331/241/1169 1332/240/184
f 1315/687/1153 1314/686/633 1345/684/1170 1346/685/1171
f 1302/245/1154 1301/243/187 1332/240/184 1333/242/186
f 1316/754/699 1315/687/1153 1346/685/1171 1347/752/1172
f 1303/317/1155 1302/245/1154 1333/242/186 1334/315/273
f 1290/1050/1156 1508/1051/966 1321/1052/991
f 1317/755/1157 1316/754/699 1347/752/1172 1348/753/1173
f 1304/318/276 1303/317/1155 1334/315/273 1335/316/274
f 1291/1011/1158 1290/1050/1156 1321/1052/991 1322/1009/916
f 1318/847/1159 1317/755/1157 1348/753/1173 1349/844/1174
f 1305/410/1160 1304/318/276 1335/316/274 1336/407/1175
f 1292/1010/1161 1291/1011/1158 1322/1009/916 1323/1008/915
f 1319/846/1162 1318/847/1159 1349/844/1174 1350/843/1176
f 1306/409/1163 1305/410/1160 1336/407/1175 1337/406/345
f 1293/943/852 1292/1010/1161 1323/1008/915 1324/941/1177
f 1320/848/1164 1319/846/1162 1350/843/1176 1351/845/1178
f 1307/411/350 1306/409/1163 1337/406/345 1338/408/347
f 1294/942/851 1293/943/852 1324/941/1177 1325/940/849
f 1507/872/829 1320/848/1164 1351/845/1178
f 1308/482/435 1307/411/350 1338/408/347 1339/480/433
f 1295/74/23 1294/942/851 1325/940/849 1326/71/1179
f 1309/483/1147 1308/482/435 1339/480/433 1340/481/1180
f 1296/73/1148 1295/74/23 1326/71/1179 1327/70/19
f 1310/550/1149 1309/483/1147 1340/481/1180 1341/548/1165
f 1330/150/1168 1329/149/1167 1360/147/110 1361/148/111
f 1344/617/566 1343/616/565 1374/614/563 1375/615/564
f 1331/241/1169 1330/150/1168 1361/148/111 1362/238/182
f 1345/684/1170 1344/617/566 1375/615/564 1376/682/629
f 1332/240/184 1331/241/1169 1362/238/182 1363/237/181
f 1346/685/1171 1345/684/1170 1376/682/629 1377/683/630
f 1333/242/186 1332/240/184 1363/237/181 1364/239/1181
f 1347/752/1172 1346/685/1171 1377/683/630 1378/750/1182
f 1334/315/273 1333/242/186 1364/239/1181 1365/313/1183
f 1321/1052/991 1508/1053/966 1352/1054/1184
f 1348/753/1173 1347/752/1172 1378/750/1182 1379/751/1185
f 1335/316/274 1334/315/273 1365/313/1183 1366/314/272
f 1322/1009/916 1321/1052/991 1352/1054/1184 1353/1007/1186
f 1349/844/1174 1348/753/1173 1379/751/1185 1380/841/1187
f 1336/407/1175 1335/316/274 1366/314/272 1367/404/343
f 1323/1008/915 1322/1009/916 1353/1007/1186 1354/1006/1188
f 1350/843/1176 1349/844/1174 1380/841/1187 1381/840/1189
f 1337/406/345 1336/407/1175 1367/404/343 1368/403/342
f 1324/941/1177 1323/1008/915 1354/1006/1188 1355/939/1190
f 1351/845/1178 1350/843/1176 1381/840/1189 1382/842/768
f 1338/408/347 1337/406/345 1368/403/342 1369/405/344
f 1325/940/849 1324/941/1177 1355/939/1190 1356/938/847
f 1507/873/829 1351/845/1178 1382/842/768
f 1339/480/433 1338/408/347 1369/405/344 1370/478/431
f 1326/71/1179 1325/940/849 1356/938/847 1357/68/1191
f 1340/481/1180 1339/480/433 1370/478/431 1371/479/432
f 1327/70/19 1326/71/1179 1357/68/1191 1358/67/16
f 1341/548/1165 1340/481/1180 1371/479/432 1372/546/1192
f 1328/72/21 1327/70/19 1358/67/16 1359/69/18
f 1342/549/1166 1341/548/1165 1372/546/1192 1373/547/498
f 1329/149/1167 1328/72/21 1359/69/18 1360/147/110
f 1343/616/565 1342/549/1166 1373/547/498 1374/614/563
f 1363/237/181 1362/238/182 1393/235/1193 1394/234/178
f 1377/683/630 1376/682/629 1407/680/627 1408/681/628
f 1364/239/1181 1363/237/181 1394/234/178 1395/236/180
f 1378/750/1182 1377/683/630 1408/681/628 1409/748/693
f 1365/313/1183 1364/239/1181 1395/236/180 1396/311/269
f 1352/1054/1184 1508/1055/966 1383/1056/1194
f 1379/751/1185 1378/750/1182 1409/748/693 1410/749/1195
f 1366/314/272 1365/313/1183 1396/311/269 1397/312/270
f 1353/1007/1186 1352/1054/1184 1383/1056/1194 1384/1005/912
f 1380/841/1187 1379/751/1185 1410/749/1195 1411/838/1196
f 1367/404/343 1366/314/272 1397/312/270 1398/401/340
f 1354/1006/1188 1353/1007/1186 1384/1005/912 1385/1004/1197
f 1381/840/1189 1380/841/1187 1411/838/1196 1412/837/1198
f 1368/403/342 1367/404/343 1398/401/340 1399/400/339
f 1355/939/1190 1354/1006/1188 1385/1004/1197 1386/937/1199
f 1382/842/768 1381/840/1189 1412/837/1198 1413/839/1200
f 1369/405/344 1368/403/342 1399/400/339 1400/402/341
f 1356/938/847 1355/939/1190 1386/937/1199 1387/936/1201
f 1507/874/829 1382/842/768 1413/839/1200
f 1370/478/431 1369/405/344 1400/402/341 1401/476/429
f 1357/68/1191 1356/938/847 1387/936/1201 1388/65/14
f 1371/479/432 1370/478/431 1401/476/429 1402/477/1202
f 1358/67/16 1357/68/1191 1388/65/14 1389/64/13
f 1372/546/1192 1371/479/432 1402/477/1202 1403/544/1203
f 1359/69/18 1358/67/16 1389/64/13 1390/66/1204
f 1373/547/498 1372/546/1192 1403/544/1203 1404/545/1205
f 1360/147/110 1359/69/18 1390/66/1204 1391/145/108
f 1374/614/563 1373/547/498 1404/545/1205 1405/612/561
f 1361/148/111 1360/147/110 1391/145/108 1392/146/109
f 1375/615/564 1374/614/563 1405/612/561 1406/613/562
f 1362/238/182 1361/148/111 1392/146/109 1393/235/1193
f 1376/682/629 1375/615/564 1406/613/562 1407/680/627
f 1396/311/269 1395/236/180 1426/233/177 1427/309/267
f 1383/1056/1194 1508/1057/966 1414/1058/994
f 1410/749/1195 1409/748/693 1440/746/1206 1441/747/692
f 1397/312/270 1396/311/269 1427/309/267 1428/310/1207
f 1384/1005/912 1383/1056/1194 1414/1058/994 1415/1003/1208
f 1411/838/1196 1410/749/1195 1441/747/692 1442/835/761
f 1398/401/340 1397/312/270 1428/310/1207 1429/398/337
f 1385/1004/1197 1384/1005/912 1415/1003/1208 1416/1002/1209
f 1412/837/1198 1411/838/1196 1442/835/761 1443/834/1210
f 1399/400/339 1398/401/340 1429/398/337 1430/397/1211
f 1386/937/1199 1385/1004/1197 1416/1002/1209 1417/935/844
f 1413/839/1200 1412/837/1198 1443/834/1210 1444/836/1212
f 1400/402/341 1399/400/339 1430/397/1211 1431/399/1213
f 1387/936/1201 1386/937/1199 1417/935/844 1418/934/843
f 1507/875/829 1413/839/1200 1444/836/1212
f 1401/476/429 1400/402/341 1431/399/1213 1432/474/1214
f 1388/65/14 1387/936/1201 1418/934/843 1419/62/1215
f 1402/477/1202 1401/476/429 1432/474/1214 1433/475/428
f 1389/64/13 1388/65/14 1419/62/1215 1420/61/10
f 1403/544/1203 1402/477/1202 1433/475/428 1434/542/493
f 1390/66/1204 1389/64/13 1420/61/10 1421/63/12
f 1404/545/1205 1403/544/1203 1434/542/493 1435/543/494
f 1391/145/108 1390/66/1204 1421/63/12 1422/143/1216
f 1405/612/561 1404/545/1205 1435/543/494 1436/610/1217
f 1392/146/109 1391/145/108 1422/143/1216 1423/144/107
f 1406/613/562 1405/612/561 1436/610/1217 1437/611/560
f 1393/235/1193 1392/146/109 1423/144/107 1424/232/1218
f 1407/680/627 1406/613/562 1437/611/560 1438/678/625
f 1394/234/178 1393/235/1193 1424/232/1218 1425/231/1219
f 1408/681/628 1407/680/627 1438/678/625 1439/679/626
f 1395/236/180 1394/234/178 1425/231/1219 1426/233/177
f 1409/748/693 1408/681/628 1439/679/626 1440/746/1206
f 1429/398/337 1428/310/1207 1459/308/266 1460/395/332
f 1416/1002/1209 1415/1003/1208 1446/1001/908 1447/1000/1220
f 1443/834/1210 1442/835/761 1473/832/1221 1474/831/1222
f 1430/397/1211 1429/398/337 1460/395/332 1461/394/1223
f 1417/935/844 1416/1002/1209 1447/1000/1220 1448/933/842
f 1444/836/1212 1443/834/1210 1474/831/1222 1475/833/1224
f 1431/399/1213 1430/397/1211 1461/394/1223 1462/396/1225
f 1418/934/843 1417/935/844 1448/933/842 1449/932/1226
f 1507/876/829 1444/836/1212 1475/833/1224
f 1432/474/1214 1431/399/1213 1462/396/1225 1463/472/426
f 1419/62/1215 1418/934/843 1449/932/1226 1450/59/1227
f 1433/475/428 1432/474/1214 1463/472/426 1464/473/425
f 1420/61/10 1419/62/1215 1450/59/1227 1451/58/7
f 1434/542/493 1433/475/428 1464/473/425 1465/540/492
f 1421/63/12 1420/61/10 1451/58/7 1452/60/9
f 1435/543/494 1434/542/493 1465/540/492 1466/541/491
f 1422/143/1216 1421/63/12 1452/60/9 1453/141/1228
f 1436/610/1217 1435/543/494 1466/541/491 1467/608/1229
f 1423/144/107 1422/143/1216 1453/141/1228 1454/142/105
f 1437/611/560 1436/610/1217 1467/608/1229 1468/609/1230
f 1424/232/1218 1423/144/107 1454/142/105 1455/229/170
f 1438/678/625 1437/611/560 1468/609/1230 1469/676/1231
f 1425/231/1219 1424/232/1218 1455/229/170 1456/228/1232
f 1439/679/626 1438/678/625 1469/676/1231 1470/677/1233
f 1426/233/177 1425/231/1219 1456/228/1232 1457/230/172
f 1440/746/1206 1439/679/626 1470/677/1233 1471/744/1234
f 1427/309/267 1426/233/177 1457/230/172 1458/307/265
f 1414/1058/994 1508/1059/966 1445/1060/1235
f 1441/747/692 1440/746/1206 1471/744/1234 1472/745/690
f 1428/310/1207 1427/309/267 1458/307/265 1459/308/266
f 1415/1003/1208 1414/1058/994 1445/1060/1235 1446/1001/908
f 1442/835/761 1441/747/692 1472/745/690 1473/832/1221
f 1462/396/1225 1461/394/1223 1492/391/330 1493/393/334
f 1449/932/1226 1448/933/842 1479/931/840 1480/930/837
f 1507/858/829 1475/833/1224 1506/830/1236
f 1463/472/426 1462/396/1225 1493/393/334 1494/470/421
f 1450/59/1227 1449/932/1226 1480/930/837 1481/56/1237
f 1464/473/425 1463/472/426 1494/470/421 1495/471/424
f 1451/58/7 1450/59/1227 1481/56/1237 1482/55/2
f 1465/540/492 1464/473/425 1495/471/424 1496/538/489
f 1452/60/9 1451/58/7 1482/55/2 1483/57/1238
f 1466/541/491 1465/540/492 1496/538/489 1497/539/490
f 1453/141/1228 1452/60/9 1483/57/1238 1484/139/1239
f 1467/608/1229 1466/541/491 1497/539/490 1498/606/1240
f 1454/142/105 1453/141/1228 1484/139/1239 1485/140/103
f 1468/609/1230 1467/608/1229 1498/606/1240 1499/607/1241
f 1455/229/170 1454/142/105 1485/140/103 1486/226/168
f 1469/676/1231 1468/609/1230 1499/607/1241 1500/674/621
f 1456/228/1232 1455/229/170 1486/226/168 1487/225/169
f 1470/677/1233 1469/676/1231 1500/674/621 1501/675/1242
f 1457/230/172 1456/228/1232 1487/225/169 1488/227/173
f 1471/744/1234 1470/677/1233 1501/675/1242 1502/742/1243
f 1458/307/265 1457/230/172 1488/227/173 1489/305/261
f 1445/1060/1235 1508/1061/966 1476/1032/1244
f 1472/745/690 1471/744/1234 1502/742/1243 1503/743/688
f 1459/308/266 1458/307/265 1489/305/261 1490/306/264
f 1446/1001/908 1445/1060/1235 1476/1032/1244 1477/999/1245
f 1473/832/1221 1472/745/690 1503/743/688 1504/829/753
f 1460/395/332 1459/308/266 1490/306/264 1491/392/329
f 1447/1000/1220 1446/1001/908 1477/999/1245 1478/998/1246
f 1474/831/1222 1473/832/1221 1504/829/753 1505/828/1247
f 1461/394/1223 1460/395/332 1491/392/329 1492/391/330
f 1448/933/842 1447/1000/1220 1478/998/1246 1479/931/840
f 1475/833/1224 1474/831/1222 1505/828/1247 1506/830/1236
f 1495/471/424 1494/470/421 1527/468/420 1528/469/422
f 1482/55/2 1481/56/1237 1514/53/1248 1515/52/1249
f 1496/538/489 1495/471/424 1528/469/422 1529/536/485
f 1483/57/1238 1482/55/2 1515/52/1249 1516/54/1250
f 1497/539/490 1496/538/489 1529/536/485 1530/537/488
f 1484/139/1239 1483/57/1238 1516/54/1250 1517/137/1251
f 1498/606/1240 1497/539/490 1530/537/488 1531/604/1252
f 1485/140/103 1484/139/1239 1517/137/1251 1518/138/1253
f 1499/607/1241 1498/606/1240 1531/604/1252 1532/605/554
f 1486/226/168 1485/140/103 1518/138/1253 1519/223/164
f 1500/674/621 1499/607/1241 1532/605/554 1533/672/619
f 1487/225/169 1486/226/168 1519/223/164 1520/222/167
f 1501/675/1242 1500/674/621 1533/672/619 1534/673/620
f 1488/227/173 1487/225/169 1520/222/167 1521/224/174
f 1502/742/1243 1501/675/1242 1534/673/620 1535/740/685
f 1489/305/261 1488/227/173 1521/224/174 1522/303/1254
f 1476/1032/1244 1508/1033/966 1509/1029/1255
f 1503/743/688 1502/742/1243 1535/740/685 1536/741/686
f 1490/306/264 1489/305/261 1522/303/1254 1523/304/1256
f 1477/999/1245 1476/1032/1244 1509/1029/1255 1510/997/904
f 1504/829/753 1503/743/688 1536/741/686 1537/826/1257
f 1491/392/329 1490/306/264 1523/304/1256 1524/389/325
f 1478/998/1246 1477/999/1245 1510/997/904 1511/996/901
f 1505/828/1247 1504/829/753 1537/826/1257 1538/825/1258
f 1492/391/330 1491/392/329 1524/389/325 1525/388/328
f 1479/931/840 1478/998/1246 1511/996/901 1512/929/1259
f 1506/830/1236 1505/828/1247 1538/825/1258 1539/827/1260
f 1493/393/334 1492/391/330 1525/388/328 1526/390/335
f 1480/930/837 1479/931/840 1512/929/1259 1513/928/836
f 1507/857/829 1506/830/1236 1539/827/1260
f 1494/470/421 1493/393/334 1526/390/335 1527/468/420
f 1481/56/1237 1480/930/837 1513/928/836 1514/53/1248
f 1530/537/488 1529/536/485 1560/534/484 1561/535/1261
f 1517/137/1251 1516/54/1250 1547/51/96 1548/135/97
f 1531/604/1252 1530/537/488 1561/535/1261 1562/602/549
f 1518/138/1253 1517/137/1251 1548/135/97 1549/136/1262
f 1532/605/554 1531/604/1252 1562/602/549 1563/603/1263
f 1519/223/164 1518/138/1253 1549/136/1262 1550/220/163
f 1533/672/619 1532/605/554 1563/603/1263 1564/670/1264
f 1520/222/167 1519/223/164 1550/220/163 1551/219/165
f 1534/673/620 1533/672/619 1564/670/1264 1565/671/1265
f 1521/224/174 1520/222/167 1551/219/165 1552/221/1266
f 1535/740/685 1534/673/620 1565/671/1265 1566/738/683
f 1522/303/1254 1521/224/174 1552/221/1266 1553/301/1267
f 1509/1029/1255 1508/1030/966 1540/1031/1268
f 1536/741/686 1535/740/685 1566/738/683 1567/739/684
f 1523/304/1256 1522/303/1254 1553/301/1267 1554/302/1269
f 1510/997/904 1509/1029/1255 1540/1031/1268 1541/995/1270
f 1537/826/1257 1536/741/686 1567/739/684 1568/823/749
f 1524/389/325 1523/304/1256 1554/302/1269 1555/386/324
f 1511/996/901 1510/997/904 1541/995/1270 1542/994/900
f 1538/825/1258 1537/826/1257 1568/823/749 1569/822/1271
f 1525/388/328 1524/389/325 1555/386/324 1556/385/1272
f 1512/929/1259 1511/996/901 1542/994/900 1543/927/1273
f 1539/827/1260 1538/825/1258 1569/822/1271 1570/824/830
f 1526/390/335 1525/388/328 1556/385/1272 1557/387/416
f 1513/928/836 1512/929/1259 1543/927/1273 1544/926/1274
f 1507/877/829 1539/827/1260 1570/824/830
f 1527/468/420 1526/390/335 1557/387/416 1558/466/419
f 1514/53/1248 1513/928/836 1544/926/1274 1545/50/95
f 1528/469/422 1527/468/420 1558/466/419 1559/467/1275
f 1515/52/1249 1514/53/1248 1545/50/95 1546/49/1276
f 1529/536/485 1528/469/422 1559/467/1275 1560/534/484
f 1516/54/1250 1515/52/1249 1546/49/1276 1547/51/96
f 1563/603/1263 1562/602/549 1593/600/548 1594/601/1277
f 1550/220/163 1549/136/1262 1580/134/1278 1581/217/161
f 1564/670/1264 1563/603/1263 1594/601/1277 1595/668/613
f 1551/219/165 1550/220/163 1581/217/161 1582/216/166
f 1565/671/1265 1564/670/1264 1595/668/613 1596/669/1279
f 1552/221/1266 1551/219/165 1582/216/166 1583/218/255
f 1566/738/683 1565/671/1265 1596/669/1279 1597/736/1280
f 1553/301/1267 1552/221/1266 1583/218/255 1584/299/257
f 1540/1031/1268 1508/1062/966 1571/1063/1281
f 1567/739/684 1566/738/683 1597/736/1280 1598/737/1282
f 1554/302/1269 1553/301/1267 1584/299/257 1585/300/1283
f 1541/995/1270 1540/1031/1268 1571/1063/1281 1572/993/1284
f 1568/823/749 1567/739/684 1598/737/1282 1599/820/747
f 1555/386/324 1554/302/1269 1585/300/1283 1586/383/323
f 1542/994/900 1541/995/1270 1572/993/1284 1573/992/898
f 1569/822/1271 1568/823/749 1599/820/747 1600/819/748
f 1556/385/1272 1555/386/324 1586/383/323 1587/382/327
f 1543/927/1273 1542/994/900 1573/992/898 1574/925/1285
f 1570/824/830 1569/822/1271 1600/819/748 1601/821/831
f 1557/387/416 1556/385/1272 1587/382/327 1588/384/415
f 1544/926/1274 1543/927/1273 1574/925/1285 1575/924/1286
f 1507/878/829 1570/824/830 1601/821/831
f 1558/466/419 1557/387/416 1588/384/415 1589/464/417
f 1545/50/95 1544/926/1274 1575/924/1286 1576/47/92
f 1559/467/1275 1558/466/419 1589/464/417 1590/465/1287
f 1546/49/1276 1545/50/95 1576/47/92 1577/46/91
f 1560/534/484 1559/467/1275 1590/465/1287 1591/532/483
f 1547/51/96 1546/49/1276 1577/46/91 1578/48/93
f 1561/535/1261 1560/534/484 1591/532/483 1592/533/487
f 1548/135/97 1547/51/96 1578/48/93 1579/133/98
f 1562/602/549 1561/535/1261 1592/533/487 1593/600/548
f 1549/136/1262 1548/135/97 1579/133/98 1580/134/1278
f 1596/669/1279 1595/668/613 1626/666/1288 1627/667/1289
f 1583/218/255 1582/216/166 1613/213/253 1614/215/254
f 1597/736/1280 1596/669/1279 1627/667/1289 1628/734/677
f 1584/299/257 1583/218/255 1614/215/254 1615/297/258
f 1571/1063/1281 1508/1064/966 1602/1065/1290
f 1598/737/1282 1597/736/1280 1628/734/677 1629/735/1291
f 1585/300/1283 1584/299/257 1615/297/258 1616/298/319
f 1572/993/1284 1571/1063/1281 1602/1065/1290 1603/991/1292
f 1599/820/747 1598/737/1282 1629/735/1291 1630/817/1293
f 1586/383/323 1585/300/1283 1616/298/319 1617/380/321
f 1573/992/898 1572/993/1284 1603/991/1292 1604/990/1294
f 1600/819/748 1599/820/747 1630/817/1293 1631/816/746
f 1587/382/327 1586/383/323 1617/380/321 1618/379/413
f 1574/925/1285 1573/992/898 1604/990/1294 1605/923/896
f 1601/821/831 1600/819/748 1631/816/746 1632/818/1295
f 1588/384/415 1587/382/327 1618/379/413 1619/381/1296
f 1575/924/1286 1574/925/1285 1605/923/896 1606/922/895
f 1507/879/829 1601/821/831 1632/818/1295
f 1589/464/417 1588/384/415 1619/381/1296 1620/462/1297
f 1576/47/92 1575/924/1286 1606/922/895 1607/44/89
f 1590/465/1287 1589/464/417 1620/462/1297 1621/463/479
f 1577/46/91 1576/47/92 1607/44/89 1608/43/88
f 1591/532/483 1590/465/1287 1621/463/479 1622/530/1298
f 1578/48/93 1577/46/91 1608/43/88 1609/45/90
f 1592/533/487 1591/532/483 1622/530/1298 1623/531/544
f 1579/133/98 1578/48/93 1609/45/90 1610/131/158
f 1593/600/548 1592/533/487 1623/531/544 1624/598/1299
f 1580/134/1278 1579/133/98 1610/131/158 1611/132/159
f 1594/601/1277 1593/600/548 1624/598/1299 1625/599/551
f 1581/217/161 1580/134/1278 1611/132/159 1612/214/162
f 1595/668/613 1594/601/1277 1625/599/551 1626/666/1288
f 1582/216/166 1581/217/161 1612/214/162 1613/213/253
f 1629/735/1291 1628/734/677 1659/732/676 1660/733/678
f 1616/298/319 1615/297/258 1646/295/317 1647/296/1300
f 1603/991/1292 1602/1065/1290 1633/1067/963 1634/989/1301
f 1630/817/1293 1629/735/1291 1660/733/678 1661/814/1302
f 1617/380/321 1616/298/319 1647/296/1300 1648/377/1303
f 1604/990/1294 1603/991/1292 1634/989/1301 1635/988/1304
f 1631/816/746 1630/817/1293 1661/814/1302 1662/813/744
f 1618/379/413 1617/380/321 1648/377/1303 1649/376/411
f 1605/923/896 1604/990/1294 1635/988/1304 1636/921/1305
f 1632/818/1295 1631/816/746 1662/813/744 1663/815/1306
f 1619/381/1296 1618/379/413 1649/376/411 1650/378/412
f 1606/922/895 1605/923/896 1636/921/1305 1637/920/1307
f 1507/880/829 1632/818/1295 1663/815/1306
f 1620/462/1297 1619/381/1296 1650/378/412 1651/460/1308
f 1607/44/89 1606/922/895 1637/920/1307 1638/41/1309
f 1621/463/479 1620/462/1297 1651/460/1308 1652/461/478
f 1608/43/88 1607/44/89 1638/41/1309 1639/40/1310
f 1622/530/1298 1621/463/479 1652/461/478 1653/528/482
f 1609/45/90 1608/43/88 1639/40/1310 1640/42/87
f 1623/531/544 1622/530/1298 1653/528/482 1654/529/1311
f 1610/131/158 1609/45/90 1640/42/87 1641/129/1312
f 1624/598/1299 1623/531/544 1654/529/1311 1655/596/1313
f 1611/132/159 1610/131/158 1641/129/1312 1642/130/1314
f 1625/599/551 1624/598/1299 1655/596/1313 1656/597/608
f 1612/214/162 1611/132/159 1642/130/1314 1643/211/1315
f 1626/666/1288 1625/599/551 1656/597/608 1657/664/1316
f 1613/213/253 1612/214/162 1643/211/1315 1644/210/1317
f 1627/667/1289 1626/666/1288 1657/664/1316 1658/665/615
f 1614/215/254 1613/213/253 1644/210/1317 1645/212/1318
f 1628/734/677 1627/667/1289 1658/665/615 1659/732/676
f 1615/297/258 1614/215/254 1645/212/1318 1646/295/317
f 1602/1065/1290 1508/1066/966 1633/1067/963
f 1662/813/744 1661/814/1302 1692/811/740 1693/810/1319
f 1649/376/411 1648/377/1303 1679/374/1320 1680/373/408
f 1636/921/1305 1635/988/1304 1666/986/957 1667/919/892
f 1663/815/1306 1662/813/744 1693/810/1319 1694/812/828
f 1650/378/412 1649/376/411 1680/373/408 1681/375/1321
f 1637/920/1307 1636/921/1305 1667/919/892 1668/918/891
f 1507/881/829 1663/815/1306 1694/812/828
f 1651/460/1308 1650/378/412 1681/375/1321 1682/458/1322
f 1638/41/1309 1637/920/1307 1668/918/891 1669/38/83
f 1652/461/478 1651/460/1308 1682/458/1322 1683/459/476
f 1639/40/1310 1638/41/1309 1669/38/83 1670/37/1323
f 1653/528/482 1652/461/478 1683/459/476 1684/526/1324
f 1640/42/87 1639/40/1310 1670/37/1323 1671/39/84
f 1654/529/1311 1653/528/482 1684/526/1324 1685/527/1325
f 1641/129/1312 1640/42/87 1671/39/84 1672/127/154
f 1655/596/1313 1654/529/1311 1685/527/1325 1686/594/546
f 1642/130/1314 1641/129/1312 1672/127/154 1673/128/1326
f 1656/597/608 1655/596/1313 1686/594/546 1687/595/1327
f 1643/211/1315 1642/130/1314 1673/128/1326 1674/208/1328
f 1657/664/1316 1656/597/608 1687/595/1327 1688/662/1329
f 1644/210/1317 1643/211/1315 1674/208/1328 1675/207/1330
f 1658/665/615 1657/664/1316 1688/662/1329 1689/663/672
f 1645/212/1318 1644/210/1317 1675/207/1330 1676/209/1331
f 1659/732/676 1658/665/615 1689/663/672 1690/730/675
f 1646/295/317 1645/212/1318 1676/209/1331 1677/293/315
f 1633/1067/963 1508/1068/966 1664/1069/1332
f 1660/733/678 1659/732/676 1690/730/675 1691/731/679
f 1647/296/1300 1646/295/317 1677/293/315 1678/294/1333
f 1634/989/1301 1633/1067/963 1664/1069/1332 1665/987/958
f 1661/814/1302 1660/733/678 1691/731/679 1692/811/740
f 1648/377/1303 1647/296/1300 1678/294/1333 1679/374/1320
f 1635/988/1304 1634/989/1301 1665/987/958 1666/986/957
f 1507/882/829 1694/812/828 1725/808/827
f 1682/458/1322 1681/375/1321 1712/371/1334 1713/454/1335
f 1669/38/83 1668/918/891 1699/914/889 1700/32/80
f 1683/459/476 1682/458/1322 1713/454/1335 1714/456/474
f 1670/37/1323 1669/38/83 1700/32/80 1701/31/1336
f 1684/526/1324 1683/459/476 1714/456/474 1715/522/1337
f 1671/39/84 1670/37/1323 1701/31/1336 1702/35/1338
f 1685/527/1325 1684/526/1324 1715/522/1337 1716/524/1339
f 1672/127/154 1671/39/84 1702/35/1338 1703/123/1340
f 1686/594/546 1685/527/1325 1716/524/1339 1717/590/1341
f 1673/128/1326 1672/127/154 1703/123/1340 1704/125/153
f 1687/595/1327 1686/594/546 1717/590/1341 1718/592/606
f 1674/208/1328 1673/128/1326 1704/125/153 1705/202/245
f 1688/662/1329 1687/595/1327 1718/592/606 1719/658/1342
f 1675/207/1330 1674/208/1328 1705/202/245 1706/201/244
f 1689/663/672 1688/662/1329 1719/658/1342 1720/660/671
f 1676/209/1331 1675/207/1330 1706/201/244 1707/205/1343
f 1690/730/675 1689/663/672 1720/660/671 1721/726/1344
f 1677/293/315 1676/209/1331 1707/205/1343 1708/289/313
f 1664/1069/1332 1508/1070/966 1695/1071/1345
f 1691/731/679 1690/730/675 1721/726/1344 1722/728/1346
f 1678/294/1333 1677/293/315 1708/289/313 1709/291/314
f 1665/987/958 1664/1069/1332 1695/1071/1345 1696/983/956
f 1692/811/740 1691/731/679 1722/728/1346 1723/805/1347
f 1679/374/1320 1678/294/1333 1709/291/314 1710/368/406
f 1666/986/957 1665/987/958 1696/983/956 1697/982/1348
f 1693/810/1319 1692/811/740 1723/805/1347 1724/804/1349
f 1680/373/408 1679/374/1320 1710/368/406 1711/367/1350
f 1667/919/892 1666/986/957 1697/982/1348 1698/915/890
f 1694/812/828 1693/810/1319 1724/804/1349 1725/808/827
f 1681/375/1321 1680/373/408 1711/367/1350 1712/371/1334
f 1668/918/891 1667/919/892 1698/915/890 1699/914/889
f 1715/522/1337 1714/456/474 1745/457/1351 1746/523/537
f 1702/35/1338 1701/31/1336 1732/34/1352 1733/36/1353
f 1716/524/1339 1715/522/1337 1746/523/537 1747/525/538
f 1703/123/1340 1702/35/1338 1733/36/1353 1734/124/1354
f 1717/590/1341 1716/524/1339 1747/525/538 1748/591/1355
f 1704/125/153 1703/123/1340 1734/124/1354 1735/126/151
f 1718/592/606 1717/590/1341 1748/591/1355 1749/593/604
f 1705/202/245 1704/125/153 1735/126/151 1736/203/242
f 1719/658/1342 1718/592/606 1749/593/604 1750/659/669
f 1706/201/244 1705/202/245 1736/203/242 1737/204/241
f 1720/660/671 1719/658/1342 1750/659/669 1751/661/670
f 1707/205/1343 1706/201/244 1737/204/241 1738/206/243
f 1721/726/1344 1720/660/671 1751/661/670 1752/727/1356
f 1708/289/313 1707/205/1343 1738/206/243 1739/290/311
f 1695/1071/1345 1508/1072/966 1726/1073/1357
f 1722/728/1346 1721/726/1344 1752/727/1356 1753/729/735
f 1709/291/314 1708/289/313 1739/290/311 1740/292/312
f 1696/983/956 1695/1071/1345 1726/1073/1357 1727/984/1358
f 1723/805/1347 1722/728/1346 1753/729/735 1754/806/1359
f 1710/368/406 1709/291/314 1740/292/312 1741/369/403
f 1697/982/1348 1696/983/956 1727/984/1358 1728/985/953
f 1724/804/1349 1723/805/1347 1754/806/1359 1755/807/1360
f 1711/367/1350 1710/368/406 1741/369/403 1742/370/402
f 1698/915/890 1697/982/1348 1728/985/953 1729/916/1361
f 1725/808/827 1724/804/1349 1755/807/1360 1756/809/1362
f 1712/371/1334 1711/367/1350 1742/370/402 1743/372/404
f 1699/914/889 1698/915/890 1729/916/1361 1730/917/887
f 1507/883/829 1725/808/827 1756/809/1362
f 1713/454/1335 1712/371/1334 1743/372/404 1744/455/1363
f 1700/32/80 1699/914/889 1730/917/887 1731/33/1364
f 1714/456/474 1713/454/1335 1744/455/1363 1745/457/1351
f 1701/31/1336 1700/32/80 1731/33/1364 1732/34/1352
f 1748/588/1355 1747/521/538 1778/519/1365 1779/586/1366
f 1735/122/151 1734/121/1354 1765/119/1367 1766/120/149
f 1749/589/604 1748/588/1355 1779/586/1366 1780/587/1368
f 1736/199/242 1735/122/151 1766/120/149 1767/196/239
f 1750/656/669 1749/589/604 1780/587/1368 1781/654/1369
f 1737/198/241 1736/199/242 1767/196/239 1768/195/238
f 1751/657/670 1750/656/669 1781/654/1369 1782/655/668
f 1738/200/243 1737/198/241 1768/195/238 1769/197/240
f 1752/724/1356 1751/657/670 1782/655/668 1783/722/1370
f 1739/287/311 1738/200/243 1769/197/240 1770/285/309
f 1726/1074/1357 1508/1075/966 1757/1076/1371
f 1753/725/735 1752/724/1356 1783/722/1370 1784/723/1372
f 1740/288/312 1739/287/311 1770/285/309 1771/286/310
f 1727/981/1358 1726/1074/1357 1757/1076/1371 1758/979/1373
f 1754/802/1359 1753/725/735 1784/723/1372 1785/799/1374
f 1741/365/403 1740/288/312 1771/286/310 1772/362/400
f 1728/980/953 1727/981/1358 1758/979/1373 1759/978/1375
f 1755/801/1360 1754/802/1359 1785/799/1374 1786/798/1376
f 1742/364/402 1741/365/403 1772/362/400 1773/361/1377
f 1729/913/1361 1728/980/953 1759/978/1375 1760/911/886
f 1756/803/1362 1755/801/1360 1786/798/1376 1787/800/1378
f 1743/366/404 1742/364/402 1773/361/1377 1774/363/401
f 1730/912/887 1729/913/1361 1760/911/886 1761/910/885
f 1507/884/829 1756/803/1362 1787/800/1378
f 1744/452/1363 1743/366/404 1774/363/401 1775/450/469
f 1731/29/1364 1730/912/887 1761/910/885 1762/26/1379
f 1745/453/1351 1744/452/1363 1775/450/469 1776/451/470
f 1732/28/1352 1731/29/1364 1762/26/1379 1763/25/1380
f 1746/520/537 1745/453/1351 1776/451/470 1777/518/1381
f 1733/30/1353 1732/28/1352 1763/25/1380 1764/27/1382
f 1747/521/538 1746/520/537 1777/518/1381 1778/519/1365
f 1734/121/1354 1733/30/1353 1764/27/1382 1765/119/1367
f 1781/654/1369 1780/587/1368 1811/585/1383 1812/652/1384
f 1768/195/238 1767/196/239 1798/193/1385 1799/192/1386
f 1782/655/668 1781/654/1369 1812/652/1384 1813/653/666
f 1769/197/240 1768/195/238 1799/192/1386 1800/194/237
f 1783/722/1370 1782/655/668 1813/653/666 1814/720/731
f 1770/285/309 1769/197/240 1800/194/237 1801/283/307
f 1757/1076/1371 1508/1077/966 1788/1078/1387
f 1784/723/1372 1783/722/1370 1814/720/731 1815/721/732
f 1771/286/310 1770/285/309 1801/283/307 1802/284/308
f 1758/979/1373 1757/1076/1371 1788/1078/1387 1789/977/950
f 1785/799/1374 1784/723/1372 1815/721/732 1816/796/1388
f 1772/362/400 1771/286/310 1802/284/308 1803/359/1389
f 1759/978/1375 1758/979/1373 1789/977/950 1790/976/949
f 1786/798/1376 1785/799/1374 1816/796/1388 1817/795/1390
f 1773/361/1377 1772/362/400 1803/359/1389 1804/358/396
f 1760/911/886 1759/978/1375 1790/976/949 1791/909/884
f 1787/800/1378 1786/798/1376 1817/795/1390 1818/797/822
f 1774/363/401 1773/361/1377 1804/358/396 1805/360/1391
f 1761/910/885 1760/911/886 1791/909/884 1792/908/883
f 1507/885/829 1787/800/1378 1818/797/822
f 1775/450/469 1774/363/401 1805/360/1391 1806/448/1392
f 1762/26/1379 1761/910/885 1792/908/883 1793/23/71
f 1776/451/470 1775/450/469 1806/448/1392 1807/449/468
f 1763/25/1380 1762/26/1379 1793/23/71 1794/22/1393
f 1777/518/1381 1776/451/470 1807/449/468 1808/516/1394
f 1764/27/1382 1763/25/1380 1794/22/1393 1795/24/72
f 1778/519/1365 1777/518/1381 1808/516/1394 1809/517/1395
f 1765/119/1367 1764/27/1382 1795/24/72 1796/117/146
f 1779/586/1366 1778/519/1365 1809/517/1395 1810/584/599
f 1766/120/149 1765/119/1367 1796/117/146 1797/118/1396
f 1780/587/1368 1779/586/1366 1810/584/599 1811/585/1383
f 1767/196/239 1766/120/149 1797/118/1396 1798/193/1385
f 1806/448/1392 1805/360/1391 1836/357/395 1837/446/465
f 1793/23/71 1792/908/883 1823/906/881 1824/20/1397
f 1807/449/468 1806/448/1392 1837/446/465 1838/447/466
f 1794/22/1393 1793/23/71 1824/20/1397 1825/19/1398
f 1808/516/1394 1807/449/468 1838/447/466 1839/514/531
f 1795/24/72 1794/22/1393 1825/19/1398 1826/21/69
f 1809/517/1395 1808/516/1394 1839/514/531 1840/515/532
f 1796/117/146 1795/24/72 1826/21/69 1827/115/1399
f 1810/584/599 1809/517/1395 1840/515/532 1841/582/1400
f 1797/118/1396 1796/117/146 1827/115/1399 1828/116/145
f 1811/585/1383 1810/584/599 1841/582/1400 1842/583/598
f 1798/193/1385 1797/118/1396 1828/116/145 1829/190/1401
f 1812/652/1384 1811/585/1383 1842/583/598 1843/650/1402
f 1799/192/1386 1798/193/1385 1829/190/1401 1830/189/232
f 1813/653/666 1812/652/1384 1843/650/1402 1844/651/1403
f 1800/194/237 1799/192/1386 1830/189/232 1831/191/234
f 1814/720/731 1813/653/666 1844/651/1403 1845/718/729
f 1801/283/307 1800/194/237 1831/191/234 1832/281/1404
f 1788/1078/1387 1508/1079/966 1819/1080/1405
f 1815/721/732 1814/720/731 1845/718/729 1846/719/730
f 1802/284/308 1801/283/307 1832/281/1404 1833/282/306
f 1789/977/950 1788/1078/1387 1819/1080/1405 1820/975/1406
f 1816/796/1388 1815/721/732 1846/719/730 1847/793/1407
f 1803/359/1389 1802/284/308 1833/282/306 1834/356/394
f 1790/976/949 1789/977/950 1820/975/1406 1821/974/947
f 1817/795/1390 1816/796/1388 1847/793/1407 1848/792/817
f 1804/358/396 1803/359/1389 1834/356/394 1835/355/393
f 1791/909/884 1790/976/949 1821/974/947 1822/907/1408
f 1818/797/822 1817/795/1390 1848/792/817 1849/794/819
f 1805/360/1391 1804/358/396 1835/355/393 1836/357/395
f 1792/908/883 1791/909/884 1822/907/1408 1823/906/881
f 1507/886/829 1818/797/822 1849/794/819
f 1839/514/531 1838/447/466 1869/445/464 1870/512/1409
f 1826/21/69 1825/19/1398 1856/16/64 1857/18/66
f 1840/515/532 1839/514/531 1870/512/1409 1871/513/530
f 1827/115/1399 1826/21/69 1857/18/66 1858/113/1410
f 1841/582/1400 1840/515/532 1871/513/530 1872/580/1411
f 1828/116/145 1827/115/1399 1858/113/1410 1859/114/143
f 1842/583/598 1841/582/1400 1872/580/1411 1873/581/596
f 1829/190/1401 1828/116/145 1859/114/143 1860/187/230
f 1843/650/1402 1842/583/598 1873/581/596 1874/648/1412
f 1830/189/232 1829/190/1401 1860/187/230 1861/186/229
f 1844/651/1403 1843/650/1402 1874/648/1412 1875/649/1413
f 1831/191/234 1830/189/232 1861/186/229 1862/188/231
f 1845/718/729 1844/651/1403 1875/649/1413 1876/716/1414
f 1832/281/1404 1831/191/234 1862/188/231 1863/279/303
f 1819/1080/1405 1508/1081/966 1850/1082/1415
f 1846/719/730 1845/718/729 1876/716/1414 1877/717/1416
f 1833/282/306 1832/281/1404 1863/279/303 1864/280/304
f 1820/975/1406 1819/1080/1405 1850/1082/1415 1851/973/1417
f 1847/793/1407 1846/719/730 1877/717/1416 1878/790/1418
f 1834/356/394 1833/282/306 1864/280/304 1865/353/391
f 1821/974/947 1820/975/1406 1851/973/1417 1852/972/1419
f 1848/792/817 1847/793/1407 1878/790/1418 1879/789/814
f 1835/355/393 1834/356/394 1865/353/391 1866/352/390
f 1822/907/1408 1821/974/947 1852/972/1419 1853/905/880
f 1849/794/819 1848/792/817 1879/789/814 1880/791/1420
f 1836/357/395 1835/355/393 1866/352/390 1867/354/392
f 1823/906/881 1822/907/1408 1853/905/880 1854/904/879
f 1507/887/829 1849/794/819 1880/791/1420
f 1837/446/465 1836/357/395 1867/354/392 1868/444/1421
f 1824/20/1397 1823/906/881 1854/904/879 1855/17/1422
f 1838/447/466 1837/446/465 1868/444/1421 1869/445/464
f 1825/19/1398 1824/20/1397 1855/17/1422 1856/16/64
f 1872/580/1411 1871/513/530 1902/511/1423 1903/578/593
f 1859/114/143 1858/113/1410 1889/111/1424 1890/112/141
f 1873/581/596 1872/580/1411 1903/578/593 1904/579/1425
f 1860/187/230 1859/114/143 1890/112/141 1891/184/1426
f 1874/648/1412 1873/581/596 1904/579/1425 1905/646/659
f 1861/186/229 1860/187/230 1891/184/1426 1892/183/1427
f 1875/649/1413 1874/648/1412 1905/646/659 1906/647/660
f 1862/188/231 1861/186/229 1892/183/1427 1893/185/1428
f 1876/716/1414 1875/649/1413 1906/647/660 1907/714/1429
f 1863/279/303 1862/188/231 1893/185/1428 1894/277/301
f 1850/1082/1415 1508/1083/966 1881/1084/1430
f 1877/717/1416 1876/716/1414 1907/714/1429 1908/715/1431
f 1864/280/304 1863/279/303 1894/277/301 1895/278/302
f 1851/973/1417 1850/1082/1415 1881/1084/1430 1882/971/1432
f 1878/790/1418 1877/717/1416 1908/715/1431 1909/787/1433
f 1865/353/391 1864/280/304 1895/278/302 1896/350/388
f 1852/972/1419 1851/973/1417 1882/971/1432 1883/970/943
f 1879/789/814 1878/790/1418 1909/787/1433 1910/786/811
f 1866/352/390 1865/353/391 1896/350/388 1897/349/387
f 1853/905/880 1852/972/1419 1883/970/943 1884/903/1434
f 1880/791/1420 1879/789/814 1910/786/811 1911/788/813
f 1867/354/392 1866/352/390 1897/349/387 1898/351/389
f 1854/904/879 1853/905/880 1884/903/1434 1885/902/877
f 1507/888/829 1880/791/1420 1911/788/813
f 1868/444/1421 1867/354/392 1898/351/389 1899/442/461
f 1855/17/1422 1854/904/879 1885/902/877 1886/14/62
f 1869/445/464 1868/444/1421 1899/442/461 1900/443/462
f 1856/16/64 1855/17/1422 1886/14/62 1887/13/61
f 1870/512/1409 1869/445/464 1900/443/462 1901/510/527
f 1857/18/66 1856/16/64 1887/13/61 1888/15/63
f 1871/513/530 1870/512/1409 1901/510/527 1902/511/1423
f 1858/113/1410 1857/18/66 1888/15/63 1889/111/1424
f 1905/646/659 1904/579/1425 1935/577/592 1936/644/657
f 1892/183/1427 1891/184/1426 1922/181/224 1923/180/223
f 1906/647/660 1905/646/659 1936/644/657 1937/645/1435
f 1893/185/1428 1892/183/1427 1923/180/223 1924/182/1436
f 1907/714/1429 1906/647/660 1937/645/1435 1938/712/1437
f 1894/277/301 1893/185/1428 1924/182/1436 1925/275/299
f 1881/1084/1430 1508/1085/966 1912/1086/1438
f 1908/715/1431 1907/714/1429 1938/712/1437 1939/713/724
f 1895/278/302 1894/277/301 1925/275/299 1926/276/1439
f 1882/971/1432 1881/1084/1430 1912/1086/1438 1913/969/1440
f 1909/787/1433 1908/715/1431 1939/713/724 1940/784/809
f 1896/350/388 1895/278/302 1926/276/1439 1927/347/385
f 1883/970/943 1882/971/1432 1913/969/1440 1914/968/941
f 1910/786/811 1909/787/1433 1940/784/809 1941/783/1441
f 1897/349/387 1896/350/388 1927/347/385 1928/346/1442
f 1884/903/1434 1883/970/943 1914/968/941 1915/901/1443
f 1911/788/813 1910/786/811 1941/783/1441 1942/785/810
f 1898/351/389 1897/349/387 1928/346/1442 1929/348/386
f 1885/902/877 1884/903/1434 1915/901/1443 1916/900/1444
f 1507/889/829 1911/788/813 1942/785/810
f 1899/442/461 1898/351/389 1929/348/386 1930/440/459
f 1886/14/62 1885/902/877 1916/900/1444 1917/11/59
f 1900/443/462 1899/442/461 1930/440/459 1931/441/1445
f 1887/13/61 1886/14/62 1917/11/59 1918/10/58
f 1901/510/527 1900/443/462 1931/441/1445 1932/508/1446
f 1888/15/63 1887/13/61 1918/10/58 1919/12/60
f 1902/511/1423 1901/510/527 1932/508/1446 1933/509/526
f 1889/111/1424 1888/15/63 1919/12/60 1920/109/138
f 1903/578/593 1902/511/1423 1933/509/526 1934/576/591
f 1890/112/141 1889/111/1424 1920/109/138 1921/110/139
f 1904/579/1425 1903/578/593 1934/576/591 1935/577/592
f 1891/184/1426 1890/112/141 1921/110/139 1922/181/224
f 1938/712/1437 1937/645/1435 1968/642/656 1969/710/1447
f 1925/275/299 1924/182/1436 1955/177/222 1956/273/1448
f 1912/1086/1438 1508/1087/966 1943/1034/1449
f 1939/713/724 1938/712/1437 1969/710/1447 1970/711/722
f 1926/276/1439 1925/275/299 1956/273/1448 1957/274/1450
f 1913/969/1440 1912/1086/1438 1943/1034/1449 1944/967/940
f 1940/784/809 1939/713/724 1970/711/722 1971/778/1451
f 1927/347/385 1926/276/1439 1957/274/1450 1958/342/382
f 1914/968/941 1913/969/1440 1944/967/940 1945/966/939
f 1941/783/1441 1940/784/809 1971/778/1451 1972/779/1452
f 1928/346/1442 1927/347/385 1958/342/382 1959/341/381
f 1915/901/1443 1914/968/941 1945/966/939 1946/899/1453
f 1942/785/810 1941/783/1441 1972/779/1452 1973/780/1454
f 1929/348/386 1928/346/1442 1959/341/381 1960/343/1455
f 1916/900/1444 1915/901/1443 1946/899/1453 1947/898/873
f 1507/890/829 1942/785/810 1973/780/1454
f 1930/440/459 1929/348/386 1960/343/1455 1961/439/1456
f 1917/11/59 1916/900/1444 1947/898/873 1948/8/1457
f 1931/441/1445 1930/440/459 1961/439/1456 1962/438/1458
f 1918/10/58 1917/11/59 1948/8/1457 1949/7/1459
f 1932/508/1446 1931/441/1445 1962/438/1458 1963/507/523
f 1919/12/60 1918/10/58 1949/7/1459 1950/9/1460
f 1933/509/526 1932/508/1446 1963/507/523 1964/506/524
f 1920/109/138 1919/12/60 1950/9/1460 1951/107/136
f 1934/576/591 1933/509/526 1964/506/524 1965/574/589
f 1921/110/139 1920/109/138 1951/107/136 1952/108/1461
f 1935/577/592 1934/576/591 1965/574/589 1966/575/590
f 1922/181/224 1921/110/139 1952/108/1461 1953/175/1462
f 1936/644/657 1935/577/592 1966/575/590 1967/643/655
f 1923/180/223 1922/181/224 1953/175/1462 1954/176/220
f 1937/645/1435 1936/644/657 1967/643/655 1968/642/656
f 1924/182/1436 1923/180/223 1954/176/220 1955/177/222
f 1944/967/940 1943/1034/1449 1974/1036/1008 1975/965/1011
f 1971/778/1451 1970/711/722 1987/709/720 1988/776/803
f 1958/342/382 1957/274/1450 1000/272/296 1983/339/379
f 1945/966/939 1944/967/940 1975/965/1011 1976/964/1013
f 1972/779/1452 1971/778/1451 1988/776/803 1009/777/802
f 1959/341/381 1958/342/382 1983/339/379 1001/340/378
f 1946/899/1453 1945/966/939 1976/964/1013 1977/897/872
f 1973/780/1454 1972/779/1452 1009/777/802 1010/781/1017
f 1960/343/1455 1959/341/381 1001/340/378 1002/344/380
f 1947/898/873 1946/899/1453 1977/897/872 1978/894/871
f 1507/859/829 1973/780/1454 1010/781/1017
f 1961/439/1456 1960/343/1455 1002/344/380 1984/434/1021
f 1948/8/1457 1947/898/873 1978/894/871 1979/5/53
f 1962/438/1458 1961/439/1456 1984/434/1021 1985/437/456
f 1949/7/1459 1948/8/1457 1979/5/53 995/2/52
f 1963/507/523 1962/438/1458 1985/437/456 1003/504/521
f 1950/9/1460 1949/7/1459 995/2/52 1980/1/54
f 1964/506/524 1963/507/523 1003/504/521 1004/505/995
f 1951/107/136 1950/9/1460 1980/1/54 996/103/997
f 1965/574/589 1964/506/524 1004/505/995 1005/572/998
f 1952/108/1461 1951/107/136 996/103/997 1981/106/135
f 1966/575/590 1965/574/589 1005/572/998 1986/573/588
f 1953/175/1462 1952/108/1461 1981/106/135 1982/173/218
f 1967/643/655 1966/575/590 1986/573/588 1006/640/653
f 1954/176/220 1953/175/1462 1982/173/218 997/174/217
f 1968/642/656 1967/643/655 1006/640/653 1007/641/1003
f 1955/177/222 1954/176/220 997/174/217 998/178/219
f 1969/710/1447 1968/642/656 1007/641/1003 1008/708/1005
f 1956/273/1448 1955/177/222 998/178/219 999/269/295
f 1943/1034/1449 1508/1035/966 1974/1036/1008
f 1970/711/722 1969/710/1447 1008/708/1005 1987/709/720
f 1957/274/1450 1956/273/1448 999/269/295 1000/272/296
usemtl Material.006
f 1992/1/1463 1989/2/1464 1990/3/1465 2084/4/1466
f 1989/2/1464 1991/5/1467 2822/6/1468 1990/3/1465
f 1993/7/1469 1994/8/1470 1991/5/1467 1989/2/1464
f 1995/9/1471 1993/7/1469 1989/2/1464 1992/1/1463
f 1996/10/1472 1997/11/1473 1994/8/1470 1993/7/1469
f 1998/12/1474 1996/10/1472 1993/7/1469 1995/9/1471
f 1999/13/1475 2000/14/1476 1997/11/1473 1996/10/1472
f 2001/15/1477 1999/13/1475 1996/10/1472 1998/12/1474
f 2002/16/1478 2003/17/1479 2000/14/1476 1999/13/1475
f 2004/18/1480 2002/16/1478 1999/13/1475 2001/15/1477
f 2005/19/1481 2006/20/1482 2003/17/1479 2002/16/1478
f 2007/21/1483 2005/19/1481 2002/16/1478 2004/18/1480
f 2008/22/1484 2009/23/1485 2006/20/1482 2005/19/1481
f 2010/24/1486 2008/22/1484 2005/19/1481 2007/21/1483
f 2011/25/1487 2012/26/1488 2009/23/1485 2008/22/1484
f 2013/27/1489 2011/25/1487 2008/22/1484 2010/24/1486
f 2014/28/1490 2015/29/1491 2012/26/1488 2011/25/1487
f 2016/30/1492 2014/28/1490 2011/25/1487 2013/27/1489
f 2017/31/1493 2018/32/1494 2015/33/1491 2014/34/1490
f 2019/35/1495 2017/31/1493 2014/34/1490 2016/36/1492
f 2020/37/1496 2021/38/1497 2018/32/1494 2017/31/1493
f 2022/39/1498 2020/37/1496 2017/31/1493 2019/35/1495
f 2023/40/1499 2024/41/1500 2021/38/1497 2020/37/1496
f 2025/42/1501 2023/40/1499 2020/37/1496 2022/39/1498
f 2026/43/1502 2027/44/1503 2024/41/1500 2023/40/1499
f 2028/45/1504 2026/43/1502 2023/40/1499 2025/42/1501
f 2029/46/1505 2030/47/1506 2027/44/1503 2026/43/1502
f 2031/48/1507 2029/46/1505 2026/43/1502 2028/45/1504
f 2032/49/1508 2033/50/1509 2030/47/1506 2029/46/1505
f 2034/51/1510 2032/49/1508 2029/46/1505 2031/48/1507
f 2035/52/1511 2036/53/1512 2033/50/1509 2032/49/1508
f 2037/54/1513 2035/52/1511 2032/49/1508 2034/51/1510
f 2038/55/1514 2039/56/1515 2036/53/1512 2035/52/1511
f 2040/57/1516 2038/55/1514 2035/52/1511 2037/54/1513
f 2041/58/1517 2042/59/1518 2039/56/1515 2038/55/1514
f 2043/60/1519 2041/58/1517 2038/55/1514 2040/57/1516
f 2044/61/1520 2045/62/1521 2042/59/1518 2041/58/1517
f 2046/63/1522 2044/61/1520 2041/58/1517 2043/60/1519
f 2047/64/1523 2048/65/1524 2045/62/1521 2044/61/1520
f 2049/66/1525 2047/64/1523 2044/61/1520 2046/63/1522
f 2050/67/1526 2051/68/1527 2048/65/1524 2047/64/1523
f 2052/69/1528 2050/67/1526 2047/64/1523 2049/66/1525
f 2053/70/1529 2054/71/1530 2051/68/1527 2050/67/1526
f 2055/72/1531 2053/70/1529 2050/67/1526 2052/69/1528
f 2056/73/1532 2057/74/1533 2054/71/1530 2053/70/1529
f 2058/75/1534 2056/73/1532 2053/70/1529 2055/72/1531
f 2059/76/1535 2060/77/1536 2057/74/1533 2056/73/1532
f 2061/78/1537 2059/76/1535 2056/73/1532 2058/75/1534
f 2062/79/1538 2063/80/1539 2060/77/1536 2059/76/1535
f 2064/81/1540 2062/79/1538 2059/76/1535 2061/78/1537
f 2065/82/1541 2066/83/1542 2063/80/1539 2062/79/1538
f 2067/84/1543 2065/82/1541 2062/79/1538 2064/81/1540
f 2068/85/1544 2069/86/1545 2066/83/1542 2065/82/1541
f 2070/87/1546 2068/85/1544 2065/82/1541 2067/84/1543
f 2071/88/1547 2072/89/1548 2069/86/1545 2068/85/1544
f 2073/90/1549 2071/88/1547 2068/85/1544 2070/87/1546
f 2074/91/1550 2075/92/1551 2072/89/1548 2071/88/1547
f 2076/93/1552 2074/91/1550 2071/88/1547 2073/90/1549
f 2077/94/1553 2078/95/1554 2075/92/1551 2074/91/1550
f 2079/96/1555 2077/94/1553 2074/91/1550 2076/93/1552
f 2080/97/1556 2081/98/1557 2078/95/1554 2077/94/1553
f 2082/99/1558 2080/97/1556 2077/94/1553 2079/96/1555
f 1990/3/1465 2822/6/1468 2081/98/1557 2080/97/1556
f 2084/4/1466 1990/3/1465 2080/97/1556 2082/99/1558
f 2083/100/1559 2082/99/1558 2079/96/1555 2145/101/1560
f 2085/102/1561 2084/4/1466 2082/99/1558 2083/100/1559
f 2087/103/1562 1992/1/1463 2084/4/1466 2085/102/1561
f 2086/104/1563 2085/102/1561 2083/100/1559 2148/105/1564
f 2088/106/1565 2087/103/1562 2085/102/1561 2086/104/1563
f 2089/107/1566 1995/9/1471 1992/1/1463 2087/103/1562
f 2090/108/1567 2089/107/1566 2087/103/1562 2088/106/1565
f 2091/109/1568 1998/12/1474 1995/9/1471 2089/107/1566
f 2092/110/1569 2091/109/1568 2089/107/1566 2090/108/1567
f 2093/111/1570 2001/15/1477 1998/12/1474 2091/109/1568
f 2094/112/1571 2093/111/1570 2091/109/1568 2092/110/1569
f 2095/113/1572 2004/18/1480 2001/15/1477 2093/111/1570
f 2096/114/1573 2095/113/1572 2093/111/1570 2094/112/1571
f 2097/115/1574 2007/21/1483 2004/18/1480 2095/113/1572
f 2098/116/1575 2097/115/1574 2095/113/1572 2096/114/1573
f 2099/117/1576 2010/24/1486 2007/21/1483 2097/115/1574
f 2100/118/1577 2099/117/1576 2097/115/1574 2098/116/1575
f 2101/119/1578 2013/27/1489 2010/24/1486 2099/117/1576
f 2102/120/1579 2101/119/1578 2099/117/1576 2100/118/1577
f 2103/121/1580 2016/30/1492 2013/27/1489 2101/119/1578
f 2104/122/1581 2103/121/1580 2101/119/1578 2102/120/1579
f 2105/123/1582 2019/35/1495 2016/36/1492 2103/124/1580
f 2106/125/1583 2105/123/1582 2103/124/1580 2104/126/1581
f 2107/127/1584 2022/39/1498 2019/35/1495 2105/123/1582
f 2108/128/1585 2107/127/1584 2105/123/1582 2106/125/1583
f 2109/129/1586 2025/42/1501 2022/39/1498 2107/127/1584
f 2110/130/1587 2109/129/1586 2107/127/1584 2108/128/1585
f 2111/131/1588 2028/45/1504 2025/42/1501 2109/129/1586
f 2112/132/1589 2111/131/1588 2109/129/1586 2110/130/1587
f 2113/133/1590 2031/48/1507 2028/45/1504 2111/131/1588
f 2114/134/1591 2113/133/1590 2111/131/1588 2112/132/1589
f 2115/135/1592 2034/51/1510 2031/48/1507 2113/133/1590
f 2116/136/1593 2115/135/1592 2113/133/1590 2114/134/1591
f 2117/137/1594 2037/54/1513 2034/51/1510 2115/135/1592
f 2118/138/1595 2117/137/1594 2115/135/1592 2116/136/1593
f 2119/139/1596 2040/57/1516 2037/54/1513 2117/137/1594
f 2120/140/1597 2119/139/1596 2117/137/1594 2118/138/1595
f 2121/141/1598 2043/60/1519 2040/57/1516 2119/139/1596
f 2122/142/1599 2121/141/1598 2119/139/1596 2120/140/1597
f 2123/143/1600 2046/63/1522 2043/60/1519 2121/141/1598
f 2124/144/1601 2123/143/1600 2121/141/1598 2122/142/1599
f 2125/145/1602 2049/66/1525 2046/63/1522 2123/143/1600
f 2126/146/1603 2125/145/1602 2123/143/1600 2124/144/1601
f 2127/147/1604 2052/69/1528 2049/66/1525 2125/145/1602
f 2128/148/1605 2127/147/1604 2125/145/1602 2126/146/1603
f 2129/149/1606 2055/72/1531 2052/69/1528 2127/147/1604
f 2130/150/1607 2129/149/1606 2127/147/1604 2128/148/1605
f 2131/151/1608 2058/75/1534 2055/72/1531 2129/149/1606
f 2132/152/1609 2131/151/1608 2129/149/1606 2130/150/1607
f 2133/153/1610 2061/78/1537 2058/75/1534 2131/151/1608
f 2134/154/1611 2133/153/1610 2131/151/1608 2132/152/1609
f 2135/155/1612 2064/81/1540 2061/78/1537 2133/153/1610
f 2136/156/1613 2135/155/1612 2133/153/1610 2134/154/1611
f 2137/157/1614 2067/84/1543 2064/81/1540 2135/155/1612
f 2138/158/1615 2137/157/1614 2135/155/1612 2136/156/1613
f 2139/159/1616 2070/87/1546 2067/84/1543 2137/157/1614
f 2140/160/1617 2139/159/1616 2137/157/1614 2138/158/1615
f 2141/161/1618 2073/90/1549 2070/87/1546 2139/159/1616
f 2142/162/1619 2141/161/1618 2139/159/1616 2140/160/1617
f 2143/163/1620 2076/93/1552 2073/90/1549 2141/161/1618
f 2144/164/1621 2143/163/1620 2141/161/1618 2142/162/1619
f 2145/101/1560 2079/96/1555 2076/93/1552 2143/163/1620
f 2146/165/1622 2145/101/1560 2143/163/1620 2144/164/1621
f 2148/105/1564 2083/100/1559 2145/101/1560 2146/165/1622
f 2147/166/1623 2146/165/1622 2144/164/1621 2238/167/1624
f 2149/168/1625 2148/105/1564 2146/165/1622 2147/166/1623
f 2151/169/1626 2086/104/1563 2148/105/1564 2149/168/1625
f 2150/170/1627 2149/168/1625 2147/166/1623 2240/171/1628
f 2152/172/1629 2151/169/1626 2149/168/1625 2150/170/1627
f 2153/173/1630 2088/106/1565 2086/104/1563 2151/169/1626
f 2155/174/1631 2153/173/1630 2151/169/1626 2152/172/1629
f 2154/175/1632 2090/108/1567 2088/106/1565 2153/173/1630
f 2157/176/1633 2154/175/1632 2153/173/1630 2155/174/1631
f 2158/177/1634 2157/176/1633 2155/174/1631 2156/178/1635
f 2156/178/1635 2155/174/1631 2152/172/1629 2245/179/1636
f 2159/180/1637 2160/181/1638 2154/175/1632 2157/176/1633
f 2161/182/1639 2159/180/1637 2157/176/1633 2158/177/1634
f 2162/183/1640 2163/184/1641 2160/181/1638 2159/180/1637
f 2164/185/1642 2162/183/1640 2159/180/1637 2161/182/1639
f 2165/186/1643 2166/187/1644 2163/184/1641 2162/183/1640
f 2167/188/1645 2165/186/1643 2162/183/1640 2164/185/1642
f 2168/189/1646 2169/190/1647 2166/187/1644 2165/186/1643
f 2170/191/1648 2168/189/1646 2165/186/1643 2167/188/1645
f 2171/192/1649 2172/193/1650 2169/190/1647 2168/189/1646
f 2173/194/1651 2171/192/1649 2168/189/1646 2170/191/1648
f 2174/195/1652 2175/196/1653 2172/193/1650 2171/192/1649
f 2176/197/1654 2174/195/1652 2171/192/1649 2173/194/1651
f 2177/198/1655 2178/199/1656 2175/196/1653 2174/195/1652
f 2179/200/1657 2177/198/1655 2174/195/1652 2176/197/1654
f 2180/201/1658 2181/202/1659 2178/203/1656 2177/204/1655
f 2182/205/1660 2180/201/1658 2177/204/1655 2179/206/1657
f 2183/207/1661 2184/208/1662 2181/202/1659 2180/201/1658
f 2185/209/1663 2183/207/1661 2180/201/1658 2182/205/1660
f 2186/210/1664 2187/211/1665 2184/208/1662 2183/207/1661
f 2188/212/1666 2186/210/1664 2183/207/1661 2185/209/1663
f 2189/213/1667 2190/214/1668 2187/211/1665 2186/210/1664
f 2191/215/1669 2189/213/1667 2186/210/1664 2188/212/1666
f 2192/216/1670 2193/217/1671 2190/214/1668 2189/213/1667
f 2194/218/1672 2192/216/1670 2189/213/1667 2191/215/1669
f 2195/219/1673 2196/220/1674 2193/217/1671 2192/216/1670
f 2197/221/1675 2195/219/1673 2192/216/1670 2194/218/1672
f 2198/222/1676 2199/223/1677 2196/220/1674 2195/219/1673
f 2200/224/1678 2198/222/1676 2195/219/1673 2197/221/1675
f 2201/225/1679 2202/226/1680 2199/223/1677 2198/222/1676
f 2203/227/1681 2201/225/1679 2198/222/1676 2200/224/1678
f 2204/228/1682 2205/229/1683 2202/226/1680 2201/225/1679
f 2206/230/1684 2204/228/1682 2201/225/1679 2203/227/1681
f 2207/231/1685 2208/232/1686 2205/229/1683 2204/228/1682
f 2209/233/1687 2207/231/1685 2204/228/1682 2206/230/1684
f 2210/234/1688 2211/235/1689 2208/232/1686 2207/231/1685
f 2212/236/1690 2210/234/1688 2207/231/1685 2209/233/1687
f 2213/237/1691 2214/238/1692 2211/235/1689 2210/234/1688
f 2215/239/1693 2213/237/1691 2210/234/1688 2212/236/1690
f 2216/240/1694 2217/241/1695 2214/238/1692 2213/237/1691
f 2218/242/1696 2216/240/1694 2213/237/1691 2215/239/1693
f 2219/243/1697 2220/244/1698 2217/241/1695 2216/240/1694
f 2221/245/1699 2219/243/1697 2216/240/1694 2218/242/1696
f 2222/246/1700 2223/247/1701 2220/244/1698 2219/243/1697
f 2224/248/1702 2222/246/1700 2219/243/1697 2221/245/1699
f 2225/249/1703 2226/250/1704 2223/247/1701 2222/246/1700
f 2227/251/1705 2225/249/1703 2222/246/1700 2224/248/1702
f 2228/252/1706 2229/253/1707 2226/250/1704 2225/249/1703
f 2230/254/1708 2228/252/1706 2225/249/1703 2227/251/1705
f 2231/255/1709 2232/256/1710 2229/253/1707 2228/252/1706
f 2233/257/1711 2231/255/1709 2228/252/1706 2230/254/1708
f 2234/258/1712 2235/259/1713 2232/256/1710 2231/255/1709
f 2236/260/1714 2234/258/1712 2231/255/1709 2233/257/1711
f 2237/261/1715 2238/167/1624 2235/259/1713 2234/258/1712
f 2239/262/1716 2237/261/1715 2234/258/1712 2236/260/1714
f 2240/171/1628 2147/166/1623 2238/167/1624 2237/261/1715
f 2241/263/1717 2240/171/1628 2237/261/1715 2239/262/1716
f 2243/264/1718 2150/170/1627 2240/171/1628 2241/263/1717
f 2242/265/1719 2241/263/1717 2239/262/1716 2304/266/1720
f 2244/267/1721 2243/264/1718 2241/263/1717 2242/265/1719
f 2245/179/1636 2152/172/1629 2150/170/1627 2243/264/1718
f 2246/268/1722 2245/179/1636 2243/264/1718 2244/267/1721
f 2248/269/1723 2156/178/1635 2245/179/1636 2246/268/1722
f 2247/270/1724 2246/268/1722 2244/267/1721 2309/271/1725
f 2249/272/1726 2248/269/1723 2246/268/1722 2247/270/1724
f 2250/273/1727 2158/177/1634 2156/178/1635 2248/269/1723
f 2251/274/1728 2250/273/1727 2248/269/1723 2249/272/1726
f 2252/275/1729 2161/182/1639 2158/177/1634 2250/273/1727
f 2253/276/1730 2252/275/1729 2250/273/1727 2251/274/1728
f 2254/277/1731 2164/185/1642 2161/182/1639 2252/275/1729
f 2255/278/1732 2254/277/1731 2252/275/1729 2253/276/1730
f 2256/279/1733 2167/188/1645 2164/185/1642 2254/277/1731
f 2257/280/1734 2256/279/1733 2254/277/1731 2255/278/1732
f 2258/281/1735 2170/191/1648 2167/188/1645 2256/279/1733
f 2259/282/1736 2258/281/1735 2256/279/1733 2257/280/1734
f 2260/283/1737 2173/194/1651 2170/191/1648 2258/281/1735
f 2261/284/1738 2260/283/1737 2258/281/1735 2259/282/1736
f 2262/285/1739 2176/197/1654 2173/194/1651 2260/283/1737
f 2263/286/1740 2262/285/1739 2260/283/1737 2261/284/1738
f 2264/287/1741 2179/200/1657 2176/197/1654 2262/285/1739
f 2265/288/1742 2264/287/1741 2262/285/1739 2263/286/1740
f 2266/289/1743 2182/205/1660 2179/206/1657 2264/290/1741
f 2267/291/1744 2266/289/1743 2264/290/1741 2265/292/1742
f 2268/293/1745 2185/209/1663 2182/205/1660 2266/289/1743
f 2269/294/1746 2268/293/1745 2266/289/1743 2267/291/1744
f 2270/295/1747 2188/212/1666 2185/209/1663 2268/293/1745
f 2271/296/1748 2270/295/1747 2268/293/1745 2269/294/1746
f 2272/297/1749 2191/215/1669 2188/212/1666 2270/295/1747
f 2273/298/1750 2272/297/1749 2270/295/1747 2271/296/1748
f 2274/299/1751 2194/218/1672 2191/215/1669 2272/297/1749
f 2275/300/1752 2274/299/1751 2272/297/1749 2273/298/1750
f 2276/301/1753 2197/221/1675 2194/218/1672 2274/299/1751
f 2277/302/1754 2276/301/1753 2274/299/1751 2275/300/1752
f 2278/303/1755 2200/224/1678 2197/221/1675 2276/301/1753
f 2279/304/1756 2278/303/1755 2276/301/1753 2277/302/1754
f 2280/305/1757 2203/227/1681 2200/224/1678 2278/303/1755
f 2281/306/1758 2280/305/1757 2278/303/1755 2279/304/1756
f 2282/307/1759 2206/230/1684 2203/227/1681 2280/305/1757
f 2283/308/1760 2282/307/1759 2280/305/1757 2281/306/1758
f 2284/309/1761 2209/233/1687 2206/230/1684 2282/307/1759
f 2285/310/1762 2284/309/1761 2282/307/1759 2283/308/1760
f 2286/311/1763 2212/236/1690 2209/233/1687 2284/309/1761
f 2287/312/1764 2286/311/1763 2284/309/1761 2285/310/1762
f 2288/313/1765 2215/239/1693 2212/236/1690 2286/311/1763
f 2289/314/1766 2288/313/1765 2286/311/1763 2287/312/1764
f 2290/315/1767 2218/242/1696 2215/239/1693 2288/313/1765
f 2291/316/1768 2290/315/1767 2288/313/1765 2289/314/1766
f 2292/317/1769 2221/245/1699 2218/242/1696 2290/315/1767
f 2293/318/1770 2292/317/1769 2290/315/1767 2291/316/1768
f 2294/319/1771 2224/248/1702 2221/245/1699 2292/317/1769
f 2295/320/1772 2294/319/1771 2292/317/1769 2293/318/1770
f 2296/321/1773 2227/251/1705 2224/248/1702 2294/319/1771
f 2297/322/1774 2296/321/1773 2294/319/1771 2295/320/1772
f 2298/323/1775 2230/254/1708 2227/251/1705 2296/321/1773
f 2299/324/1776 2298/323/1775 2296/321/1773 2297/322/1774
f 2300/325/1777 2233/257/1711 2230/254/1708 2298/323/1775
f 2301/326/1778 2300/325/1777 2298/323/1775 2299/324/1776
f 2302/327/1779 2236/260/1714 2233/257/1711 2300/325/1777
f 2303/328/1780 2302/327/1779 2300/325/1777 2301/326/1778
f 2304/266/1720 2239/262/1716 2236/260/1714 2302/327/1779
f 2305/329/1781 2304/266/1720 2302/327/1779 2303/328/1780
f 2307/330/1782 2242/265/1719 2304/266/1720 2305/329/1781
f 2306/331/1783 2305/329/1781 2303/328/1780 2396/332/1784
f 2308/333/1785 2307/330/1782 2305/329/1781 2306/331/1783
f 2309/271/1725 2244/267/1721 2242/265/1719 2307/330/1782
f 2310/334/1786 2309/271/1725 2307/330/1782 2308/333/1785
f 2312/335/1787 2247/270/1724 2309/271/1725 2310/334/1786
f 2311/336/1788 2310/334/1786 2308/333/1785 2400/337/1789
f 2313/338/1790 2312/335/1787 2310/334/1786 2311/336/1788
f 2314/339/1791 2249/272/1726 2247/270/1724 2312/335/1787
f 2316/340/1792 2314/339/1791 2312/335/1787 2313/338/1790
f 2318/341/1793 2315/342/1794 2314/339/1791 2316/340/1792
f 2315/342/1794 2251/274/1728 2249/272/1726 2314/339/1791
f 2319/343/1795 2318/341/1793 2316/340/1792 2317/344/1796
f 2317/344/1796 2316/340/1792 2313/338/1790 2405/345/1797
f 2320/346/1798 2321/347/1799 2315/342/1794 2318/341/1793
f 2322/348/1800 2320/346/1798 2318/341/1793 2319/343/1795
f 2323/349/1801 2324/350/1802 2321/347/1799 2320/346/1798
f 2325/351/1803 2323/349/1801 2320/346/1798 2322/348/1800
f 2326/352/1804 2327/353/1805 2324/350/1802 2323/349/1801
f 2328/354/1806 2326/352/1804 2323/349/1801 2325/351/1803
f 2329/355/1807 2330/356/1808 2327/353/1805 2326/352/1804
f 2331/357/1809 2329/355/1807 2326/352/1804 2328/354/1806
f 2332/358/1810 2333/359/1811 2330/356/1808 2329/355/1807
f 2334/360/1812 2332/358/1810 2329/355/1807 2331/357/1809
f 2335/361/1813 2336/362/1814 2333/359/1811 2332/358/1810
f 2337/363/1815 2335/361/1813 2332/358/1810 2334/360/1812
f 2338/364/1816 2339/365/1817 2336/362/1814 2335/361/1813
f 2340/366/1818 2338/364/1816 2335/361/1813 2337/363/1815
f 2341/367/1819 2342/368/1820 2339/369/1817 2338/370/1816
f 2343/371/1821 2341/367/1819 2338/370/1816 2340/372/1818
f 2344/373/1822 2345/374/1823 2342/368/1820 2341/367/1819
f 2346/375/1824 2344/373/1822 2341/367/1819 2343/371/1821
f 2347/376/1825 2348/377/1826 2345/374/1823 2344/373/1822
f 2349/378/1827 2347/376/1825 2344/373/1822 2346/375/1824
f 2350/379/1828 2351/380/1829 2348/377/1826 2347/376/1825
f 2352/381/1830 2350/379/1828 2347/376/1825 2349/378/1827
f 2353/382/1831 2354/383/1832 2351/380/1829 2350/379/1828
f 2355/384/1833 2353/382/1831 2350/379/1828 2352/381/1830
f 2356/385/1834 2357/386/1835 2354/383/1832 2353/382/1831
f 2358/387/1836 2356/385/1834 2353/382/1831 2355/384/1833
f 2359/388/1837 2360/389/1838 2357/386/1835 2356/385/1834
f 2361/390/1839 2359/388/1837 2356/385/1834 2358/387/1836
f 2362/391/1840 2363/392/1841 2360/389/1838 2359/388/1837
f 2364/393/1842 2362/391/1840 2359/388/1837 2361/390/1839
f 2365/394/1843 2366/395/1844 2363/392/1841 2362/391/1840
f 2367/396/1845 2365/394/1843 2362/391/1840 2364/393/1842
f 2368/397/1846 2369/398/1847 2366/395/1844 2365/394/1843
f 2370/399/1848 2368/397/1846 2365/394/1843 2367/396/1845
f 2371/400/1849 2372/401/1850 2369/398/1847 2368/397/1846
f 2373/402/1851 2371/400/1849 2368/397/1846 2370/399/1848
f 2374/403/1852 2375/404/1853 2372/401/1850 2371/400/1849
f 2376/405/1854 2374/403/1852 2371/400/1849 2373/402/1851
f 2377/406/1855 2378/407/1856 2375/404/1853 2374/403/1852
f 2379/408/1857 2377/406/1855 2374/403/1852 2376/405/1854
f 2380/409/1858 2381/410/1859 2378/407/1856 2377/406/1855
f 2382/411/1860 2380/409/1858 2377/406/1855 2379/408/1857
f 2383/412/1861 2384/413/1862 2381/410/1859 2380/409/1858
f 2385/414/1863 2383/412/1861 2380/409/1858 2382/411/1860
f 2386/415/1864 2387/416/1865 2384/413/1862 2383/412/1861
f 2388/417/1866 2386/415/1864 2383/412/1861 2385/414/1863
f 2389/418/1867 2390/419/1868 2387/416/1865 2386/415/1864
f 2391/420/1869 2389/418/1867 2386/415/1864 2388/417/1866
f 2392/421/1870 2393/422/1871 2390/419/1868 2389/418/1867
f 2394/423/1872 2392/421/1870 2389/418/1867 2391/420/1869
f 2395/424/1873 2396/332/1784 2393/422/1871 2392/421/1870
f 2397/425/1874 2395/424/1873 2392/421/1870 2394/423/1872
f 2398/426/1875 2306/331/1783 2396/332/1784 2395/424/1873
f 2399/427/1876 2398/426/1875 2395/424/1873 2397/425/1874
f 2400/337/1789 2308/333/1785 2306/331/1783 2398/426/1875
f 2401/428/1877 2400/337/1789 2398/426/1875 2399/427/1876
f 2403/429/1878 2311/336/1788 2400/337/1789 2401/428/1877
f 2402/430/1879 2401/428/1877 2399/427/1876 2464/431/1880
f 2404/432/1881 2403/429/1878 2401/428/1877 2402/430/1879
f 2405/345/1797 2313/338/1790 2311/336/1788 2403/429/1878
f 2406/433/1882 2405/345/1797 2403/429/1878 2404/432/1881
f 2408/434/1883 2317/344/1796 2405/345/1797 2406/433/1882
f 2407/435/1884 2406/433/1882 2404/432/1881 2469/436/1885
f 2409/437/1886 2408/434/1883 2406/433/1882 2407/435/1884
f 2411/438/1887 2410/439/1888 2408/434/1883 2409/437/1886
f 2410/439/1888 2319/343/1795 2317/344/1796 2408/434/1883
f 2412/440/1889 2322/348/1800 2319/343/1795 2410/439/1888
f 2413/441/1890 2412/440/1889 2410/439/1888 2411/438/1887
f 2414/442/1891 2325/351/1803 2322/348/1800 2412/440/1889
f 2415/443/1892 2414/442/1891 2412/440/1889 2413/441/1890
f 2416/444/1893 2328/354/1806 2325/351/1803 2414/442/1891
f 2417/445/1894 2416/444/1893 2414/442/1891 2415/443/1892
f 2418/446/1895 2331/357/1809 2328/354/1806 2416/444/1893
f 2419/447/1896 2418/446/1895 2416/444/1893 2417/445/1894
f 2420/448/1897 2334/360/1812 2331/357/1809 2418/446/1895
f 2421/449/1898 2420/448/1897 2418/446/1895 2419/447/1896
f 2422/450/1899 2337/363/1815 2334/360/1812 2420/448/1897
f 2423/451/1900 2422/450/1899 2420/448/1897 2421/449/1898
f 2424/452/1901 2340/366/1818 2337/363/1815 2422/450/1899
f 2425/453/1902 2424/452/1901 2422/450/1899 2423/451/1900
f 2426/454/1903 2343/371/1821 2340/372/1818 2424/455/1901
f 2427/456/1904 2426/454/1903 2424/455/1901 2425/457/1902
f 2428/458/1905 2346/375/1824 2343/371/1821 2426/454/1903
f 2429/459/1906 2428/458/1905 2426/454/1903 2427/456/1904
f 2430/460/1907 2349/378/1827 2346/375/1824 2428/458/1905
f 2431/461/1908 2430/460/1907 2428/458/1905 2429/459/1906
f 2432/462/1909 2352/381/1830 2349/378/1827 2430/460/1907
f 2433/463/1910 2432/462/1909 2430/460/1907 2431/461/1908
f 2434/464/1911 2355/384/1833 2352/381/1830 2432/462/1909
f 2435/465/1912 2434/464/1911 2432/462/1909 2433/463/1910
f 2436/466/1913 2358/387/1836 2355/384/1833 2434/464/1911
f 2437/467/1914 2436/466/1913 2434/464/1911 2435/465/1912
f 2438/468/1915 2361/390/1839 2358/387/1836 2436/466/1913
f 2439/469/1916 2438/468/1915 2436/466/1913 2437/467/1914
f 2440/470/1917 2364/393/1842 2361/390/1839 2438/468/1915
f 2441/471/1918 2440/470/1917 2438/468/1915 2439/469/1916
f 2442/472/1919 2367/396/1845 2364/393/1842 2440/470/1917
f 2443/473/1920 2442/472/1919 2440/470/1917 2441/471/1918
f 2444/474/1921 2370/399/1848 2367/396/1845 2442/472/1919
f 2445/475/1922 2444/474/1921 2442/472/1919 2443/473/1920
f 2446/476/1923 2373/402/1851 2370/399/1848 2444/474/1921
f 2447/477/1924 2446/476/1923 2444/474/1921 2445/475/1922
f 2448/478/1925 2376/405/1854 2373/402/1851 2446/476/1923
f 2449/479/1926 2448/478/1925 2446/476/1923 2447/477/1924
f 2450/480/1927 2379/408/1857 2376/405/1854 2448/478/1925
f 2451/481/1928 2450/480/1927 2448/478/1925 2449/479/1926
f 2452/482/1929 2382/411/1860 2379/408/1857 2450/480/1927
f 2453/483/1930 2452/482/1929 2450/480/1927 2451/481/1928
f 2454/484/1931 2385/414/1863 2382/411/1860 2452/482/1929
f 2455/485/1932 2454/484/1931 2452/482/1929 2453/483/1930
f 2456/486/1933 2388/417/1866 2385/414/1863 2454/484/1931
f 2457/487/1934 2456/486/1933 2454/484/1931 2455/485/1932
f 2458/488/1935 2391/420/1869 2388/417/1866 2456/486/1933
f 2459/489/1936 2458/488/1935 2456/486/1933 2457/487/1934
f 2460/490/1937 2394/423/1872 2391/420/1869 2458/488/1935
f 2461/491/1938 2460/490/1937 2458/488/1935 2459/489/1936
f 2462/492/1939 2397/425/1874 2394/423/1872 2460/490/1937
f 2463/493/1940 2462/492/1939 2460/490/1937 2461/491/1938
f 2464/431/1880 2399/427/1876 2397/425/1874 2462/492/1939
f 2465/494/1941 2464/431/1880 2462/492/1939 2463/493/1940
f 2467/495/1942 2402/430/1879 2464/431/1880 2465/494/1941
f 2466/496/1943 2465/494/1941 2463/493/1940 2528/497/1944
f 2468/498/1945 2467/495/1942 2465/494/1941 2466/496/1943
f 2469/436/1885 2404/432/1881 2402/430/1879 2467/495/1942
f 2470/499/1946 2469/436/1885 2467/495/1942 2468/498/1945
f 2472/500/1947 2407/435/1884 2469/436/1885 2470/499/1946
f 2471/501/1948 2470/499/1946 2468/498/1945 2533/502/1949
f 2473/503/1950 2472/500/1947 2470/499/1946 2471/501/1948
f 2474/504/1951 2409/437/1886 2407/435/1884 2472/500/1947
f 2475/505/1952 2474/504/1951 2472/500/1947 2473/503/1950
f 2477/506/1953 2476/507/1954 2474/504/1951 2475/505/1952
f 2476/507/1954 2411/438/1887 2409/437/1886 2474/504/1951
f 2478/508/1955 2413/441/1890 2411/438/1887 2476/507/1954
f 2479/509/1956 2478/508/1955 2476/507/1954 2477/506/1953
f 2480/510/1957 2415/443/1892 2413/441/1890 2478/508/1955
f 2481/511/1958 2480/510/1957 2478/508/1955 2479/509/1956
f 2482/512/1959 2417/445/1894 2415/443/1892 2480/510/1957
f 2483/513/1960 2482/512/1959 2480/510/1957 2481/511/1958
f 2484/514/1961 2419/447/1896 2417/445/1894 2482/512/1959
f 2485/515/1962 2484/514/1961 2482/512/1959 2483/513/1960
f 2486/516/1963 2421/449/1898 2419/447/1896 2484/514/1961
f 2487/517/1964 2486/516/1963 2484/514/1961 2485/515/1962
f 2488/518/1965 2423/451/1900 2421/449/1898 2486/516/1963
f 2489/519/1966 2488/518/1965 2486/516/1963 2487/517/1964
f 2490/520/1967 2425/453/1902 2423/451/1900 2488/518/1965
f 2491/521/1968 2490/520/1967 2488/518/1965 2489/519/1966
f 2492/522/1969 2427/456/1904 2425/457/1902 2490/523/1967
f 2493/524/1970 2492/522/1969 2490/523/1967 2491/525/1968
f 2494/526/1971 2429/459/1906 2427/456/1904 2492/522/1969
f 2495/527/1972 2494/526/1971 2492/522/1969 2493/524/1970
f 2496/528/1973 2431/461/1908 2429/459/1906 2494/526/1971
f 2497/529/1974 2496/528/1973 2494/526/1971 2495/527/1972
f 2498/530/1975 2433/463/1910 2431/461/1908 2496/528/1973
f 2499/531/1976 2498/530/1975 2496/528/1973 2497/529/1974
f 2500/532/1977 2435/465/1912 2433/463/1910 2498/530/1975
f 2501/533/1978 2500/532/1977 2498/530/1975 2499/531/1976
f 2502/534/1979 2437/467/1914 2435/465/1912 2500/532/1977
f 2503/535/1980 2502/534/1979 2500/532/1977 2501/533/1978
f 2504/536/1981 2439/469/1916 2437/467/1914 2502/534/1979
f 2505/537/1982 2504/536/1981 2502/534/1979 2503/535/1980
f 2506/538/1983 2441/471/1918 2439/469/1916 2504/536/1981
f 2507/539/1984 2506/538/1983 2504/536/1981 2505/537/1982
f 2508/540/1985 2443/473/1920 2441/471/1918 2506/538/1983
f 2509/541/1986 2508/540/1985 2506/538/1983 2507/539/1984
f 2510/542/1987 2445/475/1922 2443/473/1920 2508/540/1985
f 2511/543/1988 2510/542/1987 2508/540/1985 2509/541/1986
f 2512/544/1989 2447/477/1924 2445/475/1922 2510/542/1987
f 2513/545/1990 2512/544/1989 2510/542/1987 2511/543/1988
f 2514/546/1991 2449/479/1926 2447/477/1924 2512/544/1989
f 2515/547/1992 2514/546/1991 2512/544/1989 2513/545/1990
f 2516/548/1993 2451/481/1928 2449/479/1926 2514/546/1991
f 2517/549/1994 2516/548/1993 2514/546/1991 2515/547/1992
f 2518/550/1995 2453/483/1930 2451/481/1928 2516/548/1993
f 2519/551/1996 2518/550/1995 2516/548/1993 2517/549/1994
f 2520/552/1997 2455/485/1932 2453/483/1930 2518/550/1995
f 2521/553/1998 2520/552/1997 2518/550/1995 2519/551/1996
f 2522/554/1999 2457/487/1934 2455/485/1932 2520/552/1997
f 2523/555/2000 2522/554/1999 2520/552/1997 2521/553/1998
f 2524/556/2001 2459/489/1936 2457/487/1934 2522/554/1999
f 2525/557/2002 2524/556/2001 2522/554/1999 2523/555/2000
f 2526/558/2003 2461/491/1938 2459/489/1936 2524/556/2001
f 2527/559/2004 2526/558/2003 2524/556/2001 2525/557/2002
f 2528/497/1944 2463/493/1940 2461/491/1938 2526/558/2003
f 2529/560/2005 2528/497/1944 2526/558/2003 2527/559/2004
f 2531/561/2006 2466/496/1943 2528/497/1944 2529/560/2005
f 2530/562/2007 2529/560/2005 2527/559/2004 2592/563/2008
f 2532/564/2009 2531/561/2006 2529/560/2005 2530/562/2007
f 2533/502/1949 2468/498/1945 2466/496/1943 2531/561/2006
f 2534/565/2010 2533/502/1949 2531/561/2006 2532/564/2009
f 2536/566/2011 2471/501/1948 2533/502/1949 2534/565/2010
f 2535/567/2012 2534/565/2010 2532/564/2009 2597/568/2013
f 2537/569/2014 2536/566/2011 2534/565/2010 2535/567/2012
f 2538/570/2015 2473/503/1950 2471/501/1948 2536/566/2011
f 2539/571/2016 2538/570/2015 2536/566/2011 2537/569/2014
f 2540/572/2017 2475/505/1952 2473/503/1950 2538/570/2015
f 2541/573/2018 2540/572/2017 2538/570/2015 2539/571/2016
f 2542/574/2019 2477/506/1953 2475/505/1952 2540/572/2017
f 2543/575/2020 2542/574/2019 2540/572/2017 2541/573/2018
f 2544/576/2021 2479/509/1956 2477/506/1953 2542/574/2019
f 2545/577/2022 2544/576/2021 2542/574/2019 2543/575/2020
f 2546/578/2023 2481/511/1958 2479/509/1956 2544/576/2021
f 2547/579/2024 2546/578/2023 2544/576/2021 2545/577/2022
f 2548/580/2025 2483/513/1960 2481/511/1958 2546/578/2023
f 2549/581/2026 2548/580/2025 2546/578/2023 2547/579/2024
f 2550/582/2027 2485/515/1962 2483/513/1960 2548/580/2025
f 2551/583/2028 2550/582/2027 2548/580/2025 2549/581/2026
f 2552/584/2029 2487/517/1964 2485/515/1962 2550/582/2027
f 2553/585/2030 2552/584/2029 2550/582/2027 2551/583/2028
f 2554/586/2031 2489/519/1966 2487/517/1964 2552/584/2029
f 2555/587/2032 2554/586/2031 2552/584/2029 2553/585/2030
f 2556/588/2033 2491/521/1968 2489/519/1966 2554/586/2031
f 2557/589/2034 2556/588/2033 2554/586/2031 2555/587/2032
f 2558/590/2035 2493/524/1970 2491/525/1968 2556/591/2033
f 2559/592/2036 2558/590/2035 2556/591/2033 2557/593/2034
f 2560/594/2037 2495/527/1972 2493/524/1970 2558/590/2035
f 2561/595/2038 2560/594/2037 2558/590/2035 2559/592/2036
f 2562/596/2039 2497/529/1974 2495/527/1972 2560/594/2037
f 2563/597/2040 2562/596/2039 2560/594/2037 2561/595/2038
f 2564/598/2041 2499/531/1976 2497/529/1974 2562/596/2039
f 2565/599/2042 2564/598/2041 2562/596/2039 2563/597/2040
f 2566/600/2043 2501/533/1978 2499/531/1976 2564/598/2041
f 2567/601/2044 2566/600/2043 2564/598/2041 2565/599/2042
f 2568/602/2045 2503/535/1980 2501/533/1978 2566/600/2043
f 2569/603/2046 2568/602/2045 2566/600/2043 2567/601/2044
f 2570/604/2047 2505/537/1982 2503/535/1980 2568/602/2045
f 2571/605/2048 2570/604/2047 2568/602/2045 2569/603/2046
f 2572/606/2049 2507/539/1984 2505/537/1982 2570/604/2047
f 2573/607/2050 2572/606/2049 2570/604/2047 2571/605/2048
f 2574/608/2051 2509/541/1986 2507/539/1984 2572/606/2049
f 2575/609/2052 2574/608/2051 2572/606/2049 2573/607/2050
f 2576/610/2053 2511/543/1988 2509/541/1986 2574/608/2051
f 2577/611/2054 2576/610/2053 2574/608/2051 2575/609/2052
f 2578/612/2055 2513/545/1990 2511/543/1988 2576/610/2053
f 2579/613/2056 2578/612/2055 2576/610/2053 2577/611/2054
f 2580/614/2057 2515/547/1992 2513/545/1990 2578/612/2055
f 2581/615/2058 2580/614/2057 2578/612/2055 2579/613/2056
f 2582/616/2059 2517/549/1994 2515/547/1992 2580/614/2057
f 2583/617/2060 2582/616/2059 2580/614/2057 2581/615/2058
f 2584/618/2061 2519/551/1996 2517/549/1994 2582/616/2059
f 2585/619/2062 2584/618/2061 2582/616/2059 2583/617/2060
f 2586/620/2063 2521/553/1998 2519/551/1996 2584/618/2061
f 2587/621/2064 2586/620/2063 2584/618/2061 2585/619/2062
f 2588/622/2065 2523/555/2000 2521/553/1998 2586/620/2063
f 2589/623/2066 2588/622/2065 2586/620/2063 2587/621/2064
f 2590/624/2067 2525/557/2002 2523/555/2000 2588/622/2065
f 2591/625/2068 2590/624/2067 2588/622/2065 2589/623/2066
f 2592/563/2008 2527/559/2004 2525/557/2002 2590/624/2067
f 2593/626/2069 2592/563/2008 2590/624/2067 2591/625/2068
f 2595/627/2070 2530/562/2007 2592/563/2008 2593/626/2069
f 2594/628/2071 2593/626/2069 2591/625/2068 2656/629/2072
f 2596/630/2073 2595/627/2070 2593/626/2069 2594/628/2071
f 2597/568/2013 2532/564/2009 2530/562/2007 2595/627/2070
f 2598/631/2074 2597/568/2013 2595/627/2070 2596/630/2073
f 2600/632/2075 2535/567/2012 2597/568/2013 2598/631/2074
f 2599/633/2076 2598/631/2074 2596/630/2073 2661/634/2077
f 2601/635/2078 2600/632/2075 2598/631/2074 2599/633/2076
f 2602/636/2079 2537/569/2014 2535/567/2012 2600/632/2075
f 2603/637/2080 2602/636/2079 2600/632/2075 2601/635/2078
f 2604/638/2081 2539/571/2016 2537/569/2014 2602/636/2079
f 2605/639/2082 2604/638/2081 2602/636/2079 2603/637/2080
f 2606/640/2083 2541/573/2018 2539/571/2016 2604/638/2081
f 2607/641/2084 2606/640/2083 2604/638/2081 2605/639/2082
f 2609/642/2085 2608/643/2086 2606/640/2083 2607/641/2084
f 2608/643/2086 2543/575/2020 2541/573/2018 2606/640/2083
f 2610/644/2087 2545/577/2022 2543/575/2020 2608/643/2086
f 2611/645/2088 2610/644/2087 2608/643/2086 2609/642/2085
f 2612/646/2089 2547/579/2024 2545/577/2022 2610/644/2087
f 2613/647/2090 2612/646/2089 2610/644/2087 2611/645/2088
f 2614/648/2091 2549/581/2026 2547/579/2024 2612/646/2089
f 2615/649/2092 2614/648/2091 2612/646/2089 2613/647/2090
f 2616/650/2093 2551/583/2028 2549/581/2026 2614/648/2091
f 2617/651/2094 2616/650/2093 2614/648/2091 2615/649/2092
f 2618/652/2095 2553/585/2030 2551/583/2028 2616/650/2093
f 2619/653/2096 2618/652/2095 2616/650/2093 2617/651/2094
f 2620/654/2097 2555/587/2032 2553/585/2030 2618/652/2095
f 2621/655/2098 2620/654/2097 2618/652/2095 2619/653/2096
f 2622/656/2099 2557/589/2034 2555/587/2032 2620/654/2097
f 2623/657/2100 2622/656/2099 2620/654/2097 2621/655/2098
f 2624/658/2101 2559/592/2036 2557/593/2034 2622/659/2099
f 2625/660/2102 2624/658/2101 2622/659/2099 2623/661/2100
f 2626/662/2103 2561/595/2038 2559/592/2036 2624/658/2101
f 2627/663/2104 2626/662/2103 2624/658/2101 2625/660/2102
f 2628/664/2105 2563/597/2040 2561/595/2038 2626/662/2103
f 2629/665/2106 2628/664/2105 2626/662/2103 2627/663/2104
f 2630/666/2107 2565/599/2042 2563/597/2040 2628/664/2105
f 2631/667/2108 2630/666/2107 2628/664/2105 2629/665/2106
f 2632/668/2109 2567/601/2044 2565/599/2042 2630/666/2107
f 2633/669/2110 2632/668/2109 2630/666/2107 2631/667/2108
f 2634/670/2111 2569/603/2046 2567/601/2044 2632/668/2109
f 2635/671/2112 2634/670/2111 2632/668/2109 2633/669/2110
f 2636/672/2113 2571/605/2048 2569/603/2046 2634/670/2111
f 2637/673/2114 2636/672/2113 2634/670/2111 2635/671/2112
f 2638/674/2115 2573/607/2050 2571/605/2048 2636/672/2113
f 2639/675/2116 2638/674/2115 2636/672/2113 2637/673/2114
f 2640/676/2117 2575/609/2052 2573/607/2050 2638/674/2115
f 2641/677/2118 2640/676/2117 2638/674/2115 2639/675/2116
f 2642/678/2119 2577/611/2054 2575/609/2052 2640/676/2117
f 2643/679/2120 2642/678/2119 2640/676/2117 2641/677/2118
f 2644/680/2121 2579/613/2056 2577/611/2054 2642/678/2119
f 2645/681/2122 2644/680/2121 2642/678/2119 2643/679/2120
f 2646/682/2123 2581/615/2058 2579/613/2056 2644/680/2121
f 2647/683/2124 2646/682/2123 2644/680/2121 2645/681/2122
f 2648/684/2125 2583/617/2060 2581/615/2058 2646/682/2123
f 2649/685/2126 2648/684/2125 2646/682/2123 2647/683/2124
f 2650/686/2127 2585/619/2062 2583/617/2060 2648/684/2125
f 2651/687/2128 2650/686/2127 2648/684/2125 2649/685/2126
f 2652/688/2129 2587/621/2064 2585/619/2062 2650/686/2127
f 2653/689/2130 2652/688/2129 2650/686/2127 2651/687/2128
f 2654/690/2131 2589/623/2066 2587/621/2064 2652/688/2129
f 2655/691/2132 2654/690/2131 2652/688/2129 2653/689/2130
f 2656/629/2072 2591/625/2068 2589/623/2066 2654/690/2131
f 2657/692/2133 2656/629/2072 2654/690/2131 2655/691/2132
f 2659/693/2134 2594/628/2071 2656/629/2072 2657/692/2133
f 2658/694/2135 2657/692/2133 2655/691/2132 2720/695/2136
f 2660/696/2137 2659/693/2134 2657/692/2133 2658/694/2135
f 2661/634/2077 2596/630/2073 2594/628/2071 2659/693/2134
f 2662/697/2138 2661/634/2077 2659/693/2134 2660/696/2137
f 2664/698/2139 2599/633/2076 2661/634/2077 2662/697/2138
f 2663/699/2140 2662/697/2138 2660/696/2137 2725/700/2141
f 2665/701/2142 2664/698/2139 2662/697/2138 2663/699/2140
f 2666/702/2143 2601/635/2078 2599/633/2076 2664/698/2139
f 2667/703/2144 2666/702/2143 2664/698/2139 2665/701/2142
f 2668/704/2145 2603/637/2080 2601/635/2078 2666/702/2143
f 2669/705/2146 2668/704/2145 2666/702/2143 2667/703/2144
f 2670/706/2147 2605/639/2082 2603/637/2080 2668/704/2145
f 2671/707/2148 2670/706/2147 2668/704/2145 2669/705/2146
f 2672/708/2149 2607/641/2084 2605/639/2082 2670/706/2147
f 2673/709/2150 2672/708/2149 2670/706/2147 2671/707/2148
f 2674/710/2151 2609/642/2085 2607/641/2084 2672/708/2149
f 2675/711/2152 2674/710/2151 2672/708/2149 2673/709/2150
f 2676/712/2153 2611/645/2088 2609/642/2085 2674/710/2151
f 2677/713/2154 2676/712/2153 2674/710/2151 2675/711/2152
f 2678/714/2155 2613/647/2090 2611/645/2088 2676/712/2153
f 2679/715/2156 2678/714/2155 2676/712/2153 2677/713/2154
f 2680/716/2157 2615/649/2092 2613/647/2090 2678/714/2155
f 2681/717/2158 2680/716/2157 2678/714/2155 2679/715/2156
f 2682/718/2159 2617/651/2094 2615/649/2092 2680/716/2157
f 2683/719/2160 2682/718/2159 2680/716/2157 2681/717/2158
f 2684/720/2161 2619/653/2096 2617/651/2094 2682/718/2159
f 2685/721/2162 2684/720/2161 2682/718/2159 2683/719/2160
f 2686/722/2163 2621/655/2098 2619/653/2096 2684/720/2161
f 2687/723/2164 2686/722/2163 2684/720/2161 2685/721/2162
f 2688/724/2165 2623/657/2100 2621/655/2098 2686/722/2163
f 2689/725/2166 2688/724/2165 2686/722/2163 2687/723/2164
f 2690/726/2167 2625/660/2102 2623/661/2100 2688/727/2165
f 2691/728/2168 2690/726/2167 2688/727/2165 2689/729/2166
f 2692/730/2169 2627/663/2104 2625/660/2102 2690/726/2167
f 2693/731/2170 2692/730/2169 2690/726/2167 2691/728/2168
f 2694/732/2171 2629/665/2106 2627/663/2104 2692/730/2169
f 2695/733/2172 2694/732/2171 2692/730/2169 2693/731/2170
f 2696/734/2173 2631/667/2108 2629/665/2106 2694/732/2171
f 2697/735/2174 2696/734/2173 2694/732/2171 2695/733/2172
f 2698/736/2175 2633/669/2110 2631/667/2108 2696/734/2173
f 2699/737/2176 2698/736/2175 2696/734/2173 2697/735/2174
f 2700/738/2177 2635/671/2112 2633/669/2110 2698/736/2175
f 2701/739/2178 2700/738/2177 2698/736/2175 2699/737/2176
f 2702/740/2179 2637/673/2114 2635/671/2112 2700/738/2177
f 2703/741/2180 2702/740/2179 2700/738/2177 2701/739/2178
f 2704/742/2181 2639/675/2116 2637/673/2114 2702/740/2179
f 2705/743/2182 2704/742/2181 2702/740/2179 2703/741/2180
f 2706/744/2183 2641/677/2118 2639/675/2116 2704/742/2181
f 2707/745/2184 2706/744/2183 2704/742/2181 2705/743/2182
f 2708/746/2185 2643/679/2120 2641/677/2118 2706/744/2183
f 2709/747/2186 2708/746/2185 2706/744/2183 2707/745/2184
f 2710/748/2187 2645/681/2122 2643/679/2120 2708/746/2185
f 2711/749/2188 2710/748/2187 2708/746/2185 2709/747/2186
f 2712/750/2189 2647/683/2124 2645/681/2122 2710/748/2187
f 2713/751/2190 2712/750/2189 2710/748/2187 2711/749/2188
f 2714/752/2191 2649/685/2126 2647/683/2124 2712/750/2189
f 2715/753/2192 2714/752/2191 2712/750/2189 2713/751/2190
f 2716/754/2193 2651/687/2128 2649/685/2126 2714/752/2191
f 2717/755/2194 2716/754/2193 2714/752/2191 2715/753/2192
f 2718/756/2195 2653/689/2130 2651/687/2128 2716/754/2193
f 2719/757/2196 2718/756/2195 2716/754/2193 2717/755/2194
f 2720/695/2136 2655/691/2132 2653/689/2130 2718/756/2195
f 2721/758/2197 2720/695/2136 2718/756/2195 2719/757/2196
f 2723/759/2198 2658/694/2135 2720/695/2136 2721/758/2197
f 2722/760/2199 2721/758/2197 2719/757/2196 2808/761/2200
f 2724/762/2201 2723/759/2198 2721/758/2197 2722/760/2199
f 2725/700/2141 2660/696/2137 2658/694/2135 2723/759/2198
f 2726/763/2202 2725/700/2141 2723/759/2198 2724/762/2201
f 2728/764/2203 2663/699/2140 2725/700/2141 2726/763/2202
f 2727/765/2204 2726/763/2202 2724/762/2201 2812/766/2205
f 2729/767/2206 2728/764/2203 2726/763/2202 2727/765/2204
f 2730/768/2207 2665/701/2142 2663/699/2140 2728/764/2203
f 2731/769/2208 2730/768/2207 2728/764/2203 2729/767/2206
f 2732/770/2209 2667/703/2144 2665/701/2142 2730/768/2207
f 2733/771/2210 2732/770/2209 2730/768/2207 2731/769/2208
f 2734/772/2211 2669/705/2146 2667/703/2144 2732/770/2209
f 2735/773/2212 2734/772/2211 2732/770/2209 2733/771/2210
f 2736/774/2213 2671/707/2148 2669/705/2146 2734/772/2211
f 2737/775/2214 2736/774/2213 2734/772/2211 2735/773/2212
f 2738/776/2215 2673/709/2150 2671/707/2148 2736/774/2213
f 2740/777/2216 2738/776/2215 2736/774/2213 2737/775/2214
f 2739/778/2217 2675/711/2152 2673/709/2150 2738/776/2215
f 2742/779/2218 2739/778/2217 2738/776/2215 2740/777/2216
f 2743/780/2219 2742/779/2218 2740/777/2216 2741/781/2220
f 2741/781/2220 2740/777/2216 2737/775/2214 2816/782/2221
f 2744/783/2222 2745/784/2223 2739/778/2217 2742/779/2218
f 2746/785/2224 2744/783/2222 2742/779/2218 2743/780/2219
f 2747/786/2225 2748/787/2226 2745/784/2223 2744/783/2222
f 2749/788/2227 2747/786/2225 2744/783/2222 2746/785/2224
f 2750/789/2228 2751/790/2229 2748/787/2226 2747/786/2225
f 2752/791/2230 2750/789/2228 2747/786/2225 2749/788/2227
f 2753/792/2231 2754/793/2232 2751/790/2229 2750/789/2228
f 2755/794/2233 2753/792/2231 2750/789/2228 2752/791/2230
f 2756/795/2234 2757/796/2235 2754/793/2232 2753/792/2231
f 2758/797/2236 2756/795/2234 2753/792/2231 2755/794/2233
f 2759/798/2237 2760/799/2238 2757/796/2235 2756/795/2234
f 2761/800/2239 2759/798/2237 2756/795/2234 2758/797/2236
f 2762/801/2240 2763/802/2241 2760/799/2238 2759/798/2237
f 2764/803/2242 2762/801/2240 2759/798/2237 2761/800/2239
f 2765/804/2243 2766/805/2244 2763/806/2241 2762/807/2240
f 2767/808/2245 2765/804/2243 2762/807/2240 2764/809/2242
f 2768/810/2246 2769/811/2247 2766/805/2244 2765/804/2243
f 2770/812/2248 2768/810/2246 2765/804/2243 2767/808/2245
f 2771/813/2249 2772/814/2250 2769/811/2247 2768/810/2246
f 2773/815/2251 2771/813/2249 2768/810/2246 2770/812/2248
f 2774/816/2252 2775/817/2253 2772/814/2250 2771/813/2249
f 2776/818/2254 2774/816/2252 2771/813/2249 2773/815/2251
f 2777/819/2255 2778/820/2256 2775/817/2253 2774/816/2252
f 2779/821/2257 2777/819/2255 2774/816/2252 2776/818/2254
f 2780/822/2258 2781/823/2259 2778/820/2256 2777/819/2255
f 2782/824/2260 2780/822/2258 2777/819/2255 2779/821/2257
f 2783/825/2261 2784/826/2262 2781/823/2259 2780/822/2258
f 2785/827/2263 2783/825/2261 2780/822/2258 2782/824/2260
f 2786/828/2264 2787/829/2265 2784/826/2262 2783/825/2261
f 2788/830/2266 2786/828/2264 2783/825/2261 2785/827/2263
f 2789/831/2267 2790/832/2268 2787/829/2265 2786/828/2264
f 2791/833/2269 2789/831/2267 2786/828/2264 2788/830/2266
f 2792/834/2270 2793/835/2271 2790/832/2268 2789/831/2267
f 2794/836/2272 2792/834/2270 2789/831/2267 2791/833/2269
f 2795/837/2273 2796/838/2274 2793/835/2271 2792/834/2270
f 2797/839/2275 2795/837/2273 2792/834/2270 2794/836/2272
f 2798/840/2276 2799/841/2277 2796/838/2274 2795/837/2273
f 2800/842/2278 2798/840/2276 2795/837/2273 2797/839/2275
f 2801/843/2279 2802/844/2280 2799/841/2277 2798/840/2276
f 2803/845/2281 2801/843/2279 2798/840/2276 2800/842/2278
f 2804/846/2282 2805/847/2283 2802/844/2280 2801/843/2279
f 2806/848/2284 2804/846/2282 2801/843/2279 2803/845/2281
f 2807/849/2285 2808/761/2200 2805/847/2283 2804/846/2282
f 2809/850/2286 2807/849/2285 2804/846/2282 2806/848/2284
f 2810/851/2287 2722/760/2199 2808/761/2200 2807/849/2285
f 2811/852/2288 2810/851/2287 2807/849/2285 2809/850/2286
f 2812/766/2205 2724/762/2201 2722/760/2199 2810/851/2287
f 2813/853/2289 2812/766/2205 2810/851/2287 2811/852/2288
f 2814/854/2290 2727/765/2204 2812/766/2205 2813/853/2289
f 2815/855/829 2814/854/2290 2813/853/2289
f 2815/856/829 2813/853/2289 2811/852/2288
f 2815/857/829 2788/830/2266 2785/827/2263
f 2815/858/829 2791/833/2269 2788/830/2266
f 2815/859/829 2743/780/2219 2741/781/2220
f 2815/860/829 2741/781/2220 2816/782/2221
f 2815/861/829 2816/782/2221 2817/862/2291
f 2815/863/829 2817/862/2291 2818/864/2292
f 2815/865/829 2818/864/2292 2819/866/2293
f 2815/867/829 2819/866/2293 2820/868/2294
f 2815/869/829 2820/868/2294 2814/854/2290
f 2815/870/829 2811/852/2288 2809/850/2286
f 2815/871/829 2809/850/2286 2806/848/2284
f 2815/872/829 2806/848/2284 2803/845/2281
f 2815/873/829 2803/845/2281 2800/842/2278
f 2815/874/829 2800/842/2278 2797/839/2275
f 2815/875/829 2797/839/2275 2794/836/2272
f 2815/876/829 2794/836/2272 2791/833/2269
f 2815/877/829 2785/827/2263 2782/824/2260
f 2815/878/829 2782/824/2260 2779/821/2257
f 2815/879/829 2779/821/2257 2776/818/2254
f 2815/880/829 2776/818/2254 2773/815/2251
f 2815/881/829 2773/815/2251 2770/812/2248
f 2815/882/829 2770/812/2248 2767/808/2245
f 2815/883/829 2767/808/2245 2764/809/2242
f 2815/884/829 2764/803/2242 2761/800/2239
f 2815/885/829 2761/800/2239 2758/797/2236
f 2815/886/829 2758/797/2236 2755/794/2233
f 2815/887/829 2755/794/2233 2752/791/2230
f 2815/888/829 2752/791/2230 2749/788/2227
f 2815/889/829 2749/788/2227 2746/785/2224
f 2815/890/829 2746/785/2224 2743/780/2219
f 2820/868/2294 2729/767/2206 2727/765/2204 2814/854/2290
f 2819/866/2293 2731/769/2208 2729/767/2206 2820/868/2294
f 2818/864/2292 2733/771/2210 2731/769/2208 2819/866/2293
f 2817/862/2291 2735/773/2212 2733/771/2210 2818/864/2292
f 2816/782/2221 2737/775/2214 2735/773/2212 2817/862/2291
f 2808/761/2200 2719/757/2196 2717/755/2194 2805/847/2283
f 2805/847/2283 2717/755/2194 2715/753/2192 2802/844/2280
f 2802/844/2280 2715/753/2192 2713/751/2190 2799/841/2277
f 2799/841/2277 2713/751/2190 2711/749/2188 2796/838/2274
f 2796/838/2274 2711/749/2188 2709/747/2186 2793/835/2271
f 2793/835/2271 2709/747/2186 2707/745/2184 2790/832/2268
f 2790/832/2268 2707/745/2184 2705/743/2182 2787/829/2265
f 2787/829/2265 2705/743/2182 2703/741/2180 2784/826/2262
f 2784/826/2262 2703/741/2180 2701/739/2178 2781/823/2259
f 2781/823/2259 2701/739/2178 2699/737/2176 2778/820/2256
f 2778/820/2256 2699/737/2176 2697/735/2174 2775/817/2253
f 2775/817/2253 2697/735/2174 2695/733/2172 2772/814/2250
f 2772/814/2250 2695/733/2172 2693/731/2170 2769/811/2247
f 2769/811/2247 2693/731/2170 2691/728/2168 2766/805/2244
f 2766/805/2244 2691/728/2168 2689/729/2166 2763/806/2241
f 2763/802/2241 2689/725/2166 2687/723/2164 2760/799/2238
f 2760/799/2238 2687/723/2164 2685/721/2162 2757/796/2235
f 2757/796/2235 2685/721/2162 2683/719/2160 2754/793/2232
f 2754/793/2232 2683/719/2160 2681/717/2158 2751/790/2229
f 2751/790/2229 2681/717/2158 2679/715/2156 2748/787/2226
f 2748/787/2226 2679/715/2156 2677/713/2154 2745/784/2223
f 2745/784/2223 2677/713/2154 2675/711/2152 2739/778/2217
f 2396/332/1784 2303/328/1780 2301/326/1778 2393/422/1871
f 2393/422/1871 2301/326/1778 2299/324/1776 2390/419/1868
f 2390/419/1868 2299/324/1776 2297/322/1774 2387/416/1865
f 2387/416/1865 2297/322/1774 2295/320/1772 2384/413/1862
f 2384/413/1862 2295/320/1772 2293/318/1770 2381/410/1859
f 2381/410/1859 2293/318/1770 2291/316/1768 2378/407/1856
f 2378/407/1856 2291/316/1768 2289/314/1766 2375/404/1853
f 2375/404/1853 2289/314/1766 2287/312/1764 2372/401/1850
f 2372/401/1850 2287/312/1764 2285/310/1762 2369/398/1847
f 2369/398/1847 2285/310/1762 2283/308/1760 2366/395/1844
f 2366/395/1844 2283/308/1760 2281/306/1758 2363/392/1841
f 2363/392/1841 2281/306/1758 2279/304/1756 2360/389/1838
f 2360/389/1838 2279/304/1756 2277/302/1754 2357/386/1835
f 2357/386/1835 2277/302/1754 2275/300/1752 2354/383/1832
f 2354/383/1832 2275/300/1752 2273/298/1750 2351/380/1829
f 2351/380/1829 2273/298/1750 2271/296/1748 2348/377/1826
f 2348/377/1826 2271/296/1748 2269/294/1746 2345/374/1823
f 2345/374/1823 2269/294/1746 2267/291/1744 2342/368/1820
f 2342/368/1820 2267/291/1744 2265/292/1742 2339/369/1817
f 2339/365/1817 2265/288/1742 2263/286/1740 2336/362/1814
f 2336/362/1814 2263/286/1740 2261/284/1738 2333/359/1811
f 2333/359/1811 2261/284/1738 2259/282/1736 2330/356/1808
f 2330/356/1808 2259/282/1736 2257/280/1734 2327/353/1805
f 2327/353/1805 2257/280/1734 2255/278/1732 2324/350/1802
f 2324/350/1802 2255/278/1732 2253/276/1730 2321/347/1799
f 2321/347/1799 2253/276/1730 2251/274/1728 2315/342/1794
f 2238/167/1624 2144/164/1621 2142/162/1619 2235/259/1713
f 2235/259/1713 2142/162/1619 2140/160/1617 2232/256/1710
f 2232/256/1710 2140/160/1617 2138/158/1615 2229/253/1707
f 2229/253/1707 2138/158/1615 2136/156/1613 2226/250/1704
f 2226/250/1704 2136/156/1613 2134/154/1611 2223/247/1701
f 2223/247/1701 2134/154/1611 2132/152/1609 2220/244/1698
f 2220/244/1698 2132/152/1609 2130/150/1607 2217/241/1695
f 2217/241/1695 2130/150/1607 2128/148/1605 2214/238/1692
f 2214/238/1692 2128/148/1605 2126/146/1603 2211/235/1689
f 2211/235/1689 2126/146/1603 2124/144/1601 2208/232/1686
f 2208/232/1686 2124/144/1601 2122/142/1599 2205/229/1683
f 2205/229/1683 2122/142/1599 2120/140/1597 2202/226/1680
f 2202/226/1680 2120/140/1597 2118/138/1595 2199/223/1677
f 2199/223/1677 2118/138/1595 2116/136/1593 2196/220/1674
f 2196/220/1674 2116/136/1593 2114/134/1591 2193/217/1671
f 2193/217/1671 2114/134/1591 2112/132/1589 2190/214/1668
f 2190/214/1668 2112/132/1589 2110/130/1587 2187/211/1665
f 2187/211/1665 2110/130/1587 2108/128/1585 2184/208/1662
f 2184/208/1662 2108/128/1585 2106/125/1583 2181/202/1659
f 2181/202/1659 2106/125/1583 2104/126/1581 2178/203/1656
f 2178/199/1656 2104/122/1581 2102/120/1579 2175/196/1653
f 2175/196/1653 2102/120/1579 2100/118/1577 2172/193/1650
f 2172/193/1650 2100/118/1577 2098/116/1575 2169/190/1647
f 2169/190/1647 2098/116/1575 2096/114/1573 2166/187/1644
f 2166/187/1644 2096/114/1573 2094/112/1571 2163/184/1641
f 2163/184/1641 2094/112/1571 2092/110/1569 2160/181/1638
f 2160/181/1638 2092/110/1569 2090/108/1567 2154/175/1632
f 2081/98/1557 2821/891/2295 2883/892/2296 2078/95/1554
f 2822/6/1468 2823/893/2297 2821/891/2295 2081/98/1557
f 1991/5/1467 2825/894/2298 2823/893/2297 2822/6/1468
f 2823/893/2297 2824/895/2299 2886/896/2300 2821/891/2295
f 2825/894/2298 2826/897/2301 2824/895/2299 2823/893/2297
f 2827/898/2302 2828/899/2303 2826/897/2301 2825/894/2298
f 1994/8/1470 2827/898/2302 2825/894/2298 1991/5/1467
f 2829/900/2304 2830/901/2305 2828/899/2303 2827/898/2302
f 1997/11/1473 2829/900/2304 2827/898/2302 1994/8/1470
f 2831/902/2306 2832/903/2307 2830/901/2305 2829/900/2304
f 2000/14/1476 2831/902/2306 2829/900/2304 1997/11/1473
f 2833/904/2308 2834/905/2309 2832/903/2307 2831/902/2306
f 2003/17/1479 2833/904/2308 2831/902/2306 2000/14/1476
f 2835/906/2310 2836/907/2311 2834/905/2309 2833/904/2308
f 2006/20/1482 2835/906/2310 2833/904/2308 2003/17/1479
f 2837/908/2312 2838/909/2313 2836/907/2311 2835/906/2310
f 2009/23/1485 2837/908/2312 2835/906/2310 2006/20/1482
f 2839/910/2314 2840/911/2315 2838/909/2313 2837/908/2312
f 2012/26/1488 2839/910/2314 2837/908/2312 2009/23/1485
f 2841/912/2316 2842/913/2317 2840/911/2315 2839/910/2314
f 2015/29/1491 2841/912/2316 2839/910/2314 2012/26/1488
f 2843/914/2318 2844/915/2319 2842/916/2317 2841/917/2316
f 2018/32/1494 2843/914/2318 2841/917/2316 2015/33/1491
f 2845/918/2320 2846/919/2321 2844/915/2319 2843/914/2318
f 2021/38/1497 2845/918/2320 2843/914/2318 2018/32/1494
f 2847/920/2322 2848/921/2323 2846/919/2321 2845/918/2320
f 2024/41/1500 2847/920/2322 2845/918/2320 2021/38/1497
f 2849/922/2324 2850/923/2325 2848/921/2323 2847/920/2322
f 2027/44/1503 2849/922/2324 2847/920/2322 2024/41/1500
f 2851/924/2326 2852/925/2327 2850/923/2325 2849/922/2324
f 2030/47/1506 2851/924/2326 2849/922/2324 2027/44/1503
f 2853/926/2328 2854/927/2329 2852/925/2327 2851/924/2326
f 2033/50/1509 2853/926/2328 2851/924/2326 2030/47/1506
f 2855/928/2330 2856/929/2331 2854/927/2329 2853/926/2328
f 2036/53/1512 2855/928/2330 2853/926/2328 2033/50/1509
f 2857/930/2332 2858/931/2333 2856/929/2331 2855/928/2330
f 2039/56/1515 2857/930/2332 2855/928/2330 2036/53/1512
f 2859/932/2334 2860/933/2335 2858/931/2333 2857/930/2332
f 2042/59/1518 2859/932/2334 2857/930/2332 2039/56/1515
f 2861/934/2336 2862/935/2337 2860/933/2335 2859/932/2334
f 2045/62/1521 2861/934/2336 2859/932/2334 2042/59/1518
f 2863/936/2338 2864/937/2339 2862/935/2337 2861/934/2336
f 2048/65/1524 2863/936/2338 2861/934/2336 2045/62/1521
f 2865/938/2340 2866/939/2341 2864/937/2339 2863/936/2338
f 2051/68/1527 2865/938/2340 2863/936/2338 2048/65/1524
f 2867/940/2342 2868/941/2343 2866/939/2341 2865/938/2340
f 2054/71/1530 2867/940/2342 2865/938/2340 2051/68/1527
f 2869/942/2344 2870/943/2345 2868/941/2343 2867/940/2342
f 2057/74/1533 2869/942/2344 2867/940/2342 2054/71/1530
f 2871/944/2346 2872/945/2347 2870/943/2345 2869/942/2344
f 2060/77/1536 2871/944/2346 2869/942/2344 2057/74/1533
f 2873/946/2348 2874/947/2349 2872/945/2347 2871/944/2346
f 2063/80/1539 2873/946/2348 2871/944/2346 2060/77/1536
f 2875/948/2350 2876/949/2351 2874/947/2349 2873/946/2348
f 2066/83/1542 2875/948/2350 2873/946/2348 2063/80/1539
f 2877/950/2352 2878/951/2353 2876/949/2351 2875/948/2350
f 2069/86/1545 2877/950/2352 2875/948/2350 2066/83/1542
f 2879/952/2354 2880/953/2355 2878/951/2353 2877/950/2352
f 2072/89/1548 2879/952/2354 2877/950/2352 2069/86/1545
f 2881/954/2356 2882/955/2357 2880/953/2355 2879/952/2354
f 2075/92/1551 2881/954/2356 2879/952/2354 2072/89/1548
f 2883/892/2296 2884/956/2358 2882/955/2357 2881/954/2356
f 2078/95/1554 2883/892/2296 2881/954/2356 2075/92/1551
f 2821/891/2295 2886/896/2300 2884/956/2358 2883/892/2296
f 2884/956/2358 2885/957/2359 2947/958/2360 2882/955/2357
f 2886/896/2300 2887/959/2361 2885/957/2359 2884/956/2358
f 2824/895/2299 2889/960/2362 2887/959/2361 2886/896/2300
f 2887/959/2361 2888/961/2363 2950/962/2364 2885/957/2359
f 2889/960/2362 2890/963/2365 2888/961/2363 2887/959/2361
f 2891/964/2366 2892/965/2367 2890/963/2365 2889/960/2362
f 2826/897/2301 2891/964/2366 2889/960/2362 2824/895/2299
f 2893/966/2368 2894/967/2369 2892/965/2367 2891/964/2366
f 2828/899/2303 2893/966/2368 2891/964/2366 2826/897/2301
f 2895/968/2370 2896/969/2371 2894/967/2369 2893/966/2368
f 2830/901/2305 2895/968/2370 2893/966/2368 2828/899/2303
f 2897/970/2372 2898/971/2373 2896/969/2371 2895/968/2370
f 2832/903/2307 2897/970/2372 2895/968/2370 2830/901/2305
f 2899/972/2374 2900/973/2375 2898/971/2373 2897/970/2372
f 2834/905/2309 2899/972/2374 2897/970/2372 2832/903/2307
f 2901/974/2376 2902/975/2377 2900/973/2375 2899/972/2374
f 2836/907/2311 2901/974/2376 2899/972/2374 2834/905/2309
f 2903/976/2378 2904/977/2379 2902/975/2377 2901/974/2376
f 2838/909/2313 2903/976/2378 2901/974/2376 2836/907/2311
f 2905/978/2380 2906/979/2381 2904/977/2379 2903/976/2378
f 2840/911/2315 2905/978/2380 2903/976/2378 2838/909/2313
f 2907/980/2382 2908/981/2383 2906/979/2381 2905/978/2380
f 2842/913/2317 2907/980/2382 2905/978/2380 2840/911/2315
f 2909/982/2384 2910/983/2385 2908/984/2383 2907/985/2382
f 2844/915/2319 2909/982/2384 2907/985/2382 2842/916/2317
f 2911/986/2386 2912/987/2387 2910/983/2385 2909/982/2384
f 2846/919/2321 2911/986/2386 2909/982/2384 2844/915/2319
f 2913/988/2388 2914/989/2389 2912/987/2387 2911/986/2386
f 2848/921/2323 2913/988/2388 2911/986/2386 2846/919/2321
f 2915/990/2390 2916/991/2391 2914/989/2389 2913/988/2388
f 2850/923/2325 2915/990/2390 2913/988/2388 2848/921/2323
f 2917/992/2392 2918/993/2393 2916/991/2391 2915/990/2390
f 2852/925/2327 2917/992/2392 2915/990/2390 2850/923/2325
f 2919/994/2394 2920/995/2395 2918/993/2393 2917/992/2392
f 2854/927/2329 2919/994/2394 2917/992/2392 2852/925/2327
f 2921/996/2396 2922/997/2397 2920/995/2395 2919/994/2394
f 2856/929/2331 2921/996/2396 2919/994/2394 2854/927/2329
f 2923/998/2398 2924/999/2399 2922/997/2397 2921/996/2396
f 2858/931/2333 2923/998/2398 2921/996/2396 2856/929/2331
f 2925/1000/2400 2926/1001/2401 2924/999/2399 2923/998/2398
f 2860/933/2335 2925/1000/2400 2923/998/2398 2858/931/2333
f 2927/1002/2402 2928/1003/2403 2926/1001/2401 2925/1000/2400
f 2862/935/2337 2927/1002/2402 2925/1000/2400 2860/933/2335
f 2929/1004/2404 2930/1005/2405 2928/1003/2403 2927/1002/2402
f 2864/937/2339 2929/1004/2404 2927/1002/2402 2862/935/2337
f 2931/1006/2406 2932/1007/2407 2930/1005/2405 2929/1004/2404
f 2866/939/2341 2931/1006/2406 2929/1004/2404 2864/937/2339
f 2933/1008/2408 2934/1009/2409 2932/1007/2407 2931/1006/2406
f 2868/941/2343 2933/1008/2408 2931/1006/2406 2866/939/2341
f 2935/1010/2410 2936/1011/2411 2934/1009/2409 2933/1008/2408
f 2870/943/2345 2935/1010/2410 2933/1008/2408 2868/941/2343
f 2937/1012/2412 2938/1013/2413 2936/1011/2411 2935/1010/2410
f 2872/945/2347 2937/1012/2412 2935/1010/2410 2870/943/2345
f 2939/1014/2414 2940/1015/2415 2938/1013/2413 2937/1012/2412
f 2874/947/2349 2939/1014/2414 2937/1012/2412 2872/945/2347
f 2941/1016/2416 2942/1017/2417 2940/1015/2415 2939/1014/2414
f 2876/949/2351 2941/1016/2416 2939/1014/2414 2874/947/2349
f 2943/1018/2418 2944/1019/2419 2942/1017/2417 2941/1016/2416
f 2878/951/2353 2943/1018/2418 2941/1016/2416 2876/949/2351
f 2945/1020/2420 2946/1021/2421 2944/1019/2419 2943/1018/2418
f 2880/953/2355 2945/1020/2420 2943/1018/2418 2878/951/2353
f 2947/958/2360 2948/1022/2422 2946/1021/2421 2945/1020/2420
f 2882/955/2357 2947/958/2360 2945/1020/2420 2880/953/2355
f 2885/957/2359 2950/962/2364 2948/1022/2422 2947/958/2360
f 2948/1022/2422 2949/1023/2423 2957/1024/2424 2946/1021/2421
f 2950/962/2364 2951/1025/2425 2949/1023/2423 2948/1022/2422
f 2888/961/2363 2952/1026/2426 2951/1025/2425 2950/962/2364
f 2952/1026/2426 2953/1027/966 2951/1025/2425
f 2951/1025/2425 2953/1028/966 2949/1023/2423
f 2954/1029/2427 2953/1030/966 2969/1031/2428
f 2968/1032/2429 2953/1033/966 2954/1029/2427
f 2982/1034/2430 2953/1035/966 2955/1036/2431
f 2955/1036/2431 2953/1037/966 2956/1038/2432
f 2956/1038/2432 2953/1039/966 2952/1026/2426
f 2949/1023/2423 2953/1040/966 2957/1024/2424
f 2957/1024/2424 2953/1041/966 2958/1042/2433
f 2958/1042/2433 2953/1043/966 2959/1044/2434
f 2959/1044/2434 2953/1045/966 2960/1046/2435
f 2960/1046/2435 2953/1047/966 2961/1048/2436
f 2961/1048/2436 2953/1049/966 2962/1050/2437
f 2962/1050/2437 2953/1051/966 2963/1052/2438
f 2963/1052/2438 2953/1053/966 2964/1054/2439
f 2964/1054/2439 2953/1055/966 2965/1056/2440
f 2965/1056/2440 2953/1057/966 2966/1058/2441
f 2966/1058/2441 2953/1059/966 2967/1060/2442
f 2967/1060/2442 2953/1061/966 2968/1032/2429
f 2969/1031/2428 2953/1062/966 2970/1063/2443
f 2970/1063/2443 2953/1064/966 2971/1065/2444
f 2971/1065/2444 2953/1066/966 2972/1067/2445
f 2972/1067/2445 2953/1068/966 2973/1069/2446
f 2973/1069/2446 2953/1070/966 2974/1071/2447
f 2974/1071/2447 2953/1072/966 2975/1073/2448
f 2975/1074/2448 2953/1075/966 2976/1076/2449
f 2976/1076/2449 2953/1077/966 2977/1078/2450
f 2977/1078/2450 2953/1079/966 2978/1080/2451
f 2978/1080/2451 2953/1081/966 2979/1082/2452
f 2979/1082/2452 2953/1083/966 2980/1084/2453
f 2980/1084/2453 2953/1085/966 2981/1086/2454
f 2981/1086/2454 2953/1087/966 2982/1034/2430
f 2894/967/2369 2982/1034/2430 2955/1036/2431 2892/965/2367
f 2896/969/2371 2981/1086/2454 2982/1034/2430 2894/967/2369
f 2898/971/2373 2980/1084/2453 2981/1086/2454 2896/969/2371
f 2900/973/2375 2979/1082/2452 2980/1084/2453 2898/971/2373
f 2902/975/2377 2978/1080/2451 2979/1082/2452 2900/973/2375
f 2904/977/2379 2977/1078/2450 2978/1080/2451 2902/975/2377
f 2906/979/2381 2976/1076/2449 2977/1078/2450 2904/977/2379
f 2908/981/2383 2975/1074/2448 2976/1076/2449 2906/979/2381
f 2910/983/2385 2974/1071/2447 2975/1073/2448 2908/984/2383
f 2912/987/2387 2973/1069/2446 2974/1071/2447 2910/983/2385
f 2914/989/2389 2972/1067/2445 2973/1069/2446 2912/987/2387
f 2916/991/2391 2971/1065/2444 2972/1067/2445 2914/989/2389
f 2918/993/2393 2970/1063/2443 2971/1065/2444 2916/991/2391
f 2920/995/2395 2969/1031/2428 2970/1063/2443 2918/993/2393
f 2922/997/2397 2954/1029/2427 2969/1031/2428 2920/995/2395
f 2924/999/2399 2968/1032/2429 2954/1029/2427 2922/997/2397
f 2926/1001/2401 2967/1060/2442 2968/1032/2429 2924/999/2399
f 2928/1003/2403 2966/1058/2441 2967/1060/2442 2926/1001/2401
f 2930/1005/2405 2965/1056/2440 2966/1058/2441 2928/1003/2403
f 2932/1007/2407 2964/1054/2439 2965/1056/2440 2930/1005/2405
f 2934/1009/2409 2963/1052/2438 2964/1054/2439 2932/1007/2407
f 2936/1011/2411 2962/1050/2437 2963/1052/2438 2934/1009/2409
f 2938/1013/2413 2961/1048/2436 2962/1050/2437 2936/1011/2411
f 2940/1015/2415 2960/1046/2435 2961/1048/2436 2938/1013/2413
f 2942/1017/2417 2959/1044/2434 2960/1046/2435 2940/1015/2415
f 2944/1019/2419 2958/1042/2433 2959/1044/2434 2942/1017/2417
f 2946/1021/2421 2957/1024/2424 2958/1042/2433 2944/1019/2419
f 2890/963/2365 2956/1038/2432 2952/1026/2426 2888/961/2363
f 2892/965/2367 2955/1036/2431 2956/1038/2432 2890/963/2365
usemtl Material.005
f 2986/1/2455 2983/2/2456 2984/3/2457 3078/4/2458
f 2983/2/2456 2985/5/2459 3816/6/2460 2984/3/2457
f 2987/7/2461 2988/8/2462 2985/5/2459 2983/2/2456
f 2989/9/2463 2987/7/2461 2983/2/2456 2986/1/2455
f 2990/10/2464 2991/11/2465 2988/8/2462 2987/7/2461
f 2992/12/2466 2990/10/2464 2987/7/2461 2989/9/2463
f 2993/13/2467 2994/14/2468 2991/11/2465 2990/10/2464
f 2995/15/2469 2993/13/2467 2990/10/2464 2992/12/2466
f 2996/16/2470 2997/17/2471 2994/14/2468 2993/13/2467
f 2998/18/2472 2996/16/2470 2993/13/2467 2995/15/2469
f 2999/19/2473 3000/20/2474 2997/17/2471 2996/16/2470
f 3001/21/2475 2999/19/2473 2996/16/2470 2998/18/2472
f 3002/22/2476 3003/23/2477 3000/20/2474 2999/19/2473
f 3004/24/2478 3002/22/2476 2999/19/2473 3001/21/2475
f 3005/25/2479 3006/26/2480 3003/23/2477 3002/22/2476
f 3007/27/2481 3005/25/2479 3002/22/2476 3004/24/2478
f 3008/28/2482 3009/29/2483 3006/26/2480 3005/25/2479
f 3010/30/2484 3008/28/2482 3005/25/2479 3007/27/2481
f 3011/31/2485 3012/32/2486 3009/33/2483 3008/34/2482
f 3013/35/2487 3011/31/2485 3008/34/2482 3010/36/2484
f 3014/37/2488 3015/38/2489 3012/32/2486 3011/31/2485
f 3016/39/2490 3014/37/2488 3011/31/2485 3013/35/2487
f 3017/40/2491 3018/41/2492 3015/38/2489 3014/37/2488
f 3019/42/2493 3017/40/2491 3014/37/2488 3016/39/2490
f 3020/43/2494 3021/44/2495 3018/41/2492 3017/40/2491
f 3022/45/2496 3020/43/2494 3017/40/2491 3019/42/2493
f 3023/46/2497 3024/47/2498 3021/44/2495 3020/43/2494
f 3025/48/2499 3023/46/2497 3020/43/2494 3022/45/2496
f 3026/49/2500 3027/50/2501 3024/47/2498 3023/46/2497
f 3028/51/2502 3026/49/2500 3023/46/2497 3025/48/2499
f 3029/52/2503 3030/53/2504 3027/50/2501 3026/49/2500
f 3031/54/2505 3029/52/2503 3026/49/2500 3028/51/2502
f 3032/55/2506 3033/56/2507 3030/53/2504 3029/52/2503
f 3034/57/2508 3032/55/2506 3029/52/2503 3031/54/2505
f 3035/58/2509 3036/59/2510 3033/56/2507 3032/55/2506
f 3037/60/2511 3035/58/2509 3032/55/2506 3034/57/2508
f 3038/61/2512 3039/62/2513 3036/59/2510 3035/58/2509
f 3040/63/2514 3038/61/2512 3035/58/2509 3037/60/2511
f 3041/64/2515 3042/65/2516 3039/62/2513 3038/61/2512
f 3043/66/2517 3041/64/2515 3038/61/2512 3040/63/2514
f 3044/67/2518 3045/68/2519 3042/65/2516 3041/64/2515
f 3046/69/2520 3044/67/2518 3041/64/2515 3043/66/2517
f 3047/70/2521 3048/71/2522 3045/68/2519 3044/67/2518
f 3049/72/2523 3047/70/2521 3044/67/2518 3046/69/2520
f 3050/73/2524 3051/74/2525 3048/71/2522 3047/70/2521
f 3052/75/2526 3050/73/2524 3047/70/2521 3049/72/2523
f 3053/76/2527 3054/77/2528 3051/74/2525 3050/73/2524
f 3055/78/2529 3053/76/2527 3050/73/2524 3052/75/2526
f 3056/79/2530 3057/80/2531 3054/77/2528 3053/76/2527
f 3058/81/2532 3056/79/2530 3053/76/2527 3055/78/2529
f 3059/82/2533 3060/83/2534 3057/80/2531 3056/79/2530
f 3061/84/2535 3059/82/2533 3056/79/2530 3058/81/2532
f 3062/85/2536 3063/86/2537 3060/83/2534 3059/82/2533
f 3064/87/2538 3062/85/2536 3059/82/2533 3061/84/2535
f 3065/88/2539 3066/89/2540 3063/86/2537 3062/85/2536
f 3067/90/2541 3065/88/2539 3062/85/2536 3064/87/2538
f 3068/91/2542 3069/92/2543 3066/89/2540 3065/88/2539
f 3070/93/2544 3068/91/2542 3065/88/2539 3067/90/2541
f 3071/94/2545 3072/95/2546 3069/92/2543 3068/91/2542
f 3073/96/2547 3071/94/2545 3068/91/2542 3070/93/2544
f 3074/97/2548 3075/98/2549 3072/95/2546 3071/94/2545
f 3076/99/2550 3074/97/2548 3071/94/2545 3073/96/2547
f 2984/3/2457 3816/6/2460 3075/98/2549 3074/97/2548
f 3078/4/2458 2984/3/2457 3074/97/2548 3076/99/2550
f 3077/100/2551 3076/99/2550 3073/96/2547 3139/101/2552
f 3079/102/2553 3078/4/2458 3076/99/2550 3077/100/2551
f 3081/103/2554 2986/1/2455 3078/4/2458 3079/102/2553
f 3080/104/2555 3079/102/2553 3077/100/2551 3142/105/2556
f 3082/106/2557 3081/103/2554 3079/102/2553 3080/104/2555
f 3083/107/2558 2989/9/2463 2986/1/2455 3081/103/2554
f 3084/108/2559 3083/107/2558 3081/103/2554 3082/106/2557
f 3085/109/2560 2992/12/2466 2989/9/2463 3083/107/2558
f 3086/110/2561 3085/109/2560 3083/107/2558 3084/108/2559
f 3087/111/2562 2995/15/2469 2992/12/2466 3085/109/2560
f 3088/112/2563 3087/111/2562 3085/109/2560 3086/110/2561
f 3089/113/2564 2998/18/2472 2995/15/2469 3087/111/2562
f 3090/114/2565 3089/113/2564 3087/111/2562 3088/112/2563
f 3091/115/2566 3001/21/2475 2998/18/2472 3089/113/2564
f 3092/116/2567 3091/115/2566 3089/113/2564 3090/114/2565
f 3093/117/2568 3004/24/2478 3001/21/2475 3091/115/2566
f 3094/118/2569 3093/117/2568 3091/115/2566 3092/116/2567
f 3095/119/2570 3007/27/2481 3004/24/2478 3093/117/2568
f 3096/120/2571 3095/119/2570 3093/117/2568 3094/118/2569
f 3097/121/2572 3010/30/2484 3007/27/2481 3095/119/2570
f 3098/122/2573 3097/121/2572 3095/119/2570 3096/120/2571
f 3099/123/2574 3013/35/2487 3010/36/2484 3097/124/2572
f 3100/125/2575 3099/123/2574 3097/124/2572 3098/126/2573
f 3101/127/2576 3016/39/2490 3013/35/2487 3099/123/2574
f 3102/128/2577 3101/127/2576 3099/123/2574 3100/125/2575
f 3103/129/2578 3019/42/2493 3016/39/2490 3101/127/2576
f 3104/130/2579 3103/129/2578 3101/127/2576 3102/128/2577
f 3105/131/2580 3022/45/2496 3019/42/2493 3103/129/2578
f 3106/132/2581 3105/131/2580 3103/129/2578 3104/130/2579
f 3107/133/2582 3025/48/2499 3022/45/2496 3105/131/2580
f 3108/134/2583 3107/133/2582 3105/131/2580 3106/132/2581
f 3109/135/2584 3028/51/2502 3025/48/2499 3107/133/2582
f 3110/136/2585 3109/135/2584 3107/133/2582 3108/134/2583
f 3111/137/2586 3031/54/2505 3028/51/2502 3109/135/2584
f 3112/138/2587 3111/137/2586 3109/135/2584 3110/136/2585
f 3113/139/2588 3034/57/2508 3031/54/2505 3111/137/2586
f 3114/140/2589 3113/139/2588 3111/137/2586 3112/138/2587
f 3115/141/2590 3037/60/2511 3034/57/2508 3113/139/2588
f 3116/142/2591 3115/141/2590 3113/139/2588 3114/140/2589
f 3117/143/2592 3040/63/2514 3037/60/2511 3115/141/2590
f 3118/144/2593 3117/143/2592 3115/141/2590 3116/142/2591
f 3119/145/2594 3043/66/2517 3040/63/2514 3117/143/2592
f 3120/146/2595 3119/145/2594 3117/143/2592 3118/144/2593
f 3121/147/2596 3046/69/2520 3043/66/2517 3119/145/2594
f 3122/148/2597 3121/147/2596 3119/145/2594 3120/146/2595
f 3123/149/2598 3049/72/2523 3046/69/2520 3121/147/2596
f 3124/150/2599 3123/149/2598 3121/147/2596 3122/148/2597
f 3125/151/2600 3052/75/2526 3049/72/2523 3123/149/2598
f 3126/152/2601 3125/151/2600 3123/149/2598 3124/150/2599
f 3127/153/2602 3055/78/2529 3052/75/2526 3125/151/2600
f 3128/154/2603 3127/153/2602 3125/151/2600 3126/152/2601
f 3129/155/2604 3058/81/2532 3055/78/2529 3127/153/2602
f 3130/156/2605 3129/155/2604 3127/153/2602 3128/154/2603
f 3131/157/2606 3061/84/2535 3058/81/2532 3129/155/2604
f 3132/158/2607 3131/157/2606 3129/155/2604 3130/156/2605
f 3133/159/2608 3064/87/2538 3061/84/2535 3131/157/2606
f 3134/160/2609 3133/159/2608 3131/157/2606 3132/158/2607
f 3135/161/2610 3067/90/2541 3064/87/2538 3133/159/2608
f 3136/162/2611 3135/161/2610 3133/159/2608 3134/160/2609
f 3137/163/2612 3070/93/2544 3067/90/2541 3135/161/2610
f 3138/164/2613 3137/163/2612 3135/161/2610 3136/162/2611
f 3139/101/2552 3073/96/2547 3070/93/2544 3137/163/2612
f 3140/165/2614 3139/101/2552 3137/163/2612 3138/164/2613
f 3142/105/2556 3077/100/2551 3139/101/2552 3140/165/2614
f 3141/166/2615 3140/165/2614 3138/164/2613 3232/167/2616
f 3143/168/2617 3142/105/2556 3140/165/2614 3141/166/2615
f 3145/169/2618 3080/104/2555 3142/105/2556 3143/168/2617
f 3144/170/2619 3143/168/2617 3141/166/2615 3234/171/2620
f 3146/172/2621 3145/169/2618 3143/168/2617 3144/170/2619
f 3147/173/2622 3082/106/2557 3080/104/2555 3145/169/2618
f 3149/174/2623 3147/173/2622 3145/169/2618 3146/172/2621
f 3148/175/2624 3084/108/2559 3082/106/2557 3147/173/2622
f 3151/176/2625 3148/175/2624 3147/173/2622 3149/174/2623
f 3152/177/2626 3151/176/2625 3149/174/2623 3150/178/2627
f 3150/178/2627 3149/174/2623 3146/172/2621 3239/179/2628
f 3153/180/2629 3154/181/2630 3148/175/2624 3151/176/2625
f 3155/182/2631 3153/180/2629 3151/176/2625 3152/177/2626
f 3156/183/2632 3157/184/2633 3154/181/2630 3153/180/2629
f 3158/185/2634 3156/183/2632 3153/180/2629 3155/182/2631
f 3159/186/2635 3160/187/2636 3157/184/2633 3156/183/2632
f 3161/188/2637 3159/186/2635 3156/183/2632 3158/185/2634
f 3162/189/2638 3163/190/2639 3160/187/2636 3159/186/2635
f 3164/191/2640 3162/189/2638 3159/186/2635 3161/188/2637
f 3165/192/2641 3166/193/2642 3163/190/2639 3162/189/2638
f 3167/194/2643 3165/192/2641 3162/189/2638 3164/191/2640
f 3168/195/2644 3169/196/2645 3166/193/2642 3165/192/2641
f 3170/197/2646 3168/195/2644 3165/192/2641 3167/194/2643
f 3171/198/2647 3172/199/2648 3169/196/2645 3168/195/2644
f 3173/200/2649 3171/198/2647 3168/195/2644 3170/197/2646
f 3174/201/2650 3175/202/2651 3172/203/2648 3171/204/2647
f 3176/205/2652 3174/201/2650 3171/204/2647 3173/206/2649
f 3177/207/2653 3178/208/2654 3175/202/2651 3174/201/2650
f 3179/209/2655 3177/207/2653 3174/201/2650 3176/205/2652
f 3180/210/2656 3181/211/2657 3178/208/2654 3177/207/2653
f 3182/212/2658 3180/210/2656 3177/207/2653 3179/209/2655
f 3183/213/2659 3184/214/2660 3181/211/2657 3180/210/2656
f 3185/215/2661 3183/213/2659 3180/210/2656 3182/212/2658
f 3186/216/2662 3187/217/2663 3184/214/2660 3183/213/2659
f 3188/218/2664 3186/216/2662 3183/213/2659 3185/215/2661
f 3189/219/2665 3190/220/2666 3187/217/2663 3186/216/2662
f 3191/221/2667 3189/219/2665 3186/216/2662 3188/218/2664
f 3192/222/2668 3193/223/2669 3190/220/2666 3189/219/2665
f 3194/224/2670 3192/222/2668 3189/219/2665 3191/221/2667
f 3195/225/2671 3196/226/2672 3193/223/2669 3192/222/2668
f 3197/227/2673 3195/225/2671 3192/222/2668 3194/224/2670
f 3198/228/2674 3199/229/2675 3196/226/2672 3195/225/2671
f 3200/230/2676 3198/228/2674 3195/225/2671 3197/227/2673
f 3201/231/2677 3202/232/2678 3199/229/2675 3198/228/2674
f 3203/233/2679 3201/231/2677 3198/228/2674 3200/230/2676
f 3204/234/2680 3205/235/2681 3202/232/2678 3201/231/2677
f 3206/236/2682 3204/234/2680 3201/231/2677 3203/233/2679
f 3207/237/2683 3208/238/2684 3205/235/2681 3204/234/2680
f 3209/239/2685 3207/237/2683 3204/234/2680 3206/236/2682
f 3210/240/2686 3211/241/2687 3208/238/2684 3207/237/2683
f 3212/242/2688 3210/240/2686 3207/237/2683 3209/239/2685
f 3213/243/2689 3214/244/2690 3211/241/2687 3210/240/2686
f 3215/245/2691 3213/243/2689 3210/240/2686 3212/242/2688
f 3216/246/2692 3217/247/2693 3214/244/2690 3213/243/2689
f 3218/248/2694 3216/246/2692 3213/243/2689 3215/245/2691
f 3219/249/2695 3220/250/2696 3217/247/2693 3216/246/2692
f 3221/251/2697 3219/249/2695 3216/246/2692 3218/248/2694
f 3222/252/2698 3223/253/2699 3220/250/2696 3219/249/2695
f 3224/254/2700 3222/252/2698 3219/249/2695 3221/251/2697
f 3225/255/2701 3226/256/2702 3223/253/2699 3222/252/2698
f 3227/257/2703 3225/255/2701 3222/252/2698 3224/254/2700
f 3228/258/2704 3229/259/2705 3226/256/2702 3225/255/2701
f 3230/260/2706 3228/258/2704 3225/255/2701 3227/257/2703
f 3231/261/2707 3232/167/2616 3229/259/2705 3228/258/2704
f 3233/262/2708 3231/261/2707 3228/258/2704 3230/260/2706
f 3234/171/2620 3141/166/2615 3232/167/2616 3231/261/2707
f 3235/263/2709 3234/171/2620 3231/261/2707 3233/262/2708
f 3237/264/2710 3144/170/2619 3234/171/2620 3235/263/2709
f 3236/265/2711 3235/263/2709 3233/262/2708 3298/266/2712
f 3238/267/2713 3237/264/2710 3235/263/2709 3236/265/2711
f 3239/179/2628 3146/172/2621 3144/170/2619 3237/264/2710
f 3240/268/2714 3239/179/2628 3237/264/2710 3238/267/2713
f 3242/269/2715 3150/178/2627 3239/179/2628 3240/268/2714
f 3241/270/2716 3240/268/2714 3238/267/2713 3303/271/2717
f 3243/272/2718 3242/269/2715 3240/268/2714 3241/270/2716
f 3244/273/2719 3152/177/2626 3150/178/2627 3242/269/2715
f 3245/274/2720 3244/273/2719 3242/269/2715 3243/272/2718
f 3246/275/2721 3155/182/2631 3152/177/2626 3244/273/2719
f 3247/276/2722 3246/275/2721 3244/273/2719 3245/274/2720
f 3248/277/2723 3158/185/2634 3155/182/2631 3246/275/2721
f 3249/278/2724 3248/277/2723 3246/275/2721 3247/276/2722
f 3250/279/2725 3161/188/2637 3158/185/2634 3248/277/2723
f 3251/280/2726 3250/279/2725 3248/277/2723 3249/278/2724
f 3252/281/2727 3164/191/2640 3161/188/2637 3250/279/2725
f 3253/282/2728 3252/281/2727 3250/279/2725 3251/280/2726
f 3254/283/2729 3167/194/2643 3164/191/2640 3252/281/2727
f 3255/284/2730 3254/283/2729 3252/281/2727 3253/282/2728
f 3256/285/2731 3170/197/2646 3167/194/2643 3254/283/2729
f 3257/286/2732 3256/285/2731 3254/283/2729 3255/284/2730
f 3258/287/2733 3173/200/2649 3170/197/2646 3256/285/2731
f 3259/288/2734 3258/287/2733 3256/285/2731 3257/286/2732
f 3260/289/2735 3176/205/2652 3173/206/2649 3258/290/2733
f 3261/291/2736 3260/289/2735 3258/290/2733 3259/292/2734
f 3262/293/2737 3179/209/2655 3176/205/2652 3260/289/2735
f 3263/294/2738 3262/293/2737 3260/289/2735 3261/291/2736
f 3264/295/2739 3182/212/2658 3179/209/2655 3262/293/2737
f 3265/296/2740 3264/295/2739 3262/293/2737 3263/294/2738
f 3266/297/2741 3185/215/2661 3182/212/2658 3264/295/2739
f 3267/298/2742 3266/297/2741 3264/295/2739 3265/296/2740
f 3268/299/2743 3188/218/2664 3185/215/2661 3266/297/2741
f 3269/300/2744 3268/299/2743 3266/297/2741 3267/298/2742
f 3270/301/2745 3191/221/2667 3188/218/2664 3268/299/2743
f 3271/302/2746 3270/301/2745 3268/299/2743 3269/300/2744
f 3272/303/2747 3194/224/2670 3191/221/2667 3270/301/2745
f 3273/304/2748 3272/303/2747 3270/301/2745 3271/302/2746
f 3274/305/2749 3197/227/2673 3194/224/2670 3272/303/2747
f 3275/306/2750 3274/305/2749 3272/303/2747 3273/304/2748
f 3276/307/2751 3200/230/2676 3197/227/2673 3274/305/2749
f 3277/308/2752 3276/307/2751 3274/305/2749 3275/306/2750
f 3278/309/2753 3203/233/2679 3200/230/2676 3276/307/2751
f 3279/310/2754 3278/309/2753 3276/307/2751 3277/308/2752
f 3280/311/2755 3206/236/2682 3203/233/2679 3278/309/2753
f 3281/312/2756 3280/311/2755 3278/309/2753 3279/310/2754
f 3282/313/2757 3209/239/2685 3206/236/2682 3280/311/2755
f 3283/314/2758 3282/313/2757 3280/311/2755 3281/312/2756
f 3284/315/2759 3212/242/2688 3209/239/2685 3282/313/2757
f 3285/316/2760 3284/315/2759 3282/313/2757 3283/314/2758
f 3286/317/2761 3215/245/2691 3212/242/2688 3284/315/2759
f 3287/318/2762 3286/317/2761 3284/315/2759 3285/316/2760
f 3288/319/2763 3218/248/2694 3215/245/2691 3286/317/2761
f 3289/320/2764 3288/319/2763 3286/317/2761 3287/318/2762
f 3290/321/2765 3221/251/2697 3218/248/2694 3288/319/2763
f 3291/322/2766 3290/321/2765 3288/319/2763 3289/320/2764
f 3292/323/2767 3224/254/2700 3221/251/2697 3290/321/2765
f 3293/324/2768 3292/323/2767 3290/321/2765 3291/322/2766
f 3294/325/2769 3227/257/2703 3224/254/2700 3292/323/2767
f 3295/326/2770 3294/325/2769 3292/323/2767 3293/324/2768
f 3296/327/2771 3230/260/2706 3227/257/2703 3294/325/2769
f 3297/328/2772 3296/327/2771 3294/325/2769 3295/326/2770
f 3298/266/2712 3233/262/2708 3230/260/2706 3296/327/2771
f 3299/329/2773 3298/266/2712 3296/327/2771 3297/328/2772
f 3301/330/2774 3236/265/2711 3298/266/2712 3299/329/2773
f 3300/331/2775 3299/329/2773 3297/328/2772 3390/332/2776
f 3302/333/2777 3301/330/2774 3299/329/2773 3300/331/2775
f 3303/271/2717 3238/267/2713 3236/265/2711 3301/330/2774
f 3304/334/2778 3303/271/2717 3301/330/2774 3302/333/2777
f 3306/335/2779 3241/270/2716 3303/271/2717 3304/334/2778
f 3305/336/2780 3304/334/2778 3302/333/2777 3394/337/2781
f 3307/338/2782 3306/335/2779 3304/334/2778 3305/336/2780
f 3308/339/2783 3243/272/2718 3241/270/2716 3306/335/2779
f 3310/340/2784 3308/339/2783 3306/335/2779 3307/338/2782
f 3312/341/2785 3309/342/2786 3308/339/2783 3310/340/2784
f 3309/342/2786 3245/274/2720 3243/272/2718 3308/339/2783
f 3313/343/2787 3312/341/2785 3310/340/2784 3311/344/2788
f 3311/344/2788 3310/340/2784 3307/338/2782 3399/345/2789
f 3314/346/2790 3315/347/2791 3309/342/2786 3312/341/2785
f 3316/348/2792 3314/346/2790 3312/341/2785 3313/343/2787
f 3317/349/2793 3318/350/2794 3315/347/2791 3314/346/2790
f 3319/351/2795 3317/349/2793 3314/346/2790 3316/348/2792
f 3320/352/2796 3321/353/2797 3318/350/2794 3317/349/2793
f 3322/354/2798 3320/352/2796 3317/349/2793 3319/351/2795
f 3323/355/2799 3324/356/2800 3321/353/2797 3320/352/2796
f 3325/357/2801 3323/355/2799 3320/352/2796 3322/354/2798
f 3326/358/2802 3327/359/2803 3324/356/2800 3323/355/2799
f 3328/360/2804 3326/358/2802 3323/355/2799 3325/357/2801
f 3329/361/2805 3330/362/2806 3327/359/2803 3326/358/2802
f 3331/363/2807 3329/361/2805 3326/358/2802 3328/360/2804
f 3332/364/2808 3333/365/2809 3330/362/2806 3329/361/2805
f 3334/366/2810 3332/364/2808 3329/361/2805 3331/363/2807
f 3335/367/2811 3336/368/2812 3333/369/2809 3332/370/2808
f 3337/371/2813 3335/367/2811 3332/370/2808 3334/372/2810
f 3338/373/2814 3339/374/2815 3336/368/2812 3335/367/2811
f 3340/375/2816 3338/373/2814 3335/367/2811 3337/371/2813
f 3341/376/2817 3342/377/2818 3339/374/2815 3338/373/2814
f 3343/378/2819 3341/376/2817 3338/373/2814 3340/375/2816
f 3344/379/2820 3345/380/2821 3342/377/2818 3341/376/2817
f 3346/381/2822 3344/379/2820 3341/376/2817 3343/378/2819
f 3347/382/2823 3348/383/2824 3345/380/2821 3344/379/2820
f 3349/384/2825 3347/382/2823 3344/379/2820 3346/381/2822
f 3350/385/2826 3351/386/2827 3348/383/2824 3347/382/2823
f 3352/387/2828 3350/385/2826 3347/382/2823 3349/384/2825
f 3353/388/2829 3354/389/2830 3351/386/2827 3350/385/2826
f 3355/390/2831 3353/388/2829 3350/385/2826 3352/387/2828
f 3356/391/2832 3357/392/2833 3354/389/2830 3353/388/2829
f 3358/393/2834 3356/391/2832 3353/388/2829 3355/390/2831
f 3359/394/2835 3360/395/2836 3357/392/2833 3356/391/2832
f 3361/396/2837 3359/394/2835 3356/391/2832 3358/393/2834
f 3362/397/2838 3363/398/2839 3360/395/2836 3359/394/2835
f 3364/399/2840 3362/397/2838 3359/394/2835 3361/396/2837
f 3365/400/2841 3366/401/2842 3363/398/2839 3362/397/2838
f 3367/402/2843 3365/400/2841 3362/397/2838 3364/399/2840
f 3368/403/2844 3369/404/2845 3366/401/2842 3365/400/2841
f 3370/405/2846 3368/403/2844 3365/400/2841 3367/402/2843
f 3371/406/2847 3372/407/2848 3369/404/2845 3368/403/2844
f 3373/408/2849 3371/406/2847 3368/403/2844 3370/405/2846
f 3374/409/2850 3375/410/2851 3372/407/2848 3371/406/2847
f 3376/411/2852 3374/409/2850 3371/406/2847 3373/408/2849
f 3377/412/2853 3378/413/2854 3375/410/2851 3374/409/2850
f 3379/414/2855 3377/412/2853 3374/409/2850 3376/411/2852
f 3380/415/2856 3381/416/2857 3378/413/2854 3377/412/2853
f 3382/417/2858 3380/415/2856 3377/412/2853 3379/414/2855
f 3383/418/2859 3384/419/2860 3381/416/2857 3380/415/2856
f 3385/420/2861 3383/418/2859 3380/415/2856 3382/417/2858
f 3386/421/2862 3387/422/2863 3384/419/2860 3383/418/2859
f 3388/423/2864 3386/421/2862 3383/418/2859 3385/420/2861
f 3389/424/2865 3390/332/2776 3387/422/2863 3386/421/2862
f 3391/425/2866 3389/424/2865 3386/421/2862 3388/423/2864
f 3392/426/2867 3300/331/2775 3390/332/2776 3389/424/2865
f 3393/427/2868 3392/426/2867 3389/424/2865 3391/425/2866
f 3394/337/2781 3302/333/2777 3300/331/2775 3392/426/2867
f 3395/428/2869 3394/337/2781 3392/426/2867 3393/427/2868
f 3397/429/2870 3305/336/2780 3394/337/2781 3395/428/2869
f 3396/430/2871 3395/428/2869 3393/427/2868 3458/431/2872
f 3398/432/2873 3397/429/2870 3395/428/2869 3396/430/2871
f 3399/345/2789 3307/338/2782 3305/336/2780 3397/429/2870
f 3400/433/2874 3399/345/2789 3397/429/2870 3398/432/2873
f 3402/434/2875 3311/344/2788 3399/345/2789 3400/433/2874
f 3401/435/2876 3400/433/2874 3398/432/2873 3463/436/2877
f 3403/437/2878 3402/434/2875 3400/433/2874 3401/435/2876
f 3405/438/2879 3404/439/2880 3402/434/2875 3403/437/2878
f 3404/439/2880 3313/343/2787 3311/344/2788 3402/434/2875
f 3406/440/2881 3316/348/2792 3313/343/2787 3404/439/2880
f 3407/441/2882 3406/440/2881 3404/439/2880 3405/438/2879
f 3408/442/2883 3319/351/2795 3316/348/2792 3406/440/2881
f 3409/443/2884 3408/442/2883 3406/440/2881 3407/441/2882
f 3410/444/2885 3322/354/2798 3319/351/2795 3408/442/2883
f 3411/445/2886 3410/444/2885 3408/442/2883 3409/443/2884
f 3412/446/2887 3325/357/2801 3322/354/2798 3410/444/2885
f 3413/447/2888 3412/446/2887 3410/444/2885 3411/445/2886
f 3414/448/2889 3328/360/2804 3325/357/2801 3412/446/2887
f 3415/449/2890 3414/448/2889 3412/446/2887 3413/447/2888
f 3416/450/2891 3331/363/2807 3328/360/2804 3414/448/2889
f 3417/451/2892 3416/450/2891 3414/448/2889 3415/449/2890
f 3418/452/2893 3334/366/2810 3331/363/2807 3416/450/2891
f 3419/453/2894 3418/452/2893 3416/450/2891 3417/451/2892
f 3420/454/2895 3337/371/2813 3334/372/2810 3418/455/2893
f 3421/456/2896 3420/454/2895 3418/455/2893 3419/457/2894
f 3422/458/2897 3340/375/2816 3337/371/2813 3420/454/2895
f 3423/459/2898 3422/458/2897 3420/454/2895 3421/456/2896
f 3424/460/2899 3343/378/2819 3340/375/2816 3422/458/2897
f 3425/461/2900 3424/460/2899 3422/458/2897 3423/459/2898
f 3426/462/2901 3346/381/2822 3343/378/2819 3424/460/2899
f 3427/463/2902 3426/462/2901 3424/460/2899 3425/461/2900
f 3428/464/2903 3349/384/2825 3346/381/2822 3426/462/2901
f 3429/465/2904 3428/464/2903 3426/462/2901 3427/463/2902
f 3430/466/2905 3352/387/2828 3349/384/2825 3428/464/2903
f 3431/467/2906 3430/466/2905 3428/464/2903 3429/465/2904
f 3432/468/2907 3355/390/2831 3352/387/2828 3430/466/2905
f 3433/469/2908 3432/468/2907 3430/466/2905 3431/467/2906
f 3434/470/2909 3358/393/2834 3355/390/2831 3432/468/2907
f 3435/471/2910 3434/470/2909 3432/468/2907 3433/469/2908
f 3436/472/2911 3361/396/2837 3358/393/2834 3434/470/2909
f 3437/473/2912 3436/472/2911 3434/470/2909 3435/471/2910
f 3438/474/2913 3364/399/2840 3361/396/2837 3436/472/2911
f 3439/475/2914 3438/474/2913 3436/472/2911 3437/473/2912
f 3440/476/2915 3367/402/2843 3364/399/2840 3438/474/2913
f 3441/477/2916 3440/476/2915 3438/474/2913 3439/475/2914
f 3442/478/2917 3370/405/2846 3367/402/2843 3440/476/2915
f 3443/479/2918 3442/478/2917 3440/476/2915 3441/477/2916
f 3444/480/2919 3373/408/2849 3370/405/2846 3442/478/2917
f 3445/481/2920 3444/480/2919 3442/478/2917 3443/479/2918
f 3446/482/2921 3376/411/2852 3373/408/2849 3444/480/2919
f 3447/483/2922 3446/482/2921 3444/480/2919 3445/481/2920
f 3448/484/2923 3379/414/2855 3376/411/2852 3446/482/2921
f 3449/485/2924 3448/484/2923 3446/482/2921 3447/483/2922
f 3450/486/2925 3382/417/2858 3379/414/2855 3448/484/2923
f 3451/487/2926 3450/486/2925 3448/484/2923 3449/485/2924
f 3452/488/2927 3385/420/2861 3382/417/2858 3450/486/2925
f 3453/489/2928 3452/488/2927 3450/486/2925 3451/487/2926
f 3454/490/2929 3388/423/2864 3385/420/2861 3452/488/2927
f 3455/491/2930 3454/490/2929 3452/488/2927 3453/489/2928
f 3456/492/2931 3391/425/2866 3388/423/2864 3454/490/2929
f 3457/493/2932 3456/492/2931 3454/490/2929 3455/491/2930
f 3458/431/2872 3393/427/2868 3391/425/2866 3456/492/2931
f 3459/494/2933 3458/431/2872 3456/492/2931 3457/493/2932
f 3461/495/2934 3396/430/2871 3458/431/2872 3459/494/2933
f 3460/496/2935 3459/494/2933 3457/493/2932 3522/497/2936
f 3462/498/2937 3461/495/2934 3459/494/2933 3460/496/2935
f 3463/436/2877 3398/432/2873 3396/430/2871 3461/495/2934
f 3464/499/2938 3463/436/2877 3461/495/2934 3462/498/2937
f 3466/500/2939 3401/435/2876 3463/436/2877 3464/499/2938
f 3465/501/2940 3464/499/2938 3462/498/2937 3527/502/2941
f 3467/503/2942 3466/500/2939 3464/499/2938 3465/501/2940
f 3468/504/2943 3403/437/2878 3401/435/2876 3466/500/2939
f 3469/505/2944 3468/504/2943 3466/500/2939 3467/503/2942
f 3471/506/2945 3470/507/2946 3468/504/2943 3469/505/2944
f 3470/507/2946 3405/438/2879 3403/437/2878 3468/504/2943
f 3472/508/2947 3407/441/2882 3405/438/2879 3470/507/2946
f 3473/509/2948 3472/508/2947 3470/507/2946 3471/506/2945
f 3474/510/2949 3409/443/2884 3407/441/2882 3472/508/2947
f 3475/511/2950 3474/510/2949 3472/508/2947 3473/509/2948
f 3476/512/2951 3411/445/2886 3409/443/2884 3474/510/2949
f 3477/513/2952 3476/512/2951 3474/510/2949 3475/511/2950
f 3478/514/2953 3413/447/2888 3411/445/2886 3476/512/2951
f 3479/515/2954 3478/514/2953 3476/512/2951 3477/513/2952
f 3480/516/2955 3415/449/2890 3413/447/2888 3478/514/2953
f 3481/517/2956 3480/516/2955 3478/514/2953 3479/515/2954
f 3482/518/2957 3417/451/2892 3415/449/2890 3480/516/2955
f 3483/519/2958 3482/518/2957 3480/516/2955 3481/517/2956
f 3484/520/2959 3419/453/2894 3417/451/2892 3482/518/2957
f 3485/521/2960 3484/520/2959 3482/518/2957 3483/519/2958
f 3486/522/2961 3421/456/2896 3419/457/2894 3484/523/2959
f 3487/524/2962 3486/522/2961 3484/523/2959 3485/525/2960
f 3488/526/2963 3423/459/2898 3421/456/2896 3486/522/2961
f 3489/527/2964 3488/526/2963 3486/522/2961 3487/524/2962
f 3490/528/2965 3425/461/2900 3423/459/2898 3488/526/2963
f 3491/529/2966 3490/528/2965 3488/526/2963 3489/527/2964
f 3492/530/2967 3427/463/2902 3425/461/2900 3490/528/2965
f 3493/531/2968 3492/530/2967 3490/528/2965 3491/529/2966
f 3494/532/2969 3429/465/2904 3427/463/2902 3492/530/2967
f 3495/533/2970 3494/532/2969 3492/530/2967 3493/531/2968
f 3496/534/2971 3431/467/2906 3429/465/2904 3494/532/2969
f 3497/535/2972 3496/534/2971 3494/532/2969 3495/533/2970
f 3498/536/2973 3433/469/2908 3431/467/2906 3496/534/2971
f 3499/537/2974 3498/536/2973 3496/534/2971 3497/535/2972
f 3500/538/2975 3435/471/2910 3433/469/2908 3498/536/2973
f 3501/539/2976 3500/538/2975 3498/536/2973 3499/537/2974
f 3502/540/2977 3437/473/2912 3435/471/2910 3500/538/2975
f 3503/541/2978 3502/540/2977 3500/538/2975 3501/539/2976
f 3504/542/2979 3439/475/2914 3437/473/2912 3502/540/2977
f 3505/543/2980 3504/542/2979 3502/540/2977 3503/541/2978
f 3506/544/2981 3441/477/2916 3439/475/2914 3504/542/2979
f 3507/545/2982 3506/544/2981 3504/542/2979 3505/543/2980
f 3508/546/2983 3443/479/2918 3441/477/2916 3506/544/2981
f 3509/547/2984 3508/546/2983 3506/544/2981 3507/545/2982
f 3510/548/2985 3445/481/2920 3443/479/2918 3508/546/2983
f 3511/549/2986 3510/548/2985 3508/546/2983 3509/547/2984
f 3512/550/2987 3447/483/2922 3445/481/2920 3510/548/2985
f 3513/551/2988 3512/550/2987 3510/548/2985 3511/549/2986
f 3514/552/2989 3449/485/2924 3447/483/2922 3512/550/2987
f 3515/553/2990 3514/552/2989 3512/550/2987 3513/551/2988
f 3516/554/2991 3451/487/2926 3449/485/2924 3514/552/2989
f 3517/555/2992 3516/554/2991 3514/552/2989 3515/553/2990
f 3518/556/2993 3453/489/2928 3451/487/2926 3516/554/2991
f 3519/557/2994 3518/556/2993 3516/554/2991 3517/555/2992
f 3520/558/2995 3455/491/2930 3453/489/2928 3518/556/2993
f 3521/559/2996 3520/558/2995 3518/556/2993 3519/557/2994
f 3522/497/2936 3457/493/2932 3455/491/2930 3520/558/2995
f 3523/560/2997 3522/497/2936 3520/558/2995 3521/559/2996
f 3525/561/2998 3460/496/2935 3522/497/2936 3523/560/2997
f 3524/562/2999 3523/560/2997 3521/559/2996 3586/563/3000
f 3526/564/3001 3525/561/2998 3523/560/2997 3524/562/2999
f 3527/502/2941 3462/498/2937 3460/496/2935 3525/561/2998
f 3528/565/3002 3527/502/2941 3525/561/2998 3526/564/3001
f 3530/566/3003 3465/501/2940 3527/502/2941 3528/565/3002
f 3529/567/3004 3528/565/3002 3526/564/3001 3591/568/3005
f 3531/569/3006 3530/566/3003 3528/565/3002 3529/567/3004
f 3532/570/3007 3467/503/2942 3465/501/2940 3530/566/3003
f 3533/571/3008 3532/570/3007 3530/566/3003 3531/569/3006
f 3534/572/3009 3469/505/2944 3467/503/2942 3532/570/3007
f 3535/573/3010 3534/572/3009 3532/570/3007 3533/571/3008
f 3536/574/3011 3471/506/2945 3469/505/2944 3534/572/3009
f 3537/575/3012 3536/574/3011 3534/572/3009 3535/573/3010
f 3538/576/3013 3473/509/2948 3471/506/2945 3536/574/3011
f 3539/577/3014 3538/576/3013 3536/574/3011 3537/575/3012
f 3540/578/3015 3475/511/2950 3473/509/2948 3538/576/3013
f 3541/579/3016 3540/578/3015 3538/576/3013 3539/577/3014
f 3542/580/3017 3477/513/2952 3475/511/2950 3540/578/3015
f 3543/581/3018 3542/580/3017 3540/578/3015 3541/579/3016
f 3544/582/3019 3479/515/2954 3477/513/2952 3542/580/3017
f 3545/583/3020 3544/582/3019 3542/580/3017 3543/581/3018
f 3546/584/3021 3481/517/2956 3479/515/2954 3544/582/3019
f 3547/585/3022 3546/584/3021 3544/582/3019 3545/583/3020
f 3548/586/3023 3483/519/2958 3481/517/2956 3546/584/3021
f 3549/587/3024 3548/586/3023 3546/584/3021 3547/585/3022
f 3550/588/3025 3485/521/2960 3483/519/2958 3548/586/3023
f 3551/589/3026 3550/588/3025 3548/586/3023 3549/587/3024
f 3552/590/3027 3487/524/2962 3485/525/2960 3550/591/3025
f 3553/592/3028 3552/590/3027 3550/591/3025 3551/593/3026
f 3554/594/3029 3489/527/2964 3487/524/2962 3552/590/3027
f 3555/595/3030 3554/594/3029 3552/590/3027 3553/592/3028
f 3556/596/3031 3491/529/2966 3489/527/2964 3554/594/3029
f 3557/597/3032 3556/596/3031 3554/594/3029 3555/595/3030
f 3558/598/3033 3493/531/2968 3491/529/2966 3556/596/3031
f 3559/599/3034 3558/598/3033 3556/596/3031 3557/597/3032
f 3560/600/3035 3495/533/2970 3493/531/2968 3558/598/3033
f 3561/601/3036 3560/600/3035 3558/598/3033 3559/599/3034
f 3562/602/3037 3497/535/2972 3495/533/2970 3560/600/3035
f 3563/603/3038 3562/602/3037 3560/600/3035 3561/601/3036
f 3564/604/3039 3499/537/2974 3497/535/2972 3562/602/3037
f 3565/605/3040 3564/604/3039 3562/602/3037 3563/603/3038
f 3566/606/3041 3501/539/2976 3499/537/2974 3564/604/3039
f 3567/607/3042 3566/606/3041 3564/604/3039 3565/605/3040
f 3568/608/3043 3503/541/2978 3501/539/2976 3566/606/3041
f 3569/609/3044 3568/608/3043 3566/606/3041 3567/607/3042
f 3570/610/3045 3505/543/2980 3503/541/2978 3568/608/3043
f 3571/611/3046 3570/610/3045 3568/608/3043 3569/609/3044
f 3572/612/3047 3507/545/2982 3505/543/2980 3570/610/3045
f 3573/613/3048 3572/612/3047 3570/610/3045 3571/611/3046
f 3574/614/3049 3509/547/2984 3507/545/2982 3572/612/3047
f 3575/615/3050 3574/614/3049 3572/612/3047 3573/613/3048
f 3576/616/3051 3511/549/2986 3509/547/2984 3574/614/3049
f 3577/617/3052 3576/616/3051 3574/614/3049 3575/615/3050
f 3578/618/3053 3513/551/2988 3511/549/2986 3576/616/3051
f 3579/619/3054 3578/618/3053 3576/616/3051 3577/617/3052
f 3580/620/3055 3515/553/2990 3513/551/2988 3578/618/3053
f 3581/621/3056 3580/620/3055 3578/618/3053 3579/619/3054
f 3582/622/3057 3517/555/2992 3515/553/2990 3580/620/3055
f 3583/623/3058 3582/622/3057 3580/620/3055 3581/621/3056
f 3584/624/3059 3519/557/2994 3517/555/2992 3582/622/3057
f 3585/625/3060 3584/624/3059 3582/622/3057 3583/623/3058
f 3586/563/3000 3521/559/2996 3519/557/2994 3584/624/3059
f 3587/626/3061 3586/563/3000 3584/624/3059 3585/625/3060
f 3589/627/3062 3524/562/2999 3586/563/3000 3587/626/3061
f 3588/628/3063 3587/626/3061 3585/625/3060 3650/629/3064
f 3590/630/3065 3589/627/3062 3587/626/3061 3588/628/3063
f 3591/568/3005 3526/564/3001 3524/562/2999 3589/627/3062
f 3592/631/3066 3591/568/3005 3589/627/3062 3590/630/3065
f 3594/632/3067 3529/567/3004 3591/568/3005 3592/631/3066
f 3593/633/3068 3592/631/3066 3590/630/3065 3655/634/3069
f 3595/635/3070 3594/632/3067 3592/631/3066 3593/633/3068
f 3596/636/3071 3531/569/3006 3529/567/3004 3594/632/3067
f 3597/637/3072 3596/636/3071 3594/632/3067 3595/635/3070
f 3598/638/3073 3533/571/3008 3531/569/3006 3596/636/3071
f 3599/639/3074 3598/638/3073 3596/636/3071 3597/637/3072
f 3600/640/3075 3535/573/3010 3533/571/3008 3598/638/3073
f 3601/641/3076 3600/640/3075 3598/638/3073 3599/639/3074
f 3603/642/3077 3602/643/3078 3600/640/3075 3601/641/3076
f 3602/643/3078 3537/575/3012 3535/573/3010 3600/640/3075
f 3604/644/3079 3539/577/3014 3537/575/3012 3602/643/3078
f 3605/645/3080 3604/644/3079 3602/643/3078 3603/642/3077
f 3606/646/3081 3541/579/3016 3539/577/3014 3604/644/3079
f 3607/647/3082 3606/646/3081 3604/644/3079 3605/645/3080
f 3608/648/3083 3543/581/3018 3541/579/3016 3606/646/3081
f 3609/649/3084 3608/648/3083 3606/646/3081 3607/647/3082
f 3610/650/3085 3545/583/3020 3543/581/3018 3608/648/3083
f 3611/651/3086 3610/650/3085 3608/648/3083 3609/649/3084
f 3612/652/3087 3547/585/3022 3545/583/3020 3610/650/3085
f 3613/653/3088 3612/652/3087 3610/650/3085 3611/651/3086
f 3614/654/3089 3549/587/3024 3547/585/3022 3612/652/3087
f 3615/655/3090 3614/654/3089 3612/652/3087 3613/653/3088
f 3616/656/3091 3551/589/3026 3549/587/3024 3614/654/3089
f 3617/657/3092 3616/656/3091 3614/654/3089 3615/655/3090
f 3618/658/3093 3553/592/3028 3551/593/3026 3616/659/3091
f 3619/660/3094 3618/658/3093 3616/659/3091 3617/661/3092
f 3620/662/3095 3555/595/3030 3553/592/3028 3618/658/3093
f 3621/663/3096 3620/662/3095 3618/658/3093 3619/660/3094
f 3622/664/3097 3557/597/3032 3555/595/3030 3620/662/3095
f 3623/665/3098 3622/664/3097 3620/662/3095 3621/663/3096
f 3624/666/3099 3559/599/3034 3557/597/3032 3622/664/3097
f 3625/667/3100 3624/666/3099 3622/664/3097 3623/665/3098
f 3626/668/3101 3561/601/3036 3559/599/3034 3624/666/3099
f 3627/669/3102 3626/668/3101 3624/666/3099 3625/667/3100
f 3628/670/3103 3563/603/3038 3561/601/3036 3626/668/3101
f 3629/671/3104 3628/670/3103 3626/668/3101 3627/669/3102
f 3630/672/3105 3565/605/3040 3563/603/3038 3628/670/3103
f 3631/673/3106 3630/672/3105 3628/670/3103 3629/671/3104
f 3632/674/3107 3567/607/3042 3565/605/3040 3630/672/3105
f 3633/675/3108 3632/674/3107 3630/672/3105 3631/673/3106
f 3634/676/3109 3569/609/3044 3567/607/3042 3632/674/3107
f 3635/677/3110 3634/676/3109 3632/674/3107 3633/675/3108
f 3636/678/3111 3571/611/3046 3569/609/3044 3634/676/3109
f 3637/679/3112 3636/678/3111 3634/676/3109 3635/677/3110
f 3638/680/3113 3573/613/3048 3571/611/3046 3636/678/3111
f 3639/681/3114 3638/680/3113 3636/678/3111 3637/679/3112
f 3640/682/3115 3575/615/3050 3573/613/3048 3638/680/3113
f 3641/683/3116 3640/682/3115 3638/680/3113 3639/681/3114
f 3642/684/3117 3577/617/3052 3575/615/3050 3640/682/3115
f 3643/685/3118 3642/684/3117 3640/682/3115 3641/683/3116
f 3644/686/3119 3579/619/3054 3577/617/3052 3642/684/3117
f 3645/687/3120 3644/686/3119 3642/684/3117 3643/685/3118
f 3646/688/3121 3581/621/3056 3579/619/3054 3644/686/3119
f 3647/689/3122 3646/688/3121 3644/686/3119 3645/687/3120
f 3648/690/3123 3583/623/3058 3581/621/3056 3646/688/3121
f 3649/691/3124 3648/690/3123 3646/688/3121 3647/689/3122
f 3650/629/3064 3585/625/3060 3583/623/3058 3648/690/3123
f 3651/692/3125 3650/629/3064 3648/690/3123 3649/691/3124
f 3653/693/3126 3588/628/3063 3650/629/3064 3651/692/3125
f 3652/694/3127 3651/692/3125 3649/691/3124 3714/695/3128
f 3654/696/3129 3653/693/3126 3651/692/3125 3652/694/3127
f 3655/634/3069 3590/630/3065 3588/628/3063 3653/693/3126
f 3656/697/3130 3655/634/3069 3653/693/3126 3654/696/3129
f 3658/698/3131 3593/633/3068 3655/634/3069 3656/697/3130
f 3657/699/3132 3656/697/3130 3654/696/3129 3719/700/3133
f 3659/701/3134 3658/698/3131 3656/697/3130 3657/699/3132
f 3660/702/3135 3595/635/3070 3593/633/3068 3658/698/3131
f 3661/703/3136 3660/702/3135 3658/698/3131 3659/701/3134
f 3662/704/3137 3597/637/3072 3595/635/3070 3660/702/3135
f 3663/705/3138 3662/704/3137 3660/702/3135 3661/703/3136
f 3664/706/3139 3599/639/3074 3597/637/3072 3662/704/3137
f 3665/707/3140 3664/706/3139 3662/704/3137 3663/705/3138
f 3666/708/3141 3601/641/3076 3599/639/3074 3664/706/3139
f 3667/709/3142 3666/708/3141 3664/706/3139 3665/707/3140
f 3668/710/3143 3603/642/3077 3601/641/3076 3666/708/3141
f 3669/711/3144 3668/710/3143 3666/708/3141 3667/709/3142
f 3670/712/3145 3605/645/3080 3603/642/3077 3668/710/3143
f 3671/713/3146 3670/712/3145 3668/710/3143 3669/711/3144
f 3672/714/3147 3607/647/3082 3605/645/3080 3670/712/3145
f 3673/715/3148 3672/714/3147 3670/712/3145 3671/713/3146
f 3674/716/3149 3609/649/3084 3607/647/3082 3672/714/3147
f 3675/717/3150 3674/716/3149 3672/714/3147 3673/715/3148
f 3676/718/3151 3611/651/3086 3609/649/3084 3674/716/3149
f 3677/719/3152 3676/718/3151 3674/716/3149 3675/717/3150
f 3678/720/3153 3613/653/3088 3611/651/3086 3676/718/3151
f 3679/721/3154 3678/720/3153 3676/718/3151 3677/719/3152
f 3680/722/3155 3615/655/3090 3613/653/3088 3678/720/3153
f 3681/723/3156 3680/722/3155 3678/720/3153 3679/721/3154
f 3682/724/3157 3617/657/3092 3615/655/3090 3680/722/3155
f 3683/725/3158 3682/724/3157 3680/722/3155 3681/723/3156
f 3684/726/3159 3619/660/3094 3617/661/3092 3682/727/3157
f 3685/728/3160 3684/726/3159 3682/727/3157 3683/729/3158
f 3686/730/3161 3621/663/3096 3619/660/3094 3684/726/3159
f 3687/731/3162 3686/730/3161 3684/726/3159 3685/728/3160
f 3688/732/3163 3623/665/3098 3621/663/3096 3686/730/3161
f 3689/733/3164 3688/732/3163 3686/730/3161 3687/731/3162
f 3690/734/3165 3625/667/3100 3623/665/3098 3688/732/3163
f 3691/735/3166 3690/734/3165 3688/732/3163 3689/733/3164
f 3692/736/3167 3627/669/3102 3625/667/3100 3690/734/3165
f 3693/737/3168 3692/736/3167 3690/734/3165 3691/735/3166
f 3694/738/3169 3629/671/3104 3627/669/3102 3692/736/3167
f 3695/739/3170 3694/738/3169 3692/736/3167 3693/737/3168
f 3696/740/3171 3631/673/3106 3629/671/3104 3694/738/3169
f 3697/741/3172 3696/740/3171 3694/738/3169 3695/739/3170
f 3698/742/3173 3633/675/3108 3631/673/3106 3696/740/3171
f 3699/743/3174 3698/742/3173 3696/740/3171 3697/741/3172
f 3700/744/3175 3635/677/3110 3633/675/3108 3698/742/3173
f 3701/745/3176 3700/744/3175 3698/742/3173 3699/743/3174
f 3702/746/3177 3637/679/3112 3635/677/3110 3700/744/3175
f 3703/747/3178 3702/746/3177 3700/744/3175 3701/745/3176
f 3704/748/3179 3639/681/3114 3637/679/3112 3702/746/3177
f 3705/749/3180 3704/748/3179 3702/746/3177 3703/747/3178
f 3706/750/3181 3641/683/3116 3639/681/3114 3704/748/3179
f 3707/751/3182 3706/750/3181 3704/748/3179 3705/749/3180
f 3708/752/3183 3643/685/3118 3641/683/3116 3706/750/3181
f 3709/753/3184 3708/752/3183 3706/750/3181 3707/751/3182
f 3710/754/3185 3645/687/3120 3643/685/3118 3708/752/3183
f 3711/755/3186 3710/754/3185 3708/752/3183 3709/753/3184
f 3712/756/3187 3647/689/3122 3645/687/3120 3710/754/3185
f 3713/757/3188 3712/756/3187 3710/754/3185 3711/755/3186
f 3714/695/3128 3649/691/3124 3647/689/3122 3712/756/3187
f 3715/758/3189 3714/695/3128 3712/756/3187 3713/757/3188
f 3717/759/3190 3652/694/3127 3714/695/3128 3715/758/3189
f 3716/760/3191 3715/758/3189 3713/757/3188 3802/761/3192
f 3718/762/3193 3717/759/3190 3715/758/3189 3716/760/3191
f 3719/700/3133 3654/696/3129 3652/694/3127 3717/759/3190
f 3720/763/3194 3719/700/3133 3717/759/3190 3718/762/3193
f 3722/764/3195 3657/699/3132 3719/700/3133 3720/763/3194
f 3721/765/3196 3720/763/3194 3718/762/3193 3806/766/3197
f 3723/767/3198 3722/764/3195 3720/763/3194 3721/765/3196
f 3724/768/3199 3659/701/3134 3657/699/3132 3722/764/3195
f 3725/769/3200 3724/768/3199 3722/764/3195 3723/767/3198
f 3726/770/3201 3661/703/3136 3659/701/3134 3724/768/3199
f 3727/771/3202 3726/770/3201 3724/768/3199 3725/769/3200
f 3728/772/3203 3663/705/3138 3661/703/3136 3726/770/3201
f 3729/773/3204 3728/772/3203 3726/770/3201 3727/771/3202
f 3730/774/3205 3665/707/3140 3663/705/3138 3728/772/3203
f 3731/775/3206 3730/774/3205 3728/772/3203 3729/773/3204
f 3732/776/3207 3667/709/3142 3665/707/3140 3730/774/3205
f 3734/777/3208 3732/776/3207 3730/774/3205 3731/775/3206
f 3733/778/3209 3669/711/3144 3667/709/3142 3732/776/3207
f 3736/779/3210 3733/778/3209 3732/776/3207 3734/777/3208
f 3737/780/3211 3736/779/3210 3734/777/3208 3735/781/3212
f 3735/781/3212 3734/777/3208 3731/775/3206 3810/782/3213
f 3738/783/3214 3739/784/3215 3733/778/3209 3736/779/3210
f 3740/785/3216 3738/783/3214 3736/779/3210 3737/780/3211
f 3741/786/3217 3742/787/3218 3739/784/3215 3738/783/3214
f 3743/788/3219 3741/786/3217 3738/783/3214 3740/785/3216
f 3744/789/3220 3745/790/3221 3742/787/3218 3741/786/3217
f 3746/791/3222 3744/789/3220 3741/786/3217 3743/788/3219
f 3747/792/3223 3748/793/3224 3745/790/3221 3744/789/3220
f 3749/794/3225 3747/792/3223 3744/789/3220 3746/791/3222
f 3750/795/3226 3751/796/3227 3748/793/3224 3747/792/3223
f 3752/797/3228 3750/795/3226 3747/792/3223 3749/794/3225
f 3753/798/3229 3754/799/3230 3751/796/3227 3750/795/3226
f 3755/800/3231 3753/798/3229 3750/795/3226 3752/797/3228
f 3756/801/3232 3757/802/3233 3754/799/3230 3753/798/3229
f 3758/803/3234 3756/801/3232 3753/798/3229 3755/800/3231
f 3759/804/3235 3760/805/3236 3757/806/3233 3756/807/3232
f 3761/808/3237 3759/804/3235 3756/807/3232 3758/809/3234
f 3762/810/3238 3763/811/3239 3760/805/3236 3759/804/3235
f 3764/812/3240 3762/810/3238 3759/804/3235 3761/808/3237
f 3765/813/3241 3766/814/3242 3763/811/3239 3762/810/3238
f 3767/815/3243 3765/813/3241 3762/810/3238 3764/812/3240
f 3768/816/3244 3769/817/3245 3766/814/3242 3765/813/3241
f 3770/818/3246 3768/816/3244 3765/813/3241 3767/815/3243
f 3771/819/3247 3772/820/3248 3769/817/3245 3768/816/3244
f 3773/821/3249 3771/819/3247 3768/816/3244 3770/818/3246
f 3774/822/3250 3775/823/3251 3772/820/3248 3771/819/3247
f 3776/824/3252 3774/822/3250 3771/819/3247 3773/821/3249
f 3777/825/3253 3778/826/3254 3775/823/3251 3774/822/3250
f 3779/827/3255 3777/825/3253 3774/822/3250 3776/824/3252
f 3780/828/3256 3781/829/3257 3778/826/3254 3777/825/3253
f 3782/830/3258 3780/828/3256 3777/825/3253 3779/827/3255
f 3783/831/3259 3784/832/3260 3781/829/3257 3780/828/3256
f 3785/833/3261 3783/831/3259 3780/828/3256 3782/830/3258
f 3786/834/3262 3787/835/3263 3784/832/3260 3783/831/3259
f 3788/836/3264 3786/834/3262 3783/831/3259 3785/833/3261
f 3789/837/3265 3790/838/3266 3787/835/3263 3786/834/3262
f 3791/839/3267 3789/837/3265 3786/834/3262 3788/836/3264
f 3792/840/3268 3793/841/3269 3790/838/3266 3789/837/3265
f 3794/842/3270 3792/840/3268 3789/837/3265 3791/839/3267
f 3795/843/3271 3796/844/3272 3793/841/3269 3792/840/3268
f 3797/845/3273 3795/843/3271 3792/840/3268 3794/842/3270
f 3798/846/3274 3799/847/3275 3796/844/3272 3795/843/3271
f 3800/848/3276 3798/846/3274 3795/843/3271 3797/845/3273
f 3801/849/3277 3802/761/3192 3799/847/3275 3798/846/3274
f 3803/850/3278 3801/849/3277 3798/846/3274 3800/848/3276
f 3804/851/3279 3716/760/3191 3802/761/3192 3801/849/3277
f 3805/852/3280 3804/851/3279 3801/849/3277 3803/850/3278
f 3806/766/3197 3718/762/3193 3716/760/3191 3804/851/3279
f 3807/853/3281 3806/766/3197 3804/851/3279 3805/852/3280
f 3808/854/3282 3721/765/3196 3806/766/3197 3807/853/3281
f 3809/855/829 3808/854/3282 3807/853/3281
f 3809/856/829 3807/853/3281 3805/852/3280
f 3809/857/829 3782/830/3258 3779/827/3255
f 3809/858/829 3785/833/3261 3782/830/3258
f 3809/859/829 3737/780/3211 3735/781/3212
f 3809/860/829 3735/781/3212 3810/782/3213
f 3809/861/829 3810/782/3213 3811/862/3283
f 3809/863/829 3811/862/3283 3812/864/3284
f 3809/865/829 3812/864/3284 3813/866/3285
f 3809/867/829 3813/866/3285 3814/868/3286
f 3809/869/829 3814/868/3286 3808/854/3282
f 3809/870/829 3805/852/3280 3803/850/3278
f 3809/871/829 3803/850/3278 3800/848/3276
f 3809/872/829 3800/848/3276 3797/845/3273
f 3809/873/829 3797/845/3273 3794/842/3270
f 3809/874/829 3794/842/3270 3791/839/3267
f 3809/875/829 3791/839/3267 3788/836/3264
f 3809/876/829 3788/836/3264 3785/833/3261
f 3809/877/829 3779/827/3255 3776/824/3252
f 3809/878/829 3776/824/3252 3773/821/3249
f 3809/879/829 3773/821/3249 3770/818/3246
f 3809/880/829 3770/818/3246 3767/815/3243
f 3809/881/829 3767/815/3243 3764/812/3240
f 3809/882/829 3764/812/3240 3761/808/3237
f 3809/883/829 3761/808/3237 3758/809/3234
f 3809/884/829 3758/803/3234 3755/800/3231
f 3809/885/829 3755/800/3231 3752/797/3228
f 3809/886/829 3752/797/3228 3749/794/3225
f 3809/887/829 3749/794/3225 3746/791/3222
f 3809/888/829 3746/791/3222 3743/788/3219
f 3809/889/829 3743/788/3219 3740/785/3216
f 3809/890/829 3740/785/3216 3737/780/3211
f 3814/868/3286 3723/767/3198 3721/765/3196 3808/854/3282
f 3813/866/3285 3725/769/3200 3723/767/3198 3814/868/3286
f 3812/864/3284 3727/771/3202 3725/769/3200 3813/866/3285
f 3811/862/3283 3729/773/3204 3727/771/3202 3812/864/3284
f 3810/782/3213 3731/775/3206 3729/773/3204 3811/862/3283
f 3802/761/3192 3713/757/3188 3711/755/3186 3799/847/3275
f 3799/847/3275 3711/755/3186 3709/753/3184 3796/844/3272
f 3796/844/3272 3709/753/3184 3707/751/3182 3793/841/3269
f 3793/841/3269 3707/751/3182 3705/749/3180 3790/838/3266
f 3790/838/3266 3705/749/3180 3703/747/3178 3787/835/3263
f 3787/835/3263 3703/747/3178 3701/745/3176 3784/832/3260
f 3784/832/3260 3701/745/3176 3699/743/3174 3781/829/3257
f 3781/829/3257 3699/743/3174 3697/741/3172 3778/826/3254
f 3778/826/3254 3697/741/3172 3695/739/3170 3775/823/3251
f 3775/823/3251 3695/739/3170 3693/737/3168 3772/820/3248
f 3772/820/3248 3693/737/3168 3691/735/3166 3769/817/3245
f 3769/817/3245 3691/735/3166 3689/733/3164 3766/814/3242
f 3766/814/3242 3689/733/3164 3687/731/3162 3763/811/3239
f 3763/811/3239 3687/731/3162 3685/728/3160 3760/805/3236
f 3760/805/3236 3685/728/3160 3683/729/3158 3757/806/3233
f 3757/802/3233 3683/725/3158 3681/723/3156 3754/799/3230
f 3754/799/3230 3681/723/3156 3679/721/3154 3751/796/3227
f 3751/796/3227 3679/721/3154 3677/719/3152 3748/793/3224
f 3748/793/3224 3677/719/3152 3675/717/3150 3745/790/3221
f 3745/790/3221 3675/717/3150 3673/715/3148 3742/787/3218
f 3742/787/3218 3673/715/3148 3671/713/3146 3739/784/3215
f 3739/784/3215 3671/713/3146 3669/711/3144 3733/778/3209
f 3390/332/2776 3297/328/2772 3295/326/2770 3387/422/2863
f 3387/422/2863 3295/326/2770 3293/324/2768 3384/419/2860
f 3384/419/2860 3293/324/2768 3291/322/2766 3381/416/2857
f 3381/416/2857 3291/322/2766 3289/320/2764 3378/413/2854
f 3378/413/2854 3289/320/2764 3287/318/2762 3375/410/2851
f 3375/410/2851 3287/318/2762 3285/316/2760 3372/407/2848
f 3372/407/2848 3285/316/2760 3283/314/2758 3369/404/2845
f 3369/404/2845 3283/314/2758 3281/312/2756 3366/401/2842
f 3366/401/2842 3281/312/2756 3279/310/2754 3363/398/2839
f 3363/398/2839 3279/310/2754 3277/308/2752 3360/395/2836
f 3360/395/2836 3277/308/2752 3275/306/2750 3357/392/2833
f 3357/392/2833 3275/306/2750 3273/304/2748 3354/389/2830
f 3354/389/2830 3273/304/2748 3271/302/2746 3351/386/2827
f 3351/386/2827 3271/302/2746 3269/300/2744 3348/383/2824
f 3348/383/2824 3269/300/2744 3267/298/2742 3345/380/2821
f 3345/380/2821 3267/298/2742 3265/296/2740 3342/377/2818
f 3342/377/2818 3265/296/2740 3263/294/2738 3339/374/2815
f 3339/374/2815 3263/294/2738 3261/291/2736 3336/368/2812
f 3336/368/2812 3261/291/2736 3259/292/2734 3333/369/2809
f 3333/365/2809 3259/288/2734 3257/286/2732 3330/362/2806
f 3330/362/2806 3257/286/2732 3255/284/2730 3327/359/2803
f 3327/359/2803 3255/284/2730 3253/282/2728 3324/356/2800
f 3324/356/2800 3253/282/2728 3251/280/2726 3321/353/2797
f 3321/353/2797 3251/280/2726 3249/278/2724 3318/350/2794
f 3318/350/2794 3249/278/2724 3247/276/2722 3315/347/2791
f 3315/347/2791 3247/276/2722 3245/274/2720 3309/342/2786
f 3232/167/2616 3138/164/2613 3136/162/2611 3229/259/2705
f 3229/259/2705 3136/162/2611 3134/160/2609 3226/256/2702
f 3226/256/2702 3134/160/2609 3132/158/2607 3223/253/2699
f 3223/253/2699 3132/158/2607 3130/156/2605 3220/250/2696
f 3220/250/2696 3130/156/2605 3128/154/2603 3217/247/2693
f 3217/247/2693 3128/154/2603 3126/152/2601 3214/244/2690
f 3214/244/2690 3126/152/2601 3124/150/2599 3211/241/2687
f 3211/241/2687 3124/150/2599 3122/148/2597 3208/238/2684
f 3208/238/2684 3122/148/2597 3120/146/2595 3205/235/2681
f 3205/235/2681 3120/146/2595 3118/144/2593 3202/232/2678
f 3202/232/2678 3118/144/2593 3116/142/2591 3199/229/2675
f 3199/229/2675 3116/142/2591 3114/140/2589 3196/226/2672
f 3196/226/2672 3114/140/2589 3112/138/2587 3193/223/2669
f 3193/223/2669 3112/138/2587 3110/136/2585 3190/220/2666
f 3190/220/2666 3110/136/2585 3108/134/2583 3187/217/2663
f 3187/217/2663 3108/134/2583 3106/132/2581 3184/214/2660
f 3184/214/2660 3106/132/2581 3104/130/2579 3181/211/2657
f 3181/211/2657 3104/130/2579 3102/128/2577 3178/208/2654
f 3178/208/2654 3102/128/2577 3100/125/2575 3175/202/2651
f 3175/202/2651 3100/125/2575 3098/126/2573 3172/203/2648
f 3172/199/2648 3098/122/2573 3096/120/2571 3169/196/2645
f 3169/196/2645 3096/120/2571 3094/118/2569 3166/193/2642
f 3166/193/2642 3094/118/2569 3092/116/2567 3163/190/2639
f 3163/190/2639 3092/116/2567 3090/114/2565 3160/187/2636
f 3160/187/2636 3090/114/2565 3088/112/2563 3157/184/2633
f 3157/184/2633 3088/112/2563 3086/110/2561 3154/181/2630
f 3154/181/2630 3086/110/2561 3084/108/2559 3148/175/2624
f 3075/98/2549 3815/891/3287 3877/892/3288 3072/95/2546
f 3816/6/2460 3817/893/3289 3815/891/3287 3075/98/2549
f 2985/5/2459 3819/894/3290 3817/893/3289 3816/6/2460
f 3817/893/3289 3818/895/3291 3880/896/3292 3815/891/3287
f 3819/894/3290 3820/897/3293 3818/895/3291 3817/893/3289
f 3821/898/3294 3822/899/3295 3820/897/3293 3819/894/3290
f 2988/8/2462 3821/898/3294 3819/894/3290 2985/5/2459
f 3823/900/3296 3824/901/3297 3822/899/3295 3821/898/3294
f 2991/11/2465 3823/900/3296 3821/898/3294 2988/8/2462
f 3825/902/3298 3826/903/3299 3824/901/3297 3823/900/3296
f 2994/14/2468 3825/902/3298 3823/900/3296 2991/11/2465
f 3827/904/3300 3828/905/3301 3826/903/3299 3825/902/3298
f 2997/17/2471 3827/904/3300 3825/902/3298 2994/14/2468
f 3829/906/3302 3830/907/3303 3828/905/3301 3827/904/3300
f 3000/20/2474 3829/906/3302 3827/904/3300 2997/17/2471
f 3831/908/3304 3832/909/3305 3830/907/3303 3829/906/3302
f 3003/23/2477 3831/908/3304 3829/906/3302 3000/20/2474
f 3833/910/3306 3834/911/3307 3832/909/3305 3831/908/3304
f 3006/26/2480 3833/910/3306 3831/908/3304 3003/23/2477
f 3835/912/3308 3836/913/3309 3834/911/3307 3833/910/3306
f 3009/29/2483 3835/912/3308 3833/910/3306 3006/26/2480
f 3837/914/3310 3838/915/3311 3836/916/3309 3835/917/3308
f 3012/32/2486 3837/914/3310 3835/917/3308 3009/33/2483
f 3839/918/3312 3840/919/3313 3838/915/3311 3837/914/3310
f 3015/38/2489 3839/918/3312 3837/914/3310 3012/32/2486
f 3841/920/3314 3842/921/3315 3840/919/3313 3839/918/3312
f 3018/41/2492 3841/920/3314 3839/918/3312 3015/38/2489
f 3843/922/3316 3844/923/3317 3842/921/3315 3841/920/3314
f 3021/44/2495 3843/922/3316 3841/920/3314 3018/41/2492
f 3845/924/3318 3846/925/3319 3844/923/3317 3843/922/3316
f 3024/47/2498 3845/924/3318 3843/922/3316 3021/44/2495
f 3847/926/3320 3848/927/3321 3846/925/3319 3845/924/3318
f 3027/50/2501 3847/926/3320 3845/924/3318 3024/47/2498
f 3849/928/3322 3850/929/3323 3848/927/3321 3847/926/3320
f 3030/53/2504 3849/928/3322 3847/926/3320 3027/50/2501
f 3851/930/3324 3852/931/3325 3850/929/3323 3849/928/3322
f 3033/56/2507 3851/930/3324 3849/928/3322 3030/53/2504
f 3853/932/3326 3854/933/3327 3852/931/3325 3851/930/3324
f 3036/59/2510 3853/932/3326 3851/930/3324 3033/56/2507
f 3855/934/3328 3856/935/3329 3854/933/3327 3853/932/3326
f 3039/62/2513 3855/934/3328 3853/932/3326 3036/59/2510
f 3857/936/3330 3858/937/3331 3856/935/3329 3855/934/3328
f 3042/65/2516 3857/936/3330 3855/934/3328 3039/62/2513
f 3859/938/3332 3860/939/3333 3858/937/3331 3857/936/3330
f 3045/68/2519 3859/938/3332 3857/936/3330 3042/65/2516
f 3861/940/3334 3862/941/3335 3860/939/3333 3859/938/3332
f 3048/71/2522 3861/940/3334 3859/938/3332 3045/68/2519
f 3863/942/3336 3864/943/3337 3862/941/3335 3861/940/3334
f 3051/74/2525 3863/942/3336 3861/940/3334 3048/71/2522
f 3865/944/3338 3866/945/3339 3864/943/3337 3863/942/3336
f 3054/77/2528 3865/944/3338 3863/942/3336 3051/74/2525
f 3867/946/3340 3868/947/3341 3866/945/3339 3865/944/3338
f 3057/80/2531 3867/946/3340 3865/944/3338 3054/77/2528
f 3869/948/3342 3870/949/3343 3868/947/3341 3867/946/3340
f 3060/83/2534 3869/948/3342 3867/946/3340 3057/80/2531
f 3871/950/3344 3872/951/3345 3870/949/3343 3869/948/3342
f 3063/86/2537 3871/950/3344 3869/948/3342 3060/83/2534
f 3873/952/3346 3874/953/3347 3872/951/3345 3871/950/3344
f 3066/89/2540 3873/952/3346 3871/950/3344 3063/86/2537
f 3875/954/3348 3876/955/3349 3874/953/3347 3873/952/3346
f 3069/92/2543 3875/954/3348 3873/952/3346 3066/89/2540
f 3877/892/3288 3878/956/3350 3876/955/3349 3875/954/3348
f 3072/95/2546 3877/892/3288 3875/954/3348 3069/92/2543
f 3815/891/3287 3880/896/3292 3878/956/3350 3877/892/3288
f 3878/956/3350 3879/957/3351 3941/958/3352 3876/955/3349
f 3880/896/3292 3881/959/3353 3879/957/3351 3878/956/3350
f 3818/895/3291 3883/960/3354 3881/959/3353 3880/896/3292
f 3881/959/3353 3882/961/3355 3944/962/3356 3879/957/3351
f 3883/960/3354 3884/963/3357 3882/961/3355 3881/959/3353
f 3885/964/3358 3886/965/3359 3884/963/3357 3883/960/3354
f 3820/897/3293 3885/964/3358 3883/960/3354 3818/895/3291
f 3887/966/3360 3888/967/3361 3886/965/3359 3885/964/3358
f 3822/899/3295 3887/966/3360 3885/964/3358 3820/897/3293
f 3889/968/3362 3890/969/3363 3888/967/3361 3887/966/3360
f 3824/901/3297 3889/968/3362 3887/966/3360 3822/899/3295
f 3891/970/3364 3892/971/3365 3890/969/3363 3889/968/3362
f 3826/903/3299 3891/970/3364 3889/968/3362 3824/901/3297
f 3893/972/3366 3894/973/3367 3892/971/3365 3891/970/3364
f 3828/905/3301 3893/972/3366 3891/970/3364 3826/903/3299
f 3895/974/3368 3896/975/3369 3894/973/3367 3893/972/3366
f 3830/907/3303 3895/974/3368 3893/972/3366 3828/905/3301
f 3897/976/3370 3898/977/3371 3896/975/3369 3895/974/3368
f 3832/909/3305 3897/976/3370 3895/974/3368 3830/907/3303
f 3899/978/3372 3900/979/3373 3898/977/3371 3897/976/3370
f 3834/911/3307 3899/978/3372 3897/976/3370 3832/909/3305
f 3901/980/3374 3902/981/3375 3900/979/3373 3899/978/3372
f 3836/913/3309 3901/980/3374 3899/978/3372 3834/911/3307
f 3903/982/3376 3904/983/3377 3902/984/3375 3901/985/3374
f 3838/915/3311 3903/982/3376 3901/985/3374 3836/916/3309
f 3905/986/3378 3906/987/3379 3904/983/3377 3903/982/3376
f 3840/919/3313 3905/986/3378 3903/982/3376 3838/915/3311
f 3907/988/3380 3908/989/3381 3906/987/3379 3905/986/3378
f 3842/921/3315 3907/988/3380 3905/986/3378 3840/919/3313
f 3909/990/3382 3910/991/3383 3908/989/3381 3907/988/3380
f 3844/923/3317 3909/990/3382 3907/988/3380 3842/921/3315
f 3911/992/3384 3912/993/3385 3910/991/3383 3909/990/3382
f 3846/925/3319 3911/992/3384 3909/990/3382 3844/923/3317
f 3913/994/3386 3914/995/3387 3912/993/3385 3911/992/3384
f 3848/927/3321 3913/994/3386 3911/992/3384 3846/925/3319
f 3915/996/3388 3916/997/3389 3914/995/3387 3913/994/3386
f 3850/929/3323 3915/996/3388 3913/994/3386 3848/927/3321
f 3917/998/3390 3918/999/3391 3916/997/3389 3915/996/3388
f 3852/931/3325 3917/998/3390 3915/996/3388 3850/929/3323
f 3919/1000/3392 3920/1001/3393 3918/999/3391 3917/998/3390
f 3854/933/3327 3919/1000/3392 3917/998/3390 3852/931/3325
f 3921/1002/3394 3922/1003/3395 3920/1001/3393 3919/1000/3392
f 3856/935/3329 3921/1002/3394 3919/1000/3392 3854/933/3327
f 3923/1004/3396 3924/1005/3397 3922/1003/3395 3921/1002/3394
f 3858/937/3331 3923/1004/3396 3921/1002/3394 3856/935/3329
f 3925/1006/3398 3926/1007/3399 3924/1005/3397 3923/1004/3396
f 3860/939/3333 3925/1006/3398 3923/1004/3396 3858/937/3331
f 3927/1008/3400 3928/1009/3401 3926/1007/3399 3925/1006/3398
f 3862/941/3335 3927/1008/3400 3925/1006/3398 3860/939/3333
f 3929/1010/3402 3930/1011/3403 3928/1009/3401 3927/1008/3400
f 3864/943/3337 3929/1010/3402 3927/1008/3400 3862/941/3335
f 3931/1012/3404 3932/1013/3405 3930/1011/3403 3929/1010/3402
f 3866/945/3339 3931/1012/3404 3929/1010/3402 3864/943/3337
f 3933/1014/3406 3934/1015/3407 3932/1013/3405 3931/1012/3404
f 3868/947/3341 3933/1014/3406 3931/1012/3404 3866/945/3339
f 3935/1016/3408 3936/1017/3409 3934/1015/3407 3933/1014/3406
f 3870/949/3343 3935/1016/3408 3933/1014/3406 3868/947/3341
f 3937/1018/3410 3938/1019/3411 3936/1017/3409 3935/1016/3408
f 3872/951/3345 3937/1018/3410 3935/1016/3408 3870/949/3343
f 3939/1020/3412 3940/1021/3413 3938/1019/3411 3937/1018/3410
f 3874/953/3347 3939/1020/3412 3937/1018/3410 3872/951/3345
f 3941/958/3352 3942/1022/3414 3940/1021/3413 3939/1020/3412
f 3876/955/3349 3941/958/3352 3939/1020/3412 3874/953/3347
f 3879/957/3351 3944/962/3356 3942/1022/3414 3941/958/3352
f 3942/1022/3414 3943/1023/3415 3951/1024/3416 3940/1021/3413
f 3944/962/3356 3945/1025/3417 3943/1023/3415 3942/1022/3414
f 3882/961/3355 3946/1026/3418 3945/1025/3417 3944/962/3356
f 3946/1026/3418 3947/1027/966 3945/1025/3417
f 3945/1025/3417 3947/1028/966 3943/1023/3415
f 3948/1029/3419 3947/1030/966 3963/1031/3420
f 3962/1032/3421 3947/1033/966 3948/1029/3419
f 3976/1034/3422 3947/1035/966 3949/1036/3423
f 3949/1036/3423 3947/1037/966 3950/1038/3424
f 3950/1038/3424 3947/1039/966 3946/1026/3418
f 3943/1023/3415 3947/1040/966 3951/1024/3416
f 3951/1024/3416 3947/1041/966 3952/1042/3425
f 3952/1042/3425 3947/1043/966 3953/1044/3426
f 3953/1044/3426 3947/1045/966 3954/1046/3427
f 3954/1046/3427 3947/1047/966 3955/1048/3428
f 3955/1048/3428 3947/1049/966 3956/1050/3429
f 3956/1050/3429 3947/1051/966 3957/1052/3430
f 3957/1052/3430 3947/1053/966 3958/1054/3431
f 3958/1054/3431 3947/1055/966 3959/1056/3432
f 3959/1056/3432 3947/1057/966 3960/1058/3433
f 3960/1058/3433 3947/1059/966 3961/1060/3434
f 3961/1060/3434 3947/1061/966 3962/1032/3421
f 3963/1031/3420 3947/1062/966 3964/1063/3435
f 3964/1063/3435 3947/1064/966 3965/1065/3436
f 3965/1065/3436 3947/1066/966 3966/1067/3437
f 3966/1067/3437 3947/1068/966 3967/1069/3438
f 3967/1069/3438 3947/1070/966 3968/1071/3439
f 3968/1071/3439 3947/1072/966 3969/1073/3440
f 3969/1074/3440 3947/1075/966 3970/1076/3441
f 3970/1076/3441 3947/1077/966 3971/1078/3442
f 3971/1078/3442 3947/1079/966 3972/1080/3443
f 3972/1080/3443 3947/1081/966 3973/1082/3444
f 3973/1082/3444 3947/1083/966 3974/1084/3445
f 3974/1084/3445 3947/1085/966 3975/1086/3446
f 3975/1086/3446 3947/1087/966 3976/1034/3422
f 3888/967/3361 3976/1034/3422 3949/1036/3423 3886/965/3359
f 3890/969/3363 3975/1086/3446 3976/1034/3422 3888/967/3361
f 3892/971/3365 3974/1084/3445 3975/1086/3446 3890/969/3363
f 3894/973/3367 3973/1082/3444 3974/1084/3445 3892/971/3365
f 3896/975/3369 3972/1080/3443 3973/1082/3444 3894/973/3367
f 3898/977/3371 3971/1078/3442 3972/1080/3443 3896/975/3369
f 3900/979/3373 3970/1076/3441 3971/1078/3442 3898/977/3371
f 3902/981/3375 3969/1074/3440 3970/1076/3441 3900/979/3373
f 3904/983/3377 3968/1071/3439 3969/1073/3440 3902/984/3375
f 3906/987/3379 3967/1069/3438 3968/1071/3439 3904/983/3377
f 3908/989/3381 3966/1067/3437 3967/1069/3438 3906/987/3379
f 3910/991/3383 3965/1065/3436 3966/1067/3437 3908/989/3381
f 3912/993/3385 3964/1063/3435 3965/1065/3436 3910/991/3383
f 3914/995/3387 3963/1031/3420 3964/1063/3435 3912/993/3385
f 3916/997/3389 3948/1029/3419 3963/1031/3420 3914/995/3387
f 3918/999/3391 3962/1032/3421 3948/1029/3419 3916/997/3389
f 3920/1001/3393 3961/1060/3434 3962/1032/3421 3918/999/3391
f 3922/1003/3395 3960/1058/3433 3961/1060/3434 3920/1001/3393
f 3924/1005/3397 3959/1056/3432 3960/1058/3433 3922/1003/3395
f 3926/1007/3399 3958/1054/3431 3959/1056/3432 3924/1005/3397
f 3928/1009/3401 3957/1052/3430 3958/1054/3431 3926/1007/3399
f 3930/1011/3403 3956/1050/3429 3957/1052/3430 3928/1009/3401
f 3932/1013/3405 3955/1048/3428 3956/1050/3429 3930/1011/3403
f 3934/1015/3407 3954/1046/3427 3955/1048/3428 3932/1013/3405
f 3936/1017/3409 3953/1044/3426 3954/1046/3427 3934/1015/3407
f 3938/1019/3411 3952/1042/3425 3953/1044/3426 3936/1017/3409
f 3940/1021/3413 3951/1024/3416 3952/1042/3425 3938/1019/3411
f 3884/963/3357 3950/1038/3424 3946/1026/3418 3882/961/3355
f 3886/965/3359 3949/1036/3423 3950/1038/3424 3884/963/3357
usemtl Material.003
f 3980/1/1516 3977/2/3447 3978/3/1511 4072/4/3448
f 3977/2/3447 3979/5/3449 4810/6/1512 3978/3/1511
f 3981/7/1517 3982/8/3450 3979/5/3449 3977/2/3447
f 3983/9/3451 3981/7/1517 3977/2/3447 3980/1/1516
f 3984/10/3452 3985/11/1521 3982/8/3450 3981/7/1517
f 3986/12/1522 3984/10/3452 3981/7/1517 3983/9/3451
f 3987/13/1523 3988/14/1524 3985/11/1521 3984/10/3452
f 3989/15/3453 3987/13/1523 3984/10/3452 3986/12/1522
f 3990/16/1526 3991/17/3454 3988/14/1524 3987/13/1523
f 3992/18/1528 3990/16/1526 3987/13/1523 3989/15/3453
f 3993/19/1529 3994/20/3455 3991/17/3454 3990/16/1526
f 3995/21/3456 3993/19/1529 3990/16/1526 3992/18/1528
f 3996/22/3457 3997/23/3458 3994/20/3455 3993/19/1529
f 3998/24/3459 3996/22/3457 3993/19/1529 3995/21/3456
f 3999/25/3460 4000/26/3461 3997/23/3458 3996/22/3457
f 4001/27/1537 3999/25/3460 3996/22/3457 3998/24/3459
f 4002/28/1538 4003/29/1539 4000/26/3461 3999/25/3460
f 4004/30/1540 4002/28/1538 3999/25/3460 4001/27/1537
f 4005/31/3462 4006/32/1542 4003/33/1539 4002/34/1538
f 4007/35/1543 4005/31/3462 4002/34/1538 4004/36/1540
f 4008/37/3463 4009/38/1545 4006/32/1542 4005/31/3462
f 4010/39/3464 4008/37/3463 4005/31/3462 4007/35/1543
f 4011/40/3465 4012/41/1548 4009/38/1545 4008/37/3463
f 4013/42/1549 4011/40/3465 4008/37/3463 4010/39/3464
f 4014/43/1550 4015/44/1551 4012/41/1548 4011/40/3465
f 4016/45/1552 4014/43/1550 4011/40/3465 4013/42/1549
f 4017/46/1553 4018/47/1554 4015/44/1551 4014/43/1550
f 4019/48/3466 4017/46/1553 4014/43/1550 4016/45/1552
f 4020/49/1556 4021/50/3467 4018/47/1554 4017/46/1553
f 4022/51/1558 4020/49/1556 4017/46/1553 4019/48/3466
f 4023/52/1465 4024/53/1468 4021/50/3467 4020/49/1556
f 4025/54/1466 4023/52/1465 4020/49/1556 4022/51/1558
f 4026/55/1464 4027/56/3468 4024/53/1468 4023/52/1465
f 4028/57/1463 4026/55/1464 4023/52/1465 4025/54/1466
f 4029/58/3469 4030/59/1470 4027/56/3468 4026/55/1464
f 4031/60/1471 4029/58/3469 4026/55/1464 4028/57/1463
f 4032/61/1472 4033/62/1473 4030/59/1470 4029/58/3469
f 4034/63/1474 4032/61/1472 4029/58/3469 4031/60/1471
f 4035/64/1475 4036/65/3470 4033/62/1473 4032/61/1472
f 4037/66/1477 4035/64/1475 4032/61/1472 4034/63/1474
f 4038/67/1478 4039/68/3471 4036/65/3470 4035/64/1475
f 4040/69/3472 4038/67/1478 4035/64/1475 4037/66/1477
f 4041/70/1481 4042/71/3473 4039/68/3471 4038/67/1478
f 4043/72/1483 4041/70/1481 4038/67/1478 4040/69/3472
f 4044/73/1484 4045/74/1485 4042/71/3473 4041/70/1481
f 4046/75/1486 4044/73/1484 4041/70/1481 4043/72/1483
f 4047/76/3474 4048/77/1488 4045/74/1485 4044/73/1484
f 4049/78/1489 4047/76/3474 4044/73/1484 4046/75/1486
f 4050/79/3475 4051/80/1491 4048/77/1488 4047/76/3474
f 4052/81/1492 4050/79/3475 4047/76/3474 4049/78/1489
f 4053/82/3476 4054/83/1494 4051/80/1491 4050/79/3475
f 4055/84/1495 4053/82/3476 4050/79/3475 4052/81/1492
f 4056/85/1496 4057/86/3477 4054/83/1494 4053/82/3476
f 4058/87/1498 4056/85/1496 4053/82/3476 4055/84/1495
f 4059/88/1499 4060/89/1500 4057/86/3477 4056/85/1496
f 4061/90/1501 4059/88/1499 4056/85/1496 4058/87/1498
f 4062/91/3478 4063/92/1503 4060/89/1500 4059/88/1499
f 4064/93/1504 4062/91/3478 4059/88/1499 4061/90/1501
f 4065/94/3479 4066/95/1506 4063/92/1503 4062/91/3478
f 4067/96/1507 4065/94/3479 4062/91/3478 4064/93/1504
f 4068/97/1508 4069/98/3480 4066/95/1506 4065/94/3479
f 4070/99/1510 4068/97/1508 4065/94/3479 4067/96/1507
f 3978/3/1511 4810/6/1512 4069/98/3480 4068/97/1508
f 4072/4/3448 3978/3/1511 4068/97/1508 4070/99/1510
f 4071/100/3481 4070/99/1510 4067/96/1507 4133/101/1590
f 4073/102/1594 4072/4/3448 4070/99/1510 4071/100/3481
f 4075/103/3482 3980/1/1516 4072/4/3448 4073/102/1594
f 4074/104/3483 4073/102/1594 4071/100/3481 4136/105/1593
f 4076/106/3484 4075/103/3482 4073/102/1594 4074/104/3483
f 4077/107/3485 3983/9/3451 3980/1/1516 4075/103/3482
f 4078/108/3486 4077/107/3485 4075/103/3482 4076/106/3484
f 4079/109/3487 3986/12/1522 3983/9/3451 4077/107/3485
f 4080/110/3488 4079/109/3487 4077/107/3485 4078/108/3486
f 4081/111/1602 3989/15/3453 3986/12/1522 4079/109/3487
f 4082/112/3489 4081/111/1602 4079/109/3487 4080/110/3488
f 4083/113/1604 3992/18/1528 3989/15/3453 4081/111/1602
f 4084/114/3490 4083/113/1604 4081/111/1602 4082/112/3489
f 4085/115/1606 3995/21/3456 3992/18/1528 4083/113/1604
f 4086/116/3491 4085/115/1606 4083/113/1604 4084/114/3490
f 4087/117/3492 3998/24/3459 3995/21/3456 4085/115/1606
f 4088/118/1609 4087/117/3492 4085/115/1606 4086/116/3491
f 4089/119/1610 4001/27/1537 3998/24/3459 4087/117/3492
f 4090/120/3493 4089/119/1610 4087/117/3492 4088/118/1609
f 4091/121/3494 4004/30/1540 4001/27/1537 4089/119/1610
f 4092/122/1613 4091/121/3494 4089/119/1610 4090/120/3493
f 4093/123/1614 4007/35/1543 4004/36/1540 4091/124/3494
f 4094/125/1615 4093/123/1614 4091/124/3494 4092/126/1613
f 4095/127/1616 4010/39/3464 4007/35/1543 4093/123/1614
f 4096/128/3495 4095/127/1616 4093/123/1614 4094/125/1615
f 4097/129/3496 4013/42/1549 4010/39/3464 4095/127/1616
f 4098/130/3497 4097/129/3496 4095/127/1616 4096/128/3495
f 4099/131/1620 4016/45/1552 4013/42/1549 4097/129/3496
f 4100/132/3498 4099/131/1620 4097/129/3496 4098/130/3497
f 4101/133/1560 4019/48/3466 4016/45/1552 4099/131/1620
f 4102/134/1622 4101/133/1560 4099/131/1620 4100/132/3498
f 4103/135/3499 4022/51/1558 4019/48/3466 4101/133/1560
f 4104/136/1564 4103/135/3499 4101/133/1560 4102/134/1622
f 4105/137/3500 4025/54/1466 4022/51/1558 4103/135/3499
f 4106/138/3501 4105/137/3500 4103/135/3499 4104/136/1564
f 4107/139/1562 4028/57/1463 4025/54/1466 4105/137/3500
f 4108/140/1565 4107/139/1562 4105/137/3500 4106/138/3501
f 4109/141/3502 4031/60/1471 4028/57/1463 4107/139/1562
f 4110/142/1567 4109/141/3502 4107/139/1562 4108/140/1565
f 4111/143/3503 4034/63/1474 4031/60/1471 4109/141/3502
f 4112/144/3504 4111/143/3503 4109/141/3502 4110/142/1567
f 4113/145/3505 4037/66/1477 4034/63/1474 4111/143/3503
f 4114/146/1571 4113/145/3505 4111/143/3503 4112/144/3504
f 4115/147/1572 4040/69/3472 4037/66/1477 4113/145/3505
f 4116/148/3506 4115/147/1572 4113/145/3505 4114/146/1571
f 4117/149/1574 4043/72/1483 4040/69/3472 4115/147/1572
f 4118/150/3507 4117/149/1574 4115/147/1572 4116/148/3506
f 4119/151/1576 4046/75/1486 4043/72/1483 4117/149/1574
f 4120/152/3508 4119/151/1576 4117/149/1574 4118/150/3507
f 4121/153/1578 4049/78/1489 4046/75/1486 4119/151/1576
f 4122/154/3509 4121/153/1578 4119/151/1576 4120/152/3508
f 4123/155/1580 4052/81/1492 4049/78/1489 4121/153/1578
f 4124/156/1581 4123/155/1580 4121/153/1578 4122/154/3509
f 4125/157/1582 4055/84/1495 4052/81/1492 4123/155/1580
f 4126/158/3510 4125/157/1582 4123/155/1580 4124/156/1581
f 4127/159/1584 4058/87/1498 4055/84/1495 4125/157/1582
f 4128/160/1585 4127/159/1584 4125/157/1582 4126/158/3510
f 4129/161/1586 4061/90/1501 4058/87/1498 4127/159/1584
f 4130/162/1587 4129/161/1586 4127/159/1584 4128/160/1585
f 4131/163/3511 4064/93/1504 4061/90/1501 4129/161/1586
f 4132/164/3512 4131/163/3511 4129/161/1586 4130/162/1587
f 4133/101/1590 4067/96/1507 4064/93/1504 4131/163/3511
f 4134/165/3513 4133/101/1590 4131/163/3511 4132/164/3512
f 4136/105/1593 4071/100/3481 4133/101/1590 4134/165/3513
f 4135/166/1671 4134/165/3513 4132/164/3512 4226/167/1668
f 4137/168/3514 4136/105/1593 4134/165/3513 4135/166/1671
f 4139/169/1677 4074/104/3483 4136/105/1593 4137/168/3514
f 4138/170/1673 4137/168/3514 4135/166/1671 4228/171/3515
f 4140/172/1676 4139/169/1677 4137/168/3514 4138/170/1673
f 4141/173/1680 4076/106/3484 4074/104/3483 4139/169/1677
f 4143/174/1679 4141/173/1680 4139/169/1677 4140/172/1676
f 4142/175/1683 4078/108/3486 4076/106/3484 4141/173/1680
f 4145/176/1682 4142/175/1683 4141/173/1680 4143/174/1679
f 4146/177/1684 4145/176/1682 4143/174/1679 4144/178/1681
f 4144/178/1681 4143/174/1679 4140/172/1676 4233/179/1678
f 4147/180/3516 4148/181/3517 4142/175/1683 4145/176/1682
f 4149/182/3518 4147/180/3516 4145/176/1682 4146/177/1684
f 4150/183/3519 4151/184/3520 4148/181/3517 4147/180/3516
f 4152/185/3521 4150/183/3519 4147/180/3516 4149/182/3518
f 4153/186/1691 4154/187/1692 4151/184/3520 4150/183/3519
f 4155/188/1693 4153/186/1691 4150/183/3519 4152/185/3521
f 4156/189/1694 4157/190/3522 4154/187/1692 4153/186/1691
f 4158/191/3523 4156/189/1694 4153/186/1691 4155/188/1693
f 4159/192/1697 4160/193/3524 4157/190/3522 4156/189/1694
f 4161/194/1699 4159/192/1697 4156/189/1694 4158/191/3523
f 4162/195/3525 4163/196/1701 4160/193/3524 4159/192/1697
f 4164/197/1702 4162/195/3525 4159/192/1697 4161/194/1699
f 4165/198/1703 4166/199/3526 4163/196/1701 4162/195/3525
f 4167/200/1705 4165/198/1703 4162/195/3525 4164/197/1702
f 4168/201/3527 4169/202/1707 4166/203/3526 4165/204/1703
f 4170/205/1708 4168/201/3527 4165/204/1703 4167/206/1705
f 4171/207/1709 4172/208/3528 4169/202/1707 4168/201/3527
f 4173/209/1711 4171/207/1709 4168/201/3527 4170/205/1708
f 4174/210/1712 4175/211/1713 4172/208/3528 4171/207/1709
f 4176/212/3529 4174/210/1712 4171/207/1709 4173/209/1711
f 4177/213/1715 4178/214/1624 4175/211/1713 4174/210/1712
f 4179/215/1716 4177/213/1715 4174/210/1712 4176/212/3529
f 4180/216/3530 4181/217/3531 4178/214/1624 4177/213/1715
f 4182/218/1717 4180/216/3530 4177/213/1715 4179/215/1716
f 4183/219/1627 4184/220/3532 4181/217/3531 4180/216/3530
f 4185/221/1718 4183/219/1627 4180/216/3530 4182/218/1717
f 4186/222/3533 4187/223/3534 4184/220/3532 4183/219/1627
f 4188/224/1636 4186/222/3533 4183/219/1627 4185/221/1718
f 4189/225/3535 4190/226/1630 4187/223/3534 4186/222/3533
f 4191/227/3536 4189/225/3535 4186/222/3533 4188/224/1636
f 4192/228/3537 4193/229/3538 4190/226/1630 4189/225/3535
f 4194/230/3539 4192/228/3537 4189/225/3535 4191/227/3536
f 4195/231/3540 4196/232/1638 4193/229/3538 4192/228/3537
f 4197/233/3541 4195/231/3540 4192/228/3537 4194/230/3539
f 4198/234/3542 4199/235/3543 4196/232/1638 4195/231/3540
f 4200/236/1642 4198/234/3542 4195/231/3540 4197/233/3541
f 4201/237/1643 4202/238/1644 4199/235/3543 4198/234/3542
f 4203/239/1645 4201/237/1643 4198/234/3542 4200/236/1642
f 4204/240/1646 4205/241/3544 4202/238/1644 4201/237/1643
f 4206/242/3545 4204/240/1646 4201/237/1643 4203/239/1645
f 4207/243/1649 4208/244/3546 4205/241/3544 4204/240/1646
f 4209/245/3547 4207/243/1649 4204/240/1646 4206/242/3545
f 4210/246/3548 4211/247/3549 4208/244/3546 4207/243/1649
f 4212/248/1654 4210/246/3548 4207/243/1649 4209/245/3547
f 4213/249/3550 4214/250/3551 4211/247/3549 4210/246/3548
f 4215/251/3552 4213/249/3550 4210/246/3548 4212/248/1654
f 4216/252/3553 4217/253/3554 4214/250/3551 4213/249/3550
f 4218/254/1660 4216/252/3553 4213/249/3550 4215/251/3552
f 4219/255/1661 4220/256/3555 4217/253/3554 4216/252/3553
f 4221/257/1663 4219/255/1661 4216/252/3553 4218/254/1660
f 4222/258/1664 4223/259/1665 4220/256/3555 4219/255/1661
f 4224/260/3556 4222/258/1664 4219/255/1661 4221/257/1663
f 4225/261/3557 4226/167/1668 4223/259/1665 4222/258/1664
f 4227/262/1669 4225/261/3557 4222/258/1664 4224/260/3556
f 4228/171/3515 4135/166/1671 4226/167/1668 4225/261/3557
f 4229/263/1672 4228/171/3515 4225/261/3557 4227/262/1669
f 4231/264/1675 4138/170/1673 4228/171/3515 4229/263/1672
f 4230/265/1751 4229/263/1672 4227/262/1669 4292/266/1749
f 4232/267/3558 4231/264/1675 4229/263/1672 4230/265/1751
f 4233/179/1678 4140/172/1676 4138/170/1673 4231/264/1675
f 4234/268/1755 4233/179/1678 4231/264/1675 4232/267/3558
f 4236/269/3559 4144/178/1681 4233/179/1678 4234/268/1755
f 4235/270/1756 4234/268/1755 4232/267/3558 4297/271/3560
f 4237/272/1758 4236/269/3559 4234/268/1755 4235/270/1756
f 4238/273/1759 4146/177/1684 4144/178/1681 4236/269/3559
f 4239/274/3561 4238/273/1759 4236/269/3559 4237/272/1758
f 4240/275/1761 4149/182/3518 4146/177/1684 4238/273/1759
f 4241/276/3562 4240/275/1761 4238/273/1759 4239/274/3561
f 4242/277/3563 4152/185/3521 4149/182/3518 4240/275/1761
f 4243/278/1764 4242/277/3563 4240/275/1761 4241/276/3562
f 4244/279/3564 4155/188/1693 4152/185/3521 4242/277/3563
f 4245/280/1766 4244/279/3564 4242/277/3563 4243/278/1764
f 4246/281/1767 4158/191/3523 4155/188/1693 4244/279/3564
f 4247/282/1768 4246/281/1767 4244/279/3564 4245/280/1766
f 4248/283/3565 4161/194/1699 4158/191/3523 4246/281/1767
f 4249/284/3566 4248/283/3565 4246/281/1767 4247/282/1768
f 4250/285/1771 4164/197/1702 4161/194/1699 4248/283/3565
f 4251/286/3567 4250/285/1771 4248/283/3565 4249/284/3566
f 4252/287/3568 4167/200/1705 4164/197/1702 4250/285/1771
f 4253/288/1774 4252/287/3568 4250/285/1771 4251/286/3567
f 4254/289/1775 4170/205/1708 4167/206/1705 4252/290/3568
f 4255/291/1776 4254/289/1775 4252/290/3568 4253/292/1774
f 4256/293/1777 4173/209/1711 4170/205/1708 4254/289/1775
f 4257/294/3569 4256/293/1777 4254/289/1775 4255/291/1776
f 4258/295/1779 4176/212/3529 4173/209/1711 4256/293/1777
f 4259/296/3570 4258/295/1779 4256/293/1777 4257/294/3569
f 4260/297/1720 4179/215/1716 4176/212/3529 4258/295/1779
f 4261/298/1781 4260/297/1720 4258/295/1779 4259/296/3570
f 4262/299/1719 4182/218/1717 4179/215/1716 4260/297/1720
f 4263/300/1782 4262/299/1719 4260/297/1720 4261/298/1781
f 4264/301/3571 4185/221/1718 4182/218/1717 4262/299/1719
f 4265/302/3572 4264/301/3571 4262/299/1719 4263/300/1782
f 4266/303/3573 4188/224/1636 4185/221/1718 4264/301/3571
f 4267/304/3574 4266/303/3573 4264/301/3571 4265/302/3572
f 4268/305/1723 4191/227/3536 4188/224/1636 4266/303/3573
f 4269/306/1726 4268/305/1723 4266/303/3573 4267/304/3574
f 4270/307/1727 4194/230/3539 4191/227/3536 4268/305/1723
f 4271/308/1728 4270/307/1727 4268/305/1723 4269/306/1726
f 4272/309/3575 4197/233/3541 4194/230/3539 4270/307/1727
f 4273/310/3576 4272/309/3575 4270/307/1727 4271/308/1728
f 4274/311/3577 4200/236/1642 4197/233/3541 4272/309/3575
f 4275/312/1732 4274/311/3577 4272/309/3575 4273/310/3576
f 4276/313/1733 4203/239/1645 4200/236/1642 4274/311/3577
f 4277/314/1734 4276/313/1733 4274/311/3577 4275/312/1732
f 4278/315/1735 4206/242/3545 4203/239/1645 4276/313/1733
f 4279/316/1736 4278/315/1735 4276/313/1733 4277/314/1734
f 4280/317/3578 4209/245/3547 4206/242/3545 4278/315/1735
f 4281/318/3579 4280/317/3578 4278/315/1735 4279/316/1736
f 4282/319/3580 4212/248/1654 4209/245/3547 4280/317/3578
f 4283/320/1740 4282/319/3580 4280/317/3578 4281/318/3579
f 4284/321/3581 4215/251/3552 4212/248/1654 4282/319/3580
f 4285/322/1742 4284/321/3581 4282/319/3580 4283/320/1740
f 4286/323/1743 4218/254/1660 4215/251/3552 4284/321/3581
f 4287/324/1744 4286/323/1743 4284/321/3581 4285/322/1742
f 4288/325/3582 4221/257/1663 4218/254/1660 4286/323/1743
f 4289/326/3583 4288/325/3582 4286/323/1743 4287/324/1744
f 4290/327/1747 4224/260/3556 4221/257/1663 4288/325/3582
f 4291/328/3584 4290/327/1747 4288/325/3582 4289/326/3583
f 4292/266/1749 4227/262/1669 4224/260/3556 4290/327/1747
f 4293/329/1750 4292/266/1749 4290/327/1747 4291/328/3584
f 4295/330/1752 4230/265/1751 4292/266/1749 4293/329/1750
f 4294/331/1829 4293/329/1750 4291/328/3584 4384/332/1826
f 4296/333/1832 4295/330/1752 4293/329/1750 4294/331/1829
f 4297/271/3560 4232/267/3558 4230/265/1751 4295/330/1752
f 4298/334/3585 4297/271/3560 4295/330/1752 4296/333/1832
f 4300/335/3586 4235/270/1756 4297/271/3560 4298/334/3585
f 4299/336/1834 4298/334/3585 4296/333/1832 4388/337/1831
f 4301/338/3587 4300/335/3586 4298/334/3585 4299/336/1834
f 4302/339/1841 4237/272/1758 4235/270/1756 4300/335/3586
f 4304/340/1840 4302/339/1841 4300/335/3586 4301/338/3587
f 4306/341/1843 4303/342/3588 4302/339/1841 4304/340/1840
f 4303/342/3588 4239/274/3561 4237/272/1758 4302/339/1841
f 4307/343/3589 4306/341/1843 4304/340/1840 4305/344/3590
f 4305/344/3590 4304/340/1840 4301/338/3587 4393/345/3591
f 4308/346/3592 4309/347/1847 4303/342/3588 4306/341/1843
f 4310/348/1848 4308/346/3592 4306/341/1843 4307/343/3589
f 4311/349/1849 4312/350/3593 4309/347/1847 4308/346/3592
f 4313/351/3594 4311/349/1849 4308/346/3592 4310/348/1848
f 4314/352/1852 4315/353/1853 4312/350/3593 4311/349/1849
f 4316/354/3595 4314/352/1852 4311/349/1849 4313/351/3594
f 4317/355/1855 4318/356/1856 4315/353/1853 4314/352/1852
f 4319/357/1857 4317/355/1855 4314/352/1852 4316/354/3595
f 4320/358/1858 4321/359/3596 4318/356/1856 4317/355/1855
f 4322/360/1860 4320/358/1858 4317/355/1855 4319/357/1857
f 4323/361/1861 4324/362/3597 4321/359/3596 4320/358/1858
f 4325/363/1863 4323/361/1861 4320/358/1858 4322/360/1860
f 4326/364/3598 4327/365/1865 4324/362/3597 4323/361/1861
f 4328/366/3599 4326/364/3598 4323/361/1861 4325/363/1863
f 4329/367/1867 4330/368/1868 4327/369/1865 4326/370/3598
f 4331/371/1869 4329/367/1867 4326/370/3598 4328/372/3599
f 4332/373/3600 4333/374/1871 4330/368/1868 4329/367/1867
f 4334/375/1872 4332/373/3600 4329/367/1867 4331/371/1869
f 4335/376/1873 4336/377/1784 4333/374/1871 4332/373/3600
f 4337/378/1874 4335/376/1873 4332/373/3600 4334/375/1872
f 4338/379/1875 4339/380/1783 4336/377/1784 4335/376/1873
f 4340/381/1876 4338/379/1875 4335/376/1873 4337/378/1874
f 4341/382/1789 4342/383/1785 4339/380/1783 4338/379/1875
f 4343/384/1877 4341/382/1789 4338/379/1875 4340/381/1876
f 4344/385/3601 4345/386/1786 4342/383/1785 4341/382/1789
f 4346/387/3602 4344/385/3601 4341/382/1789 4343/384/1877
f 4347/388/3603 4348/389/3604 4345/386/1786 4344/385/3601
f 4349/390/1797 4347/388/3603 4344/385/3601 4346/387/3602
f 4350/391/1792 4351/392/1791 4348/389/3604 4347/388/3603
f 4352/393/3605 4350/391/1792 4347/388/3603 4349/390/1797
f 4353/394/1793 4354/395/1794 4351/392/1791 4350/391/1792
f 4355/396/1795 4353/394/1793 4350/391/1792 4352/393/3605
f 4356/397/3606 4357/398/1799 4354/395/1794 4353/394/1793
f 4358/399/1800 4356/397/3606 4353/394/1793 4355/396/1795
f 4359/400/1801 4360/401/1802 4357/398/1799 4356/397/3606
f 4361/402/1803 4359/400/1801 4356/397/3606 4358/399/1800
f 4362/403/1804 4363/404/1805 4360/401/1802 4359/400/1801
f 4364/405/3607 4362/403/1804 4359/400/1801 4361/402/1803
f 4365/406/1807 4366/407/1808 4363/404/1805 4362/403/1804
f 4367/408/3608 4365/406/1807 4362/403/1804 4364/405/3607
f 4368/409/3609 4369/410/1811 4366/407/1808 4365/406/1807
f 4370/411/1812 4368/409/3609 4365/406/1807 4367/408/3608
f 4371/412/1813 4372/413/3610 4369/410/1811 4368/409/3609
f 4373/414/1815 4371/412/1813 4368/409/3609 4370/411/1812
f 4374/415/1816 4375/416/1817 4372/413/3610 4371/412/1813
f 4376/417/3611 4374/415/1816 4371/412/1813 4373/414/1815
f 4377/418/3612 4378/419/1820 4375/416/1817 4374/415/1816
f 4379/420/1821 4377/418/3612 4374/415/1816 4376/417/3611
f 4380/421/3613 4381/422/1823 4378/419/1820 4377/418/3612
f 4382/423/1824 4380/421/3613 4377/418/3612 4379/420/1821
f 4383/424/3614 4384/332/1826 4381/422/1823 4380/421/3613
f 4385/425/3615 4383/424/3614 4380/421/3613 4382/423/1824
f 4386/426/1828 4294/331/1829 4384/332/1826 4383/424/3614
f 4387/427/1830 4386/426/1828 4383/424/3614 4385/425/3615
f 4388/337/1831 4296/333/1832 4294/331/1829 4386/426/1828
f 4389/428/1833 4388/337/1831 4386/426/1828 4387/427/1830
f 4391/429/3616 4299/336/1834 4388/337/1831 4389/428/1833
f 4390/430/1911 4389/428/1833 4387/427/1830 4452/431/1909
f 4392/432/1913 4391/429/3616 4389/428/1833 4390/430/1911
f 4393/345/3591 4301/338/3587 4299/336/1834 4391/429/3616
f 4394/433/3617 4393/345/3591 4391/429/3616 4392/432/1913
f 4396/434/3618 4305/344/3590 4393/345/3591 4394/433/3617
f 4395/435/3619 4394/433/3617 4392/432/1913 4457/436/3620
f 4397/437/1918 4396/434/3618 4394/433/3617 4395/435/3619
f 4399/438/3621 4398/439/1919 4396/434/3618 4397/437/1918
f 4398/439/1919 4307/343/3589 4305/344/3590 4396/434/3618
f 4400/440/3622 4310/348/1848 4307/343/3589 4398/439/1919
f 4401/441/1922 4400/440/3622 4398/439/1919 4399/438/3621
f 4402/442/1923 4313/351/3594 4310/348/1848 4400/440/3622
f 4403/443/3623 4402/442/1923 4400/440/3622 4401/441/1922
f 4404/444/3624 4316/354/3595 4313/351/3594 4402/442/1923
f 4405/445/3625 4404/444/3624 4402/442/1923 4403/443/3623
f 4406/446/1927 4319/357/1857 4316/354/3595 4404/444/3624
f 4407/447/3626 4406/446/1927 4404/444/3624 4405/445/3625
f 4408/448/1929 4322/360/1860 4319/357/1857 4406/446/1927
f 4409/449/1930 4408/448/1929 4406/446/1927 4407/447/3626
f 4410/450/3627 4325/363/1863 4322/360/1860 4408/448/1929
f 4411/451/1932 4410/450/3627 4408/448/1929 4409/449/1930
f 4412/452/3628 4328/366/3599 4325/363/1863 4410/450/3627
f 4413/453/1934 4412/452/3628 4410/450/3627 4411/451/1932
f 4414/454/3629 4331/371/1869 4328/372/3599 4412/455/3628
f 4415/456/1936 4414/454/3629 4412/455/3628 4413/457/1934
f 4416/458/1937 4334/375/1872 4331/371/1869 4414/454/3629
f 4417/459/1938 4416/458/1937 4414/454/3629 4415/456/1936
f 4418/460/3630 4337/378/1874 4334/375/1872 4416/458/1937
f 4419/461/1940 4418/460/3630 4416/458/1937 4417/459/1938
f 4420/462/3631 4340/381/1876 4337/378/1874 4418/460/3630
f 4421/463/1941 4420/462/3631 4418/460/3630 4419/461/1940
f 4422/464/1879 4343/384/1877 4340/381/1876 4420/462/3631
f 4423/465/3632 4422/464/1879 4420/462/3631 4421/463/1941
f 4424/466/1881 4346/387/3602 4343/384/1877 4422/464/1879
f 4425/467/1885 4424/466/1881 4422/464/1879 4423/465/3632
f 4426/468/1882 4349/390/1797 4346/387/3602 4424/466/1881
f 4427/469/1884 4426/468/1882 4424/466/1881 4425/467/1885
f 4428/470/1883 4352/393/3605 4349/390/1797 4426/468/1882
f 4429/471/1886 4428/470/1883 4426/468/1882 4427/469/1884
f 4430/472/1888 4355/396/1795 4352/393/3605 4428/470/1883
f 4431/473/1887 4430/472/1888 4428/470/1883 4429/471/1886
f 4432/474/3633 4358/399/1800 4355/396/1795 4430/472/1888
f 4433/475/3634 4432/474/3633 4430/472/1888 4431/473/1887
f 4434/476/3635 4361/402/1803 4358/399/1800 4432/474/3633
f 4435/477/1892 4434/476/3635 4432/474/3633 4433/475/3634
f 4436/478/1893 4364/405/3607 4361/402/1803 4434/476/3635
f 4437/479/3636 4436/478/1893 4434/476/3635 4435/477/1892
f 4438/480/3637 4367/408/3608 4364/405/3607 4436/478/1893
f 4439/481/1896 4438/480/3637 4436/478/1893 4437/479/3636
f 4440/482/1897 4370/411/1812 4367/408/3608 4438/480/3637
f 4441/483/1898 4440/482/1897 4438/480/3637 4439/481/1896
f 4442/484/3638 4373/414/1815 4370/411/1812 4440/482/1897
f 4443/485/3639 4442/484/3638 4440/482/1897 4441/483/1898
f 4444/486/1901 4376/417/3611 4373/414/1815 4442/484/3638
f 4445/487/1902 4444/486/1901 4442/484/3638 4443/485/3639
f 4446/488/1903 4379/420/1821 4376/417/3611 4444/486/1901
f 4447/489/3640 4446/488/1903 4444/486/1901 4445/487/1902
f 4448/490/1905 4382/423/1824 4379/420/1821 4446/488/1903
f 4449/491/3641 4448/490/1905 4446/488/1903 4447/489/3640
f 4450/492/3642 4385/425/3615 4382/423/1824 4448/490/1905
f 4451/493/3643 4450/492/3642 4448/490/1905 4449/491/3641
f 4452/431/1909 4387/427/1830 4385/425/3615 4450/492/3642
f 4453/494/1910 4452/431/1909 4450/492/3642 4451/493/3643
f 4455/495/1912 4390/430/1911 4452/431/1909 4453/494/1910
f 4454/496/1975 4453/494/1910 4451/493/3643 4516/497/1973
f 4456/498/1977 4455/495/1912 4453/494/1910 4454/496/1975
f 4457/436/3620 4392/432/1913 4390/430/1911 4455/495/1912
f 4458/499/3644 4457/436/3620 4455/495/1912 4456/498/1977
f 4460/500/3645 4395/435/3619 4457/436/3620 4458/499/3644
f 4459/501/1980 4458/499/3644 4456/498/1977 4521/502/3646
f 4461/503/3647 4460/500/3645 4458/499/3644 4459/501/1980
f 4462/504/1983 4397/437/1918 4395/435/3619 4460/500/3645
f 4463/505/1984 4462/504/1983 4460/500/3645 4461/503/3647
f 4465/506/3648 4464/507/1985 4462/504/1983 4463/505/1984
f 4464/507/1985 4399/438/3621 4397/437/1918 4462/504/1983
f 4466/508/1987 4401/441/1922 4399/438/3621 4464/507/1985
f 4467/509/3649 4466/508/1987 4464/507/1985 4465/506/3648
f 4468/510/1989 4403/443/3623 4401/441/1922 4466/508/1987
f 4469/511/1990 4468/510/1989 4466/508/1987 4467/509/3649
f 4470/512/1991 4405/445/3625 4403/443/3623 4468/510/1989
f 4471/513/3650 4470/512/1991 4468/510/1989 4469/511/1990
f 4472/514/3651 4407/447/3626 4405/445/3625 4470/512/1991
f 4473/515/3652 4472/514/3651 4470/512/1991 4471/513/3650
f 4474/516/1995 4409/449/1930 4407/447/3626 4472/514/3651
f 4475/517/3653 4474/516/1995 4472/514/3651 4473/515/3652
f 4476/518/1997 4411/451/1932 4409/449/1930 4474/516/1995
f 4477/519/3654 4476/518/1997 4474/516/1995 4475/517/3653
f 4478/520/1999 4413/453/1934 4411/451/1932 4476/518/1997
f 4479/521/2000 4478/520/1999 4476/518/1997 4477/519/3654
f 4480/522/2001 4415/456/1936 4413/457/1934 4478/523/1999
f 4481/524/3655 4480/522/2001 4478/523/1999 4479/525/2000
f 4482/526/3656 4417/459/1938 4415/456/1936 4480/522/2001
f 4483/527/2004 4482/526/3656 4480/522/2001 4481/524/3655
f 4484/528/3657 4419/461/1940 4417/459/1938 4482/526/3656
f 4485/529/3658 4484/528/3657 4482/526/3656 4483/527/2004
f 4486/530/3659 4421/463/1941 4419/461/1940 4484/528/3657
f 4487/531/2006 4486/530/3659 4484/528/3657 4485/529/3658
f 4488/532/3660 4423/465/3632 4421/463/1941 4486/530/3659
f 4489/533/3661 4488/532/3660 4486/530/3659 4487/531/2006
f 4490/534/1946 4425/467/1885 4423/465/3632 4488/532/3660
f 4491/535/1948 4490/534/1946 4488/532/3660 4489/533/3661
f 4492/536/3662 4427/469/1884 4425/467/1885 4490/534/1946
f 4493/537/3663 4492/536/3662 4490/534/1946 4491/535/1948
f 4494/538/1951 4429/471/1886 4427/469/1884 4492/536/3662
f 4495/539/1952 4494/538/1951 4492/536/3662 4493/537/3663
f 4496/540/1954 4431/473/1887 4429/471/1886 4494/538/1951
f 4497/541/3664 4496/540/1954 4494/538/1951 4495/539/1952
f 4498/542/3665 4433/475/3634 4431/473/1887 4496/540/1954
f 4499/543/3666 4498/542/3665 4496/540/1954 4497/541/3664
f 4500/544/3667 4435/477/1892 4433/475/3634 4498/542/3665
f 4501/545/3668 4500/544/3667 4498/542/3665 4499/543/3666
f 4502/546/3669 4437/479/3636 4435/477/1892 4500/544/3667
f 4503/547/3670 4502/546/3669 4500/544/3667 4501/545/3668
f 4504/548/3671 4439/481/1896 4437/479/3636 4502/546/3669
f 4505/549/1962 4504/548/3671 4502/546/3669 4503/547/3670
f 4506/550/1963 4441/483/1898 4439/481/1896 4504/548/3671
f 4507/551/1964 4506/550/1963 4504/548/3671 4505/549/1962
f 4508/552/1965 4443/485/3639 4441/483/1898 4506/550/1963
f 4509/553/1966 4508/552/1965 4506/550/1963 4507/551/1964
f 4510/554/1967 4445/487/1902 4443/485/3639 4508/552/1965
f 4511/555/1968 4510/554/1967 4508/552/1965 4509/553/1966
f 4512/556/3672 4447/489/3640 4445/487/1902 4510/554/1967
f 4513/557/1970 4512/556/3672 4510/554/1967 4511/555/1968
f 4514/558/3673 4449/491/3641 4447/489/3640 4512/556/3672
f 4515/559/3674 4514/558/3673 4512/556/3672 4513/557/1970
f 4516/497/1973 4451/493/3643 4449/491/3641 4514/558/3673
f 4517/560/1974 4516/497/1973 4514/558/3673 4515/559/3674
f 4519/561/3675 4454/496/1975 4516/497/1973 4517/560/1974
f 4518/562/2039 4517/560/1974 4515/559/3674 4580/563/2037
f 4520/564/2041 4519/561/3675 4517/560/1974 4518/562/2039
f 4521/502/3646 4456/498/1977 4454/496/1975 4519/561/3675
f 4522/565/3676 4521/502/3646 4519/561/3675 4520/564/2041
f 4524/566/3677 4459/501/1980 4521/502/3646 4522/565/3676
f 4523/567/3678 4522/565/3676 4520/564/2041 4585/568/2042
f 4525/569/3679 4524/566/3677 4522/565/3676 4523/567/3678
f 4526/570/3680 4461/503/3647 4459/501/1980 4524/566/3677
f 4527/571/2048 4526/570/3680 4524/566/3677 4525/569/3679
f 4528/572/3681 4463/505/1984 4461/503/3647 4526/570/3680
f 4529/573/3682 4528/572/3681 4526/570/3680 4527/571/2048
f 4530/574/2051 4465/506/3648 4463/505/1984 4528/572/3681
f 4531/575/3683 4530/574/2051 4528/572/3681 4529/573/3682
f 4532/576/2053 4467/509/3649 4465/506/3648 4530/574/2051
f 4533/577/3684 4532/576/2053 4530/574/2051 4531/575/3683
f 4534/578/2055 4469/511/1990 4467/509/3649 4532/576/2053
f 4535/579/2056 4534/578/2055 4532/576/2053 4533/577/3684
f 4536/580/3685 4471/513/3650 4469/511/1990 4534/578/2055
f 4537/581/2058 4536/580/3685 4534/578/2055 4535/579/2056
f 4538/582/3686 4473/515/3652 4471/513/3650 4536/580/3685
f 4539/583/2060 4538/582/3686 4536/580/3685 4537/581/2058
f 4540/584/2061 4475/517/3653 4473/515/3652 4538/582/3686
f 4541/585/2062 4540/584/2061 4538/582/3686 4539/583/2060
f 4542/586/3687 4477/519/3654 4475/517/3653 4540/584/2061
f 4543/587/2064 4542/586/3687 4540/584/2061 4541/585/2062
f 4544/588/2065 4479/521/2000 4477/519/3654 4542/586/3687
f 4545/589/2066 4544/588/2065 4542/586/3687 4543/587/2064
f 4546/590/2067 4481/524/3655 4479/525/2000 4544/591/2065
f 4547/592/2068 4546/590/2067 4544/591/2065 4545/593/2066
f 4548/594/3688 4483/527/2004 4481/524/3655 4546/590/2067
f 4549/595/2069 4548/594/3688 4546/590/2067 4547/592/2068
f 4550/596/2007 4485/529/3658 4483/527/2004 4548/594/3688
f 4551/597/3689 4550/596/2007 4548/594/3688 4549/595/2069
f 4552/598/2009 4487/531/2006 4485/529/3658 4550/596/2007
f 4553/599/3690 4552/598/2009 4550/596/2007 4551/597/3689
f 4554/600/3691 4489/533/3661 4487/531/2006 4552/598/2009
f 4555/601/2012 4554/600/3691 4552/598/2009 4553/599/3690
f 4556/602/2011 4491/535/1948 4489/533/3661 4554/600/3691
f 4557/603/2014 4556/602/2011 4554/600/3691 4555/601/2012
f 4558/604/2015 4493/537/3663 4491/535/1948 4556/602/2011
f 4559/605/2016 4558/604/2015 4556/602/2011 4557/603/2014
f 4560/606/2017 4495/539/1952 4493/537/3663 4558/604/2015
f 4561/607/2018 4560/606/2017 4558/604/2015 4559/605/2016
f 4562/608/3692 4497/541/3664 4495/539/1952 4560/606/2017
f 4563/609/2020 4562/608/3692 4560/606/2017 4561/607/2018
f 4564/610/3693 4499/543/3666 4497/541/3664 4562/608/3692
f 4565/611/3694 4564/610/3693 4562/608/3692 4563/609/2020
f 4566/612/2023 4501/545/3668 4499/543/3666 4564/610/3693
f 4567/613/3695 4566/612/2023 4564/610/3693 4565/611/3694
f 4568/614/2025 4503/547/3670 4501/545/3668 4566/612/2023
f 4569/615/3696 4568/614/2025 4566/612/2023 4567/613/3695
f 4570/616/3697 4505/549/1962 4503/547/3670 4568/614/2025
f 4571/617/2028 4570/616/3697 4568/614/2025 4569/615/3696
f 4572/618/2029 4507/551/1964 4505/549/1962 4570/616/3697
f 4573/619/3698 4572/618/2029 4570/616/3697 4571/617/2028
f 4574/620/2031 4509/553/1966 4507/551/1964 4572/618/2029
f 4575/621/3699 4574/620/2031 4572/618/2029 4573/619/3698
f 4576/622/3700 4511/555/1968 4509/553/1966 4574/620/2031
f 4577/623/2034 4576/622/3700 4574/620/2031 4575/621/3699
f 4578/624/3701 4513/557/1970 4511/555/1968 4576/622/3700
f 4579/625/2036 4578/624/3701 4576/622/3700 4577/623/2034
f 4580/563/2037 4515/559/3674 4513/557/1970 4578/624/3701
f 4581/626/2038 4580/563/2037 4578/624/3701 4579/625/2036
f 4583/627/2040 4518/562/2039 4580/563/2037 4581/626/2038
f 4582/628/2103 4581/626/2038 4579/625/2036 4644/629/3702
f 4584/630/3703 4583/627/2040 4581/626/2038 4582/628/2103
f 4585/568/2042 4520/564/2041 4518/562/2039 4583/627/2040
f 4586/631/3704 4585/568/2042 4583/627/2040 4584/630/3703
f 4588/632/3705 4523/567/3678 4585/568/2042 4586/631/3704
f 4587/633/2108 4586/631/3704 4584/630/3703 4649/634/2106
f 4589/635/3706 4588/632/3705 4586/631/3704 4587/633/2108
f 4590/636/3707 4525/569/3679 4523/567/3678 4588/632/3705
f 4591/637/3708 4590/636/3707 4588/632/3705 4589/635/3706
f 4592/638/3709 4527/571/2048 4525/569/3679 4590/636/3707
f 4593/639/3710 4592/638/3709 4590/636/3707 4591/637/3708
f 4594/640/3711 4529/573/3682 4527/571/2048 4592/638/3709
f 4595/641/3712 4594/640/3711 4592/638/3709 4593/639/3710
f 4597/642/3713 4596/643/2117 4594/640/3711 4595/641/3712
f 4596/643/2117 4531/575/3683 4529/573/3682 4594/640/3711
f 4598/644/2119 4533/577/3684 4531/575/3683 4596/643/2117
f 4599/645/3714 4598/644/2119 4596/643/2117 4597/642/3713
f 4600/646/2121 4535/579/2056 4533/577/3684 4598/644/2119
f 4601/647/2122 4600/646/2121 4598/644/2119 4599/645/3714
f 4602/648/2123 4537/581/2058 4535/579/2056 4600/646/2121
f 4603/649/3715 4602/648/2123 4600/646/2121 4601/647/2122
f 4604/650/3716 4539/583/2060 4537/581/2058 4602/648/2123
f 4605/651/2126 4604/650/3716 4602/648/2123 4603/649/3715
f 4606/652/2127 4541/585/2062 4539/583/2060 4604/650/3716
f 4607/653/2128 4606/652/2127 4604/650/3716 4605/651/2126
f 4608/654/3717 4543/587/2064 4541/585/2062 4606/652/2127
f 4609/655/2130 4608/654/3717 4606/652/2127 4607/653/2128
f 4610/656/2131 4545/589/2066 4543/587/2064 4608/654/3717
f 4611/657/2132 4610/656/2131 4608/654/3717 4609/655/2130
f 4612/658/3718 4547/592/2068 4545/593/2066 4610/659/2131
f 4613/660/2133 4612/658/3718 4610/659/2131 4611/661/2132
f 4614/662/2071 4549/595/2069 4547/592/2068 4612/658/3718
f 4615/663/2134 4614/662/2071 4612/658/3718 4613/660/2133
f 4616/664/3719 4551/597/3689 4549/595/2069 4614/662/2071
f 4617/665/2077 4616/664/3719 4614/662/2071 4615/663/2134
f 4618/666/2074 4553/599/3690 4551/597/3689 4616/664/3719
f 4619/667/2076 4618/666/2074 4616/664/3719 4617/665/2077
f 4620/668/3720 4555/601/2012 4553/599/3690 4618/666/2074
f 4621/669/3721 4620/668/3720 4618/666/2074 4619/667/2076
f 4622/670/3722 4557/603/2014 4555/601/2012 4620/668/3720
f 4623/671/3723 4622/670/3722 4620/668/3720 4621/669/3721
f 4624/672/2081 4559/605/2016 4557/603/2014 4622/670/3722
f 4625/673/2082 4624/672/2081 4622/670/3722 4623/671/3723
f 4626/674/3724 4561/607/2018 4559/605/2016 4624/672/2081
f 4627/675/3725 4626/674/3724 4624/672/2081 4625/673/2082
f 4628/676/3726 4563/609/2020 4561/607/2018 4626/674/3724
f 4629/677/2085 4628/676/3726 4626/674/3724 4627/675/3725
f 4630/678/3727 4565/611/3694 4563/609/2020 4628/676/3726
f 4631/679/2088 4630/678/3727 4628/676/3726 4629/677/2085
f 4632/680/2089 4567/613/3695 4565/611/3694 4630/678/3727
f 4633/681/3728 4632/680/2089 4630/678/3727 4631/679/2088
f 4634/682/2091 4569/615/3696 4567/613/3695 4632/680/2089
f 4635/683/3729 4634/682/2091 4632/680/2089 4633/681/3728
f 4636/684/3730 4571/617/2028 4569/615/3696 4634/682/2091
f 4637/685/2094 4636/684/3730 4634/682/2091 4635/683/3729
f 4638/686/3731 4573/619/3698 4571/617/2028 4636/684/3730
f 4639/687/3732 4638/686/3731 4636/684/3730 4637/685/2094
f 4640/688/3733 4575/621/3699 4573/619/3698 4638/686/3731
f 4641/689/2098 4640/688/3733 4638/686/3731 4639/687/3732
f 4642/690/3734 4577/623/2034 4575/621/3699 4640/688/3733
f 4643/691/2100 4642/690/3734 4640/688/3733 4641/689/2098
f 4644/629/3702 4579/625/2036 4577/623/2034 4642/690/3734
f 4645/692/2102 4644/629/3702 4642/690/3734 4643/691/2100
f 4647/693/2104 4582/628/2103 4644/629/3702 4645/692/2102
f 4646/694/3735 4645/692/2102 4643/691/2100 4708/695/2165
f 4648/696/3736 4647/693/2104 4645/692/2102 4646/694/3735
f 4649/634/2106 4584/630/3703 4582/628/2103 4647/693/2104
f 4650/697/2171 4649/634/2106 4647/693/2104 4648/696/3736
f 4652/698/3737 4587/633/2108 4649/634/2106 4650/697/2171
f 4651/699/2172 4650/697/2171 4648/696/3736 4713/700/2170
f 4653/701/2174 4652/698/3737 4650/697/2171 4651/699/2172
f 4654/702/2175 4589/635/3706 4587/633/2108 4652/698/3737
f 4655/703/2176 4654/702/2175 4652/698/3737 4653/701/2174
f 4656/704/2177 4591/637/3708 4589/635/3706 4654/702/2175
f 4657/705/3738 4656/704/2177 4654/702/2175 4655/703/2176
f 4658/706/3739 4593/639/3710 4591/637/3708 4656/704/2177
f 4659/707/2180 4658/706/3739 4656/704/2177 4657/705/3738
f 4660/708/3740 4595/641/3712 4593/639/3710 4658/706/3739
f 4661/709/3741 4660/708/3740 4658/706/3739 4659/707/2180
f 4662/710/3742 4597/642/3713 4595/641/3712 4660/708/3740
f 4663/711/3743 4662/710/3742 4660/708/3740 4661/709/3741
f 4664/712/3744 4599/645/3714 4597/642/3713 4662/710/3742
f 4665/713/2186 4664/712/3744 4662/710/3742 4663/711/3743
f 4666/714/3745 4601/647/2122 4599/645/3714 4664/712/3744
f 4667/715/3746 4666/714/3745 4664/712/3744 4665/713/2186
f 4668/716/3747 4603/649/3715 4601/647/2122 4666/714/3745
f 4669/717/3748 4668/716/3747 4666/714/3745 4667/715/3746
f 4670/718/2191 4605/651/2126 4603/649/3715 4668/716/3747
f 4671/719/2192 4670/718/2191 4668/716/3747 4669/717/3748
f 4672/720/2193 4607/653/2128 4605/651/2126 4670/718/2191
f 4673/721/2194 4672/720/2193 4670/718/2191 4671/719/2192
f 4674/722/2195 4609/655/2130 4607/653/2128 4672/720/2193
f 4675/723/2196 4674/722/2195 4672/720/2193 4673/721/2194
f 4676/724/2136 4611/657/2132 4609/655/2130 4674/722/2195
f 4677/725/2197 4676/724/2136 4674/722/2195 4675/723/2196
f 4678/726/2135 4613/660/2133 4611/661/2132 4676/727/2136
f 4679/728/2198 4678/726/2135 4676/727/2136 4677/729/2197
f 4680/730/2137 4615/663/2134 4613/660/2133 4678/726/2135
f 4681/731/3749 4680/730/2137 4678/726/2135 4679/728/2198
f 4682/732/3750 4617/665/2077 4615/663/2134 4680/730/2137
f 4683/733/2140 4682/732/3750 4680/730/2137 4681/731/3749
f 4684/734/2139 4619/667/2076 4617/665/2077 4682/732/3750
f 4685/735/3751 4684/734/2139 4682/732/3750 4683/733/2140
f 4686/736/2143 4621/669/3721 4619/667/2076 4684/734/2139
f 4687/737/2144 4686/736/2143 4684/734/2139 4685/735/3751
f 4688/738/2145 4623/671/3723 4621/669/3721 4686/736/2143
f 4689/739/2146 4688/738/2145 4686/736/2143 4687/737/2144
f 4690/740/2147 4625/673/2082 4623/671/3723 4688/738/2145
f 4691/741/3752 4690/740/2147 4688/738/2145 4689/739/2146
f 4692/742/2149 4627/675/3725 4625/673/2082 4690/740/2147
f 4693/743/2150 4692/742/2149 4690/740/2147 4691/741/3752
f 4694/744/2151 4629/677/2085 4627/675/3725 4692/742/2149
f 4695/745/3753 4694/744/2151 4692/742/2149 4693/743/2150
f 4696/746/2153 4631/679/2088 4629/677/2085 4694/744/2151
f 4697/747/3754 4696/746/2153 4694/744/2151 4695/745/3753
f 4698/748/3755 4633/681/3728 4631/679/2088 4696/746/2153
f 4699/749/2156 4698/748/3755 4696/746/2153 4697/747/3754
f 4700/750/2157 4635/683/3729 4633/681/3728 4698/748/3755
f 4701/751/2158 4700/750/2157 4698/748/3755 4699/749/2156
f 4702/752/2159 4637/685/2094 4635/683/3729 4700/750/2157
f 4703/753/2160 4702/752/2159 4700/750/2157 4701/751/2158
f 4704/754/2161 4639/687/3732 4637/685/2094 4702/752/2159
f 4705/755/3756 4704/754/2161 4702/752/2159 4703/753/2160
f 4706/756/2163 4641/689/2098 4639/687/3732 4704/754/2161
f 4707/757/2164 4706/756/2163 4704/754/2161 4705/755/3756
f 4708/695/2165 4643/691/2100 4641/689/2098 4706/756/2163
f 4709/758/2166 4708/695/2165 4706/756/2163 4707/757/2164
f 4711/759/2168 4646/694/3735 4708/695/2165 4709/758/2166
f 4710/760/2241 4709/758/2166 4707/757/2164 4796/761/2238
f 4712/762/2244 4711/759/2168 4709/758/2166 4710/760/2241
f 4713/700/2170 4648/696/3736 4646/694/3735 4711/759/2168
f 4714/763/3757 4713/700/2170 4711/759/2168 4712/762/2244
f 4716/764/2250 4651/699/2172 4713/700/2170 4714/763/3757
f 4715/765/3758 4714/763/3757 4712/762/2244 4800/766/2243
f 4717/767/2249 4716/764/2250 4714/763/3757 4715/765/3758
f 4718/768/2253 4653/701/2174 4651/699/2172 4716/764/2250
f 4719/769/3759 4718/768/2253 4716/764/2250 4717/767/2249
f 4720/770/3760 4655/703/2176 4653/701/2174 4718/768/2253
f 4721/771/3761 4720/770/3760 4718/768/2253 4719/769/3759
f 4722/772/2259 4657/705/3738 4655/703/2176 4720/770/3760
f 4723/773/2258 4722/772/2259 4720/770/3760 4721/771/3761
f 4724/774/3762 4659/707/2180 4657/705/3738 4722/772/2259
f 4725/775/3763 4724/774/3762 4722/772/2259 4723/773/2258
f 4726/776/3764 4661/709/3741 4659/707/2180 4724/774/3762
f 4728/777/3765 4726/776/3764 4724/774/3762 4725/775/3763
f 4727/778/2268 4663/711/3743 4661/709/3741 4726/776/3764
f 4730/779/3766 4727/778/2268 4726/776/3764 4728/777/3765
f 4731/780/3767 4730/779/3766 4728/777/3765 4729/781/3768
f 4729/781/3768 4728/777/3765 4725/775/3763 4804/782/3769
f 4732/783/2270 4733/784/2271 4727/778/2268 4730/779/3766
f 4734/785/2272 4732/783/2270 4730/779/3766 4731/780/3767
f 4735/786/3770 4736/787/3771 4733/784/2271 4732/783/2270
f 4737/788/3772 4735/786/3770 4732/783/2270 4734/785/2272
f 4738/789/3773 4739/790/2277 4736/787/3771 4735/786/3770
f 4740/791/3774 4738/789/3773 4735/786/3770 4737/788/3772
f 4741/792/3775 4742/793/2280 4739/790/2277 4738/789/3773
f 4743/794/3776 4741/792/3775 4738/789/3773 4740/791/3774
f 4744/795/2282 4745/796/2283 4742/793/2280 4741/792/3775
f 4746/797/3777 4744/795/2282 4741/792/3775 4743/794/3776
f 4747/798/3778 4748/799/2200 4745/796/2283 4744/795/2282
f 4749/800/3779 4747/798/3778 4744/795/2282 4746/797/3777
f 4750/801/2287 4751/802/2199 4748/799/2200 4747/798/3778
f 4752/803/3780 4750/801/2287 4747/798/3778 4749/800/3779
f 4753/804/2205 4754/805/2201 4751/806/2199 4750/807/2287
f 4755/808/3781 4753/804/2205 4750/807/2287 4752/809/3780
f 4756/810/2204 4757/811/2202 4754/805/2201 4753/804/2205
f 4758/812/2290 4756/810/2204 4753/804/2205 4755/808/3781
f 4759/813/2206 4760/814/2203 4757/811/2202 4756/810/2204
f 4761/815/2294 4759/813/2206 4756/810/2204 4758/812/2290
f 4762/816/2208 4763/817/2207 4760/814/2203 4759/813/2206
f 4764/818/2293 4762/816/2208 4759/813/2206 4761/815/2294
f 4765/819/3782 4766/820/3783 4763/817/2207 4762/816/2208
f 4767/821/3784 4765/819/3782 4762/816/2208 4764/818/2293
f 4768/822/2212 4769/823/2211 4766/820/3783 4765/819/3782
f 4770/824/3785 4768/822/2212 4765/819/3782 4767/821/3784
f 4771/825/3786 4772/826/3787 4769/823/2211 4768/822/2212
f 4773/827/2221 4771/825/3786 4768/822/2212 4770/824/3785
f 4774/828/2216 4775/829/2215 4772/826/3787 4771/825/3786
f 4776/830/2220 4774/828/2216 4771/825/3786 4773/827/2221
f 4777/831/3788 4778/832/3789 4775/829/2215 4774/828/2216
f 4779/833/3790 4777/831/3788 4774/828/2216 4776/830/2220
f 4780/834/3791 4781/835/3792 4778/832/3789 4777/831/3788
f 4782/836/3793 4780/834/3791 4777/831/3788 4779/833/3790
f 4783/837/3794 4784/838/3795 4781/835/3792 4780/834/3791
f 4785/839/3796 4783/837/3794 4780/834/3791 4782/836/3793
f 4786/840/3797 4787/841/2229 4784/838/3795 4783/837/3794
f 4788/842/3798 4786/840/3797 4783/837/3794 4785/839/3796
f 4789/843/2231 4790/844/2232 4787/841/2229 4786/840/3797
f 4791/845/3799 4789/843/2231 4786/840/3797 4788/842/3798
f 4792/846/3800 4793/847/2235 4790/844/2232 4789/843/2231
f 4794/848/2236 4792/846/3800 4789/843/2231 4791/845/3799
f 4795/849/2237 4796/761/2238 4793/847/2235 4792/846/3800
f 4797/850/3801 4795/849/2237 4792/846/3800 4794/848/2236
f 4798/851/2240 4710/760/2241 4796/761/2238 4795/849/2237
f 4799/852/2242 4798/851/2240 4795/849/2237 4797/850/3801
f 4800/766/2243 4712/762/2244 4710/760/2241 4798/851/2240
f 4801/853/3802 4800/766/2243 4798/851/2240 4799/852/2242
f 4802/854/2248 4715/765/3758 4800/766/2243 4801/853/3802
f 4803/855/829 4802/854/2248 4801/853/3802
f 4803/856/829 4801/853/3802 4799/852/2242
f 4803/857/829 4776/830/2220 4773/827/2221
f 4803/858/829 4779/833/3790 4776/830/2220
f 4803/859/829 4731/780/3767 4729/781/3768
f 4803/860/829 4729/781/3768 4804/782/3769
f 4803/861/829 4804/782/3769 4805/862/2260
f 4803/863/829 4805/862/2260 4806/864/2257
f 4803/865/829 4806/864/2257 4807/866/2254
f 4803/867/829 4807/866/2254 4808/868/3803
f 4803/869/829 4808/868/3803 4802/854/2248
f 4803/870/829 4799/852/2242 4797/850/3801
f 4803/871/829 4797/850/3801 4794/848/2236
f 4803/872/829 4794/848/2236 4791/845/3799
f 4803/873/829 4791/845/3799 4788/842/3798
f 4803/874/829 4788/842/3798 4785/839/3796
f 4803/875/829 4785/839/3796 4782/836/3793
f 4803/876/829 4782/836/3793 4779/833/3790
f 4803/877/829 4773/827/2221 4770/824/3785
f 4803/878/829 4770/824/3785 4767/821/3784
f 4803/879/829 4767/821/3784 4764/818/2293
f 4803/880/829 4764/818/2293 4761/815/2294
f 4803/881/829 4761/815/2294 4758/812/2290
f 4803/882/829 4758/812/2290 4755/808/3781
f 4803/883/829 4755/808/3781 4752/809/3780
f 4803/884/829 4752/803/3780 4749/800/3779
f 4803/885/829 4749/800/3779 4746/797/3777
f 4803/886/829 4746/797/3777 4743/794/3776
f 4803/887/829 4743/794/3776 4740/791/3774
f 4803/888/829 4740/791/3774 4737/788/3772
f 4803/889/829 4737/788/3772 4734/785/2272
f 4803/890/829 4734/785/2272 4731/780/3767
f 4808/868/3803 4717/767/2249 4715/765/3758 4802/854/2248
f 4807/866/2254 4719/769/3759 4717/767/2249 4808/868/3803
f 4806/864/2257 4721/771/3761 4719/769/3759 4807/866/2254
f 4805/862/2260 4723/773/2258 4721/771/3761 4806/864/2257
f 4804/782/3769 4725/775/3763 4723/773/2258 4805/862/2260
f 4796/761/2238 4707/757/2164 4705/755/3756 4793/847/2235
f 4793/847/2235 4705/755/3756 4703/753/2160 4790/844/2232
f 4790/844/2232 4703/753/2160 4701/751/2158 4787/841/2229
f 4787/841/2229 4701/751/2158 4699/749/2156 4784/838/3795
f 4784/838/3795 4699/749/2156 4697/747/3754 4781/835/3792
f 4781/835/3792 4697/747/3754 4695/745/3753 4778/832/3789
f 4778/832/3789 4695/745/3753 4693/743/2150 4775/829/2215
f 4775/829/2215 4693/743/2150 4691/741/3752 4772/826/3787
f 4772/826/3787 4691/741/3752 4689/739/2146 4769/823/2211
f 4769/823/2211 4689/739/2146 4687/737/2144 4766/820/3783
f 4766/820/3783 4687/737/2144 4685/735/3751 4763/817/2207
f 4763/817/2207 4685/735/3751 4683/733/2140 4760/814/2203
f 4760/814/2203 4683/733/2140 4681/731/3749 4757/811/2202
f 4757/811/2202 4681/731/3749 4679/728/2198 4754/805/2201
f 4754/805/2201 4679/728/2198 4677/729/2197 4751/806/2199
f 4751/802/2199 4677/725/2197 4675/723/2196 4748/799/2200
f 4748/799/2200 4675/723/2196 4673/721/2194 4745/796/2283
f 4745/796/2283 4673/721/2194 4671/719/2192 4742/793/2280
f 4742/793/2280 4671/719/2192 4669/717/3748 4739/790/2277
f 4739/790/2277 4669/717/3748 4667/715/3746 4736/787/3771
f 4736/787/3771 4667/715/3746 4665/713/2186 4733/784/2271
f 4733/784/2271 4665/713/2186 4663/711/3743 4727/778/2268
f 4384/332/1826 4291/328/3584 4289/326/3583 4381/422/1823
f 4381/422/1823 4289/326/3583 4287/324/1744 4378/419/1820
f 4378/419/1820 4287/324/1744 4285/322/1742 4375/416/1817
f 4375/416/1817 4285/322/1742 4283/320/1740 4372/413/3610
f 4372/413/3610 4283/320/1740 4281/318/3579 4369/410/1811
f 4369/410/1811 4281/318/3579 4279/316/1736 4366/407/1808
f 4366/407/1808 4279/316/1736 4277/314/1734 4363/404/1805
f 4363/404/1805 4277/314/1734 4275/312/1732 4360/401/1802
f 4360/401/1802 4275/312/1732 4273/310/3576 4357/398/1799
f 4357/398/1799 4273/310/3576 4271/308/1728 4354/395/1794
f 4354/395/1794 4271/308/1728 4269/306/1726 4351/392/1791
f 4351/392/1791 4269/306/1726 4267/304/3574 4348/389/3604
f 4348/389/3604 4267/304/3574 4265/302/3572 4345/386/1786
f 4345/386/1786 4265/302/3572 4263/300/1782 4342/383/1785
f 4342/383/1785 4263/300/1782 4261/298/1781 4339/380/1783
f 4339/380/1783 4261/298/1781 4259/296/3570 4336/377/1784
f 4336/377/1784 4259/296/3570 4257/294/3569 4333/374/1871
f 4333/374/1871 4257/294/3569 4255/291/1776 4330/368/1868
f 4330/368/1868 4255/291/1776 4253/292/1774 4327/369/1865
f 4327/365/1865 4253/288/1774 4251/286/3567 4324/362/3597
f 4324/362/3597 4251/286/3567 4249/284/3566 4321/359/3596
f 4321/359/3596 4249/284/3566 4247/282/1768 4318/356/1856
f 4318/356/1856 4247/282/1768 4245/280/1766 4315/353/1853
f 4315/353/1853 4245/280/1766 4243/278/1764 4312/350/3593
f 4312/350/3593 4243/278/1764 4241/276/3562 4309/347/1847
f 4309/347/1847 4241/276/3562 4239/274/3561 4303/342/3588
f 4226/167/1668 4132/164/3512 4130/162/1587 4223/259/1665
f 4223/259/1665 4130/162/1587 4128/160/1585 4220/256/3555
f 4220/256/3555 4128/160/1585 4126/158/3510 4217/253/3554
f 4217/253/3554 4126/158/3510 4124/156/1581 4214/250/3551
f 4214/250/3551 4124/156/1581 4122/154/3509 4211/247/3549
f 4211/247/3549 4122/154/3509 4120/152/3508 4208/244/3546
f 4208/244/3546 4120/152/3508 4118/150/3507 4205/241/3544
f 4205/241/3544 4118/150/3507 4116/148/3506 4202/238/1644
f 4202/238/1644 4116/148/3506 4114/146/1571 4199/235/3543
f 4199/235/3543 4114/146/1571 4112/144/3504 4196/232/1638
f 4196/232/1638 4112/144/3504 4110/142/1567 4193/229/3538
f 4193/229/3538 4110/142/1567 4108/140/1565 4190/226/1630
f 4190/226/1630 4108/140/1565 4106/138/3501 4187/223/3534
f 4187/223/3534 4106/138/3501 4104/136/1564 4184/220/3532
f 4184/220/3532 4104/136/1564 4102/134/1622 4181/217/3531
f 4181/217/3531 4102/134/1622 4100/132/3498 4178/214/1624
f 4178/214/1624 4100/132/3498 4098/130/3497 4175/211/1713
f 4175/211/1713 4098/130/3497 4096/128/3495 4172/208/3528
f 4172/208/3528 4096/128/3495 4094/125/1615 4169/202/1707
f 4169/202/1707 4094/125/1615 4092/126/1613 4166/203/3526
f 4166/199/3526 4092/122/1613 4090/120/3493 4163/196/1701
f 4163/196/1701 4090/120/3493 4088/118/1609 4160/193/3524
f 4160/193/3524 4088/118/1609 4086/116/3491 4157/190/3522
f 4157/190/3522 4086/116/3491 4084/114/3490 4154/187/1692
f 4154/187/1692 4084/114/3490 4082/112/3489 4151/184/3520
f 4151/184/3520 4082/112/3489 4080/110/3488 4148/181/3517
f 4148/181/3517 4080/110/3488 4078/108/3486 4142/175/1683
f 4069/98/3480 4809/891/2328 4871/892/3804 4066/95/1506
f 4810/6/1512 4811/893/3805 4809/891/2328 4069/98/3480
f 3979/5/3449 4813/894/3806 4811/893/3805 4810/6/1512
f 4811/893/3805 4812/895/3807 4874/896/3808 4809/891/2328
f 4813/894/3806 4814/897/3809 4812/895/3807 4811/893/3805
f 4815/898/2334 4816/899/2335 4814/897/3809 4813/894/3806
f 3982/8/3450 4815/898/2334 4813/894/3806 3979/5/3449
f 4817/900/2336 4818/901/2337 4816/899/2335 4815/898/2334
f 3985/11/1521 4817/900/2336 4815/898/2334 3982/8/3450
f 4819/902/2338 4820/903/2339 4818/901/2337 4817/900/2336
f 3988/14/1524 4819/902/2338 4817/900/2336 3985/11/1521
f 4821/904/2340 4822/905/2341 4820/903/2339 4819/902/2338
f 3991/17/3454 4821/904/2340 4819/902/2338 3988/14/1524
f 4823/906/2342 4824/907/2343 4822/905/2341 4821/904/2340
f 3994/20/3455 4823/906/2342 4821/904/2340 3991/17/3454
f 4825/908/3810 4826/909/3811 4824/907/2343 4823/906/2342
f 3997/23/3458 4825/908/3810 4823/906/2342 3994/20/3455
f 4827/910/2346 4828/911/2347 4826/909/3811 4825/908/3810
f 4000/26/3461 4827/910/2346 4825/908/3810 3997/23/3458
f 4829/912/2348 4830/913/3812 4828/911/2347 4827/910/2346
f 4003/29/1539 4829/912/2348 4827/910/2346 4000/26/3461
f 4831/914/2350 4832/915/2351 4830/916/3812 4829/917/2348
f 4006/32/1542 4831/914/2350 4829/917/2348 4003/33/1539
f 4833/918/2352 4834/919/3813 4832/915/2351 4831/914/2350
f 4009/38/1545 4833/918/2352 4831/914/2350 4006/32/1542
f 4835/920/2354 4836/921/2355 4834/919/3813 4833/918/2352
f 4012/41/1548 4835/920/2354 4833/918/2352 4009/38/1545
f 4837/922/2356 4838/923/2357 4836/921/2355 4835/920/2354
f 4015/44/1551 4837/922/2356 4835/920/2354 4012/41/1548
f 4839/924/2296 4840/925/2358 4838/923/2357 4837/922/2356
f 4018/47/1554 4839/924/2296 4837/922/2356 4015/44/1551
f 4841/926/3814 4842/927/2300 4840/925/2358 4839/924/2296
f 4021/50/3467 4841/926/3814 4839/924/2296 4018/47/1554
f 4843/928/3815 4844/929/3816 4842/927/2300 4841/926/3814
f 4024/53/1468 4843/928/3815 4841/926/3814 4021/50/3467
f 4845/930/2298 4846/931/3817 4844/929/3816 4843/928/3815
f 4027/56/3468 4845/930/2298 4843/928/3815 4024/53/1468
f 4847/932/2302 4848/933/3818 4846/931/3817 4845/930/2298
f 4030/59/1470 4847/932/2302 4845/930/2298 4027/56/3468
f 4849/934/2304 4850/935/3819 4848/933/3818 4847/932/2302
f 4033/62/1473 4849/934/2304 4847/932/2302 4030/59/1470
f 4851/936/2306 4852/937/3820 4850/935/3819 4849/934/2304
f 4036/65/3470 4851/936/2306 4849/934/2304 4033/62/1473
f 4853/938/3821 4854/939/3822 4852/937/3820 4851/936/2306
f 4039/68/3471 4853/938/3821 4851/936/2306 4036/65/3470
f 4855/940/3823 4856/941/2311 4854/939/3822 4853/938/3821
f 4042/71/3473 4855/940/3823 4853/938/3821 4039/68/3471
f 4857/942/3824 4858/943/3825 4856/941/2311 4855/940/3823
f 4045/74/1485 4857/942/3824 4855/940/3823 4042/71/3473
f 4859/944/3826 4860/945/2315 4858/943/3825 4857/942/3824
f 4048/77/1488 4859/944/3826 4857/942/3824 4045/74/1485
f 4861/946/2316 4862/947/3827 4860/945/2315 4859/944/3826
f 4051/80/1491 4861/946/2316 4859/944/3826 4048/77/1488
f 4863/948/2318 4864/949/3828 4862/947/3827 4861/946/2316
f 4054/83/1494 4863/948/2318 4861/946/2316 4051/80/1491
f 4865/950/3829 4866/951/3830 4864/949/3828 4863/948/2318
f 4057/86/3477 4865/950/3829 4863/948/2318 4054/83/1494
f 4867/952/3831 4868/953/3832 4866/951/3830 4865/950/3829
f 4060/89/1500 4867/952/3831 4865/950/3829 4057/86/3477
f 4869/954/2324 4870/955/3833 4868/953/3832 4867/952/3831
f 4063/92/1503 4869/954/2324 4867/952/3831 4060/89/1500
f 4871/892/3804 4872/956/2327 4870/955/3833 4869/954/2324
f 4066/95/1506 4871/892/3804 4869/954/2324 4063/92/1503
f 4809/891/2328 4874/896/3808 4872/956/2327 4871/892/3804
f 4872/956/2327 4873/957/3834 4935/958/2390 4870/955/3833
f 4874/896/3808 4875/959/3835 4873/957/3834 4872/956/2327
f 4812/895/3807 4877/960/2396 4875/959/3835 4874/896/3808
f 4875/959/3835 4876/961/2395 4938/962/2393 4873/957/3834
f 4877/960/2396 4878/963/3836 4876/961/2395 4875/959/3835
f 4879/964/3837 4880/965/3838 4878/963/3836 4877/960/2396
f 4814/897/3809 4879/964/3837 4877/960/2396 4812/895/3807
f 4881/966/3839 4882/967/3840 4880/965/3838 4879/964/3837
f 4816/899/2335 4881/966/3839 4879/964/3837 4814/897/3809
f 4883/968/3841 4884/969/3842 4882/967/3840 4881/966/3839
f 4818/901/2337 4883/968/3841 4881/966/3839 4816/899/2335
f 4885/970/2404 4886/971/3843 4884/969/3842 4883/968/3841
f 4820/903/2339 4885/970/2404 4883/968/3841 4818/901/2337
f 4887/972/2406 4888/973/2407 4886/971/3843 4885/970/2404
f 4822/905/2341 4887/972/2406 4885/970/2404 4820/903/2339
f 4889/974/2408 4890/975/2409 4888/973/2407 4887/972/2406
f 4824/907/2343 4889/974/2408 4887/972/2406 4822/905/2341
f 4891/976/2410 4892/977/3844 4890/975/2409 4889/974/2408
f 4826/909/3811 4891/976/2410 4889/974/2408 4824/907/2343
f 4893/978/2412 4894/979/2413 4892/977/3844 4891/976/2410
f 4828/911/2347 4893/978/2412 4891/976/2410 4826/909/3811
f 4895/980/3845 4896/981/3846 4894/979/2413 4893/978/2412
f 4830/913/3812 4895/980/3845 4893/978/2412 4828/911/2347
f 4897/982/3847 4898/983/2417 4896/984/3846 4895/985/3845
f 4832/915/2351 4897/982/3847 4895/985/3845 4830/916/3812
f 4899/986/3848 4900/987/3849 4898/983/2417 4897/982/3847
f 4834/919/3813 4899/986/3848 4897/982/3847 4832/915/2351
f 4901/988/2420 4902/989/2421 4900/987/3849 4899/986/3848
f 4836/921/2355 4901/988/2420 4899/986/3848 4834/919/3813
f 4903/990/2360 4904/991/3850 4902/989/2421 4901/988/2420
f 4838/923/2357 4903/990/2360 4901/988/2420 4836/921/2355
f 4905/992/2359 4906/993/2364 4904/991/3850 4903/990/2360
f 4840/925/2358 4905/992/2359 4903/990/2360 4838/923/2357
f 4907/994/2361 4908/995/2363 4906/993/2364 4905/992/2359
f 4842/927/2300 4907/994/2361 4905/992/2359 4840/925/2358
f 4909/996/2362 4910/997/3851 4908/995/2363 4907/994/2361
f 4844/929/3816 4909/996/2362 4907/994/2361 4842/927/2300
f 4911/998/3852 4912/999/3853 4910/997/3851 4909/996/2362
f 4846/931/3817 4911/998/3852 4909/996/2362 4844/929/3816
f 4913/1000/3854 4914/1001/2369 4912/999/3853 4911/998/3852
f 4848/933/3818 4913/1000/3854 4911/998/3852 4846/931/3817
f 4915/1002/2370 4916/1003/2371 4914/1001/2369 4913/1000/3854
f 4850/935/3819 4915/1002/2370 4913/1000/3854 4848/933/3818
f 4917/1004/3855 4918/1005/2373 4916/1003/2371 4915/1002/2370
f 4852/937/3820 4917/1004/3855 4915/1002/2370 4850/935/3819
f 4919/1006/2374 4920/1007/2375 4918/1005/2373 4917/1004/3855
f 4854/939/3822 4919/1006/2374 4917/1004/3855 4852/937/3820
f 4921/1008/3856 4922/1009/3857 4920/1007/2375 4919/1006/2374
f 4856/941/2311 4921/1008/3856 4919/1006/2374 4854/939/3822
f 4923/1010/2378 4924/1011/3858 4922/1009/3857 4921/1008/3856
f 4858/943/3825 4923/1010/2378 4921/1008/3856 4856/941/2311
f 4925/1012/3859 4926/1013/3860 4924/1011/3858 4923/1010/2378
f 4860/945/2315 4925/1012/3859 4923/1010/2378 4858/943/3825
f 4927/1014/2382 4928/1015/2383 4926/1013/3860 4925/1012/3859
f 4862/947/3827 4927/1014/2382 4925/1012/3859 4860/945/2315
f 4929/1016/2384 4930/1017/2385 4928/1015/2383 4927/1014/2382
f 4864/949/3828 4929/1016/2384 4927/1014/2382 4862/947/3827
f 4931/1018/3861 4932/1019/3862 4930/1017/2385 4929/1016/2384
f 4866/951/3830 4931/1018/3861 4929/1016/2384 4864/949/3828
f 4933/1020/2388 4934/1021/3863 4932/1019/3862 4931/1018/3861
f 4868/953/3832 4933/1020/2388 4931/1018/3861 4866/951/3830
f 4935/958/2390 4936/1022/2391 4934/1021/3863 4933/1020/2388
f 4870/955/3833 4935/958/2390 4933/1020/2388 4868/953/3832
f 4873/957/3834 4938/962/2393 4936/1022/2391 4935/958/2390
f 4936/1022/2391 4937/1023/3864 4945/1024/3865 4934/1021/3863
f 4938/962/2393 4939/1025/2443 4937/1023/3864 4936/1022/2391
f 4876/961/2395 4940/1026/3866 4939/1025/2443 4938/962/2393
f 4940/1026/3866 4941/1027/966 4939/1025/2443
f 4939/1025/2443 4941/1028/966 4937/1023/3864
f 4942/1029/3867 4941/1030/966 4957/1031/2426
f 4956/1032/2431 4941/1033/966 4942/1029/3867
f 4970/1034/3868 4941/1035/966 4943/1036/3869
f 4943/1036/3869 4941/1037/966 4944/1038/3870
f 4944/1038/3870 4941/1039/966 4940/1026/3866
f 4937/1023/3864 4941/1040/966 4945/1024/3865
f 4945/1024/3865 4941/1041/966 4946/1042/2446
f 4946/1042/2446 4941/1043/966 4947/1044/2447
f 4947/1044/2447 4941/1045/966 4948/1046/3871
f 4948/1046/3871 4941/1047/966 4949/1048/2449
f 4949/1048/2449 4941/1049/966 4950/1050/2450
f 4950/1050/2450 4941/1051/966 4951/1052/3872
f 4951/1052/3872 4941/1053/966 4952/1054/3873
f 4952/1054/3873 4941/1055/966 4953/1056/3874
f 4953/1056/3874 4941/1057/966 4954/1058/2454
f 4954/1058/2454 4941/1059/966 4955/1060/2430
f 4955/1060/2430 4941/1061/966 4956/1032/2431
f 4957/1031/2426 4941/1062/966 4958/1063/2425
f 4958/1063/2425 4941/1064/966 4959/1065/3875
f 4959/1065/3875 4941/1066/966 4960/1067/3876
f 4960/1067/3876 4941/1068/966 4961/1069/3877
f 4961/1069/3877 4941/1070/966 4962/1071/2434
f 4962/1071/2434 4941/1072/966 4963/1073/2435
f 4963/1074/2435 4941/1075/966 4964/1076/2436
f 4964/1076/2436 4941/1077/966 4965/1078/3878
f 4965/1078/3878 4941/1079/966 4966/1080/3879
f 4966/1080/3879 4941/1081/966 4967/1082/3880
f 4967/1082/3880 4941/1083/966 4968/1084/3881
f 4968/1084/3881 4941/1085/966 4969/1086/3882
f 4969/1086/3882 4941/1087/966 4970/1034/3868
f 4882/967/3840 4970/1034/3868 4943/1036/3869 4880/965/3838
f 4884/969/3842 4969/1086/3882 4970/1034/3868 4882/967/3840
f 4886/971/3843 4968/1084/3881 4969/1086/3882 4884/969/3842
f 4888/973/2407 4967/1082/3880 4968/1084/3881 4886/971/3843
f 4890/975/2409 4966/1080/3879 4967/1082/3880 4888/973/2407
f 4892/977/3844 4965/1078/3878 4966/1080/3879 4890/975/2409
f 4894/979/2413 4964/1076/2436 4965/1078/3878 4892/977/3844
f 4896/981/3846 4963/1074/2435 4964/1076/2436 4894/979/2413
f 4898/983/2417 4962/1071/2434 4963/1073/2435 4896/984/3846
f 4900/987/3849 4961/1069/3877 4962/1071/2434 4898/983/2417
f 4902/989/2421 4960/1067/3876 4961/1069/3877 4900/987/3849
f 4904/991/3850 4959/1065/3875 4960/1067/3876 4902/989/2421
f 4906/993/2364 4958/1063/2425 4959/1065/3875 4904/991/3850
f 4908/995/2363 4957/1031/2426 4958/1063/2425 4906/993/2364
f 4910/997/3851 4942/1029/3867 4957/1031/2426 4908/995/2363
f 4912/999/3853 4956/1032/2431 4942/1029/3867 4910/997/3851
f 4914/1001/2369 4955/1060/2430 4956/1032/2431 4912/999/3853
f 4916/1003/2371 4954/1058/2454 4955/1060/2430 4914/1001/2369
f 4918/1005/2373 4953/1056/3874 4954/1058/2454 4916/1003/2371
f 4920/1007/2375 4952/1054/3873 4953/1056/3874 4918/1005/2373
f 4922/1009/3857 4951/1052/3872 4952/1054/3873 4920/1007/2375
f 4924/1011/3858 4950/1050/2450 4951/1052/3872 4922/1009/3857
f 4926/1013/3860 4949/1048/2449 4950/1050/2450 4924/1011/3858
f 4928/1015/2383 4948/1046/3871 4949/1048/2449 4926/1013/3860
f 4930/1017/2385 4947/1044/2447 4948/1046/3871 4928/1015/2383
f 4932/1019/3862 4946/1042/2446 4947/1044/2447 4930/1017/2385
f 4934/1021/3863 4945/1024/3865 4946/1042/2446 4932/1019/3862
f 4878/963/3836 4944/1038/3870 4940/1026/3866 4876/961/2395
f 4880/965/3838 4943/1036/3869 4944/1038/3870 4878/963/3836
usemtl Material.002
f 4974/1/2508 4971/2/3883 4972/3/2503 5066/4/3884
f 4971/2/3883 4973/5/2507 5804/6/3885 4972/3/2503
f 4975/7/2509 4976/8/2510 4973/5/2507 4971/2/3883
f 4977/9/3886 4975/7/2509 4971/2/3883 4974/1/2508
f 4978/10/3887 4979/11/3888 4976/8/2510 4975/7/2509
f 4980/12/3889 4978/10/3887 4975/7/2509 4977/9/3886
f 4981/13/2515 4982/14/2516 4979/11/3888 4978/10/3887
f 4983/15/3890 4981/13/2515 4978/10/3887 4980/12/3889
f 4984/16/2518 4985/17/2519 4982/14/2516 4981/13/2515
f 4986/18/2520 4984/16/2518 4981/13/2515 4983/15/3890
f 4987/19/2521 4988/20/2522 4985/17/2519 4984/16/2518
f 4989/21/2523 4987/19/2521 4984/16/2518 4986/18/2520
f 4990/22/3891 4991/23/3892 4988/20/2522 4987/19/2521
f 4992/24/2526 4990/22/3891 4987/19/2521 4989/21/2523
f 4993/25/2527 4994/26/2528 4991/23/3892 4990/22/3891
f 4995/27/2529 4993/25/2527 4990/22/3891 4992/24/2526
f 4996/28/2530 4997/29/3893 4994/26/2528 4993/25/2527
f 4998/30/2532 4996/28/2530 4993/25/2527 4995/27/2529
f 4999/31/2533 5000/32/2534 4997/33/3893 4996/34/2530
f 5001/35/2535 4999/31/2533 4996/34/2530 4998/36/2532
f 5002/37/2536 5003/38/3894 5000/32/2534 4999/31/2533
f 5004/39/2538 5002/37/2536 4999/31/2533 5001/35/2535
f 5005/40/2539 5006/41/2540 5003/38/3894 5002/37/2536
f 5007/42/2541 5005/40/2539 5002/37/2536 5004/39/2538
f 5008/43/2542 5009/44/3895 5006/41/2540 5005/40/2539
f 5010/45/2544 5008/43/2542 5005/40/2539 5007/42/2541
f 5011/46/2545 5012/47/2546 5009/44/3895 5008/43/2542
f 5013/48/3896 5011/46/2545 5008/43/2542 5010/45/2544
f 5014/49/2548 5015/50/2549 5012/47/2546 5011/46/2545
f 5016/51/2550 5014/49/2548 5011/46/2545 5013/48/3896
f 5017/52/2457 5018/53/3897 5015/50/2549 5014/49/2548
f 5019/54/2458 5017/52/2457 5014/49/2548 5016/51/2550
f 5020/55/2456 5021/56/2459 5018/53/3897 5017/52/2457
f 5022/57/2455 5020/55/2456 5017/52/2457 5019/54/2458
f 5023/58/3898 5024/59/3899 5021/56/2459 5020/55/2456
f 5025/60/2463 5023/58/3898 5020/55/2456 5022/57/2455
f 5026/61/3900 5027/62/3901 5024/59/3899 5023/58/3898
f 5028/63/2466 5026/61/3900 5023/58/3898 5025/60/2463
f 5029/64/3902 5030/65/3903 5027/62/3901 5026/61/3900
f 5031/66/3904 5029/64/3902 5026/61/3900 5028/63/2466
f 5032/67/3905 5033/68/3906 5030/65/3903 5029/64/3902
f 5034/69/2472 5032/67/3905 5029/64/3902 5031/66/3904
f 5035/70/2473 5036/71/3907 5033/68/3906 5032/67/3905
f 5037/72/3908 5035/70/2473 5032/67/3905 5034/69/2472
f 5038/73/2476 5039/74/2477 5036/71/3907 5035/70/2473
f 5040/75/2478 5038/73/2476 5035/70/2473 5037/72/3908
f 5041/76/3909 5042/77/2480 5039/74/2477 5038/73/2476
f 5043/78/3910 5041/76/3909 5038/73/2476 5040/75/2478
f 5044/79/3911 5045/80/2483 5042/77/2480 5041/76/3909
f 5046/81/2484 5044/79/3911 5041/76/3909 5043/78/3910
f 5047/82/2485 5048/83/2486 5045/80/2483 5044/79/3911
f 5049/84/3912 5047/82/2485 5044/79/3911 5046/81/2484
f 5050/85/2488 5051/86/2489 5048/83/2486 5047/82/2485
f 5052/87/3913 5050/85/2488 5047/82/2485 5049/84/3912
f 5053/88/2491 5054/89/3914 5051/86/2489 5050/85/2488
f 5055/90/3915 5053/88/2491 5050/85/2488 5052/87/3913
f 5056/91/2494 5057/92/3916 5054/89/3914 5053/88/2491
f 5058/93/2496 5056/91/2494 5053/88/2491 5055/90/3915
f 5059/94/2497 5060/95/2498 5057/92/3916 5056/91/2494
f 5061/96/2499 5059/94/2497 5056/91/2494 5058/93/2496
f 5062/97/3917 5063/98/3918 5060/95/2498 5059/94/2497
f 5064/99/3919 5062/97/3917 5059/94/2497 5061/96/2499
f 4972/3/2503 5804/6/3885 5063/98/3918 5062/97/3917
f 5066/4/3884 4972/3/2503 5062/97/3917 5064/99/3919
f 5065/100/3920 5064/99/3919 5061/96/2499 5127/101/2582
f 5067/102/3921 5066/4/3884 5064/99/3919 5065/100/3920
f 5069/103/3922 4974/1/2508 5066/4/3884 5067/102/3921
f 5068/104/3923 5067/102/3921 5065/100/3920 5130/105/3924
f 5070/106/3925 5069/103/3922 5067/102/3921 5068/104/3923
f 5071/107/2590 4977/9/3886 4974/1/2508 5069/103/3922
f 5072/108/3926 5071/107/2590 5069/103/3922 5070/106/3925
f 5073/109/2592 4980/12/3889 4977/9/3886 5071/107/2590
f 5074/110/3927 5073/109/2592 5071/107/2590 5072/108/3926
f 5075/111/3928 4983/15/3890 4980/12/3889 5073/109/2592
f 5076/112/3929 5075/111/3928 5073/109/2592 5074/110/3927
f 5077/113/2596 4986/18/2520 4983/15/3890 5075/111/3928
f 5078/114/2597 5077/113/2596 5075/111/3928 5076/112/3929
f 5079/115/2598 4989/21/2523 4986/18/2520 5077/113/2596
f 5080/116/2599 5079/115/2598 5077/113/2596 5078/114/2597
f 5081/117/3930 4992/24/2526 4989/21/2523 5079/115/2598
f 5082/118/3931 5081/117/3930 5079/115/2598 5080/116/2599
f 5083/119/3932 4995/27/2529 4992/24/2526 5081/117/3930
f 5084/120/3933 5083/119/3932 5081/117/3930 5082/118/3931
f 5085/121/2604 4998/30/2532 4995/27/2529 5083/119/3932
f 5086/122/2605 5085/121/2604 5083/119/3932 5084/120/3933
f 5087/123/3934 5001/35/2535 4998/36/2532 5085/124/2604
f 5088/125/3935 5087/123/3934 5085/124/2604 5086/126/2605
f 5089/127/3936 5004/39/2538 5001/35/2535 5087/123/3934
f 5090/128/3937 5089/127/3936 5087/123/3934 5088/125/3935
f 5091/129/2610 5007/42/2541 5004/39/2538 5089/127/3936
f 5092/130/3938 5091/129/2610 5089/127/3936 5090/128/3937
f 5093/131/3939 5010/45/2544 5007/42/2541 5091/129/2610
f 5094/132/3940 5093/131/3939 5091/129/2610 5092/130/3938
f 5095/133/2552 5013/48/3896 5010/45/2544 5093/131/3939
f 5096/134/3941 5095/133/2552 5093/131/3939 5094/132/3940
f 5097/135/3942 5016/51/2550 5013/48/3896 5095/133/2552
f 5098/136/3943 5097/135/3942 5095/133/2552 5096/134/3941
f 5099/137/2553 5019/54/2458 5016/51/2550 5097/135/3942
f 5100/138/3944 5099/137/2553 5097/135/3942 5098/136/3943
f 5101/139/3945 5022/57/2455 5019/54/2458 5099/137/2553
f 5102/140/2557 5101/139/3945 5099/137/2553 5100/138/3944
f 5103/141/3946 5025/60/2463 5022/57/2455 5101/139/3945
f 5104/142/3947 5103/141/3946 5101/139/3945 5102/140/2557
f 5105/143/3948 5028/63/2466 5025/60/2463 5103/141/3946
f 5106/144/2561 5105/143/3948 5103/141/3946 5104/142/3947
f 5107/145/2562 5031/66/3904 5028/63/2466 5105/143/3948
f 5108/146/3949 5107/145/2562 5105/143/3948 5106/144/2561
f 5109/147/2564 5034/69/2472 5031/66/3904 5107/145/2562
f 5110/148/2565 5109/147/2564 5107/145/2562 5108/146/3949
f 5111/149/3950 5037/72/3908 5034/69/2472 5109/147/2564
f 5112/150/3951 5111/149/3950 5109/147/2564 5110/148/2565
f 5113/151/2568 5040/75/2478 5037/72/3908 5111/149/3950
f 5114/152/3952 5113/151/2568 5111/149/3950 5112/150/3951
f 5115/153/2570 5043/78/3910 5040/75/2478 5113/151/2568
f 5116/154/3953 5115/153/2570 5113/151/2568 5114/152/3952
f 5117/155/2572 5046/81/2484 5043/78/3910 5115/153/2570
f 5118/156/2573 5117/155/2572 5115/153/2570 5116/154/3953
f 5119/157/2574 5049/84/3912 5046/81/2484 5117/155/2572
f 5120/158/3954 5119/157/2574 5117/155/2572 5118/156/2573
f 5121/159/3955 5052/87/3913 5049/84/3912 5119/157/2574
f 5122/160/2577 5121/159/3955 5119/157/2574 5120/158/3954
f 5123/161/2578 5055/90/3915 5052/87/3913 5121/159/3955
f 5124/162/2579 5123/161/2578 5121/159/3955 5122/160/2577
f 5125/163/2580 5058/93/2496 5055/90/3915 5123/161/2578
f 5126/164/3956 5125/163/2580 5123/161/2578 5124/162/2579
f 5127/101/2582 5061/96/2499 5058/93/2496 5125/163/2580
f 5128/165/3957 5127/101/2582 5125/163/2580 5126/164/3956
f 5130/105/3924 5065/100/3920 5127/101/2582 5128/165/3957
f 5129/166/3958 5128/165/3957 5126/164/3956 5220/167/3959
f 5131/168/2666 5130/105/3924 5128/165/3957 5129/166/3958
f 5133/169/2669 5068/104/3923 5130/105/3924 5131/168/2666
f 5132/170/2665 5131/168/2666 5129/166/3958 5222/171/2662
f 5134/172/2668 5133/169/2669 5131/168/2666 5132/170/2665
f 5135/173/3960 5070/106/3925 5068/104/3923 5133/169/2669
f 5137/174/2671 5135/173/3960 5133/169/2669 5134/172/2668
f 5136/175/3961 5072/108/3926 5070/106/3925 5135/173/3960
f 5139/176/2674 5136/175/3961 5135/173/3960 5137/174/2671
f 5140/177/2676 5139/176/2674 5137/174/2671 5138/178/2673
f 5138/178/2673 5137/174/2671 5134/172/2668 5227/179/2670
f 5141/180/2677 5142/181/2678 5136/175/3961 5139/176/2674
f 5143/182/2679 5141/180/2677 5139/176/2674 5140/177/2676
f 5144/183/2680 5145/184/2681 5142/181/2678 5141/180/2677
f 5146/185/2682 5144/183/2680 5141/180/2677 5143/182/2679
f 5147/186/2683 5148/187/2684 5145/184/2681 5144/183/2680
f 5149/188/2685 5147/186/2683 5144/183/2680 5146/185/2682
f 5150/189/2686 5151/190/2687 5148/187/2684 5147/186/2683
f 5152/191/3962 5150/189/2686 5147/186/2683 5149/188/2685
f 5153/192/2689 5154/193/2690 5151/190/2687 5150/189/2686
f 5155/194/2691 5153/192/2689 5150/189/2686 5152/191/3962
f 5156/195/2692 5157/196/3963 5154/193/2690 5153/192/2689
f 5158/197/2694 5156/195/2692 5153/192/2689 5155/194/2691
f 5159/198/2695 5160/199/3964 5157/196/3963 5156/195/2692
f 5161/200/3965 5159/198/2695 5156/195/2692 5158/197/2694
f 5162/201/3966 5163/202/2699 5160/203/3964 5159/204/2695
f 5164/205/2700 5162/201/3966 5159/204/2695 5161/206/3965
f 5165/207/2701 5166/208/2702 5163/202/2699 5162/201/3966
f 5167/209/2703 5165/207/2701 5162/201/3966 5164/205/2700
f 5168/210/3967 5169/211/3968 5166/208/2702 5165/207/2701
f 5170/212/3969 5168/210/3967 5165/207/2701 5167/209/2703
f 5171/213/2707 5172/214/3970 5169/211/3968 5168/210/3967
f 5173/215/3971 5171/213/2707 5168/210/3967 5170/212/3969
f 5174/216/2620 5175/217/2615 5172/214/3970 5171/213/2707
f 5176/218/2709 5174/216/2620 5171/213/2707 5173/215/3971
f 5177/219/2619 5178/220/2617 5175/217/2615 5174/216/2620
f 5179/221/2710 5177/219/2619 5174/216/2620 5176/218/2709
f 5180/222/3972 5181/223/2618 5178/220/2617 5177/219/2619
f 5182/224/2628 5180/222/3972 5177/219/2619 5179/221/2710
f 5183/225/2623 5184/226/2622 5181/223/2618 5180/222/3972
f 5185/227/2627 5183/225/2623 5180/222/3972 5182/224/2628
f 5186/228/3973 5187/229/2624 5184/226/2622 5183/225/2623
f 5188/230/3974 5186/228/3973 5183/225/2623 5185/227/2627
f 5189/231/3975 5190/232/3976 5187/229/2624 5186/228/3973
f 5191/233/2631 5189/231/3975 5186/228/3973 5188/230/3974
f 5192/234/2632 5193/235/3977 5190/232/3976 5189/231/3975
f 5194/236/2634 5192/234/2632 5189/231/3975 5191/233/2631
f 5195/237/2635 5196/238/2636 5193/235/3977 5192/234/2632
f 5197/239/2637 5195/237/2635 5192/234/2632 5194/236/2634
f 5198/240/3978 5199/241/2639 5196/238/2636 5195/237/2635
f 5200/242/2640 5198/240/3978 5195/237/2635 5197/239/2637
f 5201/243/2641 5202/244/3979 5199/241/2639 5198/240/3978
f 5203/245/2643 5201/243/2641 5198/240/3978 5200/242/2640
f 5204/246/2644 5205/247/2645 5202/244/3979 5201/243/2641
f 5206/248/2646 5204/246/2644 5201/243/2641 5203/245/2643
f 5207/249/2647 5208/250/2648 5205/247/2645 5204/246/2644
f 5209/251/3980 5207/249/2647 5204/246/2644 5206/248/2646
f 5210/252/2650 5211/253/2651 5208/250/2648 5207/249/2647
f 5212/254/3981 5210/252/2650 5207/249/2647 5209/251/3980
f 5213/255/2653 5214/256/3982 5211/253/2651 5210/252/2650
f 5215/257/2655 5213/255/2653 5210/252/2650 5212/254/3981
f 5216/258/2656 5217/259/3983 5214/256/3982 5213/255/2653
f 5218/260/3984 5216/258/2656 5213/255/2653 5215/257/2655
f 5219/261/2659 5220/167/3959 5217/259/3983 5216/258/2656
f 5221/262/2661 5219/261/2659 5216/258/2656 5218/260/3984
f 5222/171/2662 5129/166/3958 5220/167/3959 5219/261/2659
f 5223/263/3985 5222/171/2662 5219/261/2659 5221/262/2661
f 5225/264/3986 5132/170/2665 5222/171/2662 5223/263/3985
f 5224/265/3987 5223/263/3985 5221/262/2661 5286/266/3988
f 5226/267/2745 5225/264/3986 5223/263/3985 5224/265/3987
f 5227/179/2670 5134/172/2668 5132/170/2665 5225/264/3986
f 5228/268/2747 5227/179/2670 5225/264/3986 5226/267/2745
f 5230/269/2749 5138/178/2673 5227/179/2670 5228/268/2747
f 5229/270/2748 5228/268/2747 5226/267/2745 5291/271/3989
f 5231/272/2750 5230/269/2749 5228/268/2747 5229/270/2748
f 5232/273/2751 5140/177/2676 5138/178/2673 5230/269/2749
f 5233/274/2752 5232/273/2751 5230/269/2749 5231/272/2750
f 5234/275/3990 5143/182/2679 5140/177/2676 5232/273/2751
f 5235/276/3991 5234/275/3990 5232/273/2751 5233/274/2752
f 5236/277/3992 5146/185/2682 5143/182/2679 5234/275/3990
f 5237/278/2756 5236/277/3992 5234/275/3990 5235/276/3991
f 5238/279/2757 5149/188/2685 5146/185/2682 5236/277/3992
f 5239/280/2758 5238/279/2757 5236/277/3992 5237/278/2756
f 5240/281/2759 5152/191/3962 5149/188/2685 5238/279/2757
f 5241/282/2760 5240/281/2759 5238/279/2757 5239/280/2758
f 5242/283/2761 5155/194/2691 5152/191/3962 5240/281/2759
f 5243/284/2762 5242/283/2761 5240/281/2759 5241/282/2760
f 5244/285/2763 5158/197/2694 5155/194/2691 5242/283/2761
f 5245/286/2764 5244/285/2763 5242/283/2761 5243/284/2762
f 5246/287/3993 5161/200/3965 5158/197/2694 5244/285/2763
f 5247/288/3994 5246/287/3993 5244/285/2763 5245/286/2764
f 5248/289/2767 5164/205/2700 5161/206/3965 5246/290/3993
f 5249/291/3995 5248/289/2767 5246/290/3993 5247/292/3994
f 5250/293/2769 5167/209/2703 5164/205/2700 5248/289/2767
f 5251/294/2770 5250/293/2769 5248/289/2767 5249/291/3995
f 5252/295/2771 5170/212/3969 5167/209/2703 5250/293/2769
f 5253/296/2772 5252/295/2771 5250/293/2769 5251/294/2770
f 5254/297/2712 5173/215/3971 5170/212/3969 5252/295/2771
f 5255/298/2773 5254/297/2712 5252/295/2771 5253/296/2772
f 5256/299/2711 5176/218/2709 5173/215/3971 5254/297/2712
f 5257/300/3996 5256/299/2711 5254/297/2712 5255/298/2773
f 5258/301/2713 5179/221/2710 5176/218/2709 5256/299/2711
f 5259/302/3997 5258/301/2713 5256/299/2711 5257/300/3996
f 5260/303/3998 5182/224/2628 5179/221/2710 5258/301/2713
f 5261/304/2716 5260/303/3998 5258/301/2713 5259/302/3997
f 5262/305/3999 5185/227/2627 5182/224/2628 5260/303/3998
f 5263/306/2718 5262/305/3999 5260/303/3998 5261/304/2716
f 5264/307/4000 5188/230/3974 5185/227/2627 5262/305/3999
f 5265/308/4001 5264/307/4000 5262/305/3999 5263/306/2718
f 5266/309/2721 5191/233/2631 5188/230/3974 5264/307/4000
f 5267/310/4002 5266/309/2721 5264/307/4000 5265/308/4001
f 5268/311/4003 5194/236/2634 5191/233/2631 5266/309/2721
f 5269/312/2724 5268/311/4003 5266/309/2721 5267/310/4002
f 5270/313/4004 5197/239/2637 5194/236/2634 5268/311/4003
f 5271/314/2726 5270/313/4004 5268/311/4003 5269/312/2724
f 5272/315/2727 5200/242/2640 5197/239/2637 5270/313/4004
f 5273/316/2728 5272/315/2727 5270/313/4004 5271/314/2726
f 5274/317/2729 5203/245/2643 5200/242/2640 5272/315/2727
f 5275/318/2730 5274/317/2729 5272/315/2727 5273/316/2728
f 5276/319/4005 5206/248/2646 5203/245/2643 5274/317/2729
f 5277/320/2732 5276/319/4005 5274/317/2729 5275/318/2730
f 5278/321/2733 5209/251/3980 5206/248/2646 5276/319/4005
f 5279/322/2734 5278/321/2733 5276/319/4005 5277/320/2732
f 5280/323/2735 5212/254/3981 5209/251/3980 5278/321/2733
f 5281/324/4006 5280/323/2735 5278/321/2733 5279/322/2734
f 5282/325/2737 5215/257/2655 5212/254/3981 5280/323/2735
f 5283/326/4007 5282/325/2737 5280/323/2735 5281/324/4006
f 5284/327/2739 5218/260/3984 5215/257/2655 5282/325/2737
f 5285/328/2740 5284/327/2739 5282/325/2737 5283/326/4007
f 5286/266/3988 5221/262/2661 5218/260/3984 5284/327/2739
f 5287/329/2742 5286/266/3988 5284/327/2739 5285/328/2740
f 5289/330/2744 5224/265/3987 5286/266/3988 5287/329/2742
f 5288/331/2821 5287/329/2742 5285/328/2740 5378/332/2818
f 5290/333/4008 5289/330/2744 5287/329/2742 5288/331/2821
f 5291/271/3989 5226/267/2745 5224/265/3987 5289/330/2744
f 5292/334/2827 5291/271/3989 5289/330/2744 5290/333/4008
f 5294/335/4009 5229/270/2748 5291/271/3989 5292/334/2827
f 5293/336/4010 5292/334/2827 5290/333/4008 5382/337/2823
f 5295/338/2829 5294/335/4009 5292/334/2827 5293/336/4010
f 5296/339/2833 5231/272/2750 5229/270/2748 5294/335/4009
f 5298/340/2832 5296/339/2833 5294/335/4009 5295/338/2829
f 5300/341/4011 5297/342/4012 5296/339/2833 5298/340/2832
f 5297/342/4012 5233/274/2752 5231/272/2750 5296/339/2833
f 5301/343/4013 5300/341/4011 5298/340/2832 5299/344/4014
f 5299/344/4014 5298/340/2832 5295/338/2829 5387/345/4015
f 5302/346/2838 5303/347/2839 5297/342/4012 5300/341/4011
f 5304/348/2840 5302/346/2838 5300/341/4011 5301/343/4013
f 5305/349/4016 5306/350/2842 5303/347/2839 5302/346/2838
f 5307/351/2843 5305/349/4016 5302/346/2838 5304/348/2840
f 5308/352/2844 5309/353/2845 5306/350/2842 5305/349/4016
f 5310/354/2846 5308/352/2844 5305/349/4016 5307/351/2843
f 5311/355/2847 5312/356/2848 5309/353/2845 5308/352/2844
f 5313/357/2849 5311/355/2847 5308/352/2844 5310/354/2846
f 5314/358/2850 5315/359/2851 5312/356/2848 5311/355/2847
f 5316/360/2852 5314/358/2850 5311/355/2847 5313/357/2849
f 5317/361/2853 5318/362/2854 5315/359/2851 5314/358/2850
f 5319/363/2855 5317/361/2853 5314/358/2850 5316/360/2852
f 5320/364/2856 5321/365/2857 5318/362/2854 5317/361/2853
f 5322/366/2858 5320/364/2856 5317/361/2853 5319/363/2855
f 5323/367/2859 5324/368/2860 5321/369/2857 5320/370/2856
f 5325/371/2861 5323/367/2859 5320/370/2856 5322/372/2858
f 5326/373/2862 5327/374/2863 5324/368/2860 5323/367/2859
f 5328/375/2864 5326/373/2862 5323/367/2859 5325/371/2861
f 5329/376/2865 5330/377/2776 5327/374/2863 5326/373/2862
f 5331/378/4017 5329/376/2865 5326/373/2862 5328/375/2864
f 5332/379/2867 5333/380/2775 5330/377/2776 5329/376/2865
f 5334/381/4018 5332/379/2867 5329/376/2865 5331/378/4017
f 5335/382/2781 5336/383/2777 5333/380/2775 5332/379/2867
f 5337/384/4019 5335/382/2781 5332/379/2867 5334/381/4018
f 5338/385/2780 5339/386/2778 5336/383/2777 5335/382/2781
f 5340/387/2870 5338/385/2780 5335/382/2781 5337/384/4019
f 5341/388/2782 5342/389/4020 5339/386/2778 5338/385/2780
f 5343/390/2789 5341/388/2782 5338/385/2780 5340/387/2870
f 5344/391/2784 5345/392/2783 5342/389/4020 5341/388/2782
f 5346/393/4021 5344/391/2784 5341/388/2782 5343/390/2789
f 5347/394/2785 5348/395/4022 5345/392/2783 5344/391/2784
f 5349/396/4023 5347/394/2785 5344/391/2784 5346/393/4021
f 5350/397/4024 5351/398/4025 5348/395/4022 5347/394/2785
f 5352/399/4026 5350/397/4024 5347/394/2785 5349/396/4023
f 5353/400/2793 5354/401/2794 5351/398/4025 5350/397/4024
f 5355/402/2795 5353/400/2793 5350/397/4024 5352/399/4026
f 5356/403/2796 5357/404/2797 5354/401/2794 5353/400/2793
f 5358/405/2798 5356/403/2796 5353/400/2793 5355/402/2795
f 5359/406/2799 5360/407/2800 5357/404/2797 5356/403/2796
f 5361/408/2801 5359/406/2799 5356/403/2796 5358/405/2798
f 5362/409/2802 5363/410/2803 5360/407/2800 5359/406/2799
f 5364/411/4027 5362/409/2802 5359/406/2799 5361/408/2801
f 5365/412/2805 5366/413/2806 5363/410/2803 5362/409/2802
f 5367/414/2807 5365/412/2805 5362/409/2802 5364/411/4027
f 5368/415/2808 5369/416/4028 5366/413/2806 5365/412/2805
f 5370/417/4029 5368/415/2808 5365/412/2805 5367/414/2807
f 5371/418/4030 5372/419/2812 5369/416/4028 5368/415/2808
f 5373/420/2813 5371/418/4030 5368/415/2808 5370/417/4029
f 5374/421/4031 5375/422/4032 5372/419/2812 5371/418/4030
f 5376/423/2816 5374/421/4031 5371/418/4030 5373/420/2813
f 5377/424/2817 5378/332/2818 5375/422/4032 5374/421/4031
f 5379/425/4033 5377/424/2817 5374/421/4031 5376/423/2816
f 5380/426/2820 5288/331/2821 5378/332/2818 5377/424/2817
f 5381/427/2822 5380/426/2820 5377/424/2817 5379/425/4033
f 5382/337/2823 5290/333/4008 5288/331/2821 5380/426/2820
f 5383/428/4034 5382/337/2823 5380/426/2820 5381/427/2822
f 5385/429/2828 5293/336/4010 5382/337/2823 5383/428/4034
f 5384/430/2903 5383/428/4034 5381/427/2822 5446/431/2901
f 5386/432/4035 5385/429/2828 5383/428/4034 5384/430/2903
f 5387/345/4015 5295/338/2829 5293/336/4010 5385/429/2828
f 5388/433/4036 5387/345/4015 5385/429/2828 5386/432/4035
f 5390/434/4037 5299/344/4014 5387/345/4015 5388/433/4036
f 5389/435/4038 5388/433/4036 5386/432/4035 5451/436/2906
f 5391/437/2910 5390/434/4037 5388/433/4036 5389/435/4038
f 5393/438/2912 5392/439/2911 5390/434/4037 5391/437/2910
f 5392/439/2911 5301/343/4013 5299/344/4014 5390/434/4037
f 5394/440/2913 5304/348/2840 5301/343/4013 5392/439/2911
f 5395/441/2914 5394/440/2913 5392/439/2911 5393/438/2912
f 5396/442/2915 5307/351/2843 5304/348/2840 5394/440/2913
f 5397/443/4039 5396/442/2915 5394/440/2913 5395/441/2914
f 5398/444/2917 5310/354/2846 5307/351/2843 5396/442/2915
f 5399/445/2918 5398/444/2917 5396/442/2915 5397/443/4039
f 5400/446/4040 5313/357/2849 5310/354/2846 5398/444/2917
f 5401/447/4041 5400/446/4040 5398/444/2917 5399/445/2918
f 5402/448/2921 5316/360/2852 5313/357/2849 5400/446/4040
f 5403/449/4042 5402/448/2921 5400/446/4040 5401/447/4041
f 5404/450/2923 5319/363/2855 5316/360/2852 5402/448/2921
f 5405/451/4043 5404/450/2923 5402/448/2921 5403/449/4042
f 5406/452/2925 5322/366/2858 5319/363/2855 5404/450/2923
f 5407/453/2926 5406/452/2925 5404/450/2923 5405/451/4043
f 5408/454/2927 5325/371/2861 5322/372/2858 5406/455/2925
f 5409/456/4044 5408/454/2927 5406/455/2925 5407/457/2926
f 5410/458/2929 5328/375/2864 5325/371/2861 5408/454/2927
f 5411/459/2930 5410/458/2929 5408/454/2927 5409/456/4044
f 5412/460/4045 5331/378/4017 5328/375/2864 5410/458/2929
f 5413/461/2932 5412/460/4045 5410/458/2929 5411/459/2930
f 5414/462/2872 5334/381/4018 5331/378/4017 5412/460/4045
f 5415/463/2933 5414/462/2872 5412/460/4045 5413/461/2932
f 5416/464/4046 5337/384/4019 5334/381/4018 5414/462/2872
f 5417/465/4047 5416/464/4046 5414/462/2872 5415/463/2933
f 5418/466/4048 5340/387/2870 5337/384/4019 5416/464/4046
f 5419/467/4049 5418/466/4048 5416/464/4046 5417/465/4047
f 5420/468/2874 5343/390/2789 5340/387/2870 5418/466/4048
f 5421/469/2876 5420/468/2874 5418/466/4048 5419/467/4049
f 5422/470/2875 5346/393/4021 5343/390/2789 5420/468/2874
f 5423/471/2878 5422/470/2875 5420/468/2874 5421/469/2876
f 5424/472/2880 5349/396/4023 5346/393/4021 5422/470/2875
f 5425/473/2879 5424/472/2880 5422/470/2875 5423/471/2878
f 5426/474/2881 5352/399/4026 5349/396/4023 5424/472/2880
f 5427/475/2882 5426/474/2881 5424/472/2880 5425/473/2879
f 5428/476/2883 5355/402/2795 5352/399/4026 5426/474/2881
f 5429/477/2884 5428/476/2883 5426/474/2881 5427/475/2882
f 5430/478/2885 5358/405/2798 5355/402/2795 5428/476/2883
f 5431/479/4050 5430/478/2885 5428/476/2883 5429/477/2884
f 5432/480/2887 5361/408/2801 5358/405/2798 5430/478/2885
f 5433/481/2888 5432/480/2887 5430/478/2885 5431/479/4050
f 5434/482/2889 5364/411/4027 5361/408/2801 5432/480/2887
f 5435/483/2890 5434/482/2889 5432/480/2887 5433/481/2888
f 5436/484/4051 5367/414/2807 5364/411/4027 5434/482/2889
f 5437/485/2892 5436/484/4051 5434/482/2889 5435/483/2890
f 5438/486/4052 5370/417/4029 5367/414/2807 5436/484/4051
f 5439/487/2894 5438/486/4052 5436/484/4051 5437/485/2892
f 5440/488/2895 5373/420/2813 5370/417/4029 5438/486/4052
f 5441/489/2896 5440/488/2895 5438/486/4052 5439/487/2894
f 5442/490/4053 5376/423/2816 5373/420/2813 5440/488/2895
f 5443/491/4054 5442/490/4053 5440/488/2895 5441/489/2896
f 5444/492/2899 5379/425/4033 5376/423/2816 5442/490/4053
f 5445/493/2900 5444/492/2899 5442/490/4053 5443/491/4054
f 5446/431/2901 5381/427/2822 5379/425/4033 5444/492/2899
f 5447/494/2902 5446/431/2901 5444/492/2899 5445/493/2900
f 5449/495/4055 5384/430/2903 5446/431/2901 5447/494/2902
f 5448/496/2967 5447/494/2902 5445/493/2900 5510/497/4056
f 5450/498/2969 5449/495/4055 5447/494/2902 5448/496/2967
f 5451/436/2906 5386/432/4035 5384/430/2903 5449/495/4055
f 5452/499/2971 5451/436/2906 5449/495/4055 5450/498/2969
f 5454/500/4057 5389/435/4038 5451/436/2906 5452/499/2971
f 5453/501/4058 5452/499/2971 5450/498/2969 5515/502/2970
f 5455/503/4059 5454/500/4057 5452/499/2971 5453/501/4058
f 5456/504/2975 5391/437/2910 5389/435/4038 5454/500/4057
f 5457/505/2976 5456/504/2975 5454/500/4057 5455/503/4059
f 5459/506/4060 5458/507/4061 5456/504/2975 5457/505/2976
f 5458/507/4061 5393/438/2912 5391/437/2910 5456/504/2975
f 5460/508/2979 5395/441/2914 5393/438/2912 5458/507/4061
f 5461/509/4062 5460/508/2979 5458/507/4061 5459/506/4060
f 5462/510/4063 5397/443/4039 5395/441/2914 5460/508/2979
f 5463/511/2982 5462/510/4063 5460/508/2979 5461/509/4062
f 5464/512/2983 5399/445/2918 5397/443/4039 5462/510/4063
f 5465/513/2984 5464/512/2983 5462/510/4063 5463/511/2982
f 5466/514/2985 5401/447/4041 5399/445/2918 5464/512/2983
f 5467/515/2986 5466/514/2985 5464/512/2983 5465/513/2984
f 5468/516/2987 5403/449/4042 5401/447/4041 5466/514/2985
f 5469/517/2988 5468/516/2987 5466/514/2985 5467/515/2986
f 5470/518/4064 5405/451/4043 5403/449/4042 5468/516/2987
f 5471/519/2990 5470/518/4064 5468/516/2987 5469/517/2988
f 5472/520/4065 5407/453/2926 5405/451/4043 5470/518/4064
f 5473/521/2992 5472/520/4065 5470/518/4064 5471/519/2990
f 5474/522/2993 5409/456/4044 5407/457/2926 5472/523/4065
f 5475/524/4066 5474/522/2993 5472/523/4065 5473/525/2992
f 5476/526/2995 5411/459/2930 5409/456/4044 5474/522/2993
f 5477/527/4067 5476/526/2995 5474/522/2993 5475/524/4066
f 5478/528/4068 5413/461/2932 5411/459/2930 5476/526/2995
f 5479/529/4069 5478/528/4068 5476/526/2995 5477/527/4067
f 5480/530/4070 5415/463/2933 5413/461/2932 5478/528/4068
f 5481/531/4071 5480/530/4070 5478/528/4068 5479/529/4069
f 5482/532/2937 5417/465/4047 5415/463/2933 5480/530/4070
f 5483/533/4072 5482/532/2937 5480/530/4070 5481/531/4071
f 5484/534/4073 5419/467/4049 5417/465/4047 5482/532/2937
f 5485/535/2940 5484/534/4073 5482/532/2937 5483/533/4072
f 5486/536/2939 5421/469/2876 5419/467/4049 5484/534/4073
f 5487/537/4074 5486/536/2939 5484/534/4073 5485/535/2940
f 5488/538/2943 5423/471/2878 5421/469/2876 5486/536/2939
f 5489/539/4075 5488/538/2943 5486/536/2939 5487/537/4074
f 5490/540/2946 5425/473/2879 5423/471/2878 5488/538/2943
f 5491/541/4076 5490/540/2946 5488/538/2943 5489/539/4075
f 5492/542/2947 5427/475/2882 5425/473/2879 5490/540/2946
f 5493/543/2948 5492/542/2947 5490/540/2946 5491/541/4076
f 5494/544/2949 5429/477/2884 5427/475/2882 5492/542/2947
f 5495/545/2950 5494/544/2949 5492/542/2947 5493/543/2948
f 5496/546/2951 5431/479/4050 5429/477/2884 5494/544/2949
f 5497/547/2952 5496/546/2951 5494/544/2949 5495/545/2950
f 5498/548/2953 5433/481/2888 5431/479/4050 5496/546/2951
f 5499/549/2954 5498/548/2953 5496/546/2951 5497/547/2952
f 5500/550/2955 5435/483/2890 5433/481/2888 5498/548/2953
f 5501/551/2956 5500/550/2955 5498/548/2953 5499/549/2954
f 5502/552/2957 5437/485/2892 5435/483/2890 5500/550/2955
f 5503/553/4077 5502/552/2957 5500/550/2955 5501/551/2956
f 5504/554/4078 5439/487/2894 5437/485/2892 5502/552/2957
f 5505/555/2960 5504/554/4078 5502/552/2957 5503/553/4077
f 5506/556/2961 5441/489/2896 5439/487/2894 5504/554/4078
f 5507/557/4079 5506/556/2961 5504/554/4078 5505/555/2960
f 5508/558/4080 5443/491/4054 5441/489/2896 5506/556/2961
f 5509/559/4081 5508/558/4080 5506/556/2961 5507/557/4079
f 5510/497/4056 5445/493/2900 5443/491/4054 5508/558/4080
f 5511/560/4082 5510/497/4056 5508/558/4080 5509/559/4081
f 5513/561/2968 5448/496/2967 5510/497/4056 5511/560/4082
f 5512/562/3031 5511/560/4082 5509/559/4081 5574/563/4083
f 5514/564/3033 5513/561/2968 5511/560/4082 5512/562/3031
f 5515/502/2970 5450/498/2969 5448/496/2967 5513/561/2968
f 5516/565/3035 5515/502/2970 5513/561/2968 5514/564/3033
f 5518/566/3037 5453/501/4058 5515/502/2970 5516/565/3035
f 5517/567/3036 5516/565/3035 5514/564/3033 5579/568/4084
f 5519/569/4085 5518/566/3037 5516/565/3035 5517/567/3036
f 5520/570/3039 5455/503/4059 5453/501/4058 5518/566/3037
f 5521/571/4086 5520/570/3039 5518/566/3037 5519/569/4085
f 5522/572/3041 5457/505/2976 5455/503/4059 5520/570/3039
f 5523/573/3042 5522/572/3041 5520/570/3039 5521/571/4086
f 5524/574/3043 5459/506/4060 5457/505/2976 5522/572/3041
f 5525/575/3044 5524/574/3043 5522/572/3041 5523/573/3042
f 5526/576/3045 5461/509/4062 5459/506/4060 5524/574/3043
f 5527/577/3046 5526/576/3045 5524/574/3043 5525/575/3044
f 5528/578/3047 5463/511/2982 5461/509/4062 5526/576/3045
f 5529/579/4087 5528/578/3047 5526/576/3045 5527/577/3046
f 5530/580/3049 5465/513/2984 5463/511/2982 5528/578/3047
f 5531/581/3050 5530/580/3049 5528/578/3047 5529/579/4087
f 5532/582/3051 5467/515/2986 5465/513/2984 5530/580/3049
f 5533/583/3052 5532/582/3051 5530/580/3049 5531/581/3050
f 5534/584/3053 5469/517/2988 5467/515/2986 5532/582/3051
f 5535/585/3054 5534/584/3053 5532/582/3051 5533/583/3052
f 5536/586/3055 5471/519/2990 5469/517/2988 5534/584/3053
f 5537/587/4088 5536/586/3055 5534/584/3053 5535/585/3054
f 5538/588/4089 5473/521/2992 5471/519/2990 5536/586/3055
f 5539/589/3058 5538/588/4089 5536/586/3055 5537/587/4088
f 5540/590/3059 5475/524/4066 5473/525/2992 5538/591/4089
f 5541/592/4090 5540/590/3059 5538/591/4089 5539/593/3058
f 5542/594/3000 5477/527/4067 5475/524/4066 5540/590/3059
f 5543/595/3061 5542/594/3000 5540/590/3059 5541/592/4090
f 5544/596/2999 5479/529/4069 5477/527/4067 5542/594/3000
f 5545/597/3062 5544/596/2999 5542/594/3000 5543/595/3061
f 5546/598/4091 5481/531/4071 5479/529/4069 5544/596/2999
f 5547/599/3005 5546/598/4091 5544/596/2999 5545/597/3062
f 5548/600/4092 5483/533/4072 5481/531/4071 5546/598/4091
f 5549/601/4093 5548/600/4092 5546/598/4091 5547/599/3005
f 5550/602/4094 5485/535/2940 5483/533/4072 5548/600/4092
f 5551/603/4095 5550/602/4094 5548/600/4092 5549/601/4093
f 5552/604/4096 5487/537/4074 5485/535/2940 5550/602/4094
f 5553/605/4097 5552/604/4096 5550/602/4094 5551/603/4095
f 5554/606/4098 5489/539/4075 5487/537/4074 5552/604/4096
f 5555/607/3010 5554/606/4098 5552/604/4096 5553/605/4097
f 5556/608/3011 5491/541/4076 5489/539/4075 5554/606/4098
f 5557/609/3012 5556/608/3011 5554/606/4098 5555/607/3010
f 5558/610/4099 5493/543/2948 5491/541/4076 5556/608/3011
f 5559/611/3014 5558/610/4099 5556/608/3011 5557/609/3012
f 5560/612/4100 5495/545/2950 5493/543/2948 5558/610/4099
f 5561/613/3016 5560/612/4100 5558/610/4099 5559/611/3014
f 5562/614/4101 5497/547/2952 5495/545/2950 5560/612/4100
f 5563/615/3018 5562/614/4101 5560/612/4100 5561/613/3016
f 5564/616/4102 5499/549/2954 5497/547/2952 5562/614/4101
f 5565/617/4103 5564/616/4102 5562/614/4101 5563/615/3018
f 5566/618/4104 5501/551/2956 5499/549/2954 5564/616/4102
f 5567/619/3022 5566/618/4104 5564/616/4102 5565/617/4103
f 5568/620/4105 5503/553/4077 5501/551/2956 5566/618/4104
f 5569/621/4106 5568/620/4105 5566/618/4104 5567/619/3022
f 5570/622/3025 5505/555/2960 5503/553/4077 5568/620/4105
f 5571/623/3026 5570/622/3025 5568/620/4105 5569/621/4106
f 5572/624/3027 5507/557/4079 5505/555/2960 5570/622/3025
f 5573/625/3028 5572/624/3027 5570/622/3025 5571/623/3026
f 5574/563/4083 5509/559/4081 5507/557/4079 5572/624/3027
f 5575/626/3030 5574/563/4083 5572/624/3027 5573/625/3028
f 5577/627/3032 5512/562/3031 5574/563/4083 5575/626/3030
f 5576/628/3095 5575/626/3030 5573/625/3028 5638/629/4107
f 5578/630/4108 5577/627/3032 5575/626/3030 5576/628/3095
f 5579/568/4084 5514/564/3033 5512/562/3031 5577/627/3032
f 5580/631/3099 5579/568/4084 5577/627/3032 5578/630/4108
f 5582/632/3101 5517/567/3036 5579/568/4084 5580/631/3099
f 5581/633/4109 5580/631/3099 5578/630/4108 5643/634/4110
f 5583/635/4111 5582/632/3101 5580/631/3099 5581/633/4109
f 5584/636/4112 5519/569/4085 5517/567/3036 5582/632/3101
f 5585/637/3104 5584/636/4112 5582/632/3101 5583/635/4111
f 5586/638/3105 5521/571/4086 5519/569/4085 5584/636/4112
f 5587/639/4113 5586/638/3105 5584/636/4112 5585/637/3104
f 5588/640/3107 5523/573/3042 5521/571/4086 5586/638/3105
f 5589/641/4114 5588/640/3107 5586/638/3105 5587/639/4113
f 5591/642/3110 5590/643/3109 5588/640/3107 5589/641/4114
f 5590/643/3109 5525/575/3044 5523/573/3042 5588/640/3107
f 5592/644/4115 5527/577/3046 5525/575/3044 5590/643/3109
f 5593/645/4116 5592/644/4115 5590/643/3109 5591/642/3110
f 5594/646/3113 5529/579/4087 5527/577/3046 5592/644/4115
f 5595/647/3114 5594/646/3113 5592/644/4115 5593/645/4116
f 5596/648/3115 5531/581/3050 5529/579/4087 5594/646/3113
f 5597/649/3116 5596/648/3115 5594/646/3113 5595/647/3114
f 5598/650/4117 5533/583/3052 5531/581/3050 5596/648/3115
f 5599/651/3118 5598/650/4117 5596/648/3115 5597/649/3116
f 5600/652/3119 5535/585/3054 5533/583/3052 5598/650/4117
f 5601/653/3120 5600/652/3119 5598/650/4117 5599/651/3118
f 5602/654/4118 5537/587/4088 5535/585/3054 5600/652/3119
f 5603/655/3122 5602/654/4118 5600/652/3119 5601/653/3120
f 5604/656/3123 5539/589/3058 5537/587/4088 5602/654/4118
f 5605/657/3124 5604/656/3123 5602/654/4118 5603/655/3122
f 5606/658/4119 5541/592/4090 5539/593/3058 5604/659/3123
f 5607/660/4120 5606/658/4119 5604/659/3123 5605/661/3124
f 5608/662/4121 5543/595/3061 5541/592/4090 5606/658/4119
f 5609/663/4122 5608/662/4121 5606/658/4119 5607/660/4120
f 5610/664/3065 5545/597/3062 5543/595/3061 5608/662/4121
f 5611/665/4123 5610/664/3065 5608/662/4121 5609/663/4122
f 5612/666/3066 5547/599/3005 5545/597/3062 5610/664/3065
f 5613/667/3068 5612/666/3066 5610/664/3065 5611/665/4123
f 5614/668/4124 5549/601/4093 5547/599/3005 5612/666/3066
f 5615/669/3070 5614/668/4124 5612/666/3066 5613/667/3068
f 5616/670/4125 5551/603/4095 5549/601/4093 5614/668/4124
f 5617/671/4126 5616/670/4125 5614/668/4124 5615/669/3070
f 5618/672/3073 5553/605/4097 5551/603/4095 5616/670/4125
f 5619/673/3074 5618/672/3073 5616/670/4125 5617/671/4126
f 5620/674/3075 5555/607/3010 5553/605/4097 5618/672/3073
f 5621/675/4127 5620/674/3075 5618/672/3073 5619/673/3074
f 5622/676/3078 5557/609/3012 5555/607/3010 5620/674/3075
f 5623/677/3077 5622/676/3078 5620/674/3075 5621/675/4127
f 5624/678/4128 5559/611/3014 5557/609/3012 5622/676/3078
f 5625/679/4129 5624/678/4128 5622/676/3078 5623/677/3077
f 5626/680/3081 5561/613/3016 5559/611/3014 5624/678/4128
f 5627/681/4130 5626/680/3081 5624/678/4128 5625/679/4129
f 5628/682/4131 5563/615/3018 5561/613/3016 5626/680/3081
f 5629/683/4132 5628/682/4131 5626/680/3081 5627/681/4130
f 5630/684/4133 5565/617/4103 5563/615/3018 5628/682/4131
f 5631/685/3086 5630/684/4133 5628/682/4131 5629/683/4132
f 5632/686/3087 5567/619/3022 5565/617/4103 5630/684/4133
f 5633/687/4134 5632/686/3087 5630/684/4133 5631/685/3086
f 5634/688/3089 5569/621/4106 5567/619/3022 5632/686/3087
f 5635/689/3090 5634/688/3089 5632/686/3087 5633/687/4134
f 5636/690/3091 5571/623/3026 5569/621/4106 5634/688/3089
f 5637/691/4135 5636/690/3091 5634/688/3089 5635/689/3090
f 5638/629/4107 5573/625/3028 5571/623/3026 5636/690/3091
f 5639/692/4136 5638/629/4107 5636/690/3091 5637/691/4135
f 5641/693/3096 5576/628/3095 5638/629/4107 5639/692/4136
f 5640/694/4137 5639/692/4136 5637/691/4135 5702/695/3157
f 5642/696/3161 5641/693/3096 5639/692/4136 5640/694/4137
f 5643/634/4110 5578/630/4108 5576/628/3095 5641/693/3096
f 5644/697/4138 5643/634/4110 5641/693/3096 5642/696/3161
f 5646/698/4139 5581/633/4109 5643/634/4110 5644/697/4138
f 5645/699/3164 5644/697/4138 5642/696/3161 5707/700/3162
f 5647/701/3166 5646/698/4139 5644/697/4138 5645/699/3164
f 5648/702/4140 5583/635/4111 5581/633/4109 5646/698/4139
f 5649/703/4141 5648/702/4140 5646/698/4139 5647/701/3166
f 5650/704/4142 5585/637/3104 5583/635/4111 5648/702/4140
f 5651/705/3170 5650/704/4142 5648/702/4140 5649/703/4141
f 5652/706/4143 5587/639/4113 5585/637/3104 5650/704/4142
f 5653/707/4144 5652/706/4143 5650/704/4142 5651/705/3170
f 5654/708/3173 5589/641/4114 5587/639/4113 5652/706/4143
f 5655/709/4145 5654/708/3173 5652/706/4143 5653/707/4144
f 5656/710/4146 5591/642/3110 5589/641/4114 5654/708/3173
f 5657/711/4147 5656/710/4146 5654/708/3173 5655/709/4145
f 5658/712/3177 5593/645/4116 5591/642/3110 5656/710/4146
f 5659/713/3178 5658/712/3177 5656/710/4146 5657/711/4147
f 5660/714/4148 5595/647/3114 5593/645/4116 5658/712/3177
f 5661/715/3180 5660/714/4148 5658/712/3177 5659/713/3178
f 5662/716/3181 5597/649/3116 5595/647/3114 5660/714/4148
f 5663/717/3182 5662/716/3181 5660/714/4148 5661/715/3180
f 5664/718/3183 5599/651/3118 5597/649/3116 5662/716/3181
f 5665/719/3184 5664/718/3183 5662/716/3181 5663/717/3182
f 5666/720/3185 5601/653/3120 5599/651/3118 5664/718/3183
f 5667/721/4149 5666/720/3185 5664/718/3183 5665/719/3184
f 5668/722/3187 5603/655/3122 5601/653/3120 5666/720/3185
f 5669/723/4150 5668/722/3187 5666/720/3185 5667/721/4149
f 5670/724/3128 5605/657/3124 5603/655/3122 5668/722/3187
f 5671/725/4151 5670/724/3128 5668/722/3187 5669/723/4150
f 5672/726/3127 5607/660/4120 5605/661/3124 5670/727/3128
f 5673/728/4152 5672/726/3127 5670/727/3128 5671/729/4151
f 5674/730/4153 5609/663/4122 5607/660/4120 5672/726/3127
f 5675/731/3133 5674/730/4153 5672/726/3127 5673/728/4152
f 5676/732/4154 5611/665/4123 5609/663/4122 5674/730/4153
f 5677/733/4155 5676/732/4154 5674/730/4153 5675/731/3133
f 5678/734/3131 5613/667/3068 5611/665/4123 5676/732/4154
f 5679/735/3134 5678/734/3131 5676/732/4154 5677/733/4155
f 5680/736/4156 5615/669/3070 5613/667/3068 5678/734/3131
f 5681/737/3136 5680/736/4156 5678/734/3131 5679/735/3134
f 5682/738/4157 5617/671/4126 5615/669/3070 5680/736/4156
f 5683/739/4158 5682/738/4157 5680/736/4156 5681/737/3136
f 5684/740/4159 5619/673/3074 5617/671/4126 5682/738/4157
f 5685/741/4160 5684/740/4159 5682/738/4157 5683/739/4158
f 5686/742/3141 5621/675/4127 5619/673/3074 5684/740/4159
f 5687/743/3142 5686/742/3141 5684/740/4159 5685/741/4160
f 5688/744/3143 5623/677/3077 5621/675/4127 5686/742/3141
f 5689/745/4161 5688/744/3143 5686/742/3141 5687/743/3142
f 5690/746/3145 5625/679/4129 5623/677/3077 5688/744/3143
f 5691/747/3146 5690/746/3145 5688/744/3143 5689/745/4161
f 5692/748/3147 5627/681/4130 5625/679/4129 5690/746/3145
f 5693/749/4162 5692/748/3147 5690/746/3145 5691/747/3146
f 5694/750/3149 5629/683/4132 5627/681/4130 5692/748/3147
f 5695/751/4163 5694/750/3149 5692/748/3147 5693/749/4162
f 5696/752/4164 5631/685/3086 5629/683/4132 5694/750/3149
f 5697/753/4165 5696/752/4164 5694/750/3149 5695/751/4163
f 5698/754/4166 5633/687/4134 5631/685/3086 5696/752/4164
f 5699/755/3154 5698/754/4166 5696/752/4164 5697/753/4165
f 5700/756/3155 5635/689/3090 5633/687/4134 5698/754/4166
f 5701/757/4167 5700/756/3155 5698/754/4166 5699/755/3154
f 5702/695/3157 5637/691/4135 5635/689/3090 5700/756/3155
f 5703/758/4168 5702/695/3157 5700/756/3155 5701/757/4167
f 5705/759/4169 5640/694/4137 5702/695/3157 5703/758/4168
f 5704/760/4170 5703/758/4168 5701/757/4167 5790/761/4171
f 5706/762/4172 5705/759/4169 5703/758/4168 5704/760/4170
f 5707/700/3162 5642/696/3161 5640/694/4137 5705/759/4169
f 5708/763/4173 5707/700/3162 5705/759/4169 5706/762/4172
f 5710/764/3242 5645/699/3164 5707/700/3162 5708/763/4173
f 5709/765/3238 5708/763/4173 5706/762/4172 5794/766/4174
f 5711/767/4175 5710/764/3242 5708/763/4173 5709/765/3238
f 5712/768/4176 5647/701/3166 5645/699/3164 5710/764/3242
f 5713/769/4177 5712/768/4176 5710/764/3242 5711/767/4175
f 5714/770/3248 5649/703/4141 5647/701/3166 5712/768/4176
f 5715/771/4178 5714/770/3248 5712/768/4176 5713/769/4177
f 5716/772/3251 5651/705/3170 5649/703/4141 5714/770/3248
f 5717/773/4179 5716/772/3251 5714/770/3248 5715/771/4178
f 5718/774/4180 5653/707/4144 5651/705/3170 5716/772/3251
f 5719/775/4181 5718/774/4180 5716/772/3251 5717/773/4179
f 5720/776/4182 5655/709/4145 5653/707/4144 5718/774/4180
f 5722/777/3256 5720/776/4182 5718/774/4180 5719/775/4181
f 5721/778/4183 5657/711/4147 5655/709/4145 5720/776/4182
f 5724/779/4184 5721/778/4183 5720/776/4182 5722/777/3256
f 5725/780/4185 5724/779/4184 5722/777/3256 5723/781/4186
f 5723/781/4186 5722/777/3256 5719/775/4181 5798/782/4187
f 5726/783/3262 5727/784/3263 5721/778/4183 5724/779/4184
f 5728/785/4188 5726/783/3262 5724/779/4184 5725/780/4185
f 5729/786/4189 5730/787/4190 5727/784/3263 5726/783/3262
f 5731/788/4191 5729/786/4189 5726/783/3262 5728/785/4188
f 5732/789/4192 5733/790/3269 5730/787/4190 5729/786/4189
f 5734/791/3270 5732/789/4192 5729/786/4189 5731/788/4191
f 5735/792/4193 5736/793/4194 5733/790/3269 5732/789/4192
f 5737/794/4195 5735/792/4193 5732/789/4192 5734/791/3270
f 5738/795/3274 5739/796/4196 5736/793/4194 5735/792/4193
f 5740/797/3276 5738/795/3274 5735/792/4193 5737/794/4195
f 5741/798/4197 5742/799/4198 5739/796/4196 5738/795/3274
f 5743/800/4199 5741/798/4197 5738/795/3274 5740/797/3276
f 5744/801/4200 5745/802/4201 5742/799/4198 5741/798/4197
f 5746/803/4202 5744/801/4200 5741/798/4197 5743/800/4199
f 5747/804/4203 5748/805/4204 5745/806/4201 5744/807/4200
f 5749/808/4205 5747/804/4203 5744/807/4200 5746/809/4202
f 5750/810/4206 5751/811/4207 5748/805/4204 5747/804/4203
f 5752/812/4208 5750/810/4206 5747/804/4203 5749/808/4205
f 5753/813/4209 5754/814/4210 5751/811/4207 5750/810/4206
f 5755/815/4211 5753/813/4209 5750/810/4206 5752/812/4208
f 5756/816/4212 5757/817/4213 5754/814/4210 5753/813/4209
f 5758/818/4214 5756/816/4212 5753/813/4209 5755/815/4211
f 5759/819/4215 5760/820/4216 5757/817/4213 5756/816/4212
f 5761/821/4217 5759/819/4215 5756/816/4212 5758/818/4214
f 5762/822/4218 5763/823/4219 5760/820/4216 5759/819/4215
f 5764/824/4220 5762/822/4218 5759/819/4215 5761/821/4217
f 5765/825/4221 5766/826/4222 5763/823/4219 5762/822/4218
f 5767/827/4223 5765/825/4221 5762/822/4218 5764/824/4220
f 5768/828/3208 5769/829/4224 5766/826/4222 5765/825/4221
f 5770/830/4225 5768/828/3208 5765/825/4221 5767/827/4223
f 5771/831/3210 5772/832/4226 5769/829/4224 5768/828/3208
f 5773/833/4227 5771/831/3210 5768/828/3208 5770/830/4225
f 5774/834/4228 5775/835/3215 5772/832/4226 5771/831/3210
f 5776/836/4229 5774/834/4228 5771/831/3210 5773/833/4227
f 5777/837/3217 5778/838/4230 5775/835/3215 5774/834/4228
f 5779/839/4231 5777/837/3217 5774/834/4228 5776/836/4229
f 5780/840/3220 5781/841/3221 5778/838/4230 5777/837/3217
f 5782/842/4232 5780/840/3220 5777/837/3217 5779/839/4231
f 5783/843/3223 5784/844/4233 5781/841/3221 5780/840/3220
f 5785/845/4234 5783/843/3223 5780/840/3220 5782/842/4232
f 5786/846/4235 5787/847/4236 5784/844/4233 5783/843/3223
f 5788/848/4237 5786/846/4235 5783/843/3223 5785/845/4234
f 5789/849/4238 5790/761/4171 5787/847/4236 5786/846/4235
f 5791/850/4239 5789/849/4238 5786/846/4235 5788/848/4237
f 5792/851/4240 5704/760/4170 5790/761/4171 5789/849/4238
f 5793/852/4241 5792/851/4240 5789/849/4238 5791/850/4239
f 5794/766/4174 5706/762/4172 5704/760/4170 5792/851/4240
f 5795/853/3237 5794/766/4174 5792/851/4240 5793/852/4241
f 5796/854/3240 5709/765/3238 5794/766/4174 5795/853/3237
f 5797/855/829 5796/854/3240 5795/853/3237
f 5797/856/829 5795/853/3237 5793/852/4241
f 5797/857/829 5770/830/4225 5767/827/4223
f 5797/858/829 5773/833/4227 5770/830/4225
f 5797/859/829 5725/780/4185 5723/781/4186
f 5797/860/829 5723/781/4186 5798/782/4187
f 5797/861/829 5798/782/4187 5799/862/4242
f 5797/863/829 5799/862/4242 5800/864/4243
f 5797/865/829 5800/864/4243 5801/866/4244
f 5797/867/829 5801/866/4244 5802/868/4245
f 5797/869/829 5802/868/4245 5796/854/3240
f 5797/870/829 5793/852/4241 5791/850/4239
f 5797/871/829 5791/850/4239 5788/848/4237
f 5797/872/829 5788/848/4237 5785/845/4234
f 5797/873/829 5785/845/4234 5782/842/4232
f 5797/874/829 5782/842/4232 5779/839/4231
f 5797/875/829 5779/839/4231 5776/836/4229
f 5797/876/829 5776/836/4229 5773/833/4227
f 5797/877/829 5767/827/4223 5764/824/4220
f 5797/878/829 5764/824/4220 5761/821/4217
f 5797/879/829 5761/821/4217 5758/818/4214
f 5797/880/829 5758/818/4214 5755/815/4211
f 5797/881/829 5755/815/4211 5752/812/4208
f 5797/882/829 5752/812/4208 5749/808/4205
f 5797/883/829 5749/808/4205 5746/809/4202
f 5797/884/829 5746/803/4202 5743/800/4199
f 5797/885/829 5743/800/4199 5740/797/3276
f 5797/886/829 5740/797/3276 5737/794/4195
f 5797/887/829 5737/794/4195 5734/791/3270
f 5797/888/829 5734/791/3270 5731/788/4191
f 5797/889/829 5731/788/4191 5728/785/4188
f 5797/890/829 5728/785/4188 5725/780/4185
f 5802/868/4245 5711/767/4175 5709/765/3238 5796/854/3240
f 5801/866/4244 5713/769/4177 5711/767/4175 5802/868/4245
f 5800/864/4243 5715/771/4178 5713/769/4177 5801/866/4244
f 5799/862/4242 5717/773/4179 5715/771/4178 5800/864/4243
f 5798/782/4187 5719/775/4181 5717/773/4179 5799/862/4242
f 5790/761/4171 5701/757/4167 5699/755/3154 5787/847/4236
f 5787/847/4236 5699/755/3154 5697/753/4165 5784/844/4233
f 5784/844/4233 5697/753/4165 5695/751/4163 5781/841/3221
f 5781/841/3221 5695/751/4163 5693/749/4162 5778/838/4230
f 5778/838/4230 5693/749/4162 5691/747/3146 5775/835/3215
f 5775/835/3215 5691/747/3146 5689/745/4161 5772/832/4226
f 5772/832/4226 5689/745/4161 5687/743/3142 5769/829/4224
f 5769/829/4224 5687/743/3142 5685/741/4160 5766/826/4222
f 5766/826/4222 5685/741/4160 5683/739/4158 5763/823/4219
f 5763/823/4219 5683/739/4158 5681/737/3136 5760/820/4216
f 5760/820/4216 5681/737/3136 5679/735/3134 5757/817/4213
f 5757/817/4213 5679/735/3134 5677/733/4155 5754/814/4210
f 5754/814/4210 5677/733/4155 5675/731/3133 5751/811/4207
f 5751/811/4207 5675/731/3133 5673/728/4152 5748/805/4204
f 5748/805/4204 5673/728/4152 5671/729/4151 5745/806/4201
f 5745/802/4201 5671/725/4151 5669/723/4150 5742/799/4198
f 5742/799/4198 5669/723/4150 5667/721/4149 5739/796/4196
f 5739/796/4196 5667/721/4149 5665/719/3184 5736/793/4194
f 5736/793/4194 5665/719/3184 5663/717/3182 5733/790/3269
f 5733/790/3269 5663/717/3182 5661/715/3180 5730/787/4190
f 5730/787/4190 5661/715/3180 5659/713/3178 5727/784/3263
f 5727/784/3263 5659/713/3178 5657/711/4147 5721/778/4183
f 5378/332/2818 5285/328/2740 5283/326/4007 5375/422/4032
f 5375/422/4032 5283/326/4007 5281/324/4006 5372/419/2812
f 5372/419/2812 5281/324/4006 5279/322/2734 5369/416/4028
f 5369/416/4028 5279/322/2734 5277/320/2732 5366/413/2806
f 5366/413/2806 5277/320/2732 5275/318/2730 5363/410/2803
f 5363/410/2803 5275/318/2730 5273/316/2728 5360/407/2800
f 5360/407/2800 5273/316/2728 5271/314/2726 5357/404/2797
f 5357/404/2797 5271/314/2726 5269/312/2724 5354/401/2794
f 5354/401/2794 5269/312/2724 5267/310/4002 5351/398/4025
f 5351/398/4025 5267/310/4002 5265/308/4001 5348/395/4022
f 5348/395/4022 5265/308/4001 5263/306/2718 5345/392/2783
f 5345/392/2783 5263/306/2718 5261/304/2716 5342/389/4020
f 5342/389/4020 5261/304/2716 5259/302/3997 5339/386/2778
f 5339/386/2778 5259/302/3997 5257/300/3996 5336/383/2777
f 5336/383/2777 5257/300/3996 5255/298/2773 5333/380/2775
f 5333/380/2775 5255/298/2773 5253/296/2772 5330/377/2776
f 5330/377/2776 5253/296/2772 5251/294/2770 5327/374/2863
f 5327/374/2863 5251/294/2770 5249/291/3995 5324/368/2860
f 5324/368/2860 5249/291/3995 5247/292/3994 5321/369/2857
f 5321/365/2857 5247/288/3994 5245/286/2764 5318/362/2854
f 5318/362/2854 5245/286/2764 5243/284/2762 5315/359/2851
f 5315/359/2851 5243/284/2762 5241/282/2760 5312/356/2848
f 5312/356/2848 5241/282/2760 5239/280/2758 5309/353/2845
f 5309/353/2845 5239/280/2758 5237/278/2756 5306/350/2842
f 5306/350/2842 5237/278/2756 5235/276/3991 5303/347/2839
f 5303/347/2839 5235/276/3991 5233/274/2752 5297/342/4012
f 5220/167/3959 5126/164/3956 5124/162/2579 5217/259/3983
f 5217/259/3983 5124/162/2579 5122/160/2577 5214/256/3982
f 5214/256/3982 5122/160/2577 5120/158/3954 5211/253/2651
f 5211/253/2651 5120/158/3954 5118/156/2573 5208/250/2648
f 5208/250/2648 5118/156/2573 5116/154/3953 5205/247/2645
f 5205/247/2645 5116/154/3953 5114/152/3952 5202/244/3979
f 5202/244/3979 5114/152/3952 5112/150/3951 5199/241/2639
f 5199/241/2639 5112/150/3951 5110/148/2565 5196/238/2636
f 5196/238/2636 5110/148/2565 5108/146/3949 5193/235/3977
f 5193/235/3977 5108/146/3949 5106/144/2561 5190/232/3976
f 5190/232/3976 5106/144/2561 5104/142/3947 5187/229/2624
f 5187/229/2624 5104/142/3947 5102/140/2557 5184/226/2622
f 5184/226/2622 5102/140/2557 5100/138/3944 5181/223/2618
f 5181/223/2618 5100/138/3944 5098/136/3943 5178/220/2617
f 5178/220/2617 5098/136/3943 5096/134/3941 5175/217/2615
f 5175/217/2615 5096/134/3941 5094/132/3940 5172/214/3970
f 5172/214/3970 5094/132/3940 5092/130/3938 5169/211/3968
f 5169/211/3968 5092/130/3938 5090/128/3937 5166/208/2702
f 5166/208/2702 5090/128/3937 5088/125/3935 5163/202/2699
f 5163/202/2699 5088/125/3935 5086/126/2605 5160/203/3964
f 5160/199/3964 5086/122/2605 5084/120/3933 5157/196/3963
f 5157/196/3963 5084/120/3933 5082/118/3931 5154/193/2690
f 5154/193/2690 5082/118/3931 5080/116/2599 5151/190/2687
f 5151/190/2687 5080/116/2599 5078/114/2597 5148/187/2684
f 5148/187/2684 5078/114/2597 5076/112/3929 5145/184/2681
f 5145/184/2681 5076/112/3929 5074/110/3927 5142/181/2678
f 5142/181/2678 5074/110/3927 5072/108/3926 5136/175/3961
f 5063/98/3918 5803/891/4246 5865/892/4247 5060/95/2498
f 5804/6/3885 5805/893/3322 5803/891/4246 5063/98/3918
f 4973/5/2507 5807/894/4248 5805/893/3322 5804/6/3885
f 5805/893/3322 5806/895/3323 5868/896/4249 5803/891/4246
f 5807/894/4248 5808/897/3325 5806/895/3323 5805/893/3322
f 5809/898/4250 5810/899/3327 5808/897/3325 5807/894/4248
f 4976/8/2510 5809/898/4250 5807/894/4248 4973/5/2507
f 5811/900/3328 5812/901/3329 5810/899/3327 5809/898/4250
f 4979/11/3888 5811/900/3328 5809/898/4250 4976/8/2510
f 5813/902/3330 5814/903/4251 5812/901/3329 5811/900/3328
f 4982/14/2516 5813/902/3330 5811/900/3328 4979/11/3888
f 5815/904/4252 5816/905/4253 5814/903/4251 5813/902/3330
f 4985/17/2519 5815/904/4252 5813/902/3330 4982/14/2516
f 5817/906/4254 5818/907/4255 5816/905/4253 5815/904/4252
f 4988/20/2522 5817/906/4254 5815/904/4252 4985/17/2519
f 5819/908/4256 5820/909/4257 5818/907/4255 5817/906/4254
f 4991/23/3892 5819/908/4256 5817/906/4254 4988/20/2522
f 5821/910/3338 5822/911/4258 5820/909/4257 5819/908/4256
f 4994/26/2528 5821/910/3338 5819/908/4256 4991/23/3892
f 5823/912/3340 5824/913/4259 5822/911/4258 5821/910/3338
f 4997/29/3893 5823/912/3340 5821/910/3338 4994/26/2528
f 5825/914/3342 5826/915/4260 5824/916/4259 5823/917/3340
f 5000/32/2534 5825/914/3342 5823/917/3340 4997/33/3893
f 5827/918/3344 5828/919/4261 5826/915/4260 5825/914/3342
f 5003/38/3894 5827/918/3344 5825/914/3342 5000/32/2534
f 5829/920/4262 5830/921/4263 5828/919/4261 5827/918/3344
f 5006/41/2540 5829/920/4262 5827/918/3344 5003/38/3894
f 5831/922/4264 5832/923/4265 5830/921/4263 5829/920/4262
f 5009/44/3895 5831/922/4264 5829/920/4262 5006/41/2540
f 5833/924/4266 5834/925/4267 5832/923/4265 5831/922/4264
f 5012/47/2546 5833/924/4266 5831/922/4264 5009/44/3895
f 5835/926/4268 5836/927/4269 5834/925/4267 5833/924/4266
f 5015/50/2549 5835/926/4268 5833/924/4266 5012/47/2546
f 5837/928/4270 5838/929/3291 5836/927/4269 5835/926/4268
f 5018/53/3897 5837/928/4270 5835/926/4268 5015/50/2549
f 5839/930/3290 5840/931/4271 5838/929/3291 5837/928/4270
f 5021/56/2459 5839/930/3290 5837/928/4270 5018/53/3897
f 5841/932/3294 5842/933/4272 5840/931/4271 5839/930/3290
f 5024/59/3899 5841/932/3294 5839/930/3290 5021/56/2459
f 5843/934/3296 5844/935/4273 5842/933/4272 5841/932/3294
f 5027/62/3901 5843/934/3296 5841/932/3294 5024/59/3899
f 5845/936/3298 5846/937/3299 5844/935/4273 5843/934/3296
f 5030/65/3903 5845/936/3298 5843/934/3296 5027/62/3901
f 5847/938/3300 5848/939/3301 5846/937/3299 5845/936/3298
f 5033/68/3906 5847/938/3300 5845/936/3298 5030/65/3903
f 5849/940/4274 5850/941/3303 5848/939/3301 5847/938/3300
f 5036/71/3907 5849/940/4274 5847/938/3300 5033/68/3906
f 5851/942/3304 5852/943/3305 5850/941/3303 5849/940/4274
f 5039/74/2477 5851/942/3304 5849/940/4274 5036/71/3907
f 5853/944/4275 5854/945/4276 5852/943/3305 5851/942/3304
f 5042/77/2480 5853/944/4275 5851/942/3304 5039/74/2477
f 5855/946/3308 5856/947/4277 5854/945/4276 5853/944/4275
f 5045/80/2483 5855/946/3308 5853/944/4275 5042/77/2480
f 5857/948/4278 5858/949/4279 5856/947/4277 5855/946/3308
f 5048/83/2486 5857/948/4278 5855/946/3308 5045/80/2483
f 5859/950/4280 5860/951/4281 5858/949/4279 5857/948/4278
f 5051/86/2489 5859/950/4280 5857/948/4278 5048/83/2486
f 5861/952/4282 5862/953/3315 5860/951/4281 5859/950/4280
f 5054/89/3914 5861/952/4282 5859/950/4280 5051/86/2489
f 5863/954/3316 5864/955/3317 5862/953/3315 5861/952/4282
f 5057/92/3916 5863/954/3316 5861/952/4282 5054/89/3914
f 5865/892/4247 5866/956/4283 5864/955/3317 5863/954/3316
f 5060/95/2498 5865/892/4247 5863/954/3316 5057/92/3916
f 5803/891/4246 5868/896/4249 5866/956/4283 5865/892/4247
f 5866/956/4283 5867/957/3384 5929/958/4284 5864/955/3317
f 5868/896/4249 5869/959/4285 5867/957/3384 5866/956/4283
f 5806/895/3323 5871/960/4286 5869/959/4285 5868/896/4249
f 5869/959/4285 5870/961/3387 5932/962/3385 5867/957/3384
f 5871/960/4286 5872/963/4287 5870/961/3387 5869/959/4285
f 5873/964/4288 5874/965/3391 5872/963/4287 5871/960/4286
f 5808/897/3325 5873/964/4288 5871/960/4286 5806/895/3323
f 5875/966/3392 5876/967/4289 5874/965/3391 5873/964/4288
f 5810/899/3327 5875/966/3392 5873/964/4288 5808/897/3325
f 5877/968/3394 5878/969/4290 5876/967/4289 5875/966/3392
f 5812/901/3329 5877/968/3394 5875/966/3392 5810/899/3327
f 5879/970/3396 5880/971/3397 5878/969/4290 5877/968/3394
f 5814/903/4251 5879/970/3396 5877/968/3394 5812/901/3329
f 5881/972/4291 5882/973/4292 5880/971/3397 5879/970/3396
f 5816/905/4253 5881/972/4291 5879/970/3396 5814/903/4251
f 5883/974/4293 5884/975/4294 5882/973/4292 5881/972/4291
f 5818/907/4255 5883/974/4293 5881/972/4291 5816/905/4253
f 5885/976/3402 5886/977/4295 5884/975/4294 5883/974/4293
f 5820/909/4257 5885/976/3402 5883/974/4293 5818/907/4255
f 5887/978/4296 5888/979/4297 5886/977/4295 5885/976/3402
f 5822/911/4258 5887/978/4296 5885/976/3402 5820/909/4257
f 5889/980/4298 5890/981/3407 5888/979/4297 5887/978/4296
f 5824/913/4259 5889/980/4298 5887/978/4296 5822/911/4258
f 5891/982/4299 5892/983/4300 5890/984/3407 5889/985/4298
f 5826/915/4260 5891/982/4299 5889/985/4298 5824/916/4259
f 5893/986/3410 5894/987/4301 5892/983/4300 5891/982/4299
f 5828/919/4261 5893/986/3410 5891/982/4299 5826/915/4260
f 5895/988/4302 5896/989/4303 5894/987/4301 5893/986/3410
f 5830/921/4263 5895/988/4302 5893/986/3410 5828/919/4261
f 5897/990/4304 5898/991/4305 5896/989/4303 5895/988/4302
f 5832/923/4265 5897/990/4304 5895/988/4302 5830/921/4263
f 5899/992/4306 5900/993/4307 5898/991/4305 5897/990/4304
f 5834/925/4267 5899/992/4306 5897/990/4304 5832/923/4265
f 5901/994/3353 5902/995/4308 5900/993/4307 5899/992/4306
f 5836/927/4269 5901/994/3353 5899/992/4306 5834/925/4267
f 5903/996/4309 5904/997/3357 5902/995/4308 5901/994/3353
f 5838/929/3291 5903/996/4309 5901/994/3353 5836/927/4269
f 5905/998/4310 5906/999/4311 5904/997/3357 5903/996/4309
f 5840/931/4271 5905/998/4310 5903/996/4309 5838/929/3291
f 5907/1000/3360 5908/1001/4312 5906/999/4311 5905/998/4310
f 5842/933/4272 5907/1000/3360 5905/998/4310 5840/931/4271
f 5909/1002/4313 5910/1003/4314 5908/1001/4312 5907/1000/3360
f 5844/935/4273 5909/1002/4313 5907/1000/3360 5842/933/4272
f 5911/1004/4315 5912/1005/4316 5910/1003/4314 5909/1002/4313
f 5846/937/3299 5911/1004/4315 5909/1002/4313 5844/935/4273
f 5913/1006/3366 5914/1007/4317 5912/1005/4316 5911/1004/4315
f 5848/939/3301 5913/1006/3366 5911/1004/4315 5846/937/3299
f 5915/1008/4318 5916/1009/4319 5914/1007/4317 5913/1006/3366
f 5850/941/3303 5915/1008/4318 5913/1006/3366 5848/939/3301
f 5917/1010/4320 5918/1011/4321 5916/1009/4319 5915/1008/4318
f 5852/943/3305 5917/1010/4320 5915/1008/4318 5850/941/3303
f 5919/1012/3372 5920/1013/4322 5918/1011/4321 5917/1010/4320
f 5854/945/4276 5919/1012/3372 5917/1010/4320 5852/943/3305
f 5921/1014/4323 5922/1015/4324 5920/1013/4322 5919/1012/3372
f 5856/947/4277 5921/1014/4323 5919/1012/3372 5854/945/4276
f 5923/1016/4325 5924/1017/4326 5922/1015/4324 5921/1014/4323
f 5858/949/4279 5923/1016/4325 5921/1014/4323 5856/947/4277
f 5925/1018/4327 5926/1019/4328 5924/1017/4326 5923/1016/4325
f 5860/951/4281 5925/1018/4327 5923/1016/4325 5858/949/4279
f 5927/1020/4329 5928/1021/4330 5926/1019/4328 5925/1018/4327
f 5862/953/3315 5927/1020/4329 5925/1018/4327 5860/951/4281
f 5929/958/4284 5930/1022/4331 5928/1021/4330 5927/1020/4329
f 5864/955/3317 5929/958/4284 5927/1020/4329 5862/953/3315
f 5867/957/3384 5932/962/3385 5930/1022/4331 5929/958/4284
f 5930/1022/4331 5931/1023/4332 5939/1024/4333 5928/1021/4330
f 5932/962/3385 5933/1025/4334 5931/1023/4332 5930/1022/4331
f 5870/961/3387 5934/1026/4335 5933/1025/4334 5932/962/3385
f 5934/1026/4335 5935/1027/966 5933/1025/4334
f 5933/1025/4334 5935/1028/966 5931/1023/4332
f 5936/1029/4336 5935/1030/966 5951/1031/3418
f 5950/1032/4337 5935/1033/966 5936/1029/4336
f 5964/1034/4338 5935/1035/966 5937/1036/4339
f 5937/1036/4339 5935/1037/966 5938/1038/4340
f 5938/1038/4340 5935/1039/966 5934/1026/4335
f 5931/1023/4332 5935/1040/966 5939/1024/4333
f 5939/1024/4333 5935/1041/966 5940/1042/4341
f 5940/1042/4341 5935/1043/966 5941/1044/4342
f 5941/1044/4342 5935/1045/966 5942/1046/4343
f 5942/1046/4343 5935/1047/966 5943/1048/4344
f 5943/1048/4344 5935/1049/966 5944/1050/4345
f 5944/1050/4345 5935/1051/966 5945/1052/4346
f 5945/1052/4346 5935/1053/966 5946/1054/4347
f 5946/1054/4347 5935/1055/966 5947/1056/4348
f 5947/1056/4348 5935/1057/966 5948/1058/4349
f 5948/1058/4349 5935/1059/966 5949/1060/3422
f 5949/1060/3422 5935/1061/966 5950/1032/4337
f 5951/1031/3418 5935/1062/966 5952/1063/4350
f 5952/1063/4350 5935/1064/966 5953/1065/3415
f 5953/1065/3415 5935/1066/966 5954/1067/4351
f 5954/1067/4351 5935/1068/966 5955/1069/4352
f 5955/1069/4352 5935/1070/966 5956/1071/3426
f 5956/1071/3426 5935/1072/966 5957/1073/4353
f 5957/1074/4353 5935/1075/966 5958/1076/4354
f 5958/1076/4354 5935/1077/966 5959/1078/4355
f 5959/1078/4355 5935/1079/966 5960/1080/4356
f 5960/1080/4356 5935/1081/966 5961/1082/4357
f 5961/1082/4357 5935/1083/966 5962/1084/4358
f 5962/1084/4358 5935/1085/966 5963/1086/3433
f 5963/1086/3433 5935/1087/966 5964/1034/4338
f 5876/967/4289 5964/1034/4338 5937/1036/4339 5874/965/3391
f 5878/969/4290 5963/1086/3433 5964/1034/4338 5876/967/4289
f 5880/971/3397 5962/1084/4358 5963/1086/3433 5878/969/4290
f 5882/973/4292 5961/1082/4357 5962/1084/4358 5880/971/3397
f 5884/975/4294 5960/1080/4356 5961/1082/4357 5882/973/4292
f 5886/977/4295 5959/1078/4355 5960/1080/4356 5884/975/4294
f 5888/979/4297 5958/1076/4354 5959/1078/4355 5886/977/4295
f 5890/981/3407 5957/1074/4353 5958/1076/4354 5888/979/4297
f 5892/983/4300 5956/1071/3426 5957/1073/4353 5890/984/3407
f 5894/987/4301 5955/1069/4352 5956/1071/3426 5892/983/4300
f 5896/989/4303 5954/1067/4351 5955/1069/4352 5894/987/4301
f 5898/991/4305 5953/1065/3415 5954/1067/4351 5896/989/4303
f 5900/993/4307 5952/1063/4350 5953/1065/3415 5898/991/4305
f 5902/995/4308 5951/1031/3418 5952/1063/4350 5900/993/4307
f 5904/997/3357 5936/1029/4336 5951/1031/3418 5902/995/4308
f 5906/999/4311 5950/1032/4337 5936/1029/4336 5904/997/3357
f 5908/1001/4312 5949/1060/3422 5950/1032/4337 5906/999/4311
f 5910/1003/4314 5948/1058/4349 5949/1060/3422 5908/1001/4312
f 5912/1005/4316 5947/1056/4348 5948/1058/4349 5910/1003/4314
f 5914/1007/4317 5946/1054/4347 5947/1056/4348 5912/1005/4316
f 5916/1009/4319 5945/1052/4346 5946/1054/4347 5914/1007/4317
f 5918/1011/4321 5944/1050/4345 5945/1052/4346 5916/1009/4319
f 5920/1013/4322 5943/1048/4344 5944/1050/4345 5918/1011/4321
f 5922/1015/4324 5942/1046/4343 5943/1048/4344 5920/1013/4322
f 5924/1017/4326 5941/1044/4342 5942/1046/4343 5922/1015/4324
f 5926/1019/4328 5940/1042/4341 5941/1044/4342 5924/1017/4326
f 5928/1021/4330 5939/1024/4333 5940/1042/4341 5926/1019/4328
f 5872/963/4287 5938/1038/4340 5934/1026/4335 5870/961/3387
f 5874/965/3391 5937/1036/4339 5938/1038/4340 5872/963/4287
